split,world_file,seed,difficulty,random_obstacle_count,boundary_wall_count,total_box_count,direct_path_blocked,astar_path_length_m,start_x,start_y,start_yaw,goal_x,goal_y,scenario,straight_distance_m,path_stretch_ratio,structured_blocker_count,source_dataset,source_split,source_repetition,training_weight,comparison_source
train,/root/leo_ws/src/leo_pybullet/worlds/benchmark_v4_hard/train/world_medium_clear_seed_300139.yaml,300139,medium,6,4,10,False,5.8959,-0.478914,2.985183,-1.159851,1.269001,-2.180023,clear,5.4529,1.0812,0,v4,train,0,0.45,original
train,/root/leo_ws/results/comparison_benchmarks/benchmark_v10_dense_001/train/world_easy_double_block_seed_1100120.yaml,1100120,easy,16,4,20,True,5.5759,1.219453,-3.94355,1.429293,1.270403,0.652339,double_block,4.5962,1.2132,2,,,,,dense_v10
train,/root/leo_ws/results/comparison_benchmarks/benchmark_v10_dense_001/train/world_hard_double_block_seed_1100116.yaml,1100116,hard,18,4,22,True,7.6067,-0.291575,0.949211,-0.537689,3.839475,-1.444628,double_block,4.7745,1.5932,2,,,,,dense_v10
train,/root/leo_ws/results/comparison_benchmarks/benchmark_v10_dense_001/train/world_easy_direct_block_seed_1100186.yaml,1100186,easy,16,4,20,True,5.6422,2.37215,3.535432,-1.790223,1.616813,-1.290869,direct_block,4.8851,1.155,1,,,,,dense_v10
train,/root/leo_ws/results/comparison_benchmarks/benchmark_v10_dense_001/train/world_hard_double_block_seed_1100041.yaml,1100041,hard,19,4,23,True,9.3222,2.812372,-3.71737,2.506771,-2.968305,0.024599,double_block,6.8861,1.3538,2,,,,,dense_v10
train,/root/leo_ws/src/leo_pybullet/worlds/benchmark_v3_curriculum/train/world_hard_direct_block_seed_000008.yaml,8,hard,4,4,8,True,5.8433,-3.086834,2.645744,-0.919935,0.054063,-0.843963,direct_block,4.695,1.2446,,v3,train,general_replay,0.15,original
train,/root/leo_ws/results/comparison_benchmarks/benchmark_v10_dense_001/train/world_medium_clear_seed_1100175.yaml,1100175,medium,16,4,20,False,5.5176,-2.896438,0.519516,0.121454,2.192693,1.456823,clear,5.1747,1.0663,0,,,,,dense_v10
train,/root/leo_ws/src/leo_pybullet/worlds/benchmark_v2/train/world_medium_seed_000004.yaml,4,medium,6,4,10,True,7.5518,1.924587,-0.183758,0.310401,-3.566128,-4.177591,,,,,v2,train,0,0.40,original
train,/root/leo_ws/src/leo_pybullet/worlds/benchmark_v4_hard/train/world_easy_double_block_seed_300204.yaml,300204,easy,4,4,8,True,7.9622,-2.536866,-3.735207,1.630346,-3.803205,3.361228,double_block,7.2085,1.1045,2,v4,train,0,0.45,original
train,/root/leo_ws/src/leo_pybullet/worlds/benchmark_v2/train/world_easy_seed_000060.yaml,60,easy,3,4,7,True,6.8729,-3.00901,-2.352035,2.986363,-0.143489,3.351789,,,,,v2,train,general_replay,0.40,original
train,/root/leo_ws/results/comparison_benchmarks/benchmark_v10_dense_001/train/world_hard_clear_seed_1100155.yaml,1100155,hard,18,4,22,False,4.9657,-0.397522,2.469264,-1.430654,0.042427,-2.325403,clear,4.8148,1.0313,0,,,,,dense_v10
train,/root/leo_ws/src/leo_pybullet/worlds/benchmark_v2/train/world_easy_seed_000255.yaml,255,easy,2,4,6,False,3.2422,1.184621,0.738517,1.583047,3.667237,-1.110971,,,,,v2,train,0,0.40,original
train,/root/leo_ws/results/comparison_benchmarks/benchmark_v10_dense_001/train/world_medium_direct_block_seed_1100058.yaml,1100058,medium,17,4,21,True,10.2135,-3.92881,4.060573,-0.47063,3.571855,0.257207,direct_block,8.4098,1.2145,1,,,,,dense_v10
train,/root/leo_ws/results/comparison_benchmarks/benchmark_v10_dense_001/train/world_easy_double_block_seed_1100153.yaml,1100153,easy,16,4,20,True,10.2774,-2.596814,-0.524043,0.714074,4.165975,3.886387,double_block,8.0739,1.2729,2,,,,,dense_v10
train,/root/leo_ws/results/comparison_benchmarks/benchmark_v10_dense_001/train/world_hard_direct_block_seed_1100026.yaml,1100026,hard,19,4,23,True,10.2684,3.882281,-1.751413,-3.093346,-2.826042,-2.469786,direct_block,6.7467,1.522,1,,,,,dense_v10
train,/root/leo_ws/results/comparison_benchmarks/benchmark_v10_dense_001/train/world_hard_direct_block_seed_1100146.yaml,1100146,hard,20,4,24,True,10.0067,-2.733375,2.249048,-0.727422,3.797705,-2.768833,direct_block,8.2361,1.215,1,,,,,dense_v10
train,/root/leo_ws/src/leo_pybullet/worlds/benchmark_v2/train/world_hard_seed_000251.yaml,251,hard,11,4,15,True,4.9051,2.036276,0.754467,-2.55532,-2.201248,1.831626,,,,,v2,train,general_replay,0.40,original
train,/root/leo_ws/src/leo_pybullet/worlds/benchmark_v2/train/world_hard_seed_000119.yaml,119,hard,10,4,14,True,8.2102,-0.585471,-3.660112,3.08228,-0.625691,4.03592,,,,,v2,train,0,0.40,original
train,/root/leo_ws/results/comparison_benchmarks/benchmark_v10_dense_001/train/world_hard_double_block_seed_1100044.yaml,1100044,hard,20,4,24,True,6.4776,0.009877,-1.161884,2.029618,-2.681295,3.170249,double_block,5.1,1.2701,2,,,,,dense_v10
train,/root/leo_ws/src/leo_pybullet/worlds/benchmark_v2/train/world_easy_seed_000006.yaml,6,easy,4,4,8,False,5.6649,-0.130199,-2.073893,-0.186898,-4.34607,1.416521,,,,,v2,train,0,0.40,original
train,/root/leo_ws/results/comparison_benchmarks/benchmark_v10_dense_001/train/world_hard_direct_block_seed_1100230.yaml,1100230,hard,20,4,24,True,10.089,3.211657,1.143969,-2.747168,-4.212706,-2.554789,direct_block,8.2947,1.2163,1,,,,,dense_v10
train,/root/leo_ws/results/comparison_benchmarks/benchmark_v10_dense_001/train/world_easy_clear_seed_1100087.yaml,1100087,easy,15,4,19,False,4.8867,3.845776,-3.159586,2.49315,0.092455,-0.410689,clear,4.6523,1.0504,0,,,,,dense_v10
train,/root/leo_ws/results/comparison_benchmarks/benchmark_v10_dense_001/train/world_hard_double_block_seed_1100020.yaml,1100020,hard,19,4,23,True,8.0867,-3.714313,-1.607582,-0.154692,2.657459,-2.837499,double_block,6.4894,1.2461,2,,,,,dense_v10
train,/root/leo_ws/results/comparison_benchmarks/benchmark_v10_dense_001/train/world_medium_double_block_seed_1100037.yaml,1100037,medium,18,4,22,True,7.8467,-0.640977,1.297093,-1.705891,-1.572466,-3.701802,double_block,5.0849,1.5431,2,,,,,dense_v10
train,/root/leo_ws/results/comparison_benchmarks/benchmark_v10_dense_001/train/world_easy_double_block_seed_1100000.yaml,1100000,easy,15,4,19,True,10.9141,3.127941,-2.968147,1.720571,3.01706,3.851639,double_block,6.8207,1.6001,2,,,,,dense_v10
train,/root/leo_ws/src/leo_pybullet/worlds/benchmark_v2/train/world_hard_seed_000161.yaml,161,hard,12,4,16,True,8.2604,-2.888182,3.727905,-2.926443,3.899794,0.784377,,,,,v2,train,0,0.40,original
train,/root/leo_ws/results/comparison_benchmarks/benchmark_v10_dense_001/train/world_easy_double_block_seed_1100165.yaml,1100165,easy,15,4,19,True,9.5986,3.962778,-2.020301,2.568208,-3.28891,2.21368,double_block,8.3972,1.1431,2,,,,,dense_v10
train,/root/leo_ws/src/leo_pybullet/worlds/benchmark_v4_hard/train/world_medium_direct_block_seed_300190.yaml,300190,medium,7,4,11,True,5.3278,2.278976,-0.94117,-2.8409,-2.096545,-2.031787,direct_block,4.5094,1.1815,1,v4,train,0,0.45,original
train,/root/leo_ws/results/comparison_benchmarks/benchmark_v10_dense_001/train/world_easy_direct_block_seed_1100150.yaml,1100150,easy,15,4,19,True,5.5565,-1.671531,1.178424,-1.724641,-2.903727,-3.473721,direct_block,4.8126,1.1546,1,,,,,dense_v10
train,/root/leo_ws/src/leo_pybullet/worlds/benchmark_v2/train/world_easy_seed_000297.yaml,297,easy,4,4,8,False,4.801,4.31973,-0.846214,-2.538892,1.926515,2.989673,,,,,v2,train,general_replay,0.40,original
train,/root/leo_ws/results/comparison_benchmarks/benchmark_v10_dense_001/train/world_hard_clear_seed_1100191.yaml,1100191,hard,20,4,24,False,5.9645,3.260402,-2.666608,1.358692,4.137356,2.91193,clear,5.647,1.0562,0,,,,,dense_v10
train,/root/leo_ws/results/comparison_benchmarks/benchmark_v10_dense_001/train/world_medium_double_block_seed_1100109.yaml,1100109,medium,16,4,20,True,6.2216,-1.446707,-1.477003,1.538973,-1.536052,3.466687,double_block,4.9445,1.2583,2,,,,,dense_v10
train,/root/leo_ws/src/leo_pybullet/worlds/benchmark_v4_hard/train/world_hard_double_block_seed_300356.yaml,300356,hard,14,4,18,True,9.6947,1.899594,2.986804,-1.53034,1.999842,-2.88513,double_block,5.8728,1.6508,2,v4_focused,train,0,focused_failure,original
train,/root/leo_ws/results/comparison_benchmarks/benchmark_v10_dense_001/train/world_medium_direct_block_seed_1100202.yaml,1100202,medium,16,4,20,True,6.9278,0.07256,-1.931818,1.021979,3.219018,2.774283,direct_block,5.6611,1.2238,1,,,,,dense_v10
train,/root/leo_ws/src/leo_pybullet/worlds/benchmark_v4_hard/train/world_medium_double_block_seed_300397.yaml,300397,medium,8,4,12,True,7.7084,3.321509,2.785508,-2.258122,-0.360017,-2.438922,double_block,6.3913,1.2061,2,v4,train,0,0.45,original
train,/root/leo_ws/results/comparison_benchmarks/benchmark_v10_dense_001/train/world_hard_double_block_seed_1100221.yaml,1100221,hard,19,4,23,True,9.8822,-3.708601,0.650226,-0.417785,3.804322,-2.75733,double_block,8.2496,1.1979,2,,,,,dense_v10
train,/root/leo_ws/src/leo_pybullet/worlds/benchmark_v2/train/world_hard_seed_000230.yaml,230,hard,9,4,13,True,4.9027,3.821227,3.351985,1.670746,0.322116,1.387379,,,,,v2,train,0,0.40,original
train,/root/leo_ws/src/leo_pybullet/worlds/benchmark_v2/train/world_medium_seed_000193.yaml,193,medium,8,4,12,False,4.649,2.292012,4.103263,-1.720006,0.506214,0.226483,,,,,v2,train,0,0.40,original
train,/root/leo_ws/src/leo_pybullet/worlds/benchmark_v3_curriculum/train/world_hard_direct_block_seed_000032.yaml,32,hard,4,4,8,True,4.8057,-4.043266,-3.922323,0.693556,-1.489877,-1.442101,direct_block,3.5597,1.35,,v3,train,0,0.15,original
train,/root/leo_ws/src/leo_pybullet/worlds/benchmark_v2/train/world_medium_seed_000142.yaml,142,medium,8,4,12,True,5.7004,-1.865897,-1.236594,-1.302312,2.549067,-4.013581,,,,,v2,train,0,0.40,original
train,/root/leo_ws/results/comparison_benchmarks/benchmark_v10_dense_001/train/world_hard_clear_seed_1100023.yaml,1100023,hard,18,4,22,False,5.3245,-3.011875,-3.075243,-0.281004,1.952413,-3.948376,clear,5.0405,1.0563,0,,,,,dense_v10
train,/root/leo_ws/src/leo_pybullet/worlds/benchmark_v2/train/world_hard_seed_000239.yaml,239,hard,8,4,12,True,5.921,1.832008,-0.72274,-0.576018,-0.555923,4.170043,,,,,v2,train,0,0.40,original
train,/root/leo_ws/src/leo_pybullet/worlds/benchmark_v2/train/world_easy_seed_000054.yaml,54,easy,2,4,6,False,6.5027,-1.758046,3.391583,-1.067692,-0.108458,-2.444687,,,,,v2,train,general_replay,0.40,original
train,/root/leo_ws/results/comparison_benchmarks/benchmark_v10_dense_001/train/world_hard_clear_seed_1100059.yaml,1100059,hard,20,4,24,False,5.609,0.231742,-2.429113,2.004137,-1.530562,2.451138,clear,5.1887,1.081,0,,,,,dense_v10
train,/root/leo_ws/results/comparison_benchmarks/benchmark_v10_dense_001/train/world_easy_double_block_seed_1100132.yaml,1100132,easy,15,4,19,True,5.9508,-0.30597,4.100822,-2.081681,-2.576156,-0.101416,double_block,4.7762,1.2459,2,,,,,dense_v10
train,/root/leo_ws/results/comparison_benchmarks/benchmark_v10_dense_001/train/world_medium_clear_seed_1100139.yaml,1100139,medium,16,4,20,False,5.9976,-3.918955,1.535843,-0.078966,1.758683,0.607816,clear,5.753,1.0425,0,,,,,dense_v10
train,/root/leo_ws/results/comparison_benchmarks/benchmark_v10_dense_001/train/world_easy_double_block_seed_1100192.yaml,1100192,easy,14,4,18,True,6.7759,-2.414919,0.354462,0.030469,3.402178,1.32908,double_block,5.8982,1.1488,2,,,,,dense_v10
train,/root/leo_ws/results/comparison_benchmarks/benchmark_v10_dense_001/train/world_hard_double_block_seed_1100080.yaml,1100080,hard,18,4,22,True,7.5816,2.610065,-4.105313,2.183668,-0.349155,-0.540232,double_block,4.6332,1.6363,2,,,,,dense_v10
train,/root/leo_ws/results/comparison_benchmarks/benchmark_v10_dense_001/train/world_hard_direct_block_seed_1100122.yaml,1100122,hard,19,4,23,True,5.8216,-3.99187,1.70895,-0.067334,0.987328,2.063512,direct_block,4.9918,1.1662,1,,,,,dense_v10
train,/root/leo_ws/results/comparison_benchmarks/benchmark_v10_dense_001/train/world_hard_double_block_seed_1100185.yaml,1100185,hard,19,4,23,True,8.3816,-1.71081,2.862984,-1.321351,0.913051,-3.829211,double_block,7.1882,1.166,2,,,,,dense_v10
train,/root/leo_ws/results/comparison_benchmarks/benchmark_v10_dense_001/train/world_medium_double_block_seed_1100205.yaml,1100205,medium,16,4,20,True,8.1141,2.035544,-2.504267,2.028056,-1.704704,3.08017,double_block,6.7213,1.2072,2,,,,,dense_v10
train,/root/leo_ws/results/comparison_benchmarks/benchmark_v10_dense_001/train/world_medium_direct_block_seed_1100070.yaml,1100070,medium,16,4,20,True,5.8102,0.384997,-4.049397,0.674775,4.06091,-1.171926,direct_block,4.6682,1.2446,1,,,,,dense_v10
train,/root/leo_ws/src/leo_pybullet/worlds/benchmark_v2/train/world_medium_seed_000154.yaml,154,medium,6,4,10,False,5.1063,2.524334,-0.118204,2.422398,-2.542377,0.074345,,,,,v2,train,0,0.40,original
train,/root/leo_ws/src/leo_pybullet/worlds/benchmark_v3_curriculum/train/world_medium_direct_block_seed_000214.yaml,214,medium,4,4,8,True,6.9667,3.472924,-0.772728,2.603766,-2.111975,2.229167,direct_block,6.3405,1.0987,,v3,train,general_replay,0.15,original
train,/root/leo_ws/results/comparison_benchmarks/benchmark_v10_dense_001/train/world_hard_double_block_seed_1100056.yaml,1100056,hard,18,4,22,True,8.801,1.244812,0.52954,2.520492,-2.900141,3.472538,double_block,5.0835,1.7313,2,,,,,dense_v10
train,/root/leo_ws/src/leo_pybullet/worlds/benchmark_v4_hard/train/world_medium_double_block_seed_300244.yaml,300244,medium,7,4,11,True,6.4639,3.949575,-0.22169,-2.234925,0.853225,-4.176404,double_block,5.0227,1.287,2,v4_focused,train,3,focused_failure,original
train,/root/leo_ws/results/comparison_benchmarks/benchmark_v10_dense_001/train/world_easy_double_block_seed_1100024.yaml,1100024,easy,14,4,18,True,6.009,1.222073,-1.305653,-2.540012,-3.05618,-3.900051,double_block,5.0034,1.201,2,,,,,dense_v10
train,/root/leo_ws/results/comparison_benchmarks/benchmark_v10_dense_001/train/world_medium_direct_block_seed_1100106.yaml,1100106,medium,18,4,22,True,7.1347,2.661041,0.662249,2.842931,-3.132472,3.230163,direct_block,6.3371,1.1259,1,,,,,dense_v10
train,/root/leo_ws/src/leo_pybullet/worlds/benchmark_v4_hard/train/world_medium_double_block_seed_300085.yaml,300085,medium,7,4,11,True,7.6261,3.106055,-0.482938,2.976326,-2.355746,0.865207,double_block,5.6257,1.3556,2,v4_focused,train,2,focused_failure,original
train,/root/leo_ws/src/leo_pybullet/worlds/benchmark_v2/train/world_medium_seed_000094.yaml,94,medium,6,4,10,True,5.0708,3.93266,-0.621534,-3.013397,2.906024,4.002229,,,,,v2,train,general_replay,0.40,original
train,/root/leo_ws/src/leo_pybullet/worlds/benchmark_v2/train/world_easy_seed_000174.yaml,174,easy,2,4,6,False,6.3508,1.718609,1.438591,-2.411015,-4.206655,2.428574,,,,,v2,train,general_replay,0.40,original
train,/root/leo_ws/src/leo_pybullet/worlds/benchmark_v2/train/world_easy_seed_000051.yaml,51,easy,2,4,6,True,6.898,0.454918,-2.209108,-1.534117,4.294414,2.893611,,,,,v2,train,general_replay,0.40,original
train,/root/leo_ws/results/comparison_benchmarks/benchmark_v10_dense_001/train/world_medium_double_block_seed_1100052.yaml,1100052,medium,16,4,20,True,6.0445,-1.956427,-3.58456,0.680516,1.876439,-0.828165,double_block,4.7211,1.2803,2,,,,,dense_v10
train,/root/leo_ws/results/comparison_benchmarks/benchmark_v10_dense_001/train/world_hard_direct_block_seed_1100050.yaml,1100050,hard,18,4,22,True,5.8571,3.253545,1.668548,3.134954,-1.37159,1.512078,direct_block,4.6278,1.2656,1,,,,,dense_v10
train,/root/leo_ws/src/leo_pybullet/worlds/benchmark_v2/train/world_easy_seed_000261.yaml,261,easy,3,4,7,False,5.4878,-4.086538,3.916812,-1.487602,0.400889,1.633547,,,,,v2,train,0,0.40,original
train,/root/leo_ws/results/comparison_benchmarks/benchmark_v10_dense_001/train/world_hard_clear_seed_1100047.yaml,1100047,hard,19,4,23,False,6.5586,-2.383071,3.944513,-0.631642,2.860369,0.714317,clear,6.1586,1.065,0,,,,,dense_v10
train,/root/leo_ws/results/comparison_benchmarks/benchmark_v10_dense_001/train/world_hard_direct_block_seed_1100182.yaml,1100182,hard,20,4,24,True,5.9839,-1.691609,0.123869,-0.543162,2.467713,-2.378428,direct_block,4.854,1.2328,1,,,,,dense_v10
train,/root/leo_ws/src/leo_pybullet/worlds/benchmark_v4_hard/train/world_medium_clear_seed_300091.yaml,300091,medium,9,4,13,False,8.2296,4.227869,-1.726539,2.858278,-3.383402,-0.168644,clear,7.7691,1.0593,0,v4,train,0,0.45,original
train,/root/leo_ws/results/comparison_benchmarks/benchmark_v10_dense_001/train/world_hard_double_block_seed_1100209.yaml,1100209,hard,19,4,23,True,15.45,-2.174875,-2.266591,1.47628,-1.956312,3.182654,double_block,5.4536,2.833,2,,,,,dense_v10
train,/root/leo_ws/results/comparison_benchmarks/benchmark_v10_dense_001/train/world_hard_clear_seed_1100131.yaml,1100131,hard,19,4,23,False,8.6765,4.089139,-2.267424,2.958015,-3.977084,-0.845243,clear,8.1906,1.0593,0,,,,,dense_v10
train,/root/leo_ws/results/comparison_benchmarks/benchmark_v10_dense_001/train/world_easy_direct_block_seed_1100162.yaml,1100162,easy,15,4,19,True,7.9929,0.189884,0.636217,-1.092423,2.568584,-3.819369,direct_block,5.0508,1.5825,1,,,,,dense_v10
train,/root/leo_ws/results/comparison_benchmarks/benchmark_v10_dense_001/train/world_hard_direct_block_seed_1100158.yaml,1100158,hard,19,4,23,True,6.3622,2.620647,-2.568192,3.138925,-2.735973,-2.593791,direct_block,5.3567,1.1877,1,,,,,dense_v10
train,/root/leo_ws/results/comparison_benchmarks/benchmark_v10_dense_001/train/world_medium_double_block_seed_1100232.yaml,1100232,medium,16,4,20,True,11.0045,-3.114633,3.876917,-0.906093,1.19953,-3.115432,double_block,8.2161,1.3394,2,,,,,dense_v10
train,/root/leo_ws/results/comparison_benchmarks/benchmark_v10_dense_001/train/world_hard_direct_block_seed_1100134.yaml,1100134,hard,18,4,22,True,6.3565,3.817692,-0.099883,2.44975,-0.63965,2.686171,direct_block,5.2564,1.2093,1,,,,,dense_v10
train,/root/leo_ws/results/comparison_benchmarks/benchmark_v10_dense_001/train/world_easy_double_block_seed_1100012.yaml,1100012,easy,15,4,19,True,7.8798,3.994354,3.593883,-2.056985,0.484664,-2.528016,double_block,7.0566,1.1167,2,,,,,dense_v10
train,/root/leo_ws/results/comparison_benchmarks/benchmark_v10_dense_001/train/world_medium_double_block_seed_1100121.yaml,1100121,medium,17,4,21,True,9.0055,0.998225,3.462783,-1.917987,-0.369679,-2.519059,double_block,6.1363,1.4676,2,,,,,dense_v10
train,/root/leo_ws/results/comparison_benchmarks/benchmark_v10_dense_001/train/world_easy_clear_seed_1100123.yaml,1100123,easy,16,4,20,False,5.7633,-1.490129,-1.126484,0.29432,3.691607,0.205697,clear,5.3502,1.0772,0,,,,,dense_v10
train,/root/leo_ws/results/comparison_benchmarks/benchmark_v10_dense_001/train/world_hard_double_block_seed_1100053.yaml,1100053,hard,19,4,23,True,11.138,1.356285,-2.961186,1.185782,3.779818,1.325018,double_block,4.9239,2.262,2,,,,,dense_v10
train,/root/leo_ws/results/comparison_benchmarks/benchmark_v10_dense_001/train/world_hard_double_block_seed_1100065.yaml,1100065,hard,19,4,23,True,9.0022,-1.655057,-2.108581,0.862356,1.202386,2.345096,double_block,5.2915,1.7012,2,,,,,dense_v10
train,/root/leo_ws/src/leo_pybullet/worlds/benchmark_v4_hard/train/world_hard_direct_block_seed_300338.yaml,300338,hard,12,4,16,True,6.4308,1.378325,-1.277649,2.009917,-0.30268,3.657343,direct_block,5.2134,1.2335,1,v4_focused,train,8,focused_failure,original
train,/root/leo_ws/src/leo_pybullet/worlds/benchmark_v2/train/world_hard_seed_000092.yaml,92,hard,11,4,15,True,7.7416,3.282973,2.281276,-2.143224,-3.528138,0.197222,,,,,v2,train,general_replay,0.40,original
train,/root/leo_ws/results/comparison_benchmarks/benchmark_v10_dense_001/train/world_easy_double_block_seed_1100177.yaml,1100177,easy,16,4,20,True,8.6467,0.923514,-3.999632,2.208791,-2.916956,2.451671,double_block,7.5079,1.1517,2,,,,,dense_v10
train,/root/leo_ws/src/leo_pybullet/worlds/benchmark_v2/train/world_easy_seed_000000.yaml,0,easy,3,4,7,False,3.6672,2.469048,-1.711179,2.564249,-0.203606,0.725424,,,,,v2,train,general_replay,0.40,original
train,/root/leo_ws/src/leo_pybullet/worlds/benchmark_v4_hard/train/world_hard_double_block_seed_300248.yaml,300248,hard,11,4,15,True,6.1108,2.880507,-4.179953,1.499698,3.805678,0.517273,double_block,4.7875,1.2764,2,v4,train,0,0.45,original
train,/root/leo_ws/results/comparison_benchmarks/benchmark_v10_dense_001/train/world_easy_double_block_seed_1100009.yaml,1100009,easy,15,4,19,True,7.3804,0.378626,-2.97169,1.892001,-1.089981,3.155839,double_block,6.3011,1.1713,2,,,,,dense_v10
train,/root/leo_ws/src/leo_pybullet/worlds/benchmark_v4_hard/train/world_easy_double_block_seed_300021.yaml,300021,easy,3,4,7,True,6.0147,-2.358139,2.013838,-1.401202,-1.920463,-3.095607,double_block,5.1282,1.1729,2,v4,train,0,0.45,original
train,/root/leo_ws/src/leo_pybullet/worlds/benchmark_v4_hard/train/world_hard_direct_block_seed_300302.yaml,300302,hard,14,4,18,True,6.4171,-0.725517,-1.175308,0.543925,3.625572,1.066701,direct_block,4.8948,1.311,1,v4,train,0,0.45,original
train,/root/leo_ws/results/comparison_benchmarks/benchmark_v10_dense_001/train/world_hard_double_block_seed_1100128.yaml,1100128,hard,18,4,22,True,7.9565,-2.805505,1.75675,0.198972,2.764036,3.670022,double_block,5.889,1.3511,2,,,,,dense_v10
train,/root/leo_ws/src/leo_pybullet/worlds/benchmark_v2/train/world_easy_seed_000183.yaml,183,easy,2,4,6,True,5.5371,3.069425,-1.240578,-2.589718,2.539161,3.809524,,,,,v2,train,general_replay,0.40,original
train,/root/leo_ws/src/leo_pybullet/worlds/benchmark_v2/train/world_hard_seed_000170.yaml,170,hard,10,4,14,False,3.2057,0.753217,-1.612997,-2.377469,-2.242617,-2.040745,,,,,v2,train,general_replay,0.40,original
train,/root/leo_ws/results/comparison_benchmarks/benchmark_v10_dense_001/train/world_easy_double_block_seed_1100168.yaml,1100168,easy,14,4,18,True,9.9233,-3.473314,-2.545004,0.521992,2.821684,1.888436,double_block,7.6995,1.2888,2,,,,,dense_v10
train,/root/leo_ws/results/comparison_benchmarks/benchmark_v10_dense_001/train/world_easy_double_block_seed_1100093.yaml,1100093,easy,16,4,20,True,6.4502,-0.374764,-1.106469,2.020546,-3.137781,3.342058,double_block,5.2368,1.2317,2,,,,,dense_v10
train,/root/leo_ws/results/comparison_benchmarks/benchmark_v10_dense_001/train/world_easy_double_block_seed_1100117.yaml,1100117,easy,16,4,20,True,7.2639,-2.754421,1.601604,-1.025927,-0.094273,-3.444643,double_block,5.7045,1.2734,2,,,,,dense_v10
train,/root/leo_ws/results/comparison_benchmarks/benchmark_v10_dense_001/train/world_easy_double_block_seed_1100141.yaml,1100141,easy,16,4,20,True,7.2616,3.027588,-1.064694,2.522617,-2.224104,1.700709,double_block,5.9353,1.2235,2,,,,,dense_v10
train,/root/leo_ws/src/leo_pybullet/worlds/benchmark_v3_curriculum/train/world_hard_direct_block_seed_000026.yaml,26,hard,6,4,10,True,5.1953,3.457224,1.355642,-2.967715,-0.574108,0.374122,direct_block,4.1491,1.2521,,v3,train,general_replay,0.15,original
train,/root/leo_ws/src/leo_pybullet/worlds/benchmark_v3_curriculum/train/world_hard_direct_block_seed_000296.yaml,296,hard,4,4,8,True,5.1645,3.778726,-2.094839,-2.641965,0.013404,-3.857746,direct_block,4.1576,1.2422,,v3,train,0,0.15,original
train,/root/leo_ws/results/comparison_benchmarks/benchmark_v10_dense_001/train/world_easy_double_block_seed_1100069.yaml,1100069,easy,14,4,18,True,9.4547,1.423842,-3.321196,2.141134,-3.211922,2.753277,double_block,7.6413,1.2373,2,,,,,dense_v10
train,/root/leo_ws/results/comparison_benchmarks/benchmark_v10_dense_001/train/world_easy_double_block_seed_1100048.yaml,1100048,easy,16,4,20,True,6.2296,-0.763653,2.285108,-0.763541,3.256406,-0.854955,double_block,5.1011,1.2212,2,,,,,dense_v10
train,/root/leo_ws/src/leo_pybullet/worlds/benchmark_v2/train/world_hard_seed_000125.yaml,125,hard,9,4,13,True,6.4171,0.935321,1.000254,-2.169131,-4.312935,1.816216,,,,,v2,train,general_replay,0.40,original
train,/root/leo_ws/results/comparison_benchmarks/benchmark_v10_dense_001/train/world_hard_direct_block_seed_1100086.yaml,1100086,hard,19,4,23,True,7.3472,2.752505,0.500749,-2.667777,-1.324021,-1.51849,direct_block,4.5492,1.6151,1,,,,,dense_v10
train,/root/leo_ws/results/comparison_benchmarks/benchmark_v10_dense_001/train/world_hard_double_block_seed_1100236.yaml,1100236,hard,20,4,24,True,11.5963,3.918122,-2.670243,-3.123993,-4.207424,-3.866912,double_block,8.2132,1.4119,2,,,,,dense_v10
train,/root/leo_ws/src/leo_pybullet/worlds/benchmark_v2/train/world_hard_seed_000002.yaml,2,hard,8,4,12,True,8.2467,-1.2088,-2.878973,-1.560848,2.68797,3.078359,,,,,v2,train,0,0.40,original
train,/root/leo_ws/src/leo_pybullet/worlds/benchmark_v3_curriculum/train/world_easy_clear_seed_000171.yaml,171,easy,2,4,6,False,8.1918,4.10332,-3.247249,2.102239,0.764322,3.534267,clear,7.559,1.0837,,v3,train,0,0.15,original
train,/root/leo_ws/results/comparison_benchmarks/benchmark_v10_dense_001/train/world_medium_double_block_seed_1100157.yaml,1100157,medium,18,4,22,True,8.2523,2.959702,3.124646,-2.068268,-0.992599,-2.980652,double_block,7.2729,1.1347,2,,,,,dense_v10
train,/root/leo_ws/src/leo_pybullet/worlds/benchmark_v2/train/world_medium_seed_000112.yaml,112,medium,8,4,12,False,3.4571,1.422933,-1.196323,0.599417,0.228713,-4.113796,,,,,v2,train,0,0.40,original
train,/root/leo_ws/results/comparison_benchmarks/benchmark_v10_dense_001/train/world_medium_clear_seed_1100199.yaml,1100199,medium,16,4,20,False,5.0708,4.106457,-4.1121,3.011476,-0.557888,-3.117411,clear,4.7692,1.0632,0,,,,,dense_v10
train,/root/leo_ws/results/comparison_benchmarks/benchmark_v10_dense_001/train/world_easy_direct_block_seed_1100030.yaml,1100030,easy,16,4,20,True,6.3872,3.237379,-3.080453,1.589269,3.435708,1.570173,direct_block,4.6549,1.3722,1,,,,,dense_v10
train,/root/leo_ws/src/leo_pybullet/worlds/benchmark_v3_curriculum/train/world_medium_direct_block_seed_000148.yaml,148,medium,3,4,7,True,5.6696,1.128397,3.866656,-0.861923,4.115274,0.288132,direct_block,4.6613,1.2163,,v3,train,0,0.15,original
train,/root/leo_ws/src/leo_pybullet/worlds/benchmark_v4_hard/train/world_easy_clear_seed_300411.yaml,300411,easy,3,4,7,False,7.2559,3.634283,-2.462527,-2.959227,-2.894591,-4.084558,clear,6.7273,1.0786,0,v4,train,0,0.45,original
train,/root/leo_ws/results/comparison_benchmarks/benchmark_v10_dense_001/train/world_medium_double_block_seed_1100025.yaml,1100025,medium,17,4,21,True,7.7941,1.332284,2.073388,-2.351663,-2.932341,-2.891061,double_block,6.5447,1.1909,2,,,,,dense_v10
train,/root/leo_ws/src/leo_pybullet/worlds/benchmark_v2/train/world_medium_seed_000013.yaml,13,medium,7,4,11,True,6.5496,1.445814,3.212309,-2.696574,1.226327,-2.719845,,,,,v2,train,general_replay,0.40,original
train,/root/leo_ws/src/leo_pybullet/worlds/benchmark_v4_hard/train/world_hard_double_block_seed_300392.yaml,300392,hard,12,4,16,True,6.2022,-3.191597,2.280619,-0.580908,1.010483,0.090192,double_block,4.7387,1.3088,2,v4,train,0,0.45,original
train,/root/leo_ws/src/leo_pybullet/worlds/benchmark_v4_hard/train/world_medium_double_block_seed_300373.yaml,300373,medium,6,4,10,True,6.0639,-0.267749,3.563597,-0.906892,2.828484,-0.043933,double_block,4.754,1.2755,2,v4,train,0,0.45,original
train,/root/leo_ws/src/leo_pybullet/worlds/benchmark_v3_curriculum/train/world_medium_clear_seed_000295.yaml,295,medium,3,4,7,False,5.1782,2.544148,-2.461424,2.966566,-2.369572,-1.689878,clear,4.9739,1.0411,,v3,train,general_replay,0.15,original
train,/root/leo_ws/src/leo_pybullet/worlds/benchmark_v4_hard/train/world_medium_direct_block_seed_300058.yaml,300058,medium,6,4,10,True,5.8216,3.455348,2.759347,-1.829334,2.506817,-2.214697,direct_block,5.0637,1.1497,1,v4,train,0,0.45,original
train,/root/leo_ws/src/leo_pybullet/worlds/benchmark_v2/train/world_hard_seed_000086.yaml,86,hard,8,4,12,True,4.6102,-4.347275,2.327624,1.778529,-2.500769,-1.163535,,,,,v2,train,general_replay,0.40,original
train,/root/leo_ws/src/leo_pybullet/worlds/benchmark_v2/train/world_easy_seed_000015.yaml,15,easy,2,4,6,True,4.809,-2.264478,-1.408724,-1.48714,1.811291,-1.908939,,,,,v2,train,0,0.40,original
train,/root/leo_ws/src/leo_pybullet/worlds/benchmark_v3_curriculum/train/world_hard_direct_block_seed_000272.yaml,272,hard,5,4,9,True,6.6571,1.61485,-1.921851,1.770838,0.939274,3.712676,direct_block,5.6749,1.1731,,v3,train,general_replay,0.15,original
train,/root/leo_ws/results/comparison_benchmarks/benchmark_v10_dense_001/train/world_easy_double_block_seed_1100096.yaml,1100096,easy,14,4,18,True,5.7359,4.087705,-2.546461,2.06119,1.732314,1.460161,double_block,4.6477,1.2341,2,,,,,dense_v10
train,/root/leo_ws/src/leo_pybullet/worlds/benchmark_v4_hard/train/world_medium_double_block_seed_300244.yaml,300244,medium,7,4,11,True,6.4639,3.949575,-0.22169,-2.234925,0.853225,-4.176404,double_block,5.0227,1.287,2,v4_focused,train,0,focused_failure,original
train,/root/leo_ws/src/leo_pybullet/worlds/benchmark_v2/train/world_hard_seed_000020.yaml,20,hard,9,4,13,True,4.6182,1.180815,3.523028,-2.077359,3.237534,0.634584,,,,,v2,train,general_replay,0.40,original
train,/root/leo_ws/src/leo_pybullet/worlds/benchmark_v4_hard/train/world_hard_direct_block_seed_300014.yaml,300014,hard,12,4,16,True,7.8239,-1.483921,-3.582866,1.75184,-2.614877,2.509943,direct_block,6.1969,1.2626,1,v4,train,0,0.45,original
train,/root/leo_ws/src/leo_pybullet/worlds/benchmark_v3_curriculum/train/world_easy_clear_seed_000015.yaml,15,easy,1,4,5,False,5.7794,-4.106514,3.225676,0.053914,1.541481,3.03741,clear,5.6511,1.0227,,v3,train,general_replay,0.15,original
train,/root/leo_ws/results/comparison_benchmarks/benchmark_v10_dense_001/train/world_easy_direct_block_seed_1100234.yaml,1100234,easy,14,4,18,True,6.1359,3.559065,4.014069,-2.095795,1.172218,-0.691319,direct_block,5.2761,1.1629,1,,,,,dense_v10
train,/root/leo_ws/src/leo_pybullet/worlds/benchmark_v3_curriculum/train/world_easy_direct_block_seed_000276.yaml,276,easy,2,4,6,True,6.7233,-3.656414,3.738366,-0.259653,2.514103,2.358956,direct_block,6.3228,1.0633,,v3,train,general_replay,0.15,original
train,/root/leo_ws/results/comparison_benchmarks/benchmark_v10_dense_001/train/world_medium_double_block_seed_1100229.yaml,1100229,medium,18,4,22,True,6.9804,-1.273566,0.632778,-1.301315,0.65396,-4.171401,double_block,5.1764,1.3485,2,,,,,dense_v10
train,/root/leo_ws/results/comparison_benchmarks/benchmark_v10_dense_001/train/world_easy_double_block_seed_1100036.yaml,1100036,easy,15,4,19,True,9.2365,3.619725,3.407439,-3.105638,-3.994956,2.692603,double_block,7.6482,1.2077,2,,,,,dense_v10
train,/root/leo_ws/results/comparison_benchmarks/benchmark_v10_dense_001/train/world_medium_double_block_seed_1100100.yaml,1100100,medium,17,4,21,True,6.6708,-1.379883,3.041196,-1.21161,0.590033,-1.912839,double_block,5.3313,1.2512,2,,,,,dense_v10
train,/root/leo_ws/results/comparison_benchmarks/benchmark_v10_dense_001/train/world_hard_direct_block_seed_1100098.yaml,1100098,hard,20,4,24,True,7.761,1.858777,-3.879423,2.429204,-3.029739,-0.464811,direct_block,5.963,1.3015,1,,,,,dense_v10
train,/root/leo_ws/src/leo_pybullet/worlds/benchmark_v2/train/world_hard_seed_000140.yaml,140,hard,8,4,12,True,8.098,-4.191674,2.016642,0.09389,1.561003,-2.381164,,,,,v2,train,0,0.40,original
train,/root/leo_ws/results/comparison_benchmarks/benchmark_v10_dense_001/train/world_easy_direct_block_seed_1100126.yaml,1100126,easy,15,4,19,True,8.8114,-3.334231,-2.723401,0.802114,0.853146,1.690022,direct_block,6.0838,1.4483,1,,,,,dense_v10
train,/root/leo_ws/src/leo_pybullet/worlds/benchmark_v2/train/world_hard_seed_000218.yaml,218,hard,10,4,14,True,5.2033,2.288419,0.875333,2.768021,-1.492981,3.092206,,,,,v2,train,general_replay,0.40,original
train,/root/leo_ws/results/comparison_benchmarks/benchmark_v10_dense_001/train/world_medium_double_block_seed_1100073.yaml,1100073,medium,16,4,20,True,6.9108,2.826768,-2.500148,1.989818,0.216792,2.381604,double_block,5.5357,1.2484,2,,,,,dense_v10
train,/root/leo_ws/src/leo_pybullet/worlds/benchmark_v3_curriculum/train/world_hard_clear_seed_000263.yaml,263,hard,6,4,10,False,5.0925,-1.377494,2.804227,-1.509004,-1.04293,-2.105523,clear,4.9211,1.0348,,v3,train,general_replay,0.15,original
train,/root/leo_ws/results/comparison_benchmarks/benchmark_v10_dense_001/train/world_easy_clear_seed_1100231.yaml,1100231,easy,14,4,18,False,6.0308,2.186239,1.025202,-3.000534,-3.382616,-0.027158,clear,5.6674,1.0641,0,,,,,dense_v10
train,/root/leo_ws/src/leo_pybullet/worlds/benchmark_v4_hard/train/world_easy_direct_block_seed_300426.yaml,300426,easy,5,4,9,True,9.0822,3.955319,4.227407,-1.478812,4.035495,-4.152436,direct_block,8.3802,1.0838,1,v4,train,0,0.45,original
train,/root/leo_ws/src/leo_pybullet/worlds/benchmark_v4_hard/train/world_medium_double_block_seed_300145.yaml,300145,medium,9,4,13,True,6.9198,1.441243,-1.635225,-3.012195,-3.836573,-2.205088,double_block,5.3085,1.3035,2,v4_focused,train,5,focused_failure,original
train,/root/leo_ws/src/leo_pybullet/worlds/benchmark_v4_hard/train/world_medium_double_block_seed_300073.yaml,300073,medium,8,4,12,True,7.1622,-0.384273,3.28942,-0.763686,3.781939,-0.777667,double_block,5.8222,1.2301,2,v4,train,0,0.45,original
train,/root/leo_ws/results/comparison_benchmarks/benchmark_v10_dense_001/train/world_hard_double_block_seed_1100017.yaml,1100017,hard,20,4,24,True,10.712,4.152154,-1.273453,2.488902,-1.03152,3.439538,double_block,7.0059,1.529,2,,,,,dense_v10
train,/root/leo_ws/src/leo_pybullet/worlds/benchmark_v2/train/world_medium_seed_000178.yaml,178,medium,5,4,9,True,5.3965,2.000322,4.224747,2.179063,-2.739417,3.883069,,,,,v2,train,general_replay,0.40,original
train,/root/leo_ws/results/comparison_benchmarks/benchmark_v10_dense_001/train/world_hard_double_block_seed_1100032.yaml,1100032,hard,20,4,24,True,8.0445,0.203166,1.294297,-1.8636,-1.843259,-3.865315,double_block,5.5506,1.4493,2,,,,,dense_v10
train,/root/leo_ws/results/comparison_benchmarks/benchmark_v10_dense_001/train/world_hard_double_block_seed_1100161.yaml,1100161,hard,20,4,24,True,9.5769,-2.227488,2.452621,-1.394034,-1.057681,-4.066389,double_block,6.6231,1.446,2,,,,,dense_v10
train,/root/leo_ws/src/leo_pybullet/worlds/benchmark_v2/train/world_medium_seed_000280.yaml,280,medium,7,4,11,True,4.2182,2.16386,-3.632354,-1.033826,3.612136,-0.417923,,,,,v2,train,0,0.40,original
train,/root/leo_ws/src/leo_pybullet/worlds/benchmark_v4_hard/train/world_medium_double_block_seed_300217.yaml,300217,medium,9,4,13,True,7.3051,4.207654,3.583556,-1.911421,2.784389,-1.226065,double_block,5.0158,1.4564,2,v4_focused,train,5,focused_failure,original
train,/root/leo_ws/src/leo_pybullet/worlds/benchmark_v2/train/world_medium_seed_000187.yaml,187,medium,7,4,11,True,5.8594,2.643986,-3.015102,0.308546,2.639655,2.745056,,,,,v2,train,general_replay,0.40,original
train,/root/leo_ws/src/leo_pybullet/worlds/benchmark_v4_hard/train/world_hard_double_block_seed_300089.yaml,300089,hard,10,4,14,True,5.8651,0.505766,-1.02654,2.791374,-3.631733,0.753188,double_block,4.504,1.3022,2,v4,train,0,0.45,original
train,/root/leo_ws/src/leo_pybullet/worlds/benchmark_v4_hard/train/world_medium_direct_block_seed_300310.yaml,300310,medium,9,4,13,True,5.7747,2.495899,3.965796,-1.511424,3.39066,-0.943031,direct_block,4.9897,1.1573,1,v4,train,0,0.45,original
train,/root/leo_ws/src/leo_pybullet/worlds/benchmark_v4_hard/train/world_hard_double_block_seed_300296.yaml,300296,hard,12,4,16,True,6.2982,-2.428421,0.988799,-1.835347,-3.552471,-3.653375,double_block,4.7763,1.3186,2,v4,train,0,0.45,original
train,/root/leo_ws/src/leo_pybullet/worlds/benchmark_v3_curriculum/train/world_medium_clear_seed_000067.yaml,67,medium,2,4,6,False,4.5667,0.819024,-0.103796,2.266275,-1.88678,3.308857,clear,4.3552,1.0486,,v3,train,general_replay,0.15,original
train,/root/leo_ws/src/leo_pybullet/worlds/benchmark_v4_hard/train/world_medium_double_block_seed_300328.yaml,300328,medium,9,4,13,True,9.4467,3.72618,-2.467903,2.183807,-0.96282,3.278956,double_block,7.4171,1.2736,2,v4,train,0,0.45,original
train,/root/leo_ws/src/leo_pybullet/worlds/benchmark_v4_hard/train/world_hard_double_block_seed_300353.yaml,300353,hard,10,4,14,True,9.209,3.894108,0.343303,2.790481,-2.928447,3.442522,double_block,7.4935,1.2289,2,v4,train,0,0.45,original
train,/root/leo_ws/results/comparison_benchmarks/benchmark_v10_dense_001/train/world_medium_double_block_seed_1100133.yaml,1100133,medium,16,4,20,True,6.6765,3.436906,-0.821604,2.620523,-0.59674,2.070974,double_block,4.9636,1.3451,2,,,,,dense_v10
train,/root/leo_ws/src/leo_pybullet/worlds/benchmark_v2/train/world_hard_seed_000107.yaml,107,hard,9,4,13,True,5.0353,3.975527,-0.656382,-1.284205,0.38264,-3.27183,,,,,v2,train,general_replay,0.40,original
train,/root/leo_ws/results/comparison_benchmarks/benchmark_v10_dense_001/train/world_hard_double_block_seed_1100125.yaml,1100125,hard,20,4,24,True,13.3231,-3.902102,-0.079118,0.667219,1.471372,3.798488,double_block,6.6265,2.0106,2,,,,,dense_v10
train,/root/leo_ws/results/comparison_benchmarks/benchmark_v10_dense_001/train/world_hard_double_block_seed_1100137.yaml,1100137,hard,19,4,23,True,7.3529,-2.796114,0.40446,-0.232852,2.956198,-1.509014,double_block,6.0622,1.2129,2,,,,,dense_v10
train,/root/leo_ws/src/leo_pybullet/worlds/benchmark_v4_hard/train/world_medium_direct_block_seed_300034.yaml,300034,medium,7,4,11,True,6.249,-3.400599,1.16511,-1.066889,-0.796985,-3.488118,direct_block,5.3321,1.172,1,v4,train,0,0.45,original
train,/root/leo_ws/results/comparison_benchmarks/benchmark_v10_dense_001/train/world_easy_direct_block_seed_1100066.yaml,1100066,easy,16,4,20,True,9.138,2.879802,3.636027,-2.030939,-0.671425,-4.012778,direct_block,8.433,1.0836,1,,,,,dense_v10
train,/root/leo_ws/results/comparison_benchmarks/benchmark_v10_dense_001/train/world_easy_double_block_seed_1100225.yaml,1100225,easy,14,4,18,True,8.7849,3.81769,3.314344,-1.631038,4.008905,-3.055257,double_block,6.3725,1.3786,2,,,,,dense_v10
train,/root/leo_ws/results/comparison_benchmarks/benchmark_v10_dense_001/train/world_hard_clear_seed_1100215.yaml,1100215,hard,18,4,22,False,4.9931,0.072152,4.081594,-1.685821,0.083326,-0.827709,clear,4.9093,1.0171,0,,,,,dense_v10
train,/root/leo_ws/results/comparison_benchmarks/benchmark_v10_dense_001/train/world_hard_clear_seed_1100239.yaml,1100239,hard,19,4,23,False,4.6855,1.064966,0.413812,-2.292932,-2.099164,-2.931711,clear,4.6048,1.0175,0,,,,,dense_v10
train,/root/leo_ws/src/leo_pybullet/worlds/benchmark_v2/train/world_medium_seed_000232.yaml,232,medium,7,4,11,True,6.9771,3.261476,-3.705716,2.93871,3.940105,2.787728,,,,,v2,train,0,0.40,original
train,/root/leo_ws/results/comparison_benchmarks/benchmark_v10_dense_001/train/world_hard_double_block_seed_1100212.yaml,1100212,hard,19,4,23,True,7.4045,0.88701,1.268637,-2.189916,-2.256602,-3.143102,double_block,5.4172,1.3669,2,,,,,dense_v10
train,/root/leo_ws/results/comparison_benchmarks/benchmark_v10_dense_001/train/world_medium_clear_seed_1100007.yaml,1100007,medium,18,4,22,False,6.0194,1.01033,3.875379,-1.517471,0.743102,-2.023394,clear,5.9048,1.0194,0,,,,,dense_v10
train,/root/leo_ws/src/leo_pybullet/worlds/benchmark_v4_hard/train/world_medium_clear_seed_300391.yaml,300391,medium,6,4,10,False,5.0982,3.277366,-0.869953,1.636102,2.524124,3.965691,clear,4.894,1.0417,0,v4,train,0,0.45,original
train,/root/leo_ws/results/comparison_benchmarks/benchmark_v10_dense_001/train/world_hard_clear_seed_1100227.yaml,1100227,hard,18,4,22,False,7.2057,-4.248039,-0.890934,0.130107,2.754453,-0.528454,clear,7.0119,1.0276,0,,,,,dense_v10
train,/root/leo_ws/src/leo_pybullet/worlds/benchmark_v4_hard/train/world_easy_clear_seed_300063.yaml,300063,easy,5,4,9,False,6.7953,1.665696,-3.110964,1.270275,3.57796,2.936814,clear,6.3429,1.0713,0,v4_focused,train,0,focused_failure,original
train,/root/leo_ws/results/comparison_benchmarks/benchmark_v10_dense_001/train/world_medium_direct_block_seed_1100238.yaml,1100238,medium,16,4,20,True,6.7953,3.712404,3.096209,-1.383599,4.073776,-2.72357,direct_block,5.831,1.1654,1,,,,,dense_v10
train,/root/leo_ws/src/leo_pybullet/worlds/benchmark_v3_curriculum/train/world_easy_direct_block_seed_000036.yaml,36,easy,2,4,6,True,4.1496,-3.589133,-0.783276,0.001365,-0.084919,-0.935351,direct_block,3.5075,1.1831,,v3,train,general_replay,0.15,original
train,/root/leo_ws/results/comparison_benchmarks/benchmark_v10_dense_001/train/world_medium_double_block_seed_1100148.yaml,1100148,medium,17,4,21,True,8.809,-0.46314,-3.818885,1.496796,0.38147,3.922522,double_block,7.7873,1.1312,2,,,,,dense_v10
train,/root/leo_ws/results/comparison_benchmarks/benchmark_v10_dense_001/train/world_easy_clear_seed_1100219.yaml,1100219,easy,15,4,19,False,4.6651,1.594635,-2.755777,-2.94355,-2.873189,-3.38364,clear,4.5117,1.034,0,,,,,dense_v10
train,/root/leo_ws/src/leo_pybullet/worlds/benchmark_v2/train/world_hard_seed_000218.yaml,218,hard,10,4,14,True,5.2033,2.288419,0.875333,2.768021,-1.492981,3.092206,,,,,v2,train,general_replay,0.40,original
train,/root/leo_ws/src/leo_pybullet/worlds/benchmark_v4_hard/train/world_hard_double_block_seed_300416.yaml,300416,hard,11,4,15,True,6.0365,1.219382,-3.248094,-3.11144,-3.253832,-3.749835,double_block,4.5013,1.3411,2,v4,train,0,0.45,original
train,/root/leo_ws/src/leo_pybullet/worlds/benchmark_v3_curriculum/train/world_medium_clear_seed_000151.yaml,151,medium,4,4,8,False,4.3598,-0.089758,-3.622292,2.394744,-3.339994,-0.829409,clear,4.2854,1.0174,,v3,train,general_replay,0.15,original
train,/root/leo_ws/results/comparison_benchmarks/benchmark_v10_dense_001/train/world_medium_double_block_seed_1100124.yaml,1100124,medium,18,4,22,True,11.3359,-3.606593,3.197798,-0.963207,1.339851,-2.786225,double_block,7.7638,1.4601,2,,,,,dense_v10
train,/root/leo_ws/src/leo_pybullet/worlds/benchmark_v2/train/world_medium_seed_000130.yaml,130,medium,8,4,12,True,7.2502,2.094949,2.590202,-1.633546,1.281031,-4.15915,,,,,v2,train,general_replay,0.40,original
train,/root/leo_ws/src/leo_pybullet/worlds/benchmark_v4_hard/train/world_medium_direct_block_seed_300130.yaml,300130,medium,6,4,10,True,6.4914,-1.606356,-2.476793,1.814494,-2.716446,3.195543,direct_block,5.7799,1.1231,1,v4_focused,train,3,focused_failure,original
train,/root/leo_ws/results/comparison_benchmarks/benchmark_v10_dense_001/train/world_medium_clear_seed_1100187.yaml,1100187,medium,17,4,21,False,5.9702,-4.060914,-0.061921,-0.177959,1.41654,-1.302209,clear,5.6161,1.063,0,,,,,dense_v10
train,/root/leo_ws/results/comparison_benchmarks/benchmark_v10_dense_001/train/world_medium_clear_seed_1100079.yaml,1100079,medium,16,4,20,False,4.8194,-1.451788,3.00726,0.026725,3.233013,3.265843,clear,4.6919,1.0272,0,,,,,dense_v10
train,/root/leo_ws/results/comparison_benchmarks/benchmark_v10_dense_001/train/world_medium_clear_seed_1100055.yaml,1100055,medium,16,4,20,False,7.8339,-1.00224,3.940882,-0.951097,4.230233,-1.712911,clear,7.7035,1.0169,0,,,,,dense_v10
train,/root/leo_ws/results/comparison_benchmarks/benchmark_v10_dense_001/train/world_easy_double_block_seed_1100237.yaml,1100237,easy,15,4,19,True,6.8147,-2.780943,-3.680064,1.29206,-1.593509,1.222164,double_block,5.044,1.3511,2,,,,,dense_v10
train,/root/leo_ws/results/comparison_benchmarks/benchmark_v10_dense_001/train/world_medium_clear_seed_1100223.yaml,1100223,medium,18,4,22,False,5.1655,2.586914,-3.272419,2.489306,-1.272303,-0.023937,clear,5.0444,1.024,0,,,,,dense_v10
train,/root/leo_ws/results/comparison_benchmarks/benchmark_v10_dense_001/train/world_medium_double_block_seed_1100217.yaml,1100217,medium,18,4,22,True,10.4308,4.180187,2.665329,-2.820522,-3.31418,-0.21189,double_block,8.0277,1.2993,2,,,,,dense_v10
train,/root/leo_ws/results/comparison_benchmarks/benchmark_v10_dense_001/train/world_easy_clear_seed_1100207.yaml,1100207,easy,16,4,20,False,4.9359,-3.765328,-4.224218,1.091593,-2.092898,0.07814,clear,4.616,1.0693,0,,,,,dense_v10
train,/root/leo_ws/src/leo_pybullet/worlds/benchmark_v4_hard/train/world_hard_clear_seed_300227.yaml,300227,hard,12,4,16,False,4.889,1.189133,-1.32633,1.970405,-0.5806,2.864465,clear,4.5491,1.0747,0,v4,train,0,0.45,original
train,/root/leo_ws/results/comparison_benchmarks/benchmark_v10_dense_001/train/world_medium_double_block_seed_1100193.yaml,1100193,medium,18,4,22,True,7.1622,2.459756,-1.593017,1.816529,0.899455,4.023799,double_block,5.8295,1.2286,2,,,,,dense_v10
train,/root/leo_ws/results/comparison_benchmarks/benchmark_v10_dense_001/train/world_easy_double_block_seed_1100228.yaml,1100228,easy,14,4,18,True,7.1735,-2.665623,3.896519,-1.281115,-0.595146,-1.839708,double_block,6.0985,1.1763,2,,,,,dense_v10
train,/root/leo_ws/results/comparison_benchmarks/benchmark_v10_dense_001/train/world_easy_double_block_seed_1100084.yaml,1100084,easy,16,4,20,True,7.1735,3.249438,3.897503,-2.816266,-2.287358,1.502991,double_block,6.0324,1.1892,2,,,,,dense_v10
train,/root/leo_ws/results/comparison_benchmarks/benchmark_v10_dense_001/train/world_easy_clear_seed_1100075.yaml,1100075,easy,14,4,18,False,7.1953,-2.470603,-2.050754,-0.388802,3.929587,-3.964727,clear,6.6802,1.0771,0,,,,,dense_v10
train,/root/leo_ws/results/comparison_benchmarks/benchmark_v10_dense_001/train/world_hard_clear_seed_1100179.yaml,1100179,hard,19,4,23,False,5.9655,-2.726503,-2.228959,1.105563,0.455212,2.473992,clear,5.6781,1.0506,0,,,,,dense_v10
train,/root/leo_ws/src/leo_pybullet/worlds/benchmark_v4_hard/train/world_easy_direct_block_seed_300282.yaml,300282,easy,4,4,8,True,5.9896,-0.859014,3.287406,-2.227939,-3.582554,-0.877991,direct_block,4.9768,1.2035,1,v4,train,0,0.45,original
train,/root/leo_ws/results/comparison_benchmarks/benchmark_v10_dense_001/train/world_medium_double_block_seed_1100004.yaml,1100004,medium,18,4,22,True,11.1712,3.543948,-1.601903,1.899813,1.334295,3.003714,double_block,5.1083,2.1869,2,,,,,dense_v10
train,/root/leo_ws/results/comparison_benchmarks/benchmark_v10_dense_001/train/world_easy_clear_seed_1100051.yaml,1100051,easy,15,4,19,False,6.0857,-3.855781,-1.901038,-0.038526,2.024517,-1.516476,clear,5.8929,1.0327,0,,,,,dense_v10
train,/root/leo_ws/src/leo_pybullet/worlds/benchmark_v4_hard/train/world_hard_direct_block_seed_300254.yaml,300254,hard,14,4,18,True,7.4571,-0.275056,1.952041,-2.010447,-1.775966,-2.563152,direct_block,4.7581,1.5672,1,v4,train,0,0.45,original
train,/root/leo_ws/src/leo_pybullet/worlds/benchmark_v4_hard/train/world_hard_double_block_seed_300356.yaml,300356,hard,14,4,18,True,9.6947,1.899594,2.986804,-1.53034,1.999842,-2.88513,double_block,5.8728,1.6508,2,v4_focused,train,2,focused_failure,original
train,/root/leo_ws/src/leo_pybullet/worlds/benchmark_v4_hard/train/world_hard_direct_block_seed_300122.yaml,300122,hard,12,4,16,True,6.2547,1.419676,1.285263,2.621639,-3.180597,3.778378,direct_block,5.2324,1.1954,1,v4,train,0,0.45,original
train,/root/leo_ws/src/leo_pybullet/worlds/benchmark_v3_curriculum/train/world_easy_direct_block_seed_000201.yaml,201,easy,1,4,5,True,4.3371,1.695678,1.548624,-1.763052,1.026103,-1.949018,direct_block,3.5612,1.2179,,v3,train,0,0.15,original
train,/root/leo_ws/src/leo_pybullet/worlds/benchmark_v3_curriculum/train/world_hard_direct_block_seed_000152.yaml,152,hard,5,4,9,True,5.3302,1.084416,-1.003871,-2.620962,-2.548487,-3.515378,direct_block,4.4165,1.2069,,v3,train,0,0.15,original
train,/root/leo_ws/results/comparison_benchmarks/benchmark_v10_dense_001/train/world_hard_double_block_seed_1100089.yaml,1100089,hard,19,4,23,True,7.449,-2.334619,-0.373309,0.776686,1.757974,4.026461,double_block,6.0089,1.2397,2,,,,,dense_v10
train,/root/leo_ws/results/comparison_benchmarks/benchmark_v10_dense_001/train/world_easy_double_block_seed_1100216.yaml,1100216,easy,15,4,19,True,7.8604,1.940935,1.368953,-2.462579,-2.633756,-3.367497,double_block,6.585,1.1937,2,,,,,dense_v10
train,/root/leo_ws/results/comparison_benchmarks/benchmark_v10_dense_001/train/world_medium_double_block_seed_1100085.yaml,1100085,medium,17,4,21,True,7.6753,-1.387864,-2.73973,0.650474,3.75459,0.927096,double_block,6.3159,1.2152,2,,,,,dense_v10
train,/root/leo_ws/results/comparison_benchmarks/benchmark_v10_dense_001/train/world_easy_direct_block_seed_1100138.yaml,1100138,easy,16,4,20,True,8.321,3.683685,-1.328131,-2.889441,-2.60852,-2.592264,direct_block,6.4179,1.2965,1,,,,,dense_v10
train,/root/leo_ws/src/leo_pybullet/worlds/benchmark_v2/train/world_easy_seed_000054.yaml,54,easy,2,4,6,False,6.5027,-1.758046,3.391583,-1.067692,-0.108458,-2.444687,,,,,v2,train,0,0.40,original
train,/root/leo_ws/src/leo_pybullet/worlds/benchmark_v2/train/world_easy_seed_000006.yaml,6,easy,4,4,8,False,5.6649,-0.130199,-2.073893,-0.186898,-4.34607,1.416521,,,,,v2,train,general_replay,0.40,original
train,/root/leo_ws/results/comparison_benchmarks/benchmark_v10_dense_001/train/world_hard_double_block_seed_1100092.yaml,1100092,hard,18,4,22,True,7.3771,-3.193383,-1.500715,0.459827,1.35454,0.649351,double_block,5.0305,1.4665,2,,,,,dense_v10
train,/root/leo_ws/src/leo_pybullet/worlds/benchmark_v3_curriculum/train/world_medium_direct_block_seed_000220.yaml,220,medium,4,4,8,True,5.4959,-2.856729,-1.160071,-0.608931,0.767136,-4.045007,direct_block,4.632,1.1865,,v3,train,general_replay,0.15,original
train,/root/leo_ws/results/comparison_benchmarks/benchmark_v10_dense_001/train/world_easy_clear_seed_1100135.yaml,1100135,easy,15,4,19,False,6.9837,-1.167669,1.705167,-0.931619,2.737689,-3.676569,clear,6.6494,1.0503,0,,,,,dense_v10
train,/root/leo_ws/src/leo_pybullet/worlds/benchmark_v3_curriculum/train/world_medium_direct_block_seed_000010.yaml,10,medium,4,4,8,True,7.8386,-0.084273,-3.603241,0.942188,3.845393,2.087147,direct_block,6.9154,1.1335,,v3,train,general_replay,0.15,original
train,/root/leo_ws/src/leo_pybullet/worlds/benchmark_v3_curriculum/train/world_easy_direct_block_seed_000108.yaml,108,easy,1,4,5,True,6.2159,1.830098,-3.527913,1.632541,1.375112,1.940336,direct_block,5.4871,1.1328,,v3,train,general_replay,0.15,original
train,/root/leo_ws/src/leo_pybullet/worlds/benchmark_v4_hard/train/world_medium_direct_block_seed_300082.yaml,300082,medium,8,4,12,True,6.4478,-0.510597,3.563425,-1.809948,-1.816752,-1.967238,direct_block,5.6828,1.1346,1,v4_focused,train,3,focused_failure,original
train,/root/leo_ws/results/comparison_benchmarks/benchmark_v10_dense_001/train/world_medium_double_block_seed_1100001.yaml,1100001,medium,16,4,20,True,8.9553,1.701273,3.096331,-2.571645,-3.226187,-0.56175,double_block,6.1369,1.4593,2,,,,,dense_v10
train,/root/leo_ws/results/comparison_benchmarks/benchmark_v10_dense_001/train/world_hard_clear_seed_1100167.yaml,1100167,hard,18,4,22,False,5.1531,-1.311139,3.304729,-1.618568,-1.381725,-1.77226,clear,5.0775,1.0149,0,,,,,dense_v10
train,/root/leo_ws/src/leo_pybullet/worlds/benchmark_v3_curriculum/train/world_hard_direct_block_seed_000101.yaml,101,hard,6,4,10,True,6.2022,2.9505,3.471213,-2.160161,0.33343,-1.201265,direct_block,5.3555,1.1581,,v3,train,general_replay,0.15,original
train,/root/leo_ws/src/leo_pybullet/worlds/benchmark_v2/train/world_easy_seed_000180.yaml,180,easy,2,4,6,True,5.7827,-4.251012,-2.045843,0.625974,0.804804,-0.438474,,,,,v2,train,general_replay,0.40,original
train,/root/leo_ws/src/leo_pybullet/worlds/benchmark_v3_curriculum/train/world_medium_clear_seed_000055.yaml,55,medium,2,4,6,False,6.2731,-3.572859,-2.687961,1.632427,-3.497671,3.535847,clear,6.2243,1.0079,,v3,train,0,0.15,original
train,/root/leo_ws/src/leo_pybullet/worlds/benchmark_v3_curriculum/train/world_medium_direct_block_seed_000013.yaml,13,medium,3,4,7,True,5.3827,-1.77856,3.481091,-0.011676,2.56704,3.314981,direct_block,4.3488,1.2378,,v3,train,0,0.15,original
train,/root/leo_ws/results/comparison_benchmarks/benchmark_v10_dense_001/train/world_medium_double_block_seed_1100088.yaml,1100088,medium,16,4,20,True,6.9245,3.657204,-1.210705,1.785673,2.218548,3.99623,double_block,5.402,1.2818,2,,,,,dense_v10
train,/root/leo_ws/src/leo_pybullet/worlds/benchmark_v4_hard/train/world_hard_clear_seed_300359.yaml,300359,hard,10,4,14,False,4.9496,2.57554,2.53311,-2.005431,1.045584,-1.774398,clear,4.5711,1.0828,0,v4,train,0,0.45,original
train,/root/leo_ws/results/comparison_benchmarks/benchmark_v10_dense_001/train/world_easy_double_block_seed_1100033.yaml,1100033,easy,14,4,18,True,6.7371,-0.81471,-1.541109,1.165729,1.627612,3.419877,double_block,5.5296,1.2184,2,,,,,dense_v10
train,/root/leo_ws/src/leo_pybullet/worlds/benchmark_v3_curriculum/train/world_medium_direct_block_seed_000289.yaml,289,medium,3,4,7,True,6.6935,2.637203,-2.669257,2.100638,-0.485177,2.40672,direct_block,5.9594,1.1232,,v3,train,general_replay,0.15,original
train,/root/leo_ws/src/leo_pybullet/worlds/benchmark_v4_hard/train/world_hard_direct_block_seed_300182.yaml,300182,hard,10,4,14,True,5.6502,1.477945,2.469756,-2.186706,-1.312292,-1.12887,direct_block,4.5536,1.2408,1,v4_focused,train,3,focused_failure,original
train,/root/leo_ws/src/leo_pybullet/worlds/benchmark_v2/train/world_medium_seed_000028.yaml,28,medium,5,4,9,False,5.5257,2.293819,-2.514982,2.860182,-3.094451,-2.932997,,,,,v2,train,general_replay,0.40,original
train,/root/leo_ws/src/leo_pybullet/worlds/benchmark_v4_hard/train/world_hard_clear_seed_300347.yaml,300347,hard,13,4,17,False,5.9427,0.200576,1.911248,-2.004645,-1.418215,-3.386018,clear,5.5391,1.0729,0,v4,train,0,0.45,original
train,/root/leo_ws/src/leo_pybullet/worlds/benchmark_v4_hard/train/world_hard_double_block_seed_300284.yaml,300284,hard,12,4,16,True,7.1541,-1.91737,-2.043467,1.835561,-3.195499,3.462046,double_block,5.6519,1.2658,2,v4_focused,train,0,focused_failure,original
train,/root/leo_ws/src/leo_pybullet/worlds/benchmark_v3_curriculum/train/world_easy_direct_block_seed_000201.yaml,201,easy,1,4,5,True,4.3371,1.695678,1.548624,-1.763052,1.026103,-1.949018,direct_block,3.5612,1.2179,,v3,train,general_replay,0.15,original
train,/root/leo_ws/results/comparison_benchmarks/benchmark_v10_dense_001/train/world_hard_double_block_seed_1100068.yaml,1100068,hard,19,4,23,True,7.7359,2.57368,-2.497447,-2.992917,-2.428045,-2.998098,double_block,5.0267,1.539,2,,,,,dense_v10
train,/root/leo_ws/src/leo_pybullet/worlds/benchmark_v4_hard/train/world_medium_clear_seed_300379.yaml,300379,medium,8,4,12,False,5.681,-0.841168,0.511049,-1.060974,1.489647,-4.190465,clear,5.2476,1.0826,0,v4,train,0,0.45,original
train,/root/leo_ws/src/leo_pybullet/worlds/benchmark_v2/train/world_hard_seed_000227.yaml,227,hard,11,4,15,True,4.8639,3.972772,-1.135145,-0.532796,-0.470946,-2.245637,,,,,v2,train,general_replay,0.40,original
train,/root/leo_ws/results/comparison_benchmarks/benchmark_v10_dense_001/train/world_medium_clear_seed_1100067.yaml,1100067,medium,18,4,22,False,4.88,-1.27632,0.601232,-0.01249,3.638706,0.63438,clear,4.9151,0.9929,0,,,,,dense_v10
train,/root/leo_ws/results/comparison_benchmarks/benchmark_v10_dense_001/train/world_medium_direct_block_seed_1100178.yaml,1100178,medium,16,4,20,True,7.9929,4.158687,1.608816,2.828689,-1.309842,3.663024,direct_block,5.8416,1.3683,1,,,,,dense_v10
train,/root/leo_ws/src/leo_pybullet/worlds/benchmark_v3_curriculum/train/world_medium_direct_block_seed_000289.yaml,289,medium,3,4,7,True,6.6935,2.637203,-2.669257,2.100638,-0.485177,2.40672,direct_block,5.9594,1.1232,,v3,train,0,0.15,original
train,/root/leo_ws/results/comparison_benchmarks/benchmark_v10_dense_001/train/world_medium_double_block_seed_1100064.yaml,1100064,medium,17,4,21,True,8.8455,4.114634,2.77442,-2.522191,-2.336012,-1.355065,double_block,7.6592,1.1549,2,,,,,dense_v10
train,/root/leo_ws/src/leo_pybullet/worlds/benchmark_v3_curriculum/train/world_easy_direct_block_seed_000246.yaml,246,easy,1,4,5,True,5.3496,0.141753,1.87519,-2.572875,-3.691815,-0.504445,direct_block,4.5121,1.1856,,v3,train,0,0.15,original
train,/root/leo_ws/src/leo_pybullet/worlds/benchmark_v2/train/world_hard_seed_000176.yaml,176,hard,8,4,12,True,4.2925,3.86149,2.413438,-1.147815,2.877269,-1.001516,,,,,v2,train,0,0.40,original
train,/root/leo_ws/src/leo_pybullet/worlds/benchmark_v4_hard/train/world_hard_double_block_seed_300044.yaml,300044,hard,14,4,18,True,6.6627,3.541367,1.347357,-1.871635,2.686285,-3.610421,double_block,5.031,1.3243,2,v4,train,0,0.45,original
train,/root/leo_ws/src/leo_pybullet/worlds/benchmark_v4_hard/train/world_hard_double_block_seed_300389.yaml,300389,hard,12,4,16,True,9.9872,2.325666,-3.909213,2.394885,-2.682148,0.759285,double_block,6.8464,1.4588,2,v4,train,0,0.45,original
train,/root/leo_ws/results/comparison_benchmarks/benchmark_v10_dense_001/train/world_easy_direct_block_seed_1100090.yaml,1100090,easy,14,4,18,True,6.801,-2.611834,-1.529821,1.137768,0.512445,3.45409,direct_block,5.8822,1.1562,1,,,,,dense_v10
train,/root/leo_ws/src/leo_pybullet/worlds/benchmark_v2/train/world_hard_seed_000197.yaml,197,hard,12,4,16,True,7.6729,-2.929133,1.661703,-0.096705,0.72338,-4.010067,,,,,v2,train,0,0.40,original
train,/root/leo_ws/src/leo_pybullet/worlds/benchmark_v4_hard/train/world_hard_double_block_seed_300233.yaml,300233,hard,13,4,17,True,7.049,0.080284,1.265958,-0.77763,4.121935,-2.829653,double_block,5.754,1.2251,2,v4_focused,train,0,focused_failure,original
train,/root/leo_ws/results/comparison_benchmarks/benchmark_v10_dense_001/train/world_easy_clear_seed_1100159.yaml,1100159,easy,15,4,19,False,5.1049,2.846867,0.117766,2.311138,-0.639311,3.802677,clear,5.0727,1.0064,0,,,,,dense_v10
train,/root/leo_ws/results/comparison_benchmarks/benchmark_v10_dense_001/train/world_medium_double_block_seed_1100097.yaml,1100097,medium,16,4,20,True,9.8249,3.639038,-3.869296,2.077177,-0.963911,3.329194,double_block,8.5443,1.1499,2,,,,,dense_v10
train,/root/leo_ws/results/comparison_benchmarks/benchmark_v10_dense_001/train/world_easy_double_block_seed_1100045.yaml,1100045,easy,15,4,19,True,7.129,4.08747,1.660299,-3.108863,-2.177332,1.046387,double_block,6.2948,1.1325,2,,,,,dense_v10
train,/root/leo_ws/src/leo_pybullet/worlds/benchmark_v4_hard/train/world_medium_double_block_seed_300028.yaml,300028,medium,7,4,11,True,8.9643,-1.410634,2.478793,-0.816045,3.495932,-3.773114,double_block,7.9474,1.128,2,v4_focused,train,2,focused_failure,original
train,/root/leo_ws/results/comparison_benchmarks/benchmark_v10_dense_001/train/world_medium_clear_seed_1100163.yaml,1100163,medium,16,4,20,False,4.9908,2.723665,3.151959,-1.800201,1.714249,-1.417856,clear,4.68,1.0664,0,,,,,dense_v10
train,/root/leo_ws/src/leo_pybullet/worlds/benchmark_v3_curriculum/train/world_medium_direct_block_seed_000250.yaml,250,medium,3,4,7,True,6.0147,-0.834486,-2.914487,1.122516,1.457266,1.727194,direct_block,5.1766,1.1619,,v3,train,general_replay,0.15,original
train,/root/leo_ws/src/leo_pybullet/worlds/benchmark_v2/train/world_hard_seed_000101.yaml,101,hard,12,4,16,True,7.4329,3.552888,0.341276,0.022119,-1.22953,-3.927867,,,,,v2,train,general_replay,0.40,original
train,/root/leo_ws/src/leo_pybullet/worlds/benchmark_v2/train/world_medium_seed_000163.yaml,163,medium,8,4,12,True,9.0855,-2.845777,3.165698,-1.850375,2.519505,-2.464075,,,,,v2,train,0,0.40,original
train,/root/leo_ws/src/leo_pybullet/worlds/benchmark_v2/train/world_medium_seed_000103.yaml,103,medium,8,4,12,False,3.7472,2.080541,1.342656,1.101397,-0.33784,-1.408267,,,,,v2,train,0,0.40,original
train,/root/leo_ws/results/comparison_benchmarks/benchmark_v10_dense_001/train/world_medium_double_block_seed_1100184.yaml,1100184,medium,17,4,21,True,8.3963,1.072577,3.662427,-1.922214,-0.661525,-2.477428,double_block,6.38,1.316,2,,,,,dense_v10
train,/root/leo_ws/src/leo_pybullet/worlds/benchmark_v2/train/world_hard_seed_000137.yaml,137,hard,8,4,12,True,4.7371,-0.827522,3.188725,2.076768,-1.547364,-0.890174,,,,,v2,train,general_replay,0.40,original
train,/root/leo_ws/src/leo_pybullet/worlds/benchmark_v2/train/world_medium_seed_000286.yaml,286,medium,8,4,12,True,4.6433,1.677095,-3.663675,-2.228648,-0.778365,-0.573012,,,,,v2,train,general_replay,0.40,original
train,/root/leo_ws/results/comparison_benchmarks/benchmark_v10_dense_001/train/world_medium_direct_block_seed_1100190.yaml,1100190,medium,17,4,21,True,6.7153,-4.157232,-2.192481,-0.032097,0.497153,-1.864393,direct_block,4.6659,1.4392,1,,,,,dense_v10
train,/root/leo_ws/results/comparison_benchmarks/benchmark_v10_dense_001/train/world_medium_clear_seed_1100115.yaml,1100115,medium,17,4,21,False,6.09,-3.209157,2.429278,-0.692166,1.171687,-1.648959,clear,5.9853,1.0175,0,,,,,dense_v10
train,/root/leo_ws/results/comparison_benchmarks/benchmark_v10_dense_001/train/world_medium_clear_seed_1100043.yaml,1100043,medium,18,4,22,False,5.609,-2.060197,1.759457,-1.770021,-3.778883,-3.182072,clear,5.2319,1.0721,0,,,,,dense_v10
train,/root/leo_ws/results/comparison_benchmarks/benchmark_v10_dense_001/train/world_medium_double_block_seed_1100049.yaml,1100049,medium,16,4,20,True,7.2147,-1.891397,-1.972869,0.202154,3.826378,-0.735618,double_block,5.8501,1.2333,2,,,,,dense_v10
train,/root/leo_ws/results/comparison_benchmarks/benchmark_v10_dense_001/train/world_medium_direct_block_seed_1100166.yaml,1100166,medium,17,4,21,True,6.8672,-2.581278,-3.134081,0.492194,2.36927,0.046865,direct_block,5.8844,1.167,1,,,,,dense_v10
train,/root/leo_ws/results/comparison_benchmarks/benchmark_v10_dense_001/train/world_medium_double_block_seed_1100172.yaml,1100172,medium,18,4,22,True,10.6386,3.258958,4.140694,-1.941375,-0.851094,-3.413625,double_block,8.6,1.237,2,,,,,dense_v10
train,/root/leo_ws/src/leo_pybullet/worlds/benchmark_v4_hard/train/world_medium_direct_block_seed_300058.yaml,300058,medium,6,4,10,True,5.8216,3.455348,2.759347,-1.829334,2.506817,-2.214697,direct_block,5.0637,1.1497,1,v4,train,0,0.45,original
train,/root/leo_ws/src/leo_pybullet/worlds/benchmark_v3_curriculum/train/world_hard_direct_block_seed_000242.yaml,242,hard,5,4,9,True,6.3759,1.819679,-2.789396,2.47466,-2.524417,0.275328,direct_block,5.3164,1.1993,,v3,train,general_replay,0.15,original
train,/root/leo_ws/src/leo_pybullet/worlds/benchmark_v4_hard/train/world_medium_double_block_seed_300361.yaml,300361,medium,8,4,12,True,6.9278,-2.571117,-3.718554,0.270467,2.554873,-2.161543,double_block,5.3572,1.2932,2,v4_focused,train,4,focused_failure,original
train,/root/leo_ws/src/leo_pybullet/worlds/benchmark_v4_hard/train/world_easy_clear_seed_300051.yaml,300051,easy,4,4,8,False,8.4227,-1.029683,-3.930977,1.478792,0.564592,3.761153,clear,7.8556,1.0722,0,v4,train,0,0.45,original
train,/root/leo_ws/src/leo_pybullet/worlds/benchmark_v4_hard/train/world_hard_direct_block_seed_300098.yaml,300098,hard,13,4,17,True,6.4971,-2.45126,-2.139854,0.103157,2.75574,-1.72121,direct_block,5.2238,1.2437,1,v4,train,0,0.45,original
train,/root/leo_ws/results/comparison_benchmarks/benchmark_v10_dense_001/train/world_hard_double_block_seed_1100005.yaml,1100005,hard,20,4,24,True,8.1998,3.239233,-0.025235,3.043487,-3.516675,0.983771,double_block,6.8308,1.2004,2,,,,,dense_v10
train,/root/leo_ws/src/leo_pybullet/worlds/benchmark_v2/train/world_hard_seed_000083.yaml,83,hard,11,4,15,True,8.7243,-0.348696,-3.235424,-1.808217,-4.050725,3.933775,,,,,v2,train,0,0.40,original
train,/root/leo_ws/src/leo_pybullet/worlds/benchmark_v4_hard/train/world_medium_double_block_seed_300025.yaml,300025,medium,9,4,13,True,7.3472,2.436438,-2.7551,-3.134501,-3.911782,-3.62189,double_block,6.4071,1.1467,2,v4_focused,train,3,focused_failure,original
train,/root/leo_ws/src/leo_pybullet/worlds/benchmark_v4_hard/train/world_hard_double_block_seed_300032.yaml,300032,hard,10,4,14,True,6.9714,-1.986578,-2.008566,0.536108,2.973868,0.417735,double_block,5.522,1.2625,2,v4_focused,train,1,focused_failure,original
train,/root/leo_ws/src/leo_pybullet/worlds/benchmark_v2/train/world_hard_seed_000200.yaml,200,hard,8,4,12,True,7.1508,2.040188,-4.085843,2.616088,1.024083,2.598764,,,,,v2,train,general_replay,0.40,original
train,/root/leo_ws/src/leo_pybullet/worlds/benchmark_v4_hard/train/world_easy_double_block_seed_300321.yaml,300321,easy,5,4,9,True,6.5335,-1.14505,2.474241,-0.514326,3.523579,0.020013,double_block,5.2744,1.2387,2,v4_focused,train,5,focused_failure,original
train,/root/leo_ws/results/comparison_benchmarks/benchmark_v10_dense_001/train/world_easy_clear_seed_1100171.yaml,1100171,easy,16,4,20,False,6.2788,3.896737,2.361913,-1.733229,3.390373,-3.752604,clear,6.1354,1.0234,0,,,,,dense_v10
train,/root/leo_ws/results/comparison_benchmarks/benchmark_v10_dense_001/train/world_hard_clear_seed_1100203.yaml,1100203,hard,19,4,23,False,5.272,-1.732962,3.214896,0.201549,3.288544,3.784853,clear,5.0537,1.0432,0,,,,,dense_v10
train,/root/leo_ws/src/leo_pybullet/worlds/benchmark_v4_hard/train/world_medium_direct_block_seed_300094.yaml,300094,medium,9,4,13,True,7.9186,-3.258769,2.682181,0.129422,3.268026,3.921574,direct_block,6.6434,1.1919,1,v4_focused,train,4,focused_failure,original
train,/root/leo_ws/results/comparison_benchmarks/benchmark_v10_dense_001/train/world_medium_clear_seed_1100091.yaml,1100091,medium,18,4,22,False,5.849,-1.871646,-2.312593,0.231327,3.234096,-0.545763,clear,5.4028,1.0826,0,,,,,dense_v10
train,/root/leo_ws/src/leo_pybullet/worlds/benchmark_v3_curriculum/train/world_medium_direct_block_seed_000208.yaml,208,medium,3,4,7,True,4.6651,3.00545,1.039977,2.726225,-0.360787,2.695913,direct_block,3.7515,1.2435,,v3,train,0,0.15,original
train,/root/leo_ws/results/comparison_benchmarks/benchmark_v10_dense_001/train/world_hard_direct_block_seed_1100194.yaml,1100194,hard,20,4,24,True,7.6478,-3.18397,1.522322,-0.599951,1.563275,-2.550323,direct_block,6.2548,1.2227,1,,,,,dense_v10
train,/root/leo_ws/src/leo_pybullet/worlds/benchmark_v4_hard/train/world_medium_double_block_seed_300304.yaml,300304,medium,6,4,10,True,7.6478,2.42906,2.170791,3.045458,-4.05597,2.112401,double_block,6.4853,1.1793,2,v4,train,0,0.45,original
train,/root/leo_ws/src/leo_pybullet/worlds/benchmark_v4_hard/train/world_hard_direct_block_seed_300350.yaml,300350,hard,13,4,17,True,7.6147,0.697796,-2.353788,2.059779,-2.516427,3.340831,direct_block,6.5391,1.1645,1,v4_focused,train,1,focused_failure,original
train,/root/leo_ws/results/comparison_benchmarks/benchmark_v10_dense_001/train/world_medium_clear_seed_1100151.yaml,1100151,medium,16,4,20,False,5.1451,2.666706,-3.586034,1.799099,2.02499,1.359592,clear,4.9871,1.0317,0,,,,,dense_v10
train,/root/leo_ws/src/leo_pybullet/worlds/benchmark_v4_hard/train/world_medium_double_block_seed_300232.yaml,300232,medium,9,4,13,True,6.2845,3.903191,-2.312171,2.804321,-0.505509,-0.164893,double_block,4.9038,1.2816,2,v4,train,0,0.45,original
train,/root/leo_ws/results/comparison_benchmarks/benchmark_v10_dense_001/train/world_medium_clear_seed_1100211.yaml,1100211,medium,18,4,22,False,5.1976,2.881449,-0.116727,-3.059546,-1.842414,-1.053664,clear,4.8159,1.0793,0,,,,,dense_v10
train,/root/leo_ws/results/comparison_benchmarks/benchmark_v10_dense_001/train/world_medium_direct_block_seed_1100022.yaml,1100022,medium,18,4,22,True,9.8992,4.113823,-3.686347,2.05806,0.685248,3.744795,direct_block,8.1839,1.2096,1,,,,,dense_v10
train,/root/leo_ws/src/leo_pybullet/worlds/benchmark_v4_hard/train/world_easy_double_block_seed_300264.yaml,300264,easy,5,4,9,True,6.7267,4.170995,1.385466,-1.933721,2.806012,-4.09408,double_block,5.647,1.1912,2,v4,train,0,0.45,original
train,/root/leo_ws/results/comparison_benchmarks/benchmark_v10_dense_001/train/world_easy_direct_block_seed_1100054.yaml,1100054,easy,15,4,19,True,6.8478,-0.275776,2.279143,-0.939695,2.905275,-2.059646,direct_block,5.38,1.2728,1,,,,,dense_v10
train,/root/leo_ws/results/comparison_benchmarks/benchmark_v10_dense_001/train/world_easy_double_block_seed_1100213.yaml,1100213,easy,15,4,19,True,6.0559,2.793739,-3.118907,1.763445,2.27378,1.748605,double_block,4.8952,1.2371,2,,,,,dense_v10
train,/root/leo_ws/src/leo_pybullet/worlds/benchmark_v4_hard/train/world_hard_double_block_seed_300260.yaml,300260,hard,12,4,16,True,6.5771,2.406301,-3.928157,2.290169,-1.388469,-0.497805,double_block,5.1154,1.2857,2,v4,train,0,0.45,original
train,/root/leo_ws/results/comparison_benchmarks/benchmark_v10_dense_001/train/world_easy_direct_block_seed_1100018.yaml,1100018,easy,15,4,19,True,6.6684,-0.333125,-3.949053,1.354313,1.04223,0.351878,direct_block,4.5155,1.4768,1,,,,,dense_v10
train,/root/leo_ws/src/leo_pybullet/worlds/benchmark_v4_hard/train/world_hard_clear_seed_300119.yaml,300119,hard,10,4,14,False,6.4971,-3.075478,4.067837,-1.246055,-1.873045,-1.962515,clear,6.1491,1.0566,0,v4,train,0,0.45,original
train,/root/leo_ws/results/comparison_benchmarks/benchmark_v10_dense_001/train/world_medium_double_block_seed_1100076.yaml,1100076,medium,18,4,22,True,8.4398,-0.742639,-4.138524,1.494349,0.658581,2.601459,double_block,6.8841,1.226,2,,,,,dense_v10
train,/root/leo_ws/results/comparison_benchmarks/benchmark_v10_dense_001/train/world_hard_direct_block_seed_1100014.yaml,1100014,hard,19,4,23,True,6.7896,-1.254275,1.216389,-1.998174,-3.081125,-3.149774,direct_block,4.7329,1.4345,1,,,,,dense_v10
train,/root/leo_ws/src/leo_pybullet/worlds/benchmark_v4_hard/train/world_medium_double_block_seed_300229.yaml,300229,medium,6,4,10,True,9.5016,-2.389461,-4.103256,1.592891,-2.979923,4.065994,double_block,8.1906,1.1601,2,v4_focused,train,1,focused_failure,original
train,/root/leo_ws/src/leo_pybullet/worlds/benchmark_v2/train/world_easy_seed_000240.yaml,240,easy,4,4,8,True,4.4251,3.952491,-1.601714,0.899178,1.03117,0.237881,,,,,v2,train,general_replay,0.40,original
train,/root/leo_ws/results/comparison_benchmarks/benchmark_v10_dense_001/train/world_hard_double_block_seed_1100173.yaml,1100173,hard,19,4,23,True,10.1392,0.76474,-1.255355,-2.841614,-4.093541,-2.828854,double_block,5.1067,1.9855,2,,,,,dense_v10
train,/root/leo_ws/src/leo_pybullet/worlds/benchmark_v4_hard/train/world_hard_double_block_seed_300377.yaml,300377,hard,14,4,18,True,9.5049,1.499979,-3.56036,1.343737,3.369602,3.502599,double_block,7.3062,1.3009,2,v4_focused,train,2,focused_failure,original
train,/root/leo_ws/results/comparison_benchmarks/benchmark_v10_dense_001/train/world_easy_double_block_seed_1100204.yaml,1100204,easy,14,4,18,True,6.3233,-1.420816,-1.29279,1.597988,-1.043317,3.890621,double_block,5.1971,1.2167,2,,,,,dense_v10
train,/root/leo_ws/results/comparison_benchmarks/benchmark_v10_dense_001/train/world_medium_direct_block_seed_1100226.yaml,1100226,medium,16,4,20,True,6.1302,-2.555583,2.592715,0.061022,2.421973,2.309557,direct_block,4.9856,1.2296,1,,,,,dense_v10
train,/root/leo_ws/src/leo_pybullet/worlds/benchmark_v4_hard/train/world_medium_double_block_seed_300400.yaml,300400,medium,8,4,12,True,9.6706,-3.715244,3.828842,-0.773911,1.710823,-2.648914,double_block,8.4501,1.1444,2,v4,train,0,0.45,original
train,/root/leo_ws/results/comparison_benchmarks/benchmark_v10_dense_001/train/world_easy_double_block_seed_1100189.yaml,1100189,easy,15,4,19,True,7.3771,3.194909,-2.821669,1.828372,1.077534,2.325878,double_block,5.566,1.3254,2,,,,,dense_v10
train,/root/leo_ws/src/leo_pybullet/worlds/benchmark_v4_hard/train/world_medium_clear_seed_300439.yaml,300439,medium,8,4,12,False,6.6386,3.563768,3.492571,-2.167079,0.256242,-1.830205,clear,6.2667,1.0593,0,v4,train,0,0.45,original
train,/root/leo_ws/results/comparison_benchmarks/benchmark_v10_dense_001/train/world_easy_direct_block_seed_1100042.yaml,1100042,easy,16,4,20,True,7.0022,0.611905,-3.824828,1.449324,1.779186,2.445669,direct_block,6.3782,1.0978,1,,,,,dense_v10
train,/root/leo_ws/src/leo_pybullet/worlds/benchmark_v4_hard/train/world_hard_double_block_seed_300017.yaml,300017,hard,10,4,14,True,6.712,2.808877,-1.111764,2.849212,-2.206812,0.783005,double_block,5.3616,1.2518,2,v4,train,0,0.45,original
train,/root/leo_ws/src/leo_pybullet/worlds/benchmark_v4_hard/train/world_hard_direct_block_seed_300374.yaml,300374,hard,13,4,17,True,6.7176,2.181369,2.284328,2.795766,-3.255267,4.104153,direct_block,5.7331,1.1717,1,v4_focused,train,5,focused_failure,original
train,/root/leo_ws/results/comparison_benchmarks/benchmark_v10_dense_001/train/world_medium_double_block_seed_1100040.yaml,1100040,medium,17,4,21,True,7.1645,0.48454,3.002343,-1.350488,2.326481,-2.333024,double_block,5.6444,1.2693,2,,,,,dense_v10
train,/root/leo_ws/results/comparison_benchmarks/benchmark_v10_dense_001/train/world_medium_double_block_seed_1100112.yaml,1100112,medium,16,4,20,True,6.7451,-2.694987,0.704843,-0.267815,2.338582,-0.474438,double_block,5.1699,1.3047,2,,,,,dense_v10
train,/root/leo_ws/src/leo_pybullet/worlds/benchmark_v4_hard/train/world_hard_direct_block_seed_300338.yaml,300338,hard,12,4,16,True,6.4308,1.378325,-1.277649,2.009917,-0.30268,3.657343,direct_block,5.2134,1.2335,1,v4,train,0,0.45,original
train,/root/leo_ws/results/comparison_benchmarks/benchmark_v10_dense_001/train/world_medium_direct_block_seed_1100130.yaml,1100130,medium,16,4,20,True,6.1965,-2.602227,3.615087,-0.084803,2.595899,2.759596,direct_block,5.2681,1.1762,1,,,,,dense_v10
train,/root/leo_ws/src/leo_pybullet/worlds/benchmark_v2/train/world_medium_seed_000214.yaml,214,medium,7,4,11,True,4.5496,1.22413,2.378138,-1.561168,3.55464,-0.79091,,,,,v2,train,general_replay,0.40,original
train,/root/leo_ws/results/comparison_benchmarks/benchmark_v10_dense_001/train/world_medium_direct_block_seed_1100082.yaml,1100082,medium,16,4,20,True,9.4765,3.361537,-2.623189,2.804502,-4.194302,0.096351,direct_block,8.0304,1.1801,1,,,,,dense_v10
train,/root/leo_ws/src/leo_pybullet/worlds/benchmark_v4_hard/train/world_easy_double_block_seed_300345.yaml,300345,easy,4,4,8,True,7.2227,2.123388,2.618871,-2.593335,-2.675872,-0.723184,double_block,5.8483,1.235,2,v4,train,0,0.45,original
train,/root/leo_ws/results/comparison_benchmarks/benchmark_v10_dense_001/train/world_easy_clear_seed_1100063.yaml,1100063,easy,15,4,19,False,6.6457,2.260905,2.788352,-1.579904,1.898342,-3.686481,clear,6.485,1.0248,0,,,,,dense_v10
train,/root/leo_ws/src/leo_pybullet/worlds/benchmark_v4_hard/train/world_hard_double_block_seed_300269.yaml,300269,hard,11,4,15,True,9.2398,-3.772859,2.682947,0.080632,3.977873,3.438966,double_block,7.7875,1.1865,2,v4,train,0,0.45,original
train,/root/leo_ws/src/leo_pybullet/worlds/benchmark_v2/train/world_easy_seed_000195.yaml,195,easy,4,4,8,True,6.729,1.279561,3.511671,-2.640135,3.037477,-2.536574,,,,,v2,train,0,0.40,original
train,/root/leo_ws/src/leo_pybullet/worlds/benchmark_v3_curriculum/train/world_hard_direct_block_seed_000269.yaml,269,hard,4,4,8,True,6.3153,-3.046502,-1.272626,0.567937,1.328597,1.76888,direct_block,5.3284,1.1852,,v3,train,0,0.15,original
train,/root/leo_ws/src/leo_pybullet/worlds/benchmark_v2/train/world_easy_seed_000171.yaml,171,easy,4,4,8,False,6.2112,-0.7494,4.321343,1.106538,2.835939,-0.328503,,,,,v2,train,0,0.40,original
train,/root/leo_ws/results/comparison_benchmarks/benchmark_v10_dense_001/train/world_easy_clear_seed_1100015.yaml,1100015,easy,14,4,18,False,6.1506,-2.377981,1.462221,-0.984423,1.454606,-3.087008,clear,5.9485,1.034,0,,,,,dense_v10
train,/root/leo_ws/src/leo_pybullet/worlds/benchmark_v2/train/world_hard_seed_000041.yaml,41,hard,11,4,15,True,5.8765,4.285626,3.497449,-1.360575,-0.995021,3.448787,,,,,v2,train,general_replay,0.40,original
train,/root/leo_ws/results/comparison_benchmarks/benchmark_v10_dense_001/train/world_hard_clear_seed_1100071.yaml,1100071,hard,19,4,23,False,4.9302,-1.108539,0.011318,-0.383516,3.309364,-1.204273,clear,4.5821,1.076,0,,,,,dense_v10
train,/root/leo_ws/results/comparison_benchmarks/benchmark_v10_dense_001/train/world_medium_double_block_seed_1100169.yaml,1100169,medium,16,4,20,True,7.6833,-3.903826,-2.28641,1.404873,-3.352007,3.556898,double_block,5.8693,1.3091,2,,,,,dense_v10
train,/root/leo_ws/results/comparison_benchmarks/benchmark_v10_dense_001/train/world_easy_double_block_seed_1100105.yaml,1100105,easy,14,4,18,True,5.5976,3.414242,3.167708,-1.886763,1.927762,-1.080726,double_block,4.501,1.2437,2,,,,,dense_v10
train,/root/leo_ws/src/leo_pybullet/worlds/benchmark_v4_hard/train/world_easy_clear_seed_300327.yaml,300327,easy,4,4,8,False,5.4547,-1.582746,-0.498711,0.418171,2.999248,1.638315,clear,5.0558,1.0789,0,v4,train,0,0.45,original
train,/root/leo_ws/results/comparison_benchmarks/benchmark_v10_dense_001/train/world_easy_clear_seed_1100147.yaml,1100147,easy,14,4,18,False,5.5986,-3.792474,-2.131269,0.538578,0.463581,1.152643,clear,5.3757,1.0415,0,,,,,dense_v10
train,/root/leo_ws/results/comparison_benchmarks/benchmark_v10_dense_001/train/world_easy_clear_seed_1100195.yaml,1100195,easy,14,4,18,False,6.3896,-3.168944,-3.433707,1.296753,-1.647366,2.355987,clear,5.9863,1.0674,0,,,,,dense_v10
train,/root/leo_ws/src/leo_pybullet/worlds/benchmark_v2/train/world_hard_seed_000122.yaml,122,hard,12,4,16,True,9.3837,3.235751,3.563017,-1.758003,-3.732437,-1.161008,,,,,v2,train,0,0.40,original
train,/root/leo_ws/results/comparison_benchmarks/benchmark_v10_dense_001/train/world_easy_direct_block_seed_1100006.yaml,1100006,easy,14,4,18,True,7.9233,-3.579293,2.250828,-0.896333,-0.009662,-2.938327,direct_block,6.2984,1.258,1,,,,,dense_v10
train,/root/leo_ws/results/comparison_benchmarks/benchmark_v10_dense_001/train/world_easy_double_block_seed_1100156.yaml,1100156,easy,16,4,20,True,7.1678,1.652838,3.552987,-1.808961,-0.51007,-2.272111,double_block,6.2137,1.1536,2,,,,,dense_v10
train,/root/leo_ws/src/leo_pybullet/worlds/benchmark_v4_hard/train/world_hard_clear_seed_300431.yaml,300431,hard,14,4,18,False,6.9359,1.665472,-3.722341,1.971314,-0.040645,2.532407,clear,6.4833,1.0698,0,v4,train,0,0.45,original
train,/root/leo_ws/src/leo_pybullet/worlds/benchmark_v2/train/world_hard_seed_000206.yaml,206,hard,8,4,12,True,7.9565,4.129003,-2.40051,-1.584888,-3.239905,-2.443097,,,,,v2,train,0,0.40,original
train,/root/leo_ws/src/leo_pybullet/worlds/benchmark_v4_hard/train/world_medium_double_block_seed_300088.yaml,300088,medium,9,4,13,True,5.8925,3.335837,-0.614888,2.022429,1.602172,3.644733,double_block,4.5989,1.2813,2,v4,train,0,0.45,original
train,/root/leo_ws/results/comparison_benchmarks/benchmark_v10_dense_001/train/world_easy_double_block_seed_1100108.yaml,1100108,easy,14,4,18,True,8.5392,-4.178156,2.59615,-0.868138,0.383943,-3.186804,double_block,7.3658,1.1593,2,,,,,dense_v10
train,/root/leo_ws/src/leo_pybullet/worlds/benchmark_v2/train/world_hard_seed_000230.yaml,230,hard,9,4,13,True,4.9027,3.821227,3.351985,1.670746,0.322116,1.387379,,,,,v2,train,0,0.40,original
train,/root/leo_ws/results/comparison_benchmarks/benchmark_v10_dense_001/train/world_easy_direct_block_seed_1100174.yaml,1100174,easy,15,4,19,True,6.9472,2.075335,-0.435964,2.685222,-3.881582,1.723858,direct_block,6.3364,1.0964,1,,,,,dense_v10
train,/root/leo_ws/results/comparison_benchmarks/benchmark_v10_dense_001/train/world_easy_double_block_seed_1100021.yaml,1100021,easy,15,4,19,True,6.8947,2.965067,-0.391734,-3.101344,-3.026245,-0.79263,double_block,6.0047,1.1482,2,,,,,dense_v10
train,/root/leo_ws/src/leo_pybullet/worlds/benchmark_v3_curriculum/train/world_easy_direct_block_seed_000069.yaml,69,easy,1,4,5,True,5.1565,-3.435383,-2.831224,0.378769,0.893553,-1.461694,direct_block,4.5404,1.1357,,v3,train,0,0.15,original
train,/root/leo_ws/src/leo_pybullet/worlds/benchmark_v4_hard/train/world_easy_double_block_seed_300336.yaml,300336,easy,5,4,9,True,8.7986,-1.800723,-1.407453,0.709038,3.848541,3.675092,double_block,7.5991,1.1578,2,v4,train,0,0.45,original
train,/root/leo_ws/src/leo_pybullet/worlds/benchmark_v4_hard/train/world_hard_clear_seed_300035.yaml,300035,hard,13,4,17,False,6.7792,4.095613,-0.200397,-2.614698,-1.413405,-3.247277,clear,6.2955,1.0768,0,v4,train,0,0.45,original
train,/root/leo_ws/src/leo_pybullet/worlds/benchmark_v4_hard/train/world_easy_double_block_seed_300060.yaml,300060,easy,4,4,8,True,7.6398,1.595191,-2.577262,2.274719,-2.967035,2.159114,double_block,6.5763,1.1617,2,v4,train,0,0.45,original
train,/root/leo_ws/results/comparison_benchmarks/benchmark_v10_dense_001/train/world_medium_clear_seed_1100235.yaml,1100235,medium,18,4,22,False,5.6663,-2.708066,3.559092,-1.646657,-2.866586,-2.040803,clear,5.6021,1.0114,0,,,,,dense_v10
train,/root/leo_ws/results/comparison_benchmarks/benchmark_v10_dense_001/train/world_medium_double_block_seed_1100196.yaml,1100196,medium,16,4,20,True,7.8822,3.376629,-3.294185,1.611529,3.242079,3.549789,double_block,6.8453,1.1515,2,,,,,dense_v10
train,/root/leo_ws/src/leo_pybullet/worlds/benchmark_v4_hard/train/world_medium_double_block_seed_300409.yaml,300409,medium,6,4,10,True,8.7541,-2.855317,-1.134881,0.417964,3.650505,2.53426,double_block,7.4692,1.172,2,v4,train,0,0.45,original
train,/root/leo_ws/src/leo_pybullet/worlds/benchmark_v2/train/world_medium_seed_000208.yaml,208,medium,7,4,11,True,4.8559,-2.643234,0.629658,0.768749,0.550331,3.076166,,,,,v2,train,general_replay,0.40,original
train,/root/leo_ws/results/comparison_benchmarks/benchmark_v10_dense_001/train/world_easy_double_block_seed_1100072.yaml,1100072,easy,15,4,19,True,7.1072,3.414888,3.731567,-2.150071,-0.364625,-1.091171,double_block,6.1273,1.1599,2,,,,,dense_v10
train,/root/leo_ws/results/comparison_benchmarks/benchmark_v10_dense_001/train/world_easy_clear_seed_1100039.yaml,1100039,easy,16,4,20,False,5.0718,-1.885034,-2.920813,0.752111,1.457802,0.763271,clear,4.9746,1.0195,0,,,,,dense_v10
train,/root/leo_ws/results/comparison_benchmarks/benchmark_v10_dense_001/train/world_hard_direct_block_seed_1100074.yaml,1100074,hard,19,4,23,True,9.9849,-3.639031,-1.958796,0.824163,2.180805,4.188793,direct_block,8.4654,1.1795,1,,,,,dense_v10
train,/root/leo_ws/results/comparison_benchmarks/benchmark_v10_dense_001/train/world_hard_double_block_seed_1100164.yaml,1100164,hard,19,4,23,True,7.1347,2.451235,2.429532,-1.596052,2.665206,-3.165643,double_block,5.5993,1.2742,2,,,,,dense_v10
train,/root/leo_ws/src/leo_pybullet/worlds/benchmark_v2/train/world_medium_seed_000244.yaml,244,medium,8,4,12,True,7.7643,0.685723,-3.78037,2.077432,-3.471386,1.998505,,,,,v2,train,0,0.40,original
train,/root/leo_ws/results/comparison_benchmarks/benchmark_v10_dense_001/train/world_medium_direct_block_seed_1100094.yaml,1100094,medium,17,4,21,True,9.6592,0.727209,-3.955073,2.242848,-3.699919,0.571986,direct_block,6.332,1.5255,1,,,,,dense_v10
train,/root/leo_ws/results/comparison_benchmarks/benchmark_v10_dense_001/train/world_medium_double_block_seed_1100013.yaml,1100013,medium,18,4,22,True,5.8457,3.855244,1.47571,2.856687,-0.429182,2.9536,double_block,4.5322,1.2898,2,,,,,dense_v10
train,/root/leo_ws/src/leo_pybullet/worlds/benchmark_v4_hard/train/world_easy_double_block_seed_300288.yaml,300288,easy,5,4,9,True,9.1849,-4.010236,-2.412256,0.700082,2.268769,2.417856,double_block,7.9219,1.1594,2,v4,train,0,0.45,original
train,/root/leo_ws/src/leo_pybullet/worlds/benchmark_v4_hard/train/world_easy_direct_block_seed_300258.yaml,300258,easy,4,4,8,True,6.6239,-3.573493,-1.731173,1.25198,-2.426498,4.152867,direct_block,5.9948,1.1049,1,v4_focused,train,1,focused_failure,original
train,/root/leo_ws/results/comparison_benchmarks/benchmark_v10_dense_001/train/world_hard_double_block_seed_1100152.yaml,1100152,hard,19,4,23,True,6.1576,1.805729,-3.670433,2.405105,-1.768557,-0.500486,double_block,4.7775,1.2889,2,,,,,dense_v10
train,/root/leo_ws/results/comparison_benchmarks/benchmark_v10_dense_001/train/world_easy_double_block_seed_1100060.yaml,1100060,easy,16,4,20,True,5.6227,2.094575,3.362487,-3.045663,-2.415292,3.51028,double_block,4.5123,1.2461,2,,,,,dense_v10
train,/root/leo_ws/src/leo_pybullet/worlds/benchmark_v2/train/world_easy_seed_000177.yaml,177,easy,2,4,6,False,6.5884,0.71889,1.823409,2.069574,2.684366,-3.973162,,,,,v2,train,general_replay,0.40,original
train,/root/leo_ws/results/comparison_benchmarks/benchmark_v10_dense_001/train/world_hard_clear_seed_1100095.yaml,1100095,hard,20,4,24,False,6.001,4.047525,3.688178,-2.843751,-0.969828,1.385089,clear,5.5207,1.087,0,,,,,dense_v10
train,/root/leo_ws/src/leo_pybullet/worlds/benchmark_v3_curriculum/train/world_hard_direct_block_seed_000224.yaml,224,hard,4,4,8,True,5.5096,2.923677,-0.299707,1.217419,4.179384,4.009228,direct_block,4.4882,1.2276,,v3,train,general_replay,0.15,original
train,/root/leo_ws/src/leo_pybullet/worlds/benchmark_v2/train/world_easy_seed_000198.yaml,198,easy,2,4,6,True,5.2422,-0.169828,1.484774,0.190295,4.243085,-0.377086,,,,,v2,train,general_replay,0.40,original
train,/root/leo_ws/results/comparison_benchmarks/benchmark_v10_dense_001/train/world_hard_direct_block_seed_1100206.yaml,1100206,hard,20,4,24,True,9.769,-3.809465,-2.149964,0.637365,1.766421,2.436676,direct_block,7.22,1.3531,1,,,,,dense_v10
train,/root/leo_ws/src/leo_pybullet/worlds/benchmark_v2/train/world_medium_seed_000118.yaml,118,medium,6,4,10,True,6.8422,1.762792,-1.792831,-2.976257,-4.193487,-1.461864,,,,,v2,train,0,0.40,original
train,/root/leo_ws/src/leo_pybullet/worlds/benchmark_v4_hard/train/world_hard_double_block_seed_300284.yaml,300284,hard,12,4,16,True,7.1541,-1.91737,-2.043467,1.835561,-3.195499,3.462046,double_block,5.6519,1.2658,2,v4,train,0,0.45,original
train,/root/leo_ws/src/leo_pybullet/worlds/benchmark_v3_curriculum/train/world_easy_direct_block_seed_000045.yaml,45,easy,2,4,6,True,8.2467,-0.133825,-3.273875,1.265912,2.615114,3.878856,direct_block,7.6628,1.0762,,v3,train,general_replay,0.15,original
train,/root/leo_ws/results/comparison_benchmarks/benchmark_v10_dense_001/train/world_hard_direct_block_seed_1100110.yaml,1100110,hard,18,4,22,True,6.1027,1.488796,3.102983,-1.999496,-0.059302,-1.300151,direct_block,4.6674,1.3075,1,,,,,dense_v10
train,/root/leo_ws/results/comparison_benchmarks/benchmark_v10_dense_001/train/world_medium_clear_seed_1100127.yaml,1100127,medium,16,4,20,False,6.3153,-3.160405,-2.925925,0.324014,2.347787,-1.03493,clear,5.8237,1.0844,0,,,,,dense_v10
train,/root/leo_ws/results/comparison_benchmarks/benchmark_v10_dense_001/train/world_medium_double_block_seed_1100136.yaml,1100136,medium,18,4,22,True,6.5245,1.918055,-0.206882,2.684886,-3.17517,1.83105,double_block,5.4858,1.1893,2,,,,,dense_v10
train,/root/leo_ws/src/leo_pybullet/worlds/benchmark_v4_hard/train/world_hard_double_block_seed_300125.yaml,300125,hard,14,4,18,True,7.3472,-3.584071,1.380925,-0.931927,0.032517,-3.002445,double_block,5.6827,1.2929,2,v4,train,0,0.45,original
train,/root/leo_ws/results/comparison_benchmarks/benchmark_v10_dense_001/train/world_medium_double_block_seed_1100061.yaml,1100061,medium,16,4,20,True,6.8341,-1.430453,2.857172,-0.366111,3.590892,0.816163,double_block,5.4203,1.2608,2,,,,,dense_v10
train,/root/leo_ws/src/leo_pybullet/worlds/benchmark_v4_hard/train/world_medium_clear_seed_300343.yaml,300343,medium,6,4,10,False,6.1382,3.864173,1.98567,-1.721617,3.178954,-3.902482,clear,5.9279,1.0355,0,v4,train,0,0.45,original
train,/root/leo_ws/results/comparison_benchmarks/benchmark_v10_dense_001/train/world_easy_direct_block_seed_1100102.yaml,1100102,easy,14,4,18,True,9.4306,2.525921,-1.902205,2.446973,-4.010749,3.23079,direct_block,8.3112,1.1347,1,,,,,dense_v10
train,/root/leo_ws/results/comparison_benchmarks/benchmark_v10_dense_001/train/world_hard_direct_block_seed_1100170.yaml,1100170,hard,20,4,24,True,8.9988,0.107905,0.139951,2.663696,-4.194527,1.711129,direct_block,4.5803,1.9647,1,,,,,dense_v10
train,/root/leo_ws/src/leo_pybullet/worlds/benchmark_v4_hard/train/world_medium_double_block_seed_300028.yaml,300028,medium,7,4,11,True,8.9643,-1.410634,2.478793,-0.816045,3.495932,-3.773114,double_block,7.9474,1.128,2,v4,train,0,0.45,original
train,/root/leo_ws/results/comparison_benchmarks/benchmark_v10_dense_001/train/world_easy_double_block_seed_1100144.yaml,1100144,easy,16,4,20,True,7.4216,-2.376245,-2.663733,-0.143222,4.205019,-2.831818,double_block,6.5834,1.1273,2,,,,,dense_v10
train,/root/leo_ws/src/leo_pybullet/worlds/benchmark_v2/train/world_hard_seed_000227.yaml,227,hard,11,4,15,True,4.8639,3.972772,-1.135145,-0.532796,-0.470946,-2.245637,,,,,v2,train,0,0.40,original
train,/root/leo_ws/results/comparison_benchmarks/benchmark_v10_dense_001/train/world_medium_double_block_seed_1100028.yaml,1100028,medium,16,4,20,True,8.4478,3.9503,0.998712,-2.461368,-0.208832,-3.341932,double_block,6.0116,1.4053,2,,,,,dense_v10
train,/root/leo_ws/results/comparison_benchmarks/benchmark_v10_dense_001/train/world_hard_double_block_seed_1100104.yaml,1100104,hard,19,4,23,True,9.8627,3.09686,2.510417,-1.745644,2.214237,-3.080257,double_block,5.6599,1.7426,2,,,,,dense_v10
train,/root/leo_ws/src/leo_pybullet/worlds/benchmark_v3_curriculum/train/world_easy_clear_seed_000027.yaml,27,easy,2,4,6,False,5.6706,2.756188,-1.418933,2.268896,-1.084815,2.676359,clear,5.6147,1.01,,v3,train,general_replay,0.15,original
train,/root/leo_ws/src/leo_pybullet/worlds/benchmark_v4_hard/train/world_hard_double_block_seed_300281.yaml,300281,hard,11,4,15,True,8.0147,-3.310866,3.680121,-0.15299,3.416839,2.884656,double_block,6.7746,1.1831,2,v4,train,0,0.45,original
train,/root/leo_ws/results/comparison_benchmarks/benchmark_v10_dense_001/train/world_medium_clear_seed_1100019.yaml,1100019,medium,16,4,20,False,5.5976,-4.082527,-2.958104,1.317701,-3.172733,2.272835,clear,5.3095,1.0543,0,,,,,dense_v10
train,/root/leo_ws/results/comparison_benchmarks/benchmark_v10_dense_001/train/world_hard_direct_block_seed_1100062.yaml,1100062,hard,19,4,23,True,6.729,1.250507,-0.657178,2.467387,-3.315011,2.514646,direct_block,5.5592,1.2104,1,,,,,dense_v10
train,/root/leo_ws/src/leo_pybullet/worlds/benchmark_v4_hard/train/world_medium_double_block_seed_300112.yaml,300112,medium,7,4,11,True,7.0822,4.100033,-1.235248,2.239057,0.222128,3.000519,double_block,5.7428,1.2332,2,v4_focused,train,2,focused_failure,original
train,/root/leo_ws/results/comparison_benchmarks/benchmark_v10_dense_001/train/world_hard_clear_seed_1100011.yaml,1100011,hard,20,4,24,False,5.4594,3.142622,2.372891,-1.544878,3.415335,-2.969679,clear,5.3495,1.0205,0,,,,,dense_v10
train,/root/leo_ws/results/comparison_benchmarks/benchmark_v10_dense_001/train/world_medium_direct_block_seed_1100214.yaml,1100214,medium,17,4,21,True,6.2959,2.487642,-3.356281,2.115407,-0.147617,1.326692,direct_block,5.3735,1.1716,1,,,,,dense_v10
train,/root/leo_ws/results/comparison_benchmarks/benchmark_v10_dense_001/train/world_hard_clear_seed_1100083.yaml,1100083,hard,18,4,22,False,5.0022,1.849713,0.305243,-2.096371,0.070913,-3.939733,clear,4.6026,1.0868,0,,,,,dense_v10
train,/root/leo_ws/src/leo_pybullet/worlds/benchmark_v2/train/world_easy_seed_000198.yaml,198,easy,2,4,6,True,5.2422,-0.169828,1.484774,0.190295,4.243085,-0.377086,,,,,v2,train,0,0.40,original
train,/root/leo_ws/src/leo_pybullet/worlds/benchmark_v4_hard/train/world_hard_direct_block_seed_300194.yaml,300194,hard,11,4,15,True,7.1678,-2.618032,3.69064,-1.00545,1.01696,-1.120092,direct_block,6.0296,1.1888,1,v4_focused,train,3,focused_failure,original
train,/root/leo_ws/results/comparison_benchmarks/benchmark_v10_dense_001/train/world_easy_double_block_seed_1100180.yaml,1100180,easy,15,4,19,True,6.329,-0.053874,3.327933,-0.803053,3.676056,-0.370908,double_block,5.253,1.2048,2,,,,,dense_v10
train,/root/leo_ws/results/comparison_benchmarks/benchmark_v10_dense_001/train/world_easy_direct_block_seed_1100114.yaml,1100114,easy,14,4,18,True,6.3153,2.23904,-3.056778,-3.122578,-2.726752,-2.518739,direct_block,4.9949,1.2644,1,,,,,dense_v10
train,/root/leo_ws/results/comparison_benchmarks/benchmark_v10_dense_001/train/world_hard_double_block_seed_1100029.yaml,1100029,hard,18,4,22,True,9.3667,3.387261,-3.643219,2.384152,-1.096508,1.371415,double_block,6.7269,1.3924,2,,,,,dense_v10
train,/root/leo_ws/results/comparison_benchmarks/benchmark_v10_dense_001/train/world_medium_double_block_seed_1100220.yaml,1100220,medium,18,4,22,True,10.57,-3.092848,1.175912,0.454853,3.623736,3.710573,double_block,7.1789,1.4724,2,,,,,dense_v10
train,/root/leo_ws/results/comparison_benchmarks/benchmark_v10_dense_001/train/world_hard_double_block_seed_1100077.yaml,1100077,hard,19,4,23,True,10.33,-3.744932,3.11405,-0.575621,3.240352,-0.443679,double_block,7.8391,1.3178,2,,,,,dense_v10
train,/root/leo_ws/results/comparison_benchmarks/benchmark_v10_dense_001/train/world_medium_double_block_seed_1100181.yaml,1100181,medium,18,4,22,True,7.6753,3.609913,3.575641,-2.160243,-0.112164,-1.501132,double_block,6.295,1.2193,2,,,,,dense_v10
train,/root/leo_ws/src/leo_pybullet/worlds/benchmark_v3_curriculum/train/world_medium_clear_seed_000055.yaml,55,medium,2,4,6,False,6.2731,-3.572859,-2.687961,1.632427,-3.497671,3.535847,clear,6.2243,1.0079,,v3,train,general_replay,0.15,original
train,/root/leo_ws/src/leo_pybullet/worlds/benchmark_v3_curriculum/train/world_medium_direct_block_seed_000292.yaml,292,medium,2,4,6,True,6.2353,3.536956,0.674281,2.77997,-1.499795,3.022831,direct_block,5.5574,1.122,,v3,train,0,0.15,original
train,/root/leo_ws/results/comparison_benchmarks/benchmark_v10_dense_001/train/world_medium_double_block_seed_1100016.yaml,1100016,medium,17,4,21,True,8.6718,3.05858,-4.20271,2.495343,-3.270102,0.080126,double_block,7.6417,1.1348,2,,,,,dense_v10
train,/root/leo_ws/results/comparison_benchmarks/benchmark_v10_dense_001/train/world_easy_clear_seed_1100003.yaml,1100003,easy,16,4,20,False,5.0433,-0.965417,-0.322385,1.942012,-2.395267,4.108241,clear,4.6556,1.0833,0,,,,,dense_v10
train,/root/leo_ws/results/comparison_benchmarks/benchmark_v10_dense_001/train/world_easy_direct_block_seed_1100222.yaml,1100222,easy,14,4,18,True,5.4651,1.46356,-2.760223,1.355085,2.566056,1.768337,direct_block,4.6608,1.1726,1,,,,,dense_v10
train,/root/leo_ws/src/leo_pybullet/worlds/benchmark_v4_hard/train/world_hard_direct_block_seed_300098.yaml,300098,hard,13,4,17,True,6.4971,-2.45126,-2.139854,0.103157,2.75574,-1.72121,direct_block,5.2238,1.2437,1,v4_focused,train,0,focused_failure,original
train,/root/leo_ws/results/comparison_benchmarks/benchmark_v10_dense_001/train/world_medium_clear_seed_1100103.yaml,1100103,medium,16,4,20,False,5.7633,-2.792246,0.104745,0.332079,2.461889,1.443894,clear,5.4221,1.0629,0,,,,,dense_v10
train,/root/leo_ws/results/comparison_benchmarks/benchmark_v10_dense_001/train/world_easy_clear_seed_1100027.yaml,1100027,easy,14,4,18,False,7.2923,-3.796529,2.273939,-0.446252,2.23742,-0.820459,clear,6.7811,1.0754,0,,,,,dense_v10
train,/root/leo_ws/results/comparison_benchmarks/benchmark_v10_dense_001/train/world_hard_double_block_seed_1100149.yaml,1100149,hard,19,4,23,True,7.2478,0.905518,-0.616723,-2.363462,-3.147833,-3.816456,double_block,5.1641,1.4035,2,,,,,dense_v10
train,/root/leo_ws/results/comparison_benchmarks/benchmark_v10_dense_001/train/world_easy_double_block_seed_1100057.yaml,1100057,easy,14,4,18,True,7.1153,2.146251,2.941596,-2.870478,-4.153346,1.253502,double_block,6.5219,1.091,2,,,,,dense_v10
train,/root/leo_ws/src/leo_pybullet/worlds/benchmark_v2/train/world_easy_seed_000207.yaml,207,easy,4,4,8,True,8.4971,0.929381,3.856156,2.84212,2.106419,-4.138942,,,,,v2,train,0,0.40,original
train,/root/leo_ws/src/leo_pybullet/worlds/benchmark_v4_hard/train/world_hard_double_block_seed_300344.yaml,300344,hard,13,4,17,True,8.8833,3.755199,-0.989608,-2.725941,-3.059585,-3.894395,double_block,7.408,1.1991,2,v4_focused,train,0,focused_failure,original
train,/root/leo_ws/src/leo_pybullet/worlds/benchmark_v3_curriculum/train/world_medium_direct_block_seed_000064.yaml,64,medium,3,4,7,True,4.5027,-3.188767,0.96041,0.125958,0.307339,1.588308,direct_block,3.552,1.2676,,v3,train,general_replay,0.15,original
train,/root/leo_ws/results/comparison_benchmarks/benchmark_v10_dense_001/train/world_hard_double_block_seed_1100233.yaml,1100233,hard,19,4,23,True,10.8204,-3.943573,1.465646,-0.146009,3.828818,-0.358061,double_block,7.9835,1.3553,2,,,,,dense_v10
train,/root/leo_ws/src/leo_pybullet/worlds/benchmark_v3_curriculum/train/world_easy_direct_block_seed_000096.yaml,96,easy,2,4,6,True,8.018,-1.575366,1.473718,-0.786032,3.606237,-3.43398,direct_block,7.1368,1.1235,,v3,train,general_replay,0.15,original
train,/root/leo_ws/src/leo_pybullet/worlds/benchmark_v2/train/world_medium_seed_000250.yaml,250,medium,8,4,12,True,5.529,-2.983063,1.491554,2.72721,1.767834,0.515493,,,,,v2,train,0,0.40,original
train,/root/leo_ws/results/comparison_benchmarks/benchmark_v10_dense_001/train/world_easy_direct_block_seed_1100198.yaml,1100198,easy,14,4,18,True,6.2216,2.25907,-0.96433,-2.556227,-2.127203,-4.063217,direct_block,5.3705,1.1585,1,,,,,dense_v10
train,/root/leo_ws/src/leo_pybullet/worlds/benchmark_v3_curriculum/train/world_medium_direct_block_seed_000034.yaml,34,medium,4,4,8,True,6.7541,-1.350362,0.714414,-0.81844,2.741546,-3.429804,direct_block,5.8239,1.1597,,v3,train,general_replay,0.15,original
train,/root/leo_ws/src/leo_pybullet/worlds/benchmark_v4_hard/train/world_hard_double_block_seed_300065.yaml,300065,hard,14,4,18,True,8.3096,-3.589928,-2.524051,0.652105,1.813146,1.323968,double_block,6.6333,1.2527,2,v4_focused,train,2,focused_failure,original
train,/root/leo_ws/results/comparison_benchmarks/benchmark_v10_dense_001/train/world_medium_direct_block_seed_1100154.yaml,1100154,medium,18,4,22,True,6.2433,3.717375,0.689634,-2.556229,-0.302541,-2.35592,direct_block,5.0433,1.2379,1,,,,,dense_v10
train,/root/leo_ws/results/comparison_benchmarks/benchmark_v10_dense_001/train/world_hard_direct_block_seed_1100038.yaml,1100038,hard,18,4,22,True,6.5553,-0.921913,-2.239105,1.624296,-0.908176,3.388156,direct_block,5.6273,1.1649,1,,,,,dense_v10
train,/root/leo_ws/results/comparison_benchmarks/benchmark_v10_dense_001/train/world_hard_double_block_seed_1100188.yaml,1100188,hard,18,4,22,True,8.7153,3.085142,1.309839,-2.555331,-2.642344,-2.771175,double_block,7.0327,1.2393,2,,,,,dense_v10
train,/root/leo_ws/src/leo_pybullet/worlds/benchmark_v2/train/world_medium_seed_000115.yaml,115,medium,7,4,11,True,9.4088,-3.363606,-3.373506,3.087839,2.212445,3.114626,,,,,v2,train,0,0.40,original
train,/root/leo_ws/results/comparison_benchmarks/benchmark_v10_dense_001/train/world_hard_direct_block_seed_1100218.yaml,1100218,hard,18,4,22,True,5.4627,0.31056,3.330181,-1.845313,-0.964874,-1.163157,direct_block,4.6708,1.1695,1,,,,,dense_v10
train,/root/leo_ws/results/comparison_benchmarks/benchmark_v10_dense_001/train/world_easy_clear_seed_1100099.yaml,1100099,easy,14,4,18,False,8.152,3.873851,-4.135306,-3.074794,-4.025202,-3.583964,clear,7.9183,1.0295,0,,,,,dense_v10
train,/root/leo_ws/src/leo_pybullet/worlds/benchmark_v2/train/world_easy_seed_000042.yaml,42,easy,4,4,8,True,5.8102,2.101489,-2.219441,1.51216,-3.13602,-3.458292,,,,,v2,train,0,0.40,original
train,/root/leo_ws/src/leo_pybullet/worlds/benchmark_v2/train/world_medium_seed_000058.yaml,58,medium,6,4,10,True,7.5049,1.235133,3.884423,-0.920829,-3.991504,-0.440223,,,,,v2,train,general_replay,0.40,original
train,/root/leo_ws/results/comparison_benchmarks/benchmark_v10_dense_001/train/world_medium_direct_block_seed_1100118.yaml,1100118,medium,17,4,21,True,9.6706,-2.850391,-3.787187,0.870166,3.243316,2.056206,direct_block,8.4427,1.1454,1,,,,,dense_v10
train,/root/leo_ws/src/leo_pybullet/worlds/benchmark_v2/train/world_hard_seed_000053.yaml,53,hard,12,4,16,False,5.2398,-1.21186,-0.394614,2.584388,-4.078423,3.733042,,,,,v2,train,general_replay,0.40,original
train,/root/leo_ws/src/leo_pybullet/worlds/benchmark_v4_hard/train/world_hard_clear_seed_300275.yaml,300275,hard,14,4,18,False,6.4639,2.000643,-2.694157,2.884035,-3.951689,-1.531014,clear,6.0649,1.0658,0,v4,train,0,0.45,original
train,/root/leo_ws/src/leo_pybullet/worlds/benchmark_v3_curriculum/train/world_medium_clear_seed_000139.yaml,139,medium,2,4,6,False,3.8547,3.905257,0.987637,2.56801,0.916309,3.198888,clear,3.718,1.0368,,v3,train,0,0.15,original
train,/root/leo_ws/results/comparison_benchmarks/benchmark_v10_dense_001/train/world_hard_clear_seed_1100143.yaml,1100143,hard,20,4,24,False,5.2422,-0.88464,-1.026438,0.361984,3.541111,0.817703,clear,4.7946,1.0933,0,,,,,dense_v10
train,/root/leo_ws/results/comparison_benchmarks/benchmark_v10_dense_001/train/world_medium_direct_block_seed_1100142.yaml,1100142,medium,18,4,22,True,6.4833,-3.93077,4.025387,-0.576072,0.372224,1.050625,direct_block,5.2312,1.2394,1,,,,,dense_v10
train,/root/leo_ws/results/comparison_benchmarks/benchmark_v10_dense_001/train/world_easy_double_block_seed_1100129.yaml,1100129,easy,14,4,18,True,9.0855,1.04151,3.093264,-2.374979,-3.785197,-2.968314,double_block,7.7485,1.1725,2,,,,,dense_v10
train,/root/leo_ws/src/leo_pybullet/worlds/benchmark_v4_hard/train/world_medium_direct_block_seed_300094.yaml,300094,medium,9,4,13,True,7.9186,-3.258769,2.682181,0.129422,3.268026,3.921574,direct_block,6.6434,1.1919,1,v4,train,0,0.45,original
train,/root/leo_ws/src/leo_pybullet/worlds/benchmark_v2/train/world_easy_seed_000192.yaml,192,easy,3,4,7,True,6.3929,-3.592317,-1.678925,-1.40002,-0.655509,3.532129,,,,,v2,train,0,0.40,original
train,/root/leo_ws/src/leo_pybullet/worlds/benchmark_v4_hard/train/world_hard_double_block_seed_300416.yaml,300416,hard,11,4,15,True,6.0365,1.219382,-3.248094,-3.11144,-3.253832,-3.749835,double_block,4.5013,1.3411,2,v4_focused,train,2,focused_failure,original
train,/root/leo_ws/src/leo_pybullet/worlds/benchmark_v4_hard/train/world_medium_direct_block_seed_300214.yaml,300214,medium,8,4,12,True,7.8467,-3.986708,3.670974,-0.615472,1.790169,-0.021644,direct_block,6.8562,1.1445,1,v4,train,0,0.45,original
train,/root/leo_ws/results/comparison_benchmarks/benchmark_v10_dense_001/train/world_hard_double_block_seed_1100140.yaml,1100140,hard,20,4,24,True,10.0261,3.637782,2.788859,-2.307243,-1.250844,-3.449703,double_block,7.9258,1.265,2,,,,,dense_v10
train,/root/leo_ws/results/comparison_benchmarks/benchmark_v10_dense_001/train/world_easy_direct_block_seed_1100210.yaml,1100210,easy,16,4,20,True,7.9598,-2.797312,-3.003891,0.865798,1.424341,2.13657,direct_block,6.6518,1.1966,1,,,,,dense_v10
train,/root/leo_ws/src/leo_pybullet/worlds/benchmark_v2/train/world_medium_seed_000166.yaml,166,medium,6,4,10,True,6.4067,-0.80859,-4.243942,0.426589,3.011414,-0.110216,,,,,v2,train,general_replay,0.40,original
train,/root/leo_ws/src/leo_pybullet/worlds/benchmark_v3_curriculum/train/world_medium_direct_block_seed_000004.yaml,4,medium,2,4,6,True,6.2845,-1.671962,1.880344,-1.383261,-0.179534,-3.484148,direct_block,5.5682,1.1286,,v3,train,0,0.15,original
train,/root/leo_ws/src/leo_pybullet/worlds/benchmark_v3_curriculum/train/world_easy_clear_seed_000099.yaml,99,easy,2,4,6,False,4.4502,-1.013603,0.845232,-1.955197,-2.292767,-3.117423,clear,4.164,1.0687,,v3,train,general_replay,0.15,original
train,/root/leo_ws/src/leo_pybullet/worlds/benchmark_v4_hard/train/world_easy_direct_block_seed_300198.yaml,300198,easy,3,4,7,True,7.5953,-3.135846,3.3247,-0.054791,3.645335,2.873349,direct_block,6.7962,1.1176,1,v4_focused,train,5,focused_failure,original
train,/root/leo_ws/src/leo_pybullet/worlds/benchmark_v2/train/world_easy_seed_000249.yaml,249,easy,3,4,7,False,4.1278,0.905484,4.239679,0.817766,3.146725,0.985672,,,,,v2,train,0,0.40,original
train,/root/leo_ws/src/leo_pybullet/worlds/benchmark_v4_hard/train/world_hard_clear_seed_300155.yaml,300155,hard,13,4,17,False,7.3463,3.943936,2.749142,-3.029843,-3.282096,2.913237,clear,7.2279,1.0164,0,v4,train,0,0.45,original
train,/root/leo_ws/src/leo_pybullet/worlds/benchmark_v2/train/world_medium_seed_000193.yaml,193,medium,8,4,12,False,4.649,2.292012,4.103263,-1.720006,0.506214,0.226483,,,,,v2,train,0,0.40,original
train,/root/leo_ws/src/leo_pybullet/worlds/benchmark_v4_hard/train/world_easy_double_block_seed_300393.yaml,300393,easy,4,4,8,True,9.1735,3.808378,4.100573,-1.831722,0.907181,-3.746456,double_block,8.3662,1.0965,2,v4,train,0,0.45,original
train,/root/leo_ws/src/leo_pybullet/worlds/benchmark_v4_hard/train/world_hard_double_block_seed_300368.yaml,300368,hard,12,4,16,True,7.0902,0.032128,-1.091548,2.076738,-3.155834,3.558569,double_block,5.638,1.2576,2,v4,train,0,0.45,original
train,/root/leo_ws/src/leo_pybullet/worlds/benchmark_v2/train/world_medium_seed_000241.yaml,241,medium,5,4,9,True,4.3976,1.753828,1.834346,0.285573,-2.295833,1.300825,,,,,v2,train,0,0.40,original
train,/root/leo_ws/src/leo_pybullet/worlds/benchmark_v2/train/world_hard_seed_000017.yaml,17,hard,12,4,16,True,3.8102,-1.710216,-1.169076,0.252492,-2.830212,1.78474,,,,,v2,train,general_replay,0.40,original
train,/root/leo_ws/src/leo_pybullet/worlds/benchmark_v2/train/world_easy_seed_000012.yaml,12,easy,3,4,7,False,6.2102,0.253438,-1.306867,-0.109712,-1.029723,4.320613,,,,,v2,train,0,0.40,original
train,/root/leo_ws/src/leo_pybullet/worlds/benchmark_v2/train/world_medium_seed_000046.yaml,46,medium,5,4,9,True,5.129,0.770996,3.130144,0.526094,-2.361709,0.13674,,,,,v2,train,general_replay,0.40,original
train,/root/leo_ws/src/leo_pybullet/worlds/benchmark_v4_hard/train/world_hard_clear_seed_300323.yaml,300323,hard,10,4,14,False,5.9484,-3.674447,-0.457691,-0.489472,1.452648,-2.445614,clear,5.499,1.0817,0,v4,train,0,0.45,original
train,/root/leo_ws/results/comparison_benchmarks/benchmark_v10_dense_001/train/world_medium_clear_seed_1100031.yaml,1100031,medium,17,4,21,False,4.712,-1.51758,-0.675815,0.148859,2.978099,-0.095598,clear,4.533,1.0395,0,,,,,dense_v10
train,/root/leo_ws/results/comparison_benchmarks/benchmark_v10_dense_001/train/world_easy_double_block_seed_1100201.yaml,1100201,easy,14,4,18,True,6.249,-1.274543,-2.477454,1.604504,-1.528023,2.448778,double_block,4.9327,1.2668,2,,,,,dense_v10
train,/root/leo_ws/results/comparison_benchmarks/benchmark_v10_dense_001/train/world_hard_double_block_seed_1100200.yaml,1100200,hard,19,4,23,True,8.7929,-1.284216,3.181752,-1.156333,2.418276,-3.41055,double_block,7.5609,1.163,2,,,,,dense_v10
train,/root/leo_ws/results/comparison_benchmarks/benchmark_v10_dense_001/train/world_hard_double_block_seed_1100008.yaml,1100008,hard,18,4,22,True,17.539,2.053034,3.859543,-2.348224,-1.360015,0.414372,double_block,4.8495,3.6166,2,,,,,dense_v10
train,/root/leo_ws/results/comparison_benchmarks/benchmark_v10_dense_001/train/world_hard_double_block_seed_1100101.yaml,1100101,hard,20,4,24,True,8.9335,0.155425,-2.279998,0.664904,4.229864,1.752945,double_block,5.7329,1.5583,2,,,,,dense_v10
train,/root/leo_ws/src/leo_pybullet/worlds/benchmark_v4_hard/train/world_hard_clear_seed_300107.yaml,300107,hard,12,4,16,False,5.2114,-3.966674,2.43023,-1.442479,-3.125256,-2.45888,clear,4.961,1.0505,0,v4_focused,train,1,focused_failure,original
train,/root/leo_ws/src/leo_pybullet/worlds/benchmark_v2/train/world_easy_seed_000270.yaml,270,easy,2,4,6,False,3.769,1.247615,-3.131133,-1.304682,3.008514,-0.143246,,,,,v2,train,general_replay,0.40,original
train,/root/leo_ws/results/comparison_benchmarks/benchmark_v10_dense_001/train/world_hard_double_block_seed_1100176.yaml,1100176,hard,18,4,22,True,7.4467,2.731229,-0.294232,-2.678559,-1.522647,-2.455125,double_block,4.7713,1.5607,2,,,,,dense_v10
train,/root/leo_ws/src/leo_pybullet/worlds/benchmark_v4_hard/train/world_medium_double_block_seed_300337.yaml,300337,medium,8,4,12,True,8.7622,1.921472,3.291919,-1.249973,3.938429,-4.223527,double_block,7.7814,1.126,2,v4_focused,train,1,focused_failure,original
train,/root/leo_ws/results/comparison_benchmarks/benchmark_v10_dense_001/train/world_easy_direct_block_seed_1100078.yaml,1100078,easy,16,4,20,True,8.4341,-2.372584,-2.643713,0.690002,2.514659,2.302061,direct_block,6.9531,1.213,1,,,,,dense_v10
train,/root/leo_ws/results/comparison_benchmarks/benchmark_v10_dense_001/train/world_easy_clear_seed_1100111.yaml,1100111,easy,15,4,19,False,8.1974,-2.78719,2.810534,-0.414244,3.898869,-0.882306,clear,7.6381,1.0732,0,,,,,dense_v10
train,/root/leo_ws/results/comparison_benchmarks/benchmark_v10_dense_001/train/world_hard_double_block_seed_1100224.yaml,1100224,hard,18,4,22,True,10.8341,2.000528,3.442566,-1.441969,2.371083,-2.871972,double_block,6.3254,1.7128,2,,,,,dense_v10
train,/root/leo_ws/src/leo_pybullet/worlds/benchmark_v2/train/world_medium_seed_000280.yaml,280,medium,7,4,11,True,4.2182,2.16386,-3.632354,-1.033826,3.612136,-0.417923,,,,,v2,train,0,0.40,original
train,/root/leo_ws/src/leo_pybullet/worlds/benchmark_v2/train/world_easy_seed_000174.yaml,174,easy,2,4,6,False,6.3508,1.718609,1.438591,-2.411015,-4.206655,2.428574,,,,,v2,train,0,0.40,original
train,/root/leo_ws/results/comparison_benchmarks/benchmark_v10_dense_001/train/world_hard_clear_seed_1100119.yaml,1100119,hard,20,4,24,False,5.2445,1.330243,3.368265,-1.499156,2.163496,-1.475158,clear,4.9146,1.0671,0,,,,,dense_v10
train,/root/leo_ws/results/comparison_benchmarks/benchmark_v10_dense_001/train/world_hard_clear_seed_1100035.yaml,1100035,hard,20,4,24,False,5.2365,-1.895433,-0.044914,0.358894,2.725191,1.387545,clear,4.8376,1.0825,0,,,,,dense_v10
train,/root/leo_ws/src/leo_pybullet/worlds/benchmark_v2/train/world_easy_seed_000063.yaml,63,easy,3,4,7,False,7.85,3.843513,-3.236648,-2.951956,-2.307015,0.862308,,,,,v2,train,general_replay,0.40,original
train,/root/leo_ws/results/comparison_benchmarks/benchmark_v10_dense_001/train/world_medium_double_block_seed_1100160.yaml,1100160,medium,17,4,21,True,9.2535,-2.781623,-0.850584,0.025206,3.290908,-1.53031,double_block,6.1105,1.5144,2,,,,,dense_v10
train,/root/leo_ws/results/comparison_benchmarks/benchmark_v10_dense_001/train/world_hard_clear_seed_1100107.yaml,1100107,hard,20,4,24,False,5.3771,-4.128466,-0.86704,0.147023,0.76823,0.359077,clear,5.0479,1.0652,0,,,,,dense_v10
train,/root/leo_ws/results/comparison_benchmarks/benchmark_v10_dense_001/train/world_medium_direct_block_seed_1100046.yaml,1100046,medium,16,4,20,True,7.1565,-1.17549,3.779429,-1.298738,0.542703,-2.356508,direct_block,6.372,1.1231,1,,,,,dense_v10
train,/root/leo_ws/src/leo_pybullet/worlds/benchmark_v2/train/world_hard_seed_000065.yaml,65,hard,11,4,15,True,7.4718,3.713267,2.835236,2.42163,-0.552732,-2.387773,,,,,v2,train,general_replay,0.40,original
train,/root/leo_ws/src/leo_pybullet/worlds/benchmark_v4_hard/train/world_hard_direct_block_seed_300218.yaml,300218,hard,11,4,15,True,6.4639,-2.628526,3.928482,-0.582664,1.554273,0.966147,direct_block,5.1255,1.2611,1,v4_focused,train,0,focused_failure,original
train,/root/leo_ws/src/leo_pybullet/worlds/benchmark_v2/train/world_hard_seed_000206.yaml,206,hard,8,4,12,True,7.9565,4.129003,-2.40051,-1.584888,-3.239905,-2.443097,,,,,v2,train,0,0.40,original
train,/root/leo_ws/results/comparison_benchmarks/benchmark_v10_dense_001/train/world_medium_double_block_seed_1100208.yaml,1100208,medium,17,4,21,True,7.281,-0.813581,-4.013914,1.60381,-1.522634,1.6719,double_block,5.7299,1.2707,2,,,,,dense_v10
train,/root/leo_ws/results/comparison_benchmarks/benchmark_v10_dense_001/train/world_hard_double_block_seed_1100197.yaml,1100197,hard,19,4,23,True,6.5714,1.458632,-1.15422,2.911316,-3.386979,0.67187,double_block,5.1783,1.269,2,,,,,dense_v10
train,/root/leo_ws/results/comparison_benchmarks/benchmark_v10_dense_001/train/world_hard_direct_block_seed_1100002.yaml,1100002,hard,18,4,22,True,10.402,-2.14741,-2.309576,1.770733,-2.833383,4.018682,direct_block,6.3653,1.6342,1,,,,,dense_v10
train,/root/leo_ws/src/leo_pybullet/worlds/benchmark_v2/train/world_hard_seed_000263.yaml,263,hard,11,4,15,True,5.4239,2.870208,-1.06747,2.371949,-2.155065,-0.311294,,,,,v2,train,general_replay,0.40,original
train,/root/leo_ws/results/comparison_benchmarks/benchmark_v10_dense_001/train/world_hard_double_block_seed_1100113.yaml,1100113,hard,20,4,24,True,8.329,-0.117348,2.197856,-0.941867,3.398965,-3.671001,double_block,6.8416,1.2174,2,,,,,dense_v10
train,/root/leo_ws/results/comparison_benchmarks/benchmark_v10_dense_001/train/world_medium_direct_block_seed_1100010.yaml,1100010,medium,18,4,22,True,5.9016,3.895881,2.137091,-1.929667,2.117873,-2.447464,direct_block,4.9173,1.2002,1,,,,,dense_v10
train,/root/leo_ws/src/leo_pybullet/worlds/benchmark_v2/train/world_medium_seed_000070.yaml,70,medium,5,4,9,True,5.2365,-0.352925,-3.163679,1.092894,4.307028,-3.004597,,,,,v2,train,general_replay,0.40,original
train,/root/leo_ws/src/leo_pybullet/worlds/benchmark_v3_curriculum/train/world_hard_clear_seed_000179.yaml,179,hard,4,4,8,False,4.6022,0.498454,4.084065,-2.767979,-3.306837,2.304063,clear,4.201,1.0955,,v3,train,0,0.15,original
train,/root/leo_ws/src/leo_pybullet/worlds/benchmark_v2/train/world_easy_seed_000276.yaml,276,easy,3,4,7,True,5.1233,3.826328,2.573258,-3.116715,2.414461,-1.979969,,,,,v2,train,0,0.40,original
train,/root/leo_ws/results/comparison_benchmarks/benchmark_v10_dense_001/train/world_easy_double_block_seed_1100081.yaml,1100081,easy,14,4,18,True,8.3816,-4.099096,3.408225,-0.213816,3.114617,1.011099,double_block,7.6016,1.1026,2,,,,,dense_v10
train,/root/leo_ws/results/comparison_benchmarks/benchmark_v10_dense_001/train/world_medium_double_block_seed_1100145.yaml,1100145,medium,18,4,22,True,8.3759,-3.969482,-1.031981,0.257302,2.334674,1.553677,double_block,6.8138,1.2293,2,,,,,dense_v10
train,/root/leo_ws/src/leo_pybullet/worlds/benchmark_v2/train/world_easy_seed_000081.yaml,81,easy,4,4,8,False,4.9771,-1.408636,0.274322,-2.206339,-0.183364,-4.199041,,,,,v2,train,general_replay,0.40,original
train,/root/leo_ws/src/leo_pybullet/worlds/benchmark_v4_hard/train/world_easy_double_block_seed_300360.yaml,300360,easy,4,4,8,True,6.0478,0.646691,1.068411,2.777435,-4.218037,2.454784,double_block,5.0584,1.1956,2,v4,train,0,0.45,original
train,/root/leo_ws/src/leo_pybullet/worlds/benchmark_v2/train/world_medium_seed_000097.yaml,97,medium,6,4,10,True,8.1496,4.307791,3.62746,-3.003251,2.755302,-3.906776,,,,,v2,train,general_replay,0.40,original
train,/root/leo_ws/src/leo_pybullet/worlds/benchmark_v2/train/world_hard_seed_000038.yaml,38,hard,11,4,15,True,4.152,0.316565,1.620136,-2.987166,3.996901,0.997567,,,,,v2,train,0,0.40,original
train,/root/leo_ws/results/comparison_benchmarks/benchmark_v10_dense_001/train/world_medium_direct_block_seed_1100034.yaml,1100034,medium,16,4,20,True,7.0216,-3.785899,-3.77286,0.719415,0.570978,0.039584,direct_block,5.7894,1.2128,1,,,,,dense_v10
train,/root/leo_ws/src/leo_pybullet/worlds/benchmark_v2/train/world_hard_seed_000110.yaml,110,hard,11,4,15,True,8.7096,-4.236895,3.412636,-1.688074,3.908494,2.549014,,,,,v2,train,0,0.40,original
train,/root/leo_ws/results/comparison_benchmarks/benchmark_v10_dense_001/train/world_easy_clear_seed_1100183.yaml,1100183,easy,14,4,18,False,4.8455,-1.773113,-3.44156,0.688772,1.754273,-0.308582,clear,4.7178,1.0271,0,,,,,dense_v10
validation,/root/leo_ws/src/leo_pybullet/worlds/benchmark_v3_curriculum/validation/world_hard_clear_seed_100023.yaml,100023,hard,4,4,8,False,6.7863,-2.20048,2.524642,-1.631376,-2.053466,-4.178732,clear,6.705,1.0121,,v3,validation,0,validation,original
validation,/root/leo_ws/results/comparison_benchmarks/benchmark_v10_dense_001/validation/world_hard_double_block_seed_1200032.yaml,1200032,hard,19,4,23,True,6.9141,-0.096402,1.030587,-1.083385,2.497305,-3.390029,double_block,5.1253,1.349,2,,,,,dense_v10
validation,/root/leo_ws/src/leo_pybullet/worlds/benchmark_v4_hard/validation/world_easy_clear_seed_400027.yaml,400027,easy,3,4,7,False,7.7482,-1.908123,-2.884581,0.821996,2.903173,2.803975,clear,7.4504,1.04,0,,,,,original
validation,/root/leo_ws/src/leo_pybullet/worlds/benchmark_v4_hard/validation/world_medium_clear_seed_400019.yaml,400019,medium,6,4,10,False,6.9335,1.405595,-3.314195,2.039078,-1.24263,2.518759,clear,6.406,1.0824,0,,,,,original
validation,/root/leo_ws/results/comparison_benchmarks/benchmark_v10_dense_001/validation/world_medium_direct_block_seed_1200058.yaml,1200058,medium,18,4,22,True,7.7416,-1.365245,-2.965439,1.451824,-0.616991,3.840547,direct_block,6.847,1.1307,1,,,,,dense_v10
validation,/root/leo_ws/results/comparison_benchmarks/benchmark_v10_dense_001/validation/world_hard_double_block_seed_1200041.yaml,1200041,hard,20,4,24,True,9.4353,-4.170544,2.296359,-0.238017,3.49958,0.523727,double_block,7.8723,1.1985,2,,,,,dense_v10
validation,/root/leo_ws/results/comparison_benchmarks/benchmark_v10_dense_001/validation/world_medium_double_block_seed_1200004.yaml,1200004,medium,18,4,22,True,11.378,-1.750862,-1.049738,1.218327,-0.540701,3.988094,double_block,5.1811,2.196,2,,,,,dense_v10
validation,/root/leo_ws/results/comparison_benchmarks/benchmark_v10_dense_001/validation/world_hard_double_block_seed_1200005.yaml,1200005,hard,19,4,23,True,7.3747,-0.026834,-1.981134,2.500574,-3.988144,1.643133,double_block,5.3691,1.3735,2,,,,,dense_v10
validation,/root/leo_ws/results/comparison_benchmarks/benchmark_v10_dense_001/validation/world_easy_direct_block_seed_1200042.yaml,1200042,easy,16,4,20,True,8.3072,0.298673,-2.115816,2.089453,-2.702212,4.208472,direct_block,7.0001,1.1867,1,,,,,dense_v10
validation,/root/leo_ws/results/comparison_benchmarks/benchmark_v10_dense_001/validation/world_hard_double_block_seed_1200020.yaml,1200020,hard,19,4,23,True,11.7037,-3.87224,-1.404124,-0.201827,3.509971,-3.044964,double_block,7.5624,1.5476,2,,,,,dense_v10
validation,/root/leo_ws/src/leo_pybullet/worlds/benchmark_v4_hard/validation/world_medium_double_block_seed_400028.yaml,400028,medium,6,4,10,True,8.7896,-3.694963,-1.859655,-0.352981,3.589065,-4.243333,double_block,7.6641,1.1468,2,,,,,original
validation,/root/leo_ws/src/leo_pybullet/worlds/benchmark_v3_curriculum/validation/world_easy_direct_block_seed_100045.yaml,100045,easy,2,4,6,True,6.3072,3.081427,1.59487,2.7286,-2.236846,4.078733,direct_block,5.8697,1.0745,,v3,validation,0,validation,original
validation,/root/leo_ws/src/leo_pybullet/worlds/benchmark_v4_hard/validation/world_easy_double_block_seed_400057.yaml,400057,easy,4,4,8,True,7.2867,2.355269,-3.559939,2.541851,-2.475814,0.488727,double_block,6.3033,1.156,2,,,,,original
validation,/root/leo_ws/src/leo_pybullet/worlds/benchmark_v3_curriculum/validation/world_easy_direct_block_seed_100048.yaml,100048,easy,2,4,6,True,5.0684,0.268914,2.124799,-2.795243,-3.918693,0.974337,direct_block,4.3428,1.1671,,v3,validation,0,validation,original
validation,/root/leo_ws/src/leo_pybullet/worlds/benchmark_v4_hard/validation/world_easy_direct_block_seed_400066.yaml,400066,easy,5,4,9,True,6.0696,-0.536169,1.039205,-0.813822,2.551676,-2.907295,direct_block,5.011,1.2113,1,,,,,original
validation,/root/leo_ws/src/leo_pybullet/worlds/benchmark_v3_curriculum/validation/world_easy_direct_block_seed_100057.yaml,100057,easy,2,4,6,True,6.3096,-1.154382,-2.28302,1.77388,-2.689517,3.381455,direct_block,5.8688,1.0751,,v3,validation,0,validation,original
validation,/root/leo_ws/results/comparison_benchmarks/benchmark_v10_dense_001/validation/world_hard_double_block_seed_1200056.yaml,1200056,hard,19,4,23,True,11.1371,4.01774,0.413973,-2.223844,1.013977,-3.564841,double_block,4.9853,2.234,2,,,,,dense_v10
validation,/root/leo_ws/src/leo_pybullet/worlds/benchmark_v4_hard/validation/world_medium_double_block_seed_400025.yaml,400025,medium,6,4,10,True,10.1667,-3.81986,-3.293257,0.430946,3.432622,1.241571,double_block,8.5535,1.1886,2,,,,,original
validation,/root/leo_ws/results/comparison_benchmarks/benchmark_v10_dense_001/validation/world_easy_clear_seed_1200027.yaml,1200027,easy,16,4,20,False,5.8571,-3.234871,-0.887878,0.331697,2.117399,0.240611,clear,5.4699,1.0708,0,,,,,dense_v10
validation,/root/leo_ws/results/comparison_benchmarks/benchmark_v10_dense_001/validation/world_medium_direct_block_seed_1200034.yaml,1200034,medium,18,4,22,True,7.2914,1.425314,2.992338,-1.284391,3.347381,-2.696193,direct_block,6.0045,1.2143,1,,,,,dense_v10
validation,/root/leo_ws/results/comparison_benchmarks/benchmark_v10_dense_001/validation/world_medium_clear_seed_1200055.yaml,1200055,medium,17,4,21,False,5.5016,1.349075,-3.47861,1.90671,-0.779829,1.176376,clear,5.1187,1.0748,0,,,,,dense_v10
validation,/root/leo_ws/results/comparison_benchmarks/benchmark_v10_dense_001/validation/world_easy_double_block_seed_1200009.yaml,1200009,easy,15,4,19,True,10.0123,3.888722,2.139669,-2.723085,-3.002706,-1.392464,double_block,7.7439,1.2929,2,,,,,dense_v10
validation,/root/leo_ws/src/leo_pybullet/worlds/benchmark_v4_hard/validation/world_easy_double_block_seed_400021.yaml,400021,easy,5,4,9,True,6.4502,1.65561,0.607287,-2.751976,-3.414021,-1.430735,double_block,5.4639,1.1805,2,,,,,original
validation,/root/leo_ws/src/leo_pybullet/worlds/benchmark_v4_hard/validation/world_hard_double_block_seed_400077.yaml,400077,hard,13,4,17,True,7.1039,-4.061689,1.229676,-0.822256,-0.426088,-2.751847,double_block,5.3917,1.3176,2,,,,,original
validation,/root/leo_ws/results/comparison_benchmarks/benchmark_v10_dense_001/validation/world_easy_clear_seed_1200003.yaml,1200003,easy,14,4,18,False,6.08,-4.151652,-1.056239,-0.026227,1.946944,-1.049735,clear,6.0986,0.997,0,,,,,dense_v10
validation,/root/leo_ws/results/comparison_benchmarks/benchmark_v10_dense_001/validation/world_hard_clear_seed_1200011.yaml,1200011,hard,20,4,24,False,4.9141,1.328156,-2.486761,2.626417,-2.635633,-0.136452,clear,4.6082,1.0664,0,,,,,dense_v10
validation,/root/leo_ws/src/leo_pybullet/worlds/benchmark_v2/validation/world_hard_seed_100005.yaml,100005,hard,10,4,14,False,4.7565,2.00362,-3.764588,-2.925877,-2.10425,-2.333424,,,,,v2,validation,0,validation,original
validation,/root/leo_ws/results/comparison_benchmarks/benchmark_v10_dense_001/validation/world_hard_direct_block_seed_1200050.yaml,1200050,hard,18,4,22,True,7.9016,3.358192,2.755208,-2.596478,-1.997284,-1.097195,direct_block,6.5971,1.1977,1,,,,,dense_v10
validation,/root/leo_ws/src/leo_pybullet/worlds/benchmark_v3_curriculum/validation/world_hard_direct_block_seed_100053.yaml,100053,hard,5,4,9,True,7.2502,3.72051,-1.747144,2.86148,-2.33415,0.231218,direct_block,6.3697,1.1382,,v3,validation,0,validation,original
validation,/root/leo_ws/src/leo_pybullet/worlds/benchmark_v2/validation/world_medium_seed_100001.yaml,100001,medium,7,4,11,True,4.6159,1.309907,-0.652972,0.940525,2.267243,2.964634,,,,,v2,validation,0,validation,original
validation,/root/leo_ws/results/comparison_benchmarks/benchmark_v10_dense_001/validation/world_hard_double_block_seed_1200017.yaml,1200017,hard,19,4,23,True,7.9896,1.333563,3.330925,-2.108824,-1.933973,-2.31314,double_block,6.5217,1.2251,2,,,,,dense_v10
validation,/root/leo_ws/results/comparison_benchmarks/benchmark_v10_dense_001/validation/world_easy_direct_block_seed_1200030.yaml,1200030,easy,16,4,20,True,7.1404,-2.087833,-2.928675,0.808425,2.231321,1.370688,direct_block,6.0942,1.1717,1,,,,,dense_v10
validation,/root/leo_ws/src/leo_pybullet/worlds/benchmark_v3_curriculum/validation/world_hard_clear_seed_100035.yaml,100035,hard,6,4,10,False,8.321,-3.2469,0.066632,0.319107,4.116508,2.359689,clear,7.7122,1.0789,,v3,validation,0,validation,original
validation,/root/leo_ws/results/comparison_benchmarks/benchmark_v10_dense_001/validation/world_medium_double_block_seed_1200001.yaml,1200001,medium,16,4,20,True,8.0478,-2.014075,0.76377,0.042562,2.991197,0.41927,double_block,5.0171,1.6041,2,,,,,dense_v10
validation,/root/leo_ws/results/comparison_benchmarks/benchmark_v10_dense_001/validation/world_medium_direct_block_seed_1200022.yaml,1200022,medium,18,4,22,True,8.6022,1.874083,0.762147,-3.078325,-3.801537,0.317787,direct_block,5.693,1.511,1,,,,,dense_v10
validation,/root/leo_ws/src/leo_pybullet/worlds/benchmark_v4_hard/validation/world_hard_clear_seed_400083.yaml,400083,hard,13,4,17,False,5.0078,0.842463,-1.128791,-2.754636,-3.267592,-3.380596,clear,4.6865,1.0686,0,,,,,original
validation,/root/leo_ws/src/leo_pybullet/worlds/benchmark_v2/validation/world_easy_seed_100027.yaml,100027,easy,4,4,8,False,4.7016,-4.186279,-0.077906,2.120597,-2.114337,-3.849542,,,,,v2,validation,0,validation,original
validation,/root/leo_ws/src/leo_pybullet/worlds/benchmark_v2/validation/world_medium_seed_100028.yaml,100028,medium,8,4,12,True,3.8433,2.018511,-0.257311,-1.906896,2.782379,2.817548,,,,,v2,validation,0,validation,original
validation,/root/leo_ws/results/comparison_benchmarks/benchmark_v10_dense_001/validation/world_hard_double_block_seed_1200008.yaml,1200008,hard,18,4,22,True,9.6971,0.609872,-2.872173,2.031022,-2.185269,2.866678,double_block,6.3834,1.5191,2,,,,,dense_v10
validation,/root/leo_ws/src/leo_pybullet/worlds/benchmark_v4_hard/validation/world_easy_double_block_seed_400069.yaml,400069,easy,4,4,8,True,5.9508,-0.452378,3.946388,-0.895182,2.000997,-0.11842,double_block,4.7478,1.2534,2,,,,,original
validation,/root/leo_ws/results/comparison_benchmarks/benchmark_v10_dense_001/validation/world_medium_double_block_seed_1200028.yaml,1200028,medium,18,4,22,True,6.1908,0.3986,-3.661858,-2.941288,-4.165735,-3.979831,double_block,4.5754,1.3531,2,,,,,dense_v10
validation,/root/leo_ws/results/comparison_benchmarks/benchmark_v10_dense_001/validation/world_hard_direct_block_seed_1200014.yaml,1200014,hard,20,4,24,True,10.1255,-4.113525,2.421953,-0.141085,2.574153,0.691966,direct_block,6.9078,1.4658,1,,,,,dense_v10
validation,/root/leo_ws/src/leo_pybullet/worlds/benchmark_v4_hard/validation/world_hard_direct_block_seed_400086.yaml,400086,hard,14,4,18,True,9.0376,1.061227,3.409725,-2.214893,-2.543958,-2.611209,direct_block,7.0178,1.2878,1,,,,,original
validation,/root/leo_ws/src/leo_pybullet/worlds/benchmark_v3_curriculum/validation/world_medium_clear_seed_100055.yaml,100055,medium,4,4,8,False,7.3302,2.48204,2.994646,-1.743565,1.259668,-3.787426,clear,6.8913,1.0637,,v3,validation,0,validation,original
validation,/root/leo_ws/src/leo_pybullet/worlds/benchmark_v2/validation/world_hard_seed_100053.yaml,100053,hard,10,4,14,True,8.3518,-4.267724,-3.144107,-1.291486,-0.93616,3.808051,,,,,v2,validation,0,validation,original
validation,/root/leo_ws/src/leo_pybullet/worlds/benchmark_v3_curriculum/validation/world_medium_direct_block_seed_100034.yaml,100034,medium,3,4,7,True,6.1496,-1.122264,-1.616464,1.74417,-1.707549,3.724771,direct_block,5.3732,1.1445,,v3,validation,0,validation,original
validation,/root/leo_ws/results/comparison_benchmarks/benchmark_v10_dense_001/validation/world_hard_direct_block_seed_1200026.yaml,1200026,hard,20,4,24,True,8.5278,2.955024,-2.552415,-2.826969,-4.14016,-4.209972,direct_block,7.2862,1.1704,1,,,,,dense_v10
validation,/root/leo_ws/src/leo_pybullet/worlds/benchmark_v3_curriculum/validation/world_easy_direct_block_seed_100033.yaml,100033,easy,1,4,5,True,4.7153,-1.934021,3.812412,-1.284907,-0.615963,0.082107,direct_block,3.9563,1.1918,,v3,validation,0,validation,original
validation,/root/leo_ws/results/comparison_benchmarks/benchmark_v10_dense_001/validation/world_easy_double_block_seed_1200021.yaml,1200021,easy,15,4,19,True,10.3267,-4.171637,-2.799846,1.387958,-3.30428,3.996676,double_block,6.8516,1.5072,2,,,,,dense_v10
validation,/root/leo_ws/results/comparison_benchmarks/benchmark_v10_dense_001/validation/world_easy_direct_block_seed_1200018.yaml,1200018,easy,16,4,20,True,10.6022,0.232999,2.754043,-1.175685,2.255651,-3.305592,direct_block,6.3883,1.6596,1,,,,,dense_v10
validation,/root/leo_ws/results/comparison_benchmarks/benchmark_v10_dense_001/validation/world_hard_clear_seed_1200035.yaml,1200035,hard,20,4,24,False,5.7118,-3.672366,2.900657,-0.93897,-0.25967,-1.389721,clear,5.4821,1.0419,0,,,,,dense_v10
validation,/root/leo_ws/src/leo_pybullet/worlds/benchmark_v4_hard/validation/world_hard_direct_block_seed_400038.yaml,400038,hard,12,4,16,True,6.3782,-2.475751,-0.485526,-0.293236,2.416325,-2.289784,direct_block,5.2142,1.2232,1,,,,,original
validation,/root/leo_ws/src/leo_pybullet/worlds/benchmark_v4_hard/validation/world_hard_double_block_seed_400032.yaml,400032,hard,14,4,18,True,8.7404,1.364132,2.226686,-2.387078,-3.585744,-3.114081,double_block,7.2818,1.2003,2,,,,,original
validation,/root/leo_ws/results/comparison_benchmarks/benchmark_v10_dense_001/validation/world_medium_direct_block_seed_1200046.yaml,1200046,medium,16,4,20,True,6.0696,-0.979283,-1.937221,1.515204,-0.319232,3.339335,direct_block,5.3177,1.1414,1,,,,,dense_v10
validation,/root/leo_ws/src/leo_pybullet/worlds/benchmark_v4_hard/validation/world_hard_direct_block_seed_400050.yaml,400050,hard,12,4,16,True,6.0171,-0.701294,-2.929189,0.326976,3.862533,-0.730843,direct_block,5.0657,1.1878,1,,,,,original
validation,/root/leo_ws/src/leo_pybullet/worlds/benchmark_v2/validation/world_medium_seed_100007.yaml,100007,medium,5,4,9,False,8.4408,2.880908,-1.746301,-2.739247,-3.417264,3.408764,,,,,v2,validation,0,validation,original
validation,/root/leo_ws/src/leo_pybullet/worlds/benchmark_v4_hard/validation/world_medium_direct_block_seed_400070.yaml,400070,medium,7,4,11,True,6.1027,-1.384733,-2.147299,0.139272,3.641393,-2.040793,direct_block,5.0273,1.2139,1,,,,,original
validation,/root/leo_ws/src/leo_pybullet/worlds/benchmark_v4_hard/validation/world_hard_clear_seed_400059.yaml,400059,hard,10,4,14,False,6.3725,1.971862,2.334952,-1.44985,2.314829,-3.848695,clear,6.1932,1.029,0,,,,,original
validation,/root/leo_ws/src/leo_pybullet/worlds/benchmark_v2/validation/world_easy_seed_100036.yaml,100036,easy,3,4,7,True,5.6478,-3.935303,2.369943,-1.517899,0.767793,0.120149,,,,,v2,validation,0,validation,original
validation,/root/leo_ws/src/leo_pybullet/worlds/benchmark_v4_hard/validation/world_hard_clear_seed_400035.yaml,400035,hard,13,4,17,False,6.8251,-1.486255,2.509872,-1.56556,-2.119482,-4.05906,clear,6.5994,1.0342,0,,,,,original
validation,/root/leo_ws/results/comparison_benchmarks/benchmark_v10_dense_001/validation/world_medium_direct_block_seed_1200010.yaml,1200010,medium,17,4,21,True,5.5153,2.735645,-3.04556,1.465323,3.801338,1.587439,direct_block,4.754,1.1601,1,,,,,dense_v10
validation,/root/leo_ws/src/leo_pybullet/worlds/benchmark_v4_hard/validation/world_easy_double_block_seed_400000.yaml,400000,easy,3,4,7,True,5.7496,1.600996,-0.917551,2.274861,-1.176607,2.956069,double_block,4.7666,1.2062,2,,,,,original
validation,/root/leo_ws/results/comparison_benchmarks/benchmark_v10_dense_001/validation/world_hard_clear_seed_1200023.yaml,1200023,hard,19,4,23,False,5.2114,-3.67887,-3.824301,0.025044,1.258785,-3.031428,clear,5.0009,1.0421,0,,,,,dense_v10
validation,/root/leo_ws/results/comparison_benchmarks/benchmark_v10_dense_001/validation/world_hard_clear_seed_1200059.yaml,1200059,hard,18,4,22,False,6.1988,-2.974562,1.775903,-0.133381,2.980211,1.335054,clear,5.9711,1.0381,0,,,,,dense_v10
validation,/root/leo_ws/results/comparison_benchmarks/benchmark_v10_dense_001/validation/world_medium_double_block_seed_1200049.yaml,1200049,medium,16,4,20,True,10.3347,-4.224997,1.44769,0.046274,3.632655,2.538841,double_block,7.9331,1.3027,2,,,,,dense_v10
validation,/root/leo_ws/src/leo_pybullet/worlds/benchmark_v2/validation/world_easy_seed_100051.yaml,100051,easy,4,4,8,False,5.5574,0.389063,0.698605,-0.242447,-3.666427,-3.062644,,,,,v2,validation,0,validation,original
validation,/root/leo_ws/src/leo_pybullet/worlds/benchmark_v4_hard/validation/world_easy_direct_block_seed_400078.yaml,400078,easy,5,4,9,True,8.3129,4.179104,-3.865409,2.233992,-0.06215,1.914264,direct_block,7.1689,1.1596,1,,,,,original
validation,/root/leo_ws/results/comparison_benchmarks/benchmark_v10_dense_001/validation/world_medium_clear_seed_1200019.yaml,1200019,medium,18,4,22,False,4.7725,-3.540158,-1.843633,1.524407,-3.909984,2.745503,clear,4.604,1.0366,0,,,,,dense_v10
validation,/root/leo_ws/results/comparison_benchmarks/benchmark_v10_dense_001/validation/world_medium_clear_seed_1200031.yaml,1200031,medium,17,4,21,False,4.9576,3.197197,-3.848843,1.696878,2.231888,0.653529,clear,4.6047,1.0767,0,,,,,dense_v10
validation,/root/leo_ws/results/comparison_benchmarks/benchmark_v10_dense_001/validation/world_easy_clear_seed_1200015.yaml,1200015,easy,14,4,18,False,6.4649,-3.636589,1.950297,-0.615981,1.368664,-1.485131,clear,6.0708,1.0649,0,,,,,dense_v10
validation,/root/leo_ws/src/leo_pybullet/worlds/benchmark_v2/validation/world_hard_seed_100029.yaml,100029,hard,9,4,13,True,3.8182,-1.897021,-0.59325,-1.912459,-0.288358,2.054487,,,,,v2,validation,0,validation,original
validation,/root/leo_ws/results/comparison_benchmarks/benchmark_v10_dense_001/validation/world_easy_double_block_seed_1200036.yaml,1200036,easy,14,4,18,True,7.6318,2.489206,2.510892,-2.901295,-3.319297,1.516454,double_block,5.893,1.2951,2,,,,,dense_v10
validation,/root/leo_ws/src/leo_pybullet/worlds/benchmark_v4_hard/validation/world_hard_direct_block_seed_400062.yaml,400062,hard,10,4,14,True,5.5153,-1.073194,0.313465,-0.143432,3.662684,0.132468,direct_block,4.7393,1.1637,1,,,,,original
validation,/root/leo_ws/src/leo_pybullet/worlds/benchmark_v4_hard/validation/world_hard_double_block_seed_400008.yaml,400008,hard,14,4,18,True,7.7747,-3.460167,-2.823113,-0.109131,2.306978,-4.181822,double_block,5.925,1.3122,2,,,,,original
validation,/root/leo_ws/src/leo_pybullet/worlds/benchmark_v2/validation/world_easy_seed_100057.yaml,100057,easy,4,4,8,True,6.5027,-1.181544,-2.336739,-2.216509,-2.7528,3.461018,,,,,v2,validation,0,validation,original
validation,/root/leo_ws/src/leo_pybullet/worlds/benchmark_v4_hard/validation/world_hard_double_block_seed_400053.yaml,400053,hard,14,4,18,True,8.8251,4.065888,1.5891,2.849519,-2.102835,3.490091,double_block,6.455,1.3672,2,,,,,original
validation,/root/leo_ws/src/leo_pybullet/worlds/benchmark_v2/validation/world_easy_seed_100048.yaml,100048,easy,3,4,7,False,8.4171,2.174794,-4.010898,2.107708,0.997263,3.89979,,,,,v2,validation,0,validation,original
validation,/root/leo_ws/results/comparison_benchmarks/benchmark_v10_dense_001/validation/world_easy_direct_block_seed_1200054.yaml,1200054,easy,15,4,19,True,6.1004,3.403704,2.591201,-3.104532,-1.187081,2.887196,direct_block,4.6003,1.3261,1,,,,,dense_v10
validation,/root/leo_ws/src/leo_pybullet/worlds/benchmark_v4_hard/validation/world_medium_double_block_seed_400061.yaml,400061,medium,7,4,11,True,7.9427,-3.486845,2.734553,-1.128548,-0.427543,-3.045287,double_block,6.5396,1.2146,2,,,,,original
validation,/root/leo_ws/src/leo_pybullet/worlds/benchmark_v2/validation/world_medium_seed_100010.yaml,100010,medium,8,4,12,True,6.5496,2.911004,3.556096,0.319094,1.848698,-2.345037,,,,,v2,validation,0,validation,original
validation,/root/leo_ws/results/comparison_benchmarks/benchmark_v10_dense_001/validation/world_easy_double_block_seed_1200012.yaml,1200012,easy,14,4,18,True,9.1106,-3.390634,-3.25396,0.883478,2.538994,2.219819,double_block,8.0699,1.129,2,,,,,dense_v10
validation,/root/leo_ws/src/leo_pybullet/worlds/benchmark_v2/validation/world_easy_seed_100021.yaml,100021,easy,2,4,6,False,8.9965,-2.559771,4.335172,-1.880518,-3.933909,-4.014919,,,,,v2,validation,0,validation,original
validation,/root/leo_ws/results/comparison_benchmarks/benchmark_v10_dense_001/validation/world_easy_double_block_seed_1200057.yaml,1200057,easy,14,4,18,True,5.8627,2.276798,-1.634911,2.59461,-1.463351,1.418983,double_block,4.8286,1.2142,2,,,,,dense_v10
validation,/root/leo_ws/results/comparison_benchmarks/benchmark_v10_dense_001/validation/world_hard_double_block_seed_1200029.yaml,1200029,hard,20,4,24,True,7.4022,-0.320473,-3.455511,1.111806,2.291693,1.435435,double_block,5.5448,1.335,2,,,,,dense_v10
validation,/root/leo_ws/results/comparison_benchmarks/benchmark_v10_dense_001/validation/world_medium_double_block_seed_1200016.yaml,1200016,medium,16,4,20,True,6.4971,-2.85266,0.132098,0.106087,1.996152,0.248696,double_block,4.8502,1.3395,2,,,,,dense_v10
validation,/root/leo_ws/results/comparison_benchmarks/benchmark_v10_dense_001/validation/world_medium_clear_seed_1200007.yaml,1200007,medium,17,4,21,False,7.8088,-3.986602,-3.355674,0.609784,1.935233,1.223243,clear,7.4856,1.0432,0,,,,,dense_v10
validation,/root/leo_ws/results/comparison_benchmarks/benchmark_v10_dense_001/validation/world_medium_double_block_seed_1200013.yaml,1200013,medium,18,4,22,True,9.9494,1.854577,3.977324,-1.449087,2.957637,-3.638247,double_block,7.695,1.293,2,,,,,dense_v10
validation,/root/leo_ws/src/leo_pybullet/worlds/benchmark_v3_curriculum/validation/world_medium_direct_block_seed_100004.yaml,100004,medium,2,4,6,True,5.369,-3.28376,-1.721035,0.253056,1.315216,-0.914147,direct_block,4.6692,1.1499,,v3,validation,0,validation,original
validation,/root/leo_ws/results/comparison_benchmarks/benchmark_v10_dense_001/validation/world_easy_double_block_seed_1200045.yaml,1200045,easy,14,4,18,True,6.5965,1.809696,-3.896001,2.843804,-3.858943,-2.746886,double_block,5.7839,1.1405,2,,,,,dense_v10
validation,/root/leo_ws/results/comparison_benchmarks/benchmark_v10_dense_001/validation/world_easy_double_block_seed_1200048.yaml,1200048,easy,16,4,20,True,5.7496,3.092545,-3.875785,2.433515,-0.448007,-0.785371,double_block,4.6996,1.2234,2,,,,,dense_v10
validation,/root/leo_ws/results/comparison_benchmarks/benchmark_v10_dense_001/validation/world_hard_direct_block_seed_1200002.yaml,1200002,hard,20,4,24,True,6.2822,-0.527714,-0.743088,-0.606925,3.720597,-3.68752,direct_block,5.1689,1.2154,1,,,,,dense_v10
validation,/root/leo_ws/results/comparison_benchmarks/benchmark_v10_dense_001/validation/world_medium_clear_seed_1200043.yaml,1200043,medium,16,4,20,False,5.6171,1.570758,2.162915,-2.877714,-3.562002,1.031216,clear,5.256,1.0687,0,,,,,dense_v10
validation,/root/leo_ws/results/comparison_benchmarks/benchmark_v10_dense_001/validation/world_medium_double_block_seed_1200040.yaml,1200040,medium,16,4,20,True,11.0992,-2.422142,-2.403654,0.967608,0.969674,2.690625,double_block,6.1201,1.8136,2,,,,,dense_v10
validation,/root/leo_ws/results/comparison_benchmarks/benchmark_v10_dense_001/validation/world_easy_double_block_seed_1200000.yaml,1200000,easy,16,4,20,True,7.9598,-3.780705,1.260264,0.200754,2.982062,3.239538,double_block,7.0465,1.1296,2,,,,,dense_v10
validation,/root/leo_ws/results/comparison_benchmarks/benchmark_v10_dense_001/validation/world_easy_double_block_seed_1200024.yaml,1200024,easy,15,4,19,True,6.009,-3.163777,-1.911619,-0.53922,1.214274,-4.050658,double_block,4.8727,1.2332,2,,,,,dense_v10
validation,/root/leo_ws/src/leo_pybullet/worlds/benchmark_v2/validation/world_easy_seed_100018.yaml,100018,easy,4,4,8,False,3.36,3.095462,-1.288253,-3.120816,3.098811,2.017544,,,,,v2,validation,0,validation,original
validation,/root/leo_ws/results/comparison_benchmarks/benchmark_v10_dense_001/validation/world_hard_double_block_seed_1200053.yaml,1200053,hard,20,4,24,True,7.6033,0.224078,3.817379,-0.849911,4.049709,-0.140647,double_block,5.5047,1.3813,2,,,,,dense_v10
validation,/root/leo_ws/src/leo_pybullet/worlds/benchmark_v2/validation/world_medium_seed_100040.yaml,100040,medium,6,4,10,True,8.4455,2.675849,4.309363,1.833101,-0.491805,-2.811579,,,,,v2,validation,0,validation,original
validation,/root/leo_ws/results/comparison_benchmarks/benchmark_v10_dense_001/validation/world_hard_double_block_seed_1200044.yaml,1200044,hard,19,4,23,True,8.3622,2.094367,2.481859,-2.493433,-3.732719,-1.074652,double_block,6.8267,1.2249,2,,,,,dense_v10
validation,/root/leo_ws/results/comparison_benchmarks/benchmark_v10_dense_001/validation/world_easy_clear_seed_1200039.yaml,1200039,easy,15,4,19,False,8.5198,4.235539,1.852503,-2.844792,-3.165172,-0.925552,clear,7.9049,1.0778,0,,,,,dense_v10
validation,/root/leo_ws/src/leo_pybullet/worlds/benchmark_v4_hard/validation/world_easy_double_block_seed_400033.yaml,400033,easy,4,4,8,True,8.1449,1.653067,-4.094697,2.289675,-2.572194,1.775252,double_block,7.2325,1.1262,2,,,,,original
validation,/root/leo_ws/results/comparison_benchmarks/benchmark_v10_dense_001/validation/world_easy_clear_seed_1200051.yaml,1200051,easy,16,4,20,False,5.2365,2.381799,2.09816,-2.734845,-2.270233,0.699062,clear,4.8579,1.0779,0,,,,,dense_v10
validation,/root/leo_ws/src/leo_pybullet/worlds/benchmark_v4_hard/validation/world_easy_clear_seed_400015.yaml,400015,easy,4,4,8,False,6.0525,-2.19319,-1.926624,0.052949,3.688785,-2.250309,clear,5.8909,1.0274,0,,,,,original
validation,/root/leo_ws/src/leo_pybullet/worlds/benchmark_v4_hard/validation/world_hard_clear_seed_400023.yaml,400023,hard,14,4,18,False,4.8616,0.647482,-1.489268,2.770211,-3.343298,0.613735,clear,4.511,1.0777,0,,,,,original
validation,/root/leo_ws/results/comparison_benchmarks/benchmark_v10_dense_001/validation/world_easy_double_block_seed_1200033.yaml,1200033,easy,16,4,20,True,5.6639,1.893587,4.218479,-1.395118,2.801653,-0.359582,double_block,4.6673,1.2135,2,,,,,dense_v10
validation,/root/leo_ws/results/comparison_benchmarks/benchmark_v10_dense_001/validation/world_medium_double_block_seed_1200052.yaml,1200052,medium,16,4,20,True,9.5986,-3.801612,-3.478062,0.934906,1.518886,2.566976,double_block,8.053,1.1919,2,,,,,dense_v10
validation,/root/leo_ws/src/leo_pybullet/worlds/benchmark_v3_curriculum/validation/world_easy_direct_block_seed_100009.yaml,100009,easy,1,4,5,True,5.0022,-3.824825,-0.984886,-0.166554,0.415116,-1.594534,direct_block,4.2835,1.1678,,v3,validation,0,validation,original
validation,/root/leo_ws/results/comparison_benchmarks/benchmark_v10_dense_001/validation/world_medium_double_block_seed_1200025.yaml,1200025,medium,16,4,20,True,8.6547,-4.197912,-4.241588,0.479118,2.056493,-0.582772,double_block,7.246,1.1944,2,,,,,dense_v10
validation,/root/leo_ws/src/leo_pybullet/worlds/benchmark_v2/validation/world_medium_seed_100034.yaml,100034,medium,8,4,12,True,8.1506,-1.654499,-1.747727,2.538409,3.812413,3.201739,,,,,v2,validation,0,validation,original
validation,/root/leo_ws/src/leo_pybullet/worlds/benchmark_v4_hard/validation/world_medium_clear_seed_400043.yaml,400043,medium,7,4,11,False,5.0045,3.837547,-1.039104,1.730291,2.949482,3.651185,clear,4.7736,1.0484,0,,,,,original
validation,/root/leo_ws/src/leo_pybullet/worlds/benchmark_v4_hard/validation/world_hard_double_block_seed_400020.yaml,400020,hard,13,4,17,True,6.2159,-3.798049,2.530268,0.146323,0.816834,3.175371,double_block,4.6598,1.334,2,,,,,original
validation,/root/leo_ws/results/comparison_benchmarks/benchmark_v10_dense_001/validation/world_hard_direct_block_seed_1200038.yaml,1200038,hard,20,4,24,True,5.6559,1.448103,-1.218554,1.519955,1.400695,3.425093,direct_block,4.6439,1.2179,1,,,,,dense_v10
validation,/root/leo_ws/src/leo_pybullet/worlds/benchmark_v4_hard/validation/world_hard_double_block_seed_400089.yaml,400089,hard,10,4,14,True,6.7816,-4.206322,2.816364,-1.024584,-0.783469,-1.378226,double_block,5.4139,1.2526,2,,,,,original
validation,/root/leo_ws/results/comparison_benchmarks/benchmark_v10_dense_001/validation/world_hard_clear_seed_1200047.yaml,1200047,hard,19,4,23,False,4.9416,-0.665234,4.062221,-0.512142,3.376943,1.93977,clear,4.5655,1.0824,0,,,,,dense_v10
validation,/root/leo_ws/results/comparison_benchmarks/benchmark_v10_dense_001/validation/world_medium_double_block_seed_1200037.yaml,1200037,medium,18,4,22,True,6.5965,-3.621189,2.67061,-0.811281,0.400877,-0.700126,double_block,5.2477,1.257,2,,,,,dense_v10
validation,/root/leo_ws/src/leo_pybullet/worlds/benchmark_v4_hard/validation/world_easy_double_block_seed_400081.yaml,400081,easy,5,4,9,True,6.249,-3.674114,1.678284,-0.12459,1.294306,0.58105,double_block,5.0881,1.2282,2,,,,,original
validation,/root/leo_ws/src/leo_pybullet/worlds/benchmark_v3_curriculum/validation/world_hard_direct_block_seed_100050.yaml,100050,hard,4,4,8,True,7.1678,2.324165,0.742878,-2.410359,-1.805703,-3.567181,direct_block,5.9693,1.2008,,v3,validation,0,validation,original
validation,/root/leo_ws/src/leo_pybullet/worlds/benchmark_v3_curriculum/validation/world_medium_direct_block_seed_100052.yaml,100052,medium,2,4,6,True,7.609,2.148915,-2.94201,1.520932,1.988338,3.986108,direct_block,6.93,1.098,,v3,validation,0,validation,original
validation,/root/leo_ws/src/leo_pybullet/worlds/benchmark_v4_hard/validation/world_medium_direct_block_seed_400022.yaml,400022,medium,6,4,10,True,5.7965,3.08808,-0.181843,2.188733,0.613641,3.933472,direct_block,4.8019,1.2071,1,,,,,original
validation,/root/leo_ws/results/comparison_benchmarks/benchmark_v10_dense_001/validation/world_easy_direct_block_seed_1200006.yaml,1200006,easy,15,4,19,True,9.3643,0.864234,-3.800133,1.2487,3.220346,3.869202,direct_block,8.0231,1.1672,1,,,,,dense_v10
