split,world_file,seed,difficulty,random_obstacle_count,boundary_wall_count,total_box_count,direct_path_blocked,astar_path_length_m,start_x,start_y,start_yaw,goal_x,goal_y,scenario,straight_distance_m,path_stretch_ratio,structured_blocker_count,source_dataset,source_split,source_repetition,training_weight
train,/root/leo_ws/src/leo_pybullet/worlds/benchmark_v4_hard/train/world_easy_direct_block_seed_300306.yaml,300306,easy,3,4,7,True,9.0306,-4.088384,1.408548,-0.796558,1.733037,-4.030475,direct_block,7.9669,1.1335,1,v4,train,0,0.45
train,/root/leo_ws/src/leo_pybullet/worlds/benchmark_v2/train/world_medium_seed_000121.yaml,121,medium,5,4,9,True,6.7096,3.248229,1.09372,-2.027613,-2.814889,2.601902,,,,,v2,train,general_replay,0.40
train,/root/leo_ws/src/leo_pybullet/worlds/benchmark_v4_hard/train/world_easy_double_block_seed_300444.yaml,300444,easy,5,4,9,True,6.8753,4.227507,-3.066449,1.957801,1.666259,2.399623,double_block,6.0364,1.139,2,v4,train,0,0.45
train,/root/leo_ws/src/leo_pybullet/worlds/benchmark_v4_hard/train/world_hard_double_block_seed_300092.yaml,300092,hard,11,4,15,True,10.0341,2.405601,4.167901,-1.60232,1.932252,-0.342622,double_block,4.5353,2.2125,2,v4,train,0,0.45
train,/root/leo_ws/src/leo_pybullet/worlds/benchmark_v2/train/world_medium_seed_000169.yaml,169,medium,7,4,11,True,4.9027,-2.82644,0.09207,2.079083,0.269337,2.879806,,,,,v2,train,0,0.40
train,/root/leo_ws/src/leo_pybullet/worlds/benchmark_v2/train/world_hard_seed_000083.yaml,83,hard,11,4,15,True,8.7243,-0.348696,-3.235424,-1.808217,-4.050725,3.933775,,,,,v2,train,general_replay,0.40
train,/root/leo_ws/src/leo_pybullet/worlds/benchmark_v3_curriculum/train/world_hard_direct_block_seed_000077.yaml,77,hard,5,4,9,True,5.2284,-1.479798,-2.205805,-0.251529,2.741725,-3.271968,direct_block,4.3541,1.2008,,v3,train,general_replay,0.15
train,/root/leo_ws/src/leo_pybullet/worlds/benchmark_v2/train/world_hard_seed_000248.yaml,248,hard,11,4,15,True,5.2559,-1.52567,3.028448,-2.599285,1.655972,-0.064977,,,,,v2,train,0,0.40
train,/root/leo_ws/src/leo_pybullet/worlds/benchmark_v2/train/world_easy_seed_000111.yaml,111,easy,2,4,6,False,5.7245,-1.601022,-2.660383,0.815127,-0.722349,2.711521,,,,,v2,train,0,0.40
train,/root/leo_ws/src/leo_pybullet/worlds/benchmark_v2/train/world_easy_seed_000093.yaml,93,easy,3,4,7,True,9.0614,1.93971,3.333268,-0.682229,-3.551264,-3.063959,,,,,v2,train,general_replay,0.40
train,/root/leo_ws/src/leo_pybullet/worlds/benchmark_v2/train/world_easy_seed_000063.yaml,63,easy,3,4,7,False,7.85,3.843513,-3.236648,-2.951956,-2.307015,0.862308,,,,,v2,train,0,0.40
train,/root/leo_ws/src/leo_pybullet/worlds/benchmark_v4_hard/train/world_hard_direct_block_seed_300182.yaml,300182,hard,10,4,14,True,5.6502,1.477945,2.469756,-2.186706,-1.312292,-1.12887,direct_block,4.5536,1.2408,1,v4_focused,train,0,focused_failure
train,/root/leo_ws/src/leo_pybullet/worlds/benchmark_v2/train/world_easy_seed_000135.yaml,135,easy,4,4,8,False,5.0192,1.246691,-1.945926,-0.298449,-1.792797,1.790561,,,,,v2,train,0,0.40
train,/root/leo_ws/src/leo_pybullet/worlds/benchmark_v4_hard/train/world_medium_direct_block_seed_300130.yaml,300130,medium,6,4,10,True,6.4914,-1.606356,-2.476793,1.814494,-2.716446,3.195543,direct_block,5.7799,1.1231,1,v4_focused,train,4,focused_failure
train,/root/leo_ws/src/leo_pybullet/worlds/benchmark_v2/train/world_medium_seed_000202.yaml,202,medium,8,4,12,False,7.681,-0.787889,-2.626639,-0.453978,1.537293,4.082787,,,,,v2,train,general_replay,0.40
train,/root/leo_ws/src/leo_pybullet/worlds/benchmark_v2/train/world_hard_seed_000290.yaml,290,hard,12,4,16,True,8.4682,3.308799,0.81005,-0.054771,-3.196309,-3.989218,,,,,v2,train,0,0.40
train,/root/leo_ws/src/leo_pybullet/worlds/benchmark_v4_hard/train/world_hard_double_block_seed_300068.yaml,300068,hard,14,4,18,True,8.0284,-0.219232,-3.842323,1.253962,1.822653,1.701971,double_block,5.9083,1.3588,2,v4_focused,train,2,focused_failure
train,/root/leo_ws/src/leo_pybullet/worlds/benchmark_v2/train/world_medium_seed_000037.yaml,37,medium,5,4,9,False,6.2594,1.439266,2.147214,3.039356,1.169516,-4.041655,,,,,v2,train,general_replay,0.40
train,/root/leo_ws/src/leo_pybullet/worlds/benchmark_v4_hard/train/world_hard_double_block_seed_300065.yaml,300065,hard,14,4,18,True,8.3096,-3.589928,-2.524051,0.652105,1.813146,1.323968,double_block,6.6333,1.2527,2,v4_focused,train,4,focused_failure
train,/root/leo_ws/src/leo_pybullet/worlds/benchmark_v3_curriculum/train/world_hard_direct_block_seed_000182.yaml,182,hard,5,4,9,True,6.3953,-1.245213,-2.265831,1.548104,-1.532811,3.359819,direct_block,5.633,1.1353,,v3,train,general_replay,0.15
train,/root/leo_ws/src/leo_pybullet/worlds/benchmark_v3_curriculum/train/world_easy_direct_block_seed_000276.yaml,276,easy,2,4,6,True,6.7233,-3.656414,3.738366,-0.259653,2.514103,2.358956,direct_block,6.3228,1.0633,,v3,train,general_replay,0.15
train,/root/leo_ws/src/leo_pybullet/worlds/benchmark_v3_curriculum/train/world_hard_direct_block_seed_000026.yaml,26,hard,6,4,10,True,5.1953,3.457224,1.355642,-2.967715,-0.574108,0.374122,direct_block,4.1491,1.2521,,v3,train,general_replay,0.15
train,/root/leo_ws/src/leo_pybullet/worlds/benchmark_v4_hard/train/world_hard_double_block_seed_300197.yaml,300197,hard,14,4,18,True,9.4135,-4.081192,-1.123609,0.319067,3.432856,1.620687,double_block,7.9995,1.1768,2,v4_focused,train,0,focused_failure
train,/root/leo_ws/src/leo_pybullet/worlds/benchmark_v4_hard/train/world_hard_double_block_seed_300353.yaml,300353,hard,10,4,14,True,9.209,3.894108,0.343303,2.790481,-2.928447,3.442522,double_block,7.4935,1.2289,2,v4,train,0,0.45
train,/root/leo_ws/src/leo_pybullet/worlds/benchmark_v4_hard/train/world_medium_double_block_seed_300433.yaml,300433,medium,7,4,11,True,6.7759,1.904947,3.565704,-3.047219,-3.812288,3.413571,double_block,5.7193,1.1847,2,v4_focused,train,3,focused_failure
train,/root/leo_ws/src/leo_pybullet/worlds/benchmark_v3_curriculum/train/world_medium_direct_block_seed_000073.yaml,73,medium,3,4,7,True,4.5553,-3.624108,-0.813748,0.025376,0.004302,-0.417467,direct_block,3.65,1.248,,v3,train,general_replay,0.15
train,/root/leo_ws/src/leo_pybullet/worlds/benchmark_v2/train/world_hard_seed_000230.yaml,230,hard,9,4,13,True,4.9027,3.821227,3.351985,1.670746,0.322116,1.387379,,,,,v2,train,0,0.40
train,/root/leo_ws/src/leo_pybullet/worlds/benchmark_v4_hard/train/world_medium_direct_block_seed_300418.yaml,300418,medium,6,4,10,True,7.9872,2.75741,0.909325,2.777238,-3.570878,3.743192,direct_block,6.9338,1.1519,1,v4_focused,train,0,focused_failure
train,/root/leo_ws/src/leo_pybullet/worlds/benchmark_v4_hard/train/world_hard_double_block_seed_300008.yaml,300008,hard,12,4,16,True,7.0651,1.457265,-1.605115,1.302586,3.044504,3.857637,double_block,5.6887,1.242,2,v4_focused,train,1,focused_failure
train,/root/leo_ws/src/leo_pybullet/worlds/benchmark_v4_hard/train/world_medium_double_block_seed_300421.yaml,300421,medium,8,4,12,True,7.3553,-2.424302,3.314838,-0.149507,4.01391,3.084346,double_block,6.4423,1.1417,2,v4,train,0,0.45
train,/root/leo_ws/src/leo_pybullet/worlds/benchmark_v2/train/world_easy_seed_000234.yaml,234,easy,3,4,7,True,3.5839,-3.849124,0.69997,2.32611,-0.772041,1.820999,,,,,v2,train,0,0.40
train,/root/leo_ws/src/leo_pybullet/worlds/benchmark_v3_curriculum/train/world_hard_direct_block_seed_000074.yaml,74,hard,6,4,10,True,4.8994,0.129879,-3.284308,2.747167,-3.224772,-1.62247,direct_block,3.7437,1.3087,,v3,train,0,0.15
train,/root/leo_ws/src/leo_pybullet/worlds/benchmark_v4_hard/train/world_easy_direct_block_seed_300090.yaml,300090,easy,5,4,9,True,7.5792,1.28131,-2.969247,1.894264,-1.753112,3.332519,direct_block,6.9943,1.0836,1,v4,train,0,0.45
train,/root/leo_ws/src/leo_pybullet/worlds/benchmark_v3_curriculum/train/world_hard_clear_seed_000299.yaml,299,hard,5,4,9,False,5.6753,-2.027008,-0.551654,-0.309762,2.816434,-2.465314,clear,5.2078,1.0898,,v3,train,0,0.15
train,/root/leo_ws/src/leo_pybullet/worlds/benchmark_v2/train/world_hard_seed_000047.yaml,47,hard,10,4,14,True,3.9645,0.466669,0.615878,0.726093,-2.110377,-0.986954,,,,,v2,train,general_replay,0.40
train,/root/leo_ws/src/leo_pybullet/worlds/benchmark_v2/train/world_medium_seed_000151.yaml,151,medium,8,4,12,True,7.7861,3.921835,1.155262,2.626404,-2.569891,4.117918,,,,,v2,train,0,0.40
train,/root/leo_ws/src/leo_pybullet/worlds/benchmark_v3_curriculum/train/world_easy_direct_block_seed_000084.yaml,84,easy,2,4,6,True,6.3016,-2.028738,-0.277276,0.407185,3.323512,1.917797,direct_block,5.7849,1.0893,,v3,train,0,0.15
train,/root/leo_ws/src/leo_pybullet/worlds/benchmark_v4_hard/train/world_hard_clear_seed_300143.yaml,300143,hard,10,4,14,False,7.0708,0.569338,-3.886403,1.455722,1.610029,2.735342,clear,6.703,1.0549,0,v4,train,0,0.45
train,/root/leo_ws/src/leo_pybullet/worlds/benchmark_v4_hard/train/world_easy_double_block_seed_300360.yaml,300360,easy,4,4,8,True,6.0478,0.646691,1.068411,2.777435,-4.218037,2.454784,double_block,5.0584,1.1956,2,v4,train,0,0.45
train,/root/leo_ws/src/leo_pybullet/worlds/benchmark_v2/train/world_medium_seed_000082.yaml,82,medium,6,4,10,False,5.9953,-2.897245,-2.082428,-0.178684,2.288573,-4.059666,,,,,v2,train,0,0.40
train,/root/leo_ws/src/leo_pybullet/worlds/benchmark_v2/train/world_hard_seed_000215.yaml,215,hard,8,4,12,True,5.0765,0.380008,-1.772748,1.423077,-4.078617,-3.352366,,,,,v2,train,general_replay,0.40
train,/root/leo_ws/src/leo_pybullet/worlds/benchmark_v4_hard/train/world_medium_double_block_seed_300109.yaml,300109,medium,7,4,11,True,7.841,2.38579,2.585567,-1.483158,2.582887,-4.243809,double_block,6.8322,1.1476,2,v4,train,0,0.45
train,/root/leo_ws/src/leo_pybullet/worlds/benchmark_v2/train/world_medium_seed_000160.yaml,160,medium,5,4,9,True,5.4684,-0.063087,3.544982,-3.050798,-2.499169,-0.614758,,,,,v2,train,0,0.40
train,/root/leo_ws/src/leo_pybullet/worlds/benchmark_v2/train/world_hard_seed_000152.yaml,152,hard,11,4,15,True,3.7851,-1.027492,-2.608452,-2.366887,-3.598093,-4.199541,,,,,v2,train,general_replay,0.40
train,/root/leo_ws/src/leo_pybullet/worlds/benchmark_v3_curriculum/train/world_hard_direct_block_seed_000098.yaml,98,hard,5,4,9,True,5.0376,3.48613,-0.870418,2.172036,1.323749,2.61065,direct_block,4.098,1.2293,,v3,train,general_replay,0.15
train,/root/leo_ws/src/leo_pybullet/worlds/benchmark_v4_hard/train/world_easy_clear_seed_300219.yaml,300219,easy,3,4,7,False,7.1508,-0.657347,2.737545,-1.767576,-1.714695,-3.971646,clear,6.792,1.0528,0,v4,train,0,0.45
train,/root/leo_ws/src/leo_pybullet/worlds/benchmark_v3_curriculum/train/world_easy_direct_block_seed_000117.yaml,117,easy,1,4,5,True,6.9198,-2.708027,-2.466818,0.52029,2.916271,0.497666,direct_block,6.3577,1.0884,,v3,train,general_replay,0.15
train,/root/leo_ws/src/leo_pybullet/worlds/benchmark_v2/train/world_hard_seed_000131.yaml,131,hard,10,4,14,True,6.3347,0.069589,-0.93177,-2.367582,-4.20238,2.428311,,,,,v2,train,0,0.40
train,/root/leo_ws/src/leo_pybullet/worlds/benchmark_v2/train/world_hard_seed_000218.yaml,218,hard,10,4,14,True,5.2033,2.288419,0.875333,2.768021,-1.492981,3.092206,,,,,v2,train,0,0.40
train,/root/leo_ws/src/leo_pybullet/worlds/benchmark_v2/train/world_medium_seed_000256.yaml,256,medium,8,4,12,True,3.9896,-1.165797,2.673138,3.090293,-0.372305,-0.586772,,,,,v2,train,0,0.40
train,/root/leo_ws/src/leo_pybullet/worlds/benchmark_v2/train/world_hard_seed_000281.yaml,281,hard,8,4,12,True,4.6959,-3.331458,-0.488244,2.861884,0.060982,-2.185812,,,,,v2,train,0,0.40
train,/root/leo_ws/src/leo_pybullet/worlds/benchmark_v3_curriculum/train/world_hard_clear_seed_000095.yaml,95,hard,6,4,10,False,4.1131,-3.159257,-0.051223,-1.620032,-3.064246,-4.140651,clear,4.0905,1.0055,,v3,train,0,0.15
train,/root/leo_ws/src/leo_pybullet/worlds/benchmark_v3_curriculum/train/world_easy_direct_block_seed_000144.yaml,144,easy,2,4,6,True,7.5759,-3.950111,-3.557163,0.090379,2.939112,-2.807448,direct_block,6.9299,1.0932,,v3,train,general_replay,0.15
train,/root/leo_ws/src/leo_pybullet/worlds/benchmark_v2/train/world_easy_seed_000066.yaml,66,easy,2,4,6,False,6.2159,3.686941,2.496498,1.780012,-1.791842,4.162399,,,,,v2,train,general_replay,0.40
train,/root/leo_ws/src/leo_pybullet/worlds/benchmark_v2/train/world_easy_seed_000174.yaml,174,easy,2,4,6,False,6.3508,1.718609,1.438591,-2.411015,-4.206655,2.428574,,,,,v2,train,0,0.40
train,/root/leo_ws/src/leo_pybullet/worlds/benchmark_v2/train/world_medium_seed_000070.yaml,70,medium,5,4,9,True,5.2365,-0.352925,-3.163679,1.092894,4.307028,-3.004597,,,,,v2,train,general_replay,0.40
train,/root/leo_ws/src/leo_pybullet/worlds/benchmark_v4_hard/train/world_medium_clear_seed_300307.yaml,300307,medium,6,4,10,False,6.5416,-1.009945,-3.000093,1.348868,1.083556,2.683439,clear,6.0568,1.08,0,v4,train,0,0.45
train,/root/leo_ws/src/leo_pybullet/worlds/benchmark_v2/train/world_medium_seed_000046.yaml,46,medium,5,4,9,True,5.129,0.770996,3.130144,0.526094,-2.361709,0.13674,,,,,v2,train,0,0.40
train,/root/leo_ws/src/leo_pybullet/worlds/benchmark_v2/train/world_hard_seed_000164.yaml,164,hard,8,4,12,True,5.6171,4.300053,-2.12788,-2.602688,-0.091833,-1.005866,,,,,v2,train,general_replay,0.40
train,/root/leo_ws/src/leo_pybullet/worlds/benchmark_v2/train/world_hard_seed_000017.yaml,17,hard,12,4,16,True,3.8102,-1.710216,-1.169076,0.252492,-2.830212,1.78474,,,,,v2,train,general_replay,0.40
train,/root/leo_ws/src/leo_pybullet/worlds/benchmark_v4_hard/train/world_easy_direct_block_seed_300306.yaml,300306,easy,3,4,7,True,9.0306,-4.088384,1.408548,-0.796558,1.733037,-4.030475,direct_block,7.9669,1.1335,1,v4,train,0,0.45
train,/root/leo_ws/src/leo_pybullet/worlds/benchmark_v3_curriculum/train/world_easy_clear_seed_000003.yaml,3,easy,1,4,5,False,4.1198,0.787448,-3.141406,0.829978,3.535531,-0.220545,clear,4.0104,1.0273,,v3,train,0,0.15
train,/root/leo_ws/src/leo_pybullet/worlds/benchmark_v2/train/world_medium_seed_000181.yaml,181,medium,5,4,9,True,6.7655,-2.336114,-0.380055,2.791652,2.915384,-3.759744,,,,,v2,train,general_replay,0.40
train,/root/leo_ws/src/leo_pybullet/worlds/benchmark_v3_curriculum/train/world_easy_direct_block_seed_000210.yaml,210,easy,2,4,6,True,7.9896,-4.189831,3.753609,0.022353,3.185547,3.674338,direct_block,7.3758,1.0832,,v3,train,general_replay,0.15
train,/root/leo_ws/src/leo_pybullet/worlds/benchmark_v4_hard/train/world_easy_clear_seed_300135.yaml,300135,easy,3,4,7,False,6.1908,2.685732,3.372539,-2.967841,-3.116665,2.381871,clear,5.8864,1.0517,0,v4,train,0,0.45
train,/root/leo_ws/src/leo_pybullet/worlds/benchmark_v4_hard/train/world_hard_double_block_seed_300233.yaml,300233,hard,13,4,17,True,7.049,0.080284,1.265958,-0.77763,4.121935,-2.829653,double_block,5.754,1.2251,2,v4_focused,train,0,focused_failure
train,/root/leo_ws/src/leo_pybullet/worlds/benchmark_v2/train/world_medium_seed_000034.yaml,34,medium,7,4,11,False,4.7725,2.986938,3.468208,2.820148,3.325023,-1.177147,,,,,v2,train,general_replay,0.40
train,/root/leo_ws/src/leo_pybullet/worlds/benchmark_v2/train/world_easy_seed_000234.yaml,234,easy,3,4,7,True,3.5839,-3.849124,0.69997,2.32611,-0.772041,1.820999,,,,,v2,train,general_replay,0.40
train,/root/leo_ws/src/leo_pybullet/worlds/benchmark_v4_hard/train/world_hard_double_block_seed_300197.yaml,300197,hard,14,4,18,True,9.4135,-4.081192,-1.123609,0.319067,3.432856,1.620687,double_block,7.9995,1.1768,2,v4_focused,train,3,focused_failure
train,/root/leo_ws/src/leo_pybullet/worlds/benchmark_v2/train/world_medium_seed_000253.yaml,253,medium,8,4,12,True,9.9163,-3.080621,1.356425,-0.339145,4.217598,-3.799525,,,,,v2,train,0,0.40
train,/root/leo_ws/src/leo_pybullet/worlds/benchmark_v2/train/world_medium_seed_000091.yaml,91,medium,5,4,9,True,5.6753,4.067316,1.553187,1.77318,-0.850424,-0.356864,,,,,v2,train,0,0.40
train,/root/leo_ws/src/leo_pybullet/worlds/benchmark_v4_hard/train/world_easy_double_block_seed_300084.yaml,300084,easy,5,4,9,True,6.0559,3.785942,-3.666887,1.765292,2.353544,0.694331,double_block,4.5904,1.3192,2,v4,train,0,0.45
train,/root/leo_ws/src/leo_pybullet/worlds/benchmark_v2/train/world_hard_seed_000185.yaml,185,hard,8,4,12,True,8.881,-4.33732,0.709114,-1.477668,3.584258,3.011092,,,,,v2,train,general_replay,0.40
train,/root/leo_ws/src/leo_pybullet/worlds/benchmark_v3_curriculum/train/world_medium_direct_block_seed_000280.yaml,280,medium,3,4,7,True,4.8445,-0.408315,-1.398577,-0.772967,2.193342,-4.093392,direct_block,3.7458,1.2933,,v3,train,general_replay,0.15
train,/root/leo_ws/src/leo_pybullet/worlds/benchmark_v4_hard/train/world_medium_direct_block_seed_300106.yaml,300106,medium,6,4,10,True,6.6902,2.514042,3.038998,-2.778231,-2.815989,0.907191,direct_block,5.7405,1.1654,1,v4,train,0,0.45
train,/root/leo_ws/src/leo_pybullet/worlds/benchmark_v4_hard/train/world_easy_double_block_seed_300093.yaml,300093,easy,5,4,9,True,5.9508,-3.615083,-0.606543,1.093115,-1.236721,3.556865,double_block,4.7948,1.2411,2,v4,train,0,0.45
train,/root/leo_ws/src/leo_pybullet/worlds/benchmark_v4_hard/train/world_easy_double_block_seed_300045.yaml,300045,easy,5,4,9,True,6.2684,-0.802667,3.190272,-0.627614,3.657827,0.356596,double_block,5.2845,1.1862,2,v4,train,0,0.45
train,/root/leo_ws/src/leo_pybullet/worlds/benchmark_v2/train/world_easy_seed_000033.yaml,33,easy,4,4,8,True,5.3118,0.284279,0.238038,2.786636,4.169306,3.525242,,,,,v2,train,general_replay,0.40
train,/root/leo_ws/src/leo_pybullet/worlds/benchmark_v2/train/world_easy_seed_000105.yaml,105,easy,4,4,8,False,4.8227,2.529296,3.928811,-1.038619,-1.633697,2.334401,,,,,v2,train,general_replay,0.40
train,/root/leo_ws/src/leo_pybullet/worlds/benchmark_v4_hard/train/world_hard_double_block_seed_300449.yaml,300449,hard,12,4,16,True,8.5027,1.44954,-2.716499,2.151127,-1.792532,2.491355,double_block,6.1346,1.386,2,v4_focused,train,6,focused_failure
train,/root/leo_ws/src/leo_pybullet/worlds/benchmark_v2/train/world_medium_seed_000289.yaml,289,medium,7,4,11,False,5.432,-2.732064,-0.496593,-0.688544,2.463349,-1.078097,,,,,v2,train,general_replay,0.40
train,/root/leo_ws/src/leo_pybullet/worlds/benchmark_v4_hard/train/world_hard_direct_block_seed_300398.yaml,300398,hard,10,4,14,True,5.6971,-2.032616,0.426662,0.79411,0.773182,4.011763,direct_block,4.5525,1.2514,1,v4_focused,train,5,focused_failure
train,/root/leo_ws/src/leo_pybullet/worlds/benchmark_v4_hard/train/world_hard_clear_seed_300215.yaml,300215,hard,14,4,18,False,7.0878,-2.928737,0.162575,0.322446,3.201833,2.435888,clear,6.5385,1.084,0,v4,train,0,0.45
train,/root/leo_ws/src/leo_pybullet/worlds/benchmark_v4_hard/train/world_easy_double_block_seed_300381.yaml,300381,easy,5,4,9,True,6.1576,0.730153,-3.818305,2.970569,-4.01403,-2.368283,double_block,4.9608,1.2413,2,v4_focused,train,0,focused_failure
train,/root/leo_ws/src/leo_pybullet/worlds/benchmark_v3_curriculum/train/world_easy_direct_block_seed_000066.yaml,66,easy,1,4,5,True,7.5323,-1.598115,3.602183,-0.841096,2.439107,-1.75065,direct_block,6.7046,1.1235,,v3,train,0,0.15
train,/root/leo_ws/src/leo_pybullet/worlds/benchmark_v4_hard/train/world_medium_direct_block_seed_300322.yaml,300322,medium,8,4,12,True,7.6535,1.445663,-1.289717,2.423425,-3.054472,3.348762,direct_block,6.4627,1.1843,1,v4,train,0,0.45
train,/root/leo_ws/src/leo_pybullet/worlds/benchmark_v2/train/world_easy_seed_000156.yaml,156,easy,3,4,7,False,5.7827,2.090453,2.327516,2.330696,-3.027913,3.984872,,,,,v2,train,0,0.40
train,/root/leo_ws/src/leo_pybullet/worlds/benchmark_v3_curriculum/train/world_easy_clear_seed_000231.yaml,231,easy,1,4,5,False,4.8971,2.152959,3.578963,-2.860196,-2.28316,2.354689,clear,4.602,1.0641,,v3,train,general_replay,0.15
train,/root/leo_ws/src/leo_pybullet/worlds/benchmark_v2/train/world_medium_seed_000199.yaml,199,medium,7,4,11,False,5.3359,3.016133,1.454644,0.057625,-1.662063,-0.195595,,,,,v2,train,0,0.40
train,/root/leo_ws/src/leo_pybullet/worlds/benchmark_v2/train/world_medium_seed_000148.yaml,148,medium,8,4,12,False,4.392,2.569317,3.322369,-0.94446,3.135368,-0.818855,,,,,v2,train,0,0.40
train,/root/leo_ws/src/leo_pybullet/worlds/benchmark_v4_hard/train/world_medium_direct_block_seed_300142.yaml,300142,medium,9,4,13,True,5.6559,-0.641799,-0.961751,-0.054293,3.912721,-0.671704,direct_block,4.5637,1.2393,1,v4,train,0,0.45
train,/root/leo_ws/src/leo_pybullet/worlds/benchmark_v4_hard/train/world_medium_double_block_seed_300193.yaml,300193,medium,9,4,13,True,7.9176,-3.5697,-2.118308,0.577086,1.593508,0.738195,double_block,5.9007,1.3418,2,v4_focused,train,3,focused_failure
train,/root/leo_ws/src/leo_pybullet/worlds/benchmark_v4_hard/train/world_easy_clear_seed_300147.yaml,300147,easy,5,4,9,False,5.4045,-2.817354,3.125505,-1.625941,-3.759766,-1.914462,clear,5.1273,1.0541,0,v4_focused,train,1,focused_failure
train,/root/leo_ws/src/leo_pybullet/worlds/benchmark_v2/train/world_hard_seed_000218.yaml,218,hard,10,4,14,True,5.2033,2.288419,0.875333,2.768021,-1.492981,3.092206,,,,,v2,train,0,0.40
train,/root/leo_ws/src/leo_pybullet/worlds/benchmark_v3_curriculum/train/world_hard_direct_block_seed_000164.yaml,164,hard,4,4,8,True,7.0878,2.051164,4.201201,-2.357281,-2.078963,-0.089722,direct_block,5.9557,1.1901,,v3,train,0,0.15
train,/root/leo_ws/src/leo_pybullet/worlds/benchmark_v2/train/world_hard_seed_000275.yaml,275,hard,8,4,12,True,5.0959,1.101998,3.174025,-0.378204,1.037706,-1.241987,,,,,v2,train,0,0.40
train,/root/leo_ws/src/leo_pybullet/worlds/benchmark_v4_hard/train/world_hard_double_block_seed_300344.yaml,300344,hard,13,4,17,True,8.8833,3.755199,-0.989608,-2.725941,-3.059585,-3.894395,double_block,7.408,1.1991,2,v4,train,0,0.45
train,/root/leo_ws/src/leo_pybullet/worlds/benchmark_v2/train/world_medium_seed_000004.yaml,4,medium,6,4,10,True,7.5518,1.924587,-0.183758,0.310401,-3.566128,-4.177591,,,,,v2,train,0,0.40
train,/root/leo_ws/src/leo_pybullet/worlds/benchmark_v2/train/world_easy_seed_000282.yaml,282,easy,4,4,8,True,3.8571,1.440073,1.902614,-1.170973,3.116001,-1.069508,,,,,v2,train,0,0.40
train,/root/leo_ws/src/leo_pybullet/worlds/benchmark_v4_hard/train/world_hard_double_block_seed_300140.yaml,300140,hard,14,4,18,True,8.8914,-1.572206,4.053908,-1.788993,-3.207402,-2.23734,double_block,6.5003,1.3678,2,v4_focused,train,3,focused_failure
train,/root/leo_ws/src/leo_pybullet/worlds/benchmark_v2/train/world_medium_seed_000289.yaml,289,medium,7,4,11,False,5.432,-2.732064,-0.496593,-0.688544,2.463349,-1.078097,,,,,v2,train,general_replay,0.40
train,/root/leo_ws/src/leo_pybullet/worlds/benchmark_v3_curriculum/train/world_easy_direct_block_seed_000018.yaml,18,easy,1,4,5,True,5.0514,-3.206068,-0.434983,1.365269,-2.214282,3.841259,direct_block,4.3897,1.1507,,v3,train,0,0.15
train,/root/leo_ws/src/leo_pybullet/worlds/benchmark_v2/train/world_hard_seed_000236.yaml,236,hard,10,4,14,True,6.2708,2.020682,-3.656579,-1.240893,1.814623,2.199378,,,,,v2,train,general_replay,0.40
train,/root/leo_ws/src/leo_pybullet/worlds/benchmark_v2/train/world_medium_seed_000067.yaml,67,medium,5,4,9,True,5.5016,-0.106238,-1.931175,1.039256,3.386712,1.251051,,,,,v2,train,0,0.40
train,/root/leo_ws/src/leo_pybullet/worlds/benchmark_v4_hard/train/world_medium_clear_seed_300067.yaml,300067,medium,7,4,11,False,5.3974,1.915596,0.264267,2.347427,-1.936107,4.013569,clear,5.3752,1.0041,0,v4_focused,train,1,focused_failure
train,/root/leo_ws/src/leo_pybullet/worlds/benchmark_v3_curriculum/train/world_easy_direct_block_seed_000168.yaml,168,easy,1,4,5,True,7.4022,3.341417,1.436198,2.859752,-3.283133,3.254126,direct_block,6.8695,1.0775,,v3,train,general_replay,0.15
train,/root/leo_ws/src/leo_pybullet/worlds/benchmark_v4_hard/train/world_hard_clear_seed_300395.yaml,300395,hard,13,4,17,False,5.7369,-0.191125,-4.149846,0.866327,3.814345,-0.012161,clear,5.7588,0.9962,0,v4,train,0,0.45
train,/root/leo_ws/src/leo_pybullet/worlds/benchmark_v4_hard/train/world_easy_double_block_seed_300021.yaml,300021,easy,3,4,7,True,6.0147,-2.358139,2.013838,-1.401202,-1.920463,-3.095607,double_block,5.1282,1.1729,2,v4,train,0,0.45
train,/root/leo_ws/src/leo_pybullet/worlds/benchmark_v2/train/world_easy_seed_000060.yaml,60,easy,3,4,7,True,6.8729,-3.00901,-2.352035,2.986363,-0.143489,3.351789,,,,,v2,train,general_replay,0.40
train,/root/leo_ws/src/leo_pybullet/worlds/benchmark_v2/train/world_hard_seed_000134.yaml,134,hard,11,4,15,True,4.9965,-3.24732,1.351018,-1.735316,-0.121459,4.068363,,,,,v2,train,general_replay,0.40
train,/root/leo_ws/src/leo_pybullet/worlds/benchmark_v2/train/world_medium_seed_000010.yaml,10,medium,5,4,9,True,6.409,0.679394,-2.556945,0.964296,2.725895,2.815223,,,,,v2,train,0,0.40
train,/root/leo_ws/src/leo_pybullet/worlds/benchmark_v2/train/world_easy_seed_000159.yaml,159,easy,3,4,7,False,3.6947,-0.446435,0.148137,1.580983,-2.63484,-2.661073,,,,,v2,train,0,0.40
train,/root/leo_ws/src/leo_pybullet/worlds/benchmark_v4_hard/train/world_easy_clear_seed_300411.yaml,300411,easy,3,4,7,False,7.2559,3.634283,-2.462527,-2.959227,-2.894591,-4.084558,clear,6.7273,1.0786,0,v4,train,0,0.45
train,/root/leo_ws/src/leo_pybullet/worlds/benchmark_v2/train/world_hard_seed_000110.yaml,110,hard,11,4,15,True,8.7096,-4.236895,3.412636,-1.688074,3.908494,2.549014,,,,,v2,train,0,0.40
train,/root/leo_ws/src/leo_pybullet/worlds/benchmark_v2/train/world_easy_seed_000219.yaml,219,easy,4,4,8,True,4.6822,0.237998,-1.49046,-0.397937,2.027581,2.448867,,,,,v2,train,0,0.40
train,/root/leo_ws/src/leo_pybullet/worlds/benchmark_v2/train/world_medium_seed_000262.yaml,262,medium,7,4,11,False,5.8774,-0.795978,-1.364991,1.805273,3.032981,2.915347,,,,,v2,train,0,0.40
train,/root/leo_ws/src/leo_pybullet/worlds/benchmark_v2/train/world_easy_seed_000087.yaml,87,easy,2,4,6,False,6.952,3.26359,2.725093,0.90923,-3.460967,2.211008,,,,,v2,train,general_replay,0.40
train,/root/leo_ws/src/leo_pybullet/worlds/benchmark_v4_hard/train/world_easy_double_block_seed_300309.yaml,300309,easy,5,4,9,True,5.9176,3.669962,2.180238,2.941357,-0.732758,3.642902,double_block,4.6393,1.2755,2,v4,train,0,0.45
train,/root/leo_ws/src/leo_pybullet/worlds/benchmark_v2/train/world_medium_seed_000082.yaml,82,medium,6,4,10,False,5.9953,-2.897245,-2.082428,-0.178684,2.288573,-4.059666,,,,,v2,train,0,0.40
train,/root/leo_ws/src/leo_pybullet/worlds/benchmark_v2/train/world_medium_seed_000064.yaml,64,medium,8,4,12,True,4.1439,-2.012758,3.590402,1.248202,1.153195,2.301398,,,,,v2,train,general_replay,0.40
train,/root/leo_ws/src/leo_pybullet/worlds/benchmark_v4_hard/train/world_hard_double_block_seed_300281.yaml,300281,hard,11,4,15,True,8.0147,-3.310866,3.680121,-0.15299,3.416839,2.884656,double_block,6.7746,1.1831,2,v4,train,0,0.45
train,/root/leo_ws/src/leo_pybullet/worlds/benchmark_v4_hard/train/world_hard_clear_seed_300311.yaml,300311,hard,11,4,15,False,7.5427,-2.759396,3.617037,-1.317604,-1.182775,-3.271478,clear,7.0666,1.0674,0,v4,train,0,0.45
train,/root/leo_ws/src/leo_pybullet/worlds/benchmark_v4_hard/train/world_medium_double_block_seed_300325.yaml,300325,medium,9,4,13,True,8.9586,3.376912,0.414353,-3.009321,-4.177778,-1.689108,double_block,7.8421,1.1424,2,v4_focused,train,2,focused_failure
train,/root/leo_ws/src/leo_pybullet/worlds/benchmark_v3_curriculum/train/world_medium_direct_block_seed_000160.yaml,160,medium,2,4,6,True,4.4227,0.036381,-0.854462,-0.047007,3.565163,-1.262516,direct_block,3.5523,1.245,,v3,train,general_replay,0.15
train,/root/leo_ws/src/leo_pybullet/worlds/benchmark_v4_hard/train/world_medium_double_block_seed_300232.yaml,300232,medium,9,4,13,True,6.2845,3.903191,-2.312171,2.804321,-0.505509,-0.164893,double_block,4.9038,1.2816,2,v4,train,0,0.45
train,/root/leo_ws/src/leo_pybullet/worlds/benchmark_v2/train/world_medium_seed_000019.yaml,19,medium,5,4,9,True,4.7039,0.178056,0.099978,-1.323459,-0.926248,4.322307,,,,,v2,train,general_replay,0.40
train,/root/leo_ws/src/leo_pybullet/worlds/benchmark_v4_hard/train/world_medium_double_block_seed_300337.yaml,300337,medium,8,4,12,True,8.7622,1.921472,3.291919,-1.249973,3.938429,-4.223527,double_block,7.7814,1.126,2,v4,train,0,0.45
train,/root/leo_ws/src/leo_pybullet/worlds/benchmark_v4_hard/train/world_medium_direct_block_seed_300250.yaml,300250,medium,7,4,11,True,5.6171,2.32183,3.005892,-1.974917,0.464682,-1.420098,direct_block,4.7998,1.1703,1,v4_focused,train,2,focused_failure
train,/root/leo_ws/src/leo_pybullet/worlds/benchmark_v3_curriculum/train/world_medium_direct_block_seed_000025.yaml,25,medium,3,4,7,True,7.1896,2.282136,2.920066,2.991938,-4.119625,3.663279,direct_block,6.4448,1.1156,,v3,train,general_replay,0.15
train,/root/leo_ws/src/leo_pybullet/worlds/benchmark_v3_curriculum/train/world_medium_direct_block_seed_000106.yaml,106,medium,4,4,8,True,4.3896,4.064753,-0.176486,3.025211,0.470868,0.228486,direct_block,3.6166,1.2137,,v3,train,0,0.15
train,/root/leo_ws/src/leo_pybullet/worlds/benchmark_v3_curriculum/train/world_hard_direct_block_seed_000026.yaml,26,hard,6,4,10,True,5.1953,3.457224,1.355642,-2.967715,-0.574108,0.374122,direct_block,4.1491,1.2521,,v3,train,0,0.15
train,/root/leo_ws/src/leo_pybullet/worlds/benchmark_v2/train/world_hard_seed_000005.yaml,5,hard,12,4,16,True,5.0433,-1.230741,1.656888,0.188746,2.971145,1.322676,,,,,v2,train,0,0.40
train,/root/leo_ws/src/leo_pybullet/worlds/benchmark_v4_hard/train/world_hard_double_block_seed_300284.yaml,300284,hard,12,4,16,True,7.1541,-1.91737,-2.043467,1.835561,-3.195499,3.462046,double_block,5.6519,1.2658,2,v4,train,0,0.45
train,/root/leo_ws/src/leo_pybullet/worlds/benchmark_v4_hard/train/world_medium_direct_block_seed_300130.yaml,300130,medium,6,4,10,True,6.4914,-1.606356,-2.476793,1.814494,-2.716446,3.195543,direct_block,5.7799,1.1231,1,v4_focused,train,3,focused_failure
train,/root/leo_ws/src/leo_pybullet/worlds/benchmark_v2/train/world_medium_seed_000244.yaml,244,medium,8,4,12,True,7.7643,0.685723,-3.78037,2.077432,-3.471386,1.998505,,,,,v2,train,general_replay,0.40
train,/root/leo_ws/src/leo_pybullet/worlds/benchmark_v4_hard/train/world_hard_double_block_seed_300164.yaml,300164,hard,12,4,16,True,10.3404,-3.291093,3.71797,-1.611516,-4.094842,-2.543565,double_block,6.3129,1.638,2,v4,train,0,0.45
train,/root/leo_ws/src/leo_pybullet/worlds/benchmark_v3_curriculum/train/world_medium_direct_block_seed_000214.yaml,214,medium,4,4,8,True,6.9667,3.472924,-0.772728,2.603766,-2.111975,2.229167,direct_block,6.3405,1.0987,,v3,train,general_replay,0.15
train,/root/leo_ws/src/leo_pybullet/worlds/benchmark_v2/train/world_hard_seed_000266.yaml,266,hard,8,4,12,True,4.9165,1.527407,-0.472339,0.582834,-2.654478,-1.022589,,,,,v2,train,0,0.40
train,/root/leo_ws/src/leo_pybullet/worlds/benchmark_v3_curriculum/train/world_easy_direct_block_seed_000117.yaml,117,easy,1,4,5,True,6.9198,-2.708027,-2.466818,0.52029,2.916271,0.497666,direct_block,6.3577,1.0884,,v3,train,0,0.15
train,/root/leo_ws/src/leo_pybullet/worlds/benchmark_v4_hard/train/world_hard_double_block_seed_300416.yaml,300416,hard,11,4,15,True,6.0365,1.219382,-3.248094,-3.11144,-3.253832,-3.749835,double_block,4.5013,1.3411,2,v4_focused,train,1,focused_failure
train,/root/leo_ws/src/leo_pybullet/worlds/benchmark_v3_curriculum/train/world_easy_direct_block_seed_000141.yaml,141,easy,1,4,5,True,4.2651,-1.335805,-2.220876,1.141609,0.131089,1.00877,direct_block,3.5472,1.2024,,v3,train,0,0.15
train,/root/leo_ws/src/leo_pybullet/worlds/benchmark_v2/train/world_hard_seed_000203.yaml,203,hard,8,4,12,True,4.5108,-0.068701,3.682327,2.993882,-4.099098,4.287119,,,,,v2,train,general_replay,0.40
train,/root/leo_ws/src/leo_pybullet/worlds/benchmark_v3_curriculum/train/world_medium_direct_block_seed_000253.yaml,253,medium,4,4,8,True,4.8445,0.273507,-0.790444,2.653791,-3.009802,1.325242,direct_block,3.9059,1.2403,,v3,train,0,0.15
train,/root/leo_ws/src/leo_pybullet/worlds/benchmark_v4_hard/train/world_hard_double_block_seed_300149.yaml,300149,hard,12,4,16,True,8.5998,-0.606184,-4.23985,0.82794,4.009943,1.363935,double_block,7.2602,1.1845,2,v4,train,0,0.45
train,/root/leo_ws/src/leo_pybullet/worlds/benchmark_v4_hard/train/world_hard_double_block_seed_300236.yaml,300236,hard,12,4,16,True,6.7953,-2.105065,-0.049541,0.451461,2.347047,2.761912,double_block,5.2655,1.2905,2,v4,train,0,0.45
train,/root/leo_ws/src/leo_pybullet/worlds/benchmark_v2/train/world_hard_seed_000086.yaml,86,hard,8,4,12,True,4.6102,-4.347275,2.327624,1.778529,-2.500769,-1.163535,,,,,v2,train,general_replay,0.40
train,/root/leo_ws/src/leo_pybullet/worlds/benchmark_v2/train/world_easy_seed_000264.yaml,264,easy,4,4,8,False,3.9404,1.730357,0.385401,-3.085719,-1.159174,2.930504,,,,,v2,train,0,0.40
train,/root/leo_ws/src/leo_pybullet/worlds/benchmark_v4_hard/train/world_hard_direct_block_seed_300350.yaml,300350,hard,13,4,17,True,7.6147,0.697796,-2.353788,2.059779,-2.516427,3.340831,direct_block,6.5391,1.1645,1,v4_focused,train,7,focused_failure
train,/root/leo_ws/src/leo_pybullet/worlds/benchmark_v2/train/world_easy_seed_000033.yaml,33,easy,4,4,8,True,5.3118,0.284279,0.238038,2.786636,4.169306,3.525242,,,,,v2,train,0,0.40
train,/root/leo_ws/src/leo_pybullet/worlds/benchmark_v3_curriculum/train/world_hard_direct_block_seed_000125.yaml,125,hard,4,4,8,True,6.4696,-1.265918,0.91382,-1.121975,0.97726,-4.213787,direct_block,5.5968,1.1559,,v3,train,0,0.15
train,/root/leo_ws/src/leo_pybullet/worlds/benchmark_v4_hard/train/world_medium_clear_seed_300151.yaml,300151,medium,8,4,12,False,4.6925,0.826638,3.445991,3.081078,-3.707913,3.180589,clear,4.5423,1.0331,0,v4,train,0,0.45
train,/root/leo_ws/src/leo_pybullet/worlds/benchmark_v2/train/world_easy_seed_000246.yaml,246,easy,2,4,6,False,5.4741,1.919312,-3.778681,-1.043088,-0.516314,0.657509,,,,,v2,train,0,0.40
train,/root/leo_ws/src/leo_pybullet/worlds/benchmark_v2/train/world_easy_seed_000177.yaml,177,easy,2,4,6,False,6.5884,0.71889,1.823409,2.069574,2.684366,-3.973162,,,,,v2,train,0,0.40
train,/root/leo_ws/src/leo_pybullet/worlds/benchmark_v2/train/world_medium_seed_000292.yaml,292,medium,6,4,10,True,6.5553,0.690147,-1.535084,-0.500174,3.093956,3.723071,,,,,v2,train,general_replay,0.40
train,/root/leo_ws/src/leo_pybullet/worlds/benchmark_v2/train/world_hard_seed_000056.yaml,56,hard,12,4,16,True,6.0365,1.331993,-1.730073,1.302729,0.371721,3.749422,,,,,v2,train,0,0.40
train,/root/leo_ws/src/leo_pybullet/worlds/benchmark_v4_hard/train/world_hard_double_block_seed_300077.yaml,300077,hard,12,4,16,True,6.5027,-2.463709,2.378015,-1.77945,-3.384729,-2.180983,double_block,4.6511,1.3981,2,v4,train,0,0.45
train,/root/leo_ws/src/leo_pybullet/worlds/benchmark_v2/train/world_hard_seed_000041.yaml,41,hard,11,4,15,True,5.8765,4.285626,3.497449,-1.360575,-0.995021,3.448787,,,,,v2,train,general_replay,0.40
train,/root/leo_ws/src/leo_pybullet/worlds/benchmark_v4_hard/train/world_easy_direct_block_seed_300198.yaml,300198,easy,3,4,7,True,7.5953,-3.135846,3.3247,-0.054791,3.645335,2.873349,direct_block,6.7962,1.1176,1,v4_focused,train,5,focused_failure
train,/root/leo_ws/src/leo_pybullet/worlds/benchmark_v2/train/world_easy_seed_000078.yaml,78,easy,2,4,6,True,6.9335,3.692231,2.004672,-2.927045,-2.111142,-0.630891,,,,,v2,train,0,0.40
train,/root/leo_ws/src/leo_pybullet/worlds/benchmark_v3_curriculum/train/world_medium_direct_block_seed_000298.yaml,298,medium,2,4,6,True,5.1371,0.51596,-4.13831,2.021071,-1.651368,-0.479552,direct_block,4.2525,1.208,,v3,train,general_replay,0.15
train,/root/leo_ws/src/leo_pybullet/worlds/benchmark_v4_hard/train/world_hard_direct_block_seed_300218.yaml,300218,hard,11,4,15,True,6.4639,-2.628526,3.928482,-0.582664,1.554273,0.966147,direct_block,5.1255,1.2611,1,v4_focused,train,6,focused_failure
train,/root/leo_ws/src/leo_pybullet/worlds/benchmark_v3_curriculum/train/world_easy_direct_block_seed_000021.yaml,21,easy,1,4,5,True,4.5496,-0.697054,-0.696744,1.967373,-1.859315,2.917868,direct_block,3.7969,1.1982,,v3,train,general_replay,0.15
train,/root/leo_ws/src/leo_pybullet/worlds/benchmark_v2/train/world_easy_seed_000282.yaml,282,easy,4,4,8,True,3.8571,1.440073,1.902614,-1.170973,3.116001,-1.069508,,,,,v2,train,0,0.40
train,/root/leo_ws/src/leo_pybullet/worlds/benchmark_v4_hard/train/world_easy_direct_block_seed_300390.yaml,300390,easy,5,4,9,True,5.8741,2.008166,1.245749,-2.637119,-2.619675,-0.946446,direct_block,5.1208,1.1471,1,v4,train,0,0.45
train,/root/leo_ws/src/leo_pybullet/worlds/benchmark_v2/train/world_easy_seed_000144.yaml,144,easy,3,4,7,True,4.2514,-3.640861,3.008268,1.030556,-2.873506,-0.898208,,,,,v2,train,0,0.40
train,/root/leo_ws/src/leo_pybullet/worlds/benchmark_v2/train/world_medium_seed_000040.yaml,40,medium,8,4,12,False,3.8571,0.208562,-2.215976,-1.845159,1.431655,1.192752,,,,,v2,train,0,0.40
train,/root/leo_ws/src/leo_pybullet/worlds/benchmark_v2/train/world_easy_seed_000102.yaml,102,easy,2,4,6,False,4.2935,-1.233325,0.473417,-1.301856,1.399969,-2.762387,,,,,v2,train,general_replay,0.40
train,/root/leo_ws/src/leo_pybullet/worlds/benchmark_v2/train/world_hard_seed_000245.yaml,245,hard,9,4,13,True,6.8341,-3.741033,-1.481389,-0.229007,2.082973,0.881807,,,,,v2,train,0,0.40
train,/root/leo_ws/src/leo_pybullet/worlds/benchmark_v4_hard/train/world_medium_double_block_seed_300373.yaml,300373,medium,6,4,10,True,6.0639,-0.267749,3.563597,-0.906892,2.828484,-0.043933,double_block,4.754,1.2755,2,v4,train,0,0.45
train,/root/leo_ws/src/leo_pybullet/worlds/benchmark_v2/train/world_medium_seed_000073.yaml,73,medium,7,4,11,True,4.9222,-0.832895,0.004404,-0.55546,-0.42729,-4.157723,,,,,v2,train,0,0.40
train,/root/leo_ws/src/leo_pybullet/worlds/benchmark_v4_hard/train/world_hard_double_block_seed_300068.yaml,300068,hard,14,4,18,True,8.0284,-0.219232,-3.842323,1.253962,1.822653,1.701971,double_block,5.9083,1.3588,2,v4_focused,train,0,focused_failure
train,/root/leo_ws/src/leo_pybullet/worlds/benchmark_v4_hard/train/world_medium_double_block_seed_300004.yaml,300004,medium,7,4,11,True,5.9976,-0.76159,0.310336,0.868773,2.671955,3.437047,double_block,4.6439,1.2915,2,v4,train,0,0.45
train,/root/leo_ws/src/leo_pybullet/worlds/benchmark_v4_hard/train/world_hard_direct_block_seed_300038.yaml,300038,hard,10,4,14,True,9.2318,0.834868,3.973613,-1.629526,-0.663242,-3.508577,direct_block,7.6307,1.2098,1,v4_focused,train,3,focused_failure
train,/root/leo_ws/src/leo_pybullet/worlds/benchmark_v2/train/world_hard_seed_000230.yaml,230,hard,9,4,13,True,4.9027,3.821227,3.351985,1.670746,0.322116,1.387379,,,,,v2,train,0,0.40
train,/root/leo_ws/src/leo_pybullet/worlds/benchmark_v2/train/world_easy_seed_000012.yaml,12,easy,3,4,7,False,6.2102,0.253438,-1.306867,-0.109712,-1.029723,4.320613,,,,,v2,train,0,0.40
train,/root/leo_ws/src/leo_pybullet/worlds/benchmark_v4_hard/train/world_hard_double_block_seed_300101.yaml,300101,hard,12,4,16,True,8.978,-2.10262,2.888181,-0.717418,2.8159,-2.031099,double_block,6.9564,1.2906,2,v4,train,0,0.45
train,/root/leo_ws/src/leo_pybullet/worlds/benchmark_v4_hard/train/world_hard_double_block_seed_300125.yaml,300125,hard,14,4,18,True,7.3472,-3.584071,1.380925,-0.931927,0.032517,-3.002445,double_block,5.6827,1.2929,2,v4,train,0,0.45
train,/root/leo_ws/src/leo_pybullet/worlds/benchmark_v3_curriculum/train/world_easy_clear_seed_000015.yaml,15,easy,1,4,5,False,5.7794,-4.106514,3.225676,0.053914,1.541481,3.03741,clear,5.6511,1.0227,,v3,train,general_replay,0.15
train,/root/leo_ws/src/leo_pybullet/worlds/benchmark_v2/train/world_hard_seed_000071.yaml,71,hard,10,4,14,True,7.6843,2.598168,-2.045101,-1.889551,-3.003367,2.232962,,,,,v2,train,general_replay,0.40
train,/root/leo_ws/src/leo_pybullet/worlds/benchmark_v4_hard/train/world_easy_double_block_seed_300045.yaml,300045,easy,5,4,9,True,6.2684,-0.802667,3.190272,-0.627614,3.657827,0.356596,double_block,5.2845,1.1862,2,v4,train,0,0.45
train,/root/leo_ws/src/leo_pybullet/worlds/benchmark_v2/train/world_easy_seed_000084.yaml,84,easy,4,4,8,False,7.0945,-1.159163,-3.042575,0.161006,3.888866,1.890364,,,,,v2,train,general_replay,0.40
train,/root/leo_ws/src/leo_pybullet/worlds/benchmark_v3_curriculum/train/world_medium_clear_seed_000043.yaml,43,medium,2,4,6,False,4.089,-1.938544,-2.704363,1.999064,-3.709981,0.673777,clear,3.8144,1.072,,v3,train,general_replay,0.15
train,/root/leo_ws/src/leo_pybullet/worlds/benchmark_v3_curriculum/train/world_easy_clear_seed_000063.yaml,63,easy,2,4,6,False,7.8888,1.373963,3.755156,-2.200117,-3.162242,-2.25398,clear,7.5291,1.0478,,v3,train,0,0.15
train,/root/leo_ws/src/leo_pybullet/worlds/benchmark_v2/train/world_medium_seed_000133.yaml,133,medium,8,4,12,True,5.2753,-1.545742,1.005632,1.216532,2.364414,3.321505,,,,,v2,train,general_replay,0.40
train,/root/leo_ws/src/leo_pybullet/worlds/benchmark_v4_hard/train/world_easy_direct_block_seed_300414.yaml,300414,easy,3,4,7,True,7.5461,-3.589263,-0.530405,0.724027,1.360294,3.773647,direct_block,6.5592,1.1505,1,v4_focused,train,1,focused_failure
train,/root/leo_ws/src/leo_pybullet/worlds/benchmark_v2/train/world_medium_seed_000289.yaml,289,medium,7,4,11,False,5.432,-2.732064,-0.496593,-0.688544,2.463349,-1.078097,,,,,v2,train,0,0.40
train,/root/leo_ws/src/leo_pybullet/worlds/benchmark_v4_hard/train/world_medium_double_block_seed_300316.yaml,300316,medium,9,4,13,True,8.1084,3.8198,2.613157,-2.126968,0.642127,-3.566803,double_block,6.9491,1.1668,2,v4_focused,train,0,focused_failure
train,/root/leo_ws/src/leo_pybullet/worlds/benchmark_v4_hard/train/world_hard_double_block_seed_300185.yaml,300185,hard,13,4,17,True,6.7678,2.124098,-2.524737,1.505628,2.833823,2.636366,double_block,5.2097,1.2991,2,v4,train,0,0.45
train,/root/leo_ws/src/leo_pybullet/worlds/benchmark_v4_hard/train/world_medium_direct_block_seed_300442.yaml,300442,medium,6,4,10,True,7.7004,-3.439389,-2.500143,1.54263,-2.94084,4.147867,direct_block,6.6667,1.1551,1,v4_focused,train,4,focused_failure
train,/root/leo_ws/src/leo_pybullet/worlds/benchmark_v2/train/world_medium_seed_000280.yaml,280,medium,7,4,11,True,4.2182,2.16386,-3.632354,-1.033826,3.612136,-0.417923,,,,,v2,train,general_replay,0.40
train,/root/leo_ws/src/leo_pybullet/worlds/benchmark_v4_hard/train/world_medium_double_block_seed_300328.yaml,300328,medium,9,4,13,True,9.4467,3.72618,-2.467903,2.183807,-0.96282,3.278956,double_block,7.4171,1.2736,2,v4,train,0,0.45
train,/root/leo_ws/src/leo_pybullet/worlds/benchmark_v2/train/world_medium_seed_000286.yaml,286,medium,8,4,12,True,4.6433,1.677095,-3.663675,-2.228648,-0.778365,-0.573012,,,,,v2,train,0,0.40
train,/root/leo_ws/src/leo_pybullet/worlds/benchmark_v2/train/world_medium_seed_000250.yaml,250,medium,8,4,12,True,5.529,-2.983063,1.491554,2.72721,1.767834,0.515493,,,,,v2,train,general_replay,0.40
train,/root/leo_ws/src/leo_pybullet/worlds/benchmark_v4_hard/train/world_easy_direct_block_seed_300270.yaml,300270,easy,3,4,7,True,5.5508,0.853604,3.864252,-2.067087,-1.433951,-0.047312,direct_block,4.5314,1.225,1,v4_focused,train,1,focused_failure
train,/root/leo_ws/src/leo_pybullet/worlds/benchmark_v4_hard/train/world_medium_double_block_seed_300121.yaml,300121,medium,6,4,10,True,6.009,-3.744695,3.849913,-1.053545,-1.098891,0.105765,double_block,4.5846,1.3107,2,v4_focused,train,2,focused_failure
train,/root/leo_ws/src/leo_pybullet/worlds/benchmark_v2/train/world_medium_seed_000214.yaml,214,medium,7,4,11,True,4.5496,1.22413,2.378138,-1.561168,3.55464,-0.79091,,,,,v2,train,general_replay,0.40
train,/root/leo_ws/src/leo_pybullet/worlds/benchmark_v4_hard/train/world_easy_direct_block_seed_300270.yaml,300270,easy,3,4,7,True,5.5508,0.853604,3.864252,-2.067087,-1.433951,-0.047312,direct_block,4.5314,1.225,1,v4_focused,train,3,focused_failure
train,/root/leo_ws/src/leo_pybullet/worlds/benchmark_v2/train/world_medium_seed_000055.yaml,55,medium,5,4,9,False,8.3976,-2.642653,4.340332,-1.986936,-1.716614,-3.656927,,,,,v2,train,0,0.40
train,/root/leo_ws/src/leo_pybullet/worlds/benchmark_v4_hard/train/world_easy_direct_block_seed_300066.yaml,300066,easy,5,4,9,True,7.689,1.626192,-4.165543,1.379986,2.593615,2.784766,direct_block,7.0173,1.0957,1,v4,train,0,0.45
train,/root/leo_ws/src/leo_pybullet/worlds/benchmark_v2/train/world_hard_seed_000005.yaml,5,hard,12,4,16,True,5.0433,-1.230741,1.656888,0.188746,2.971145,1.322676,,,,,v2,train,general_replay,0.40
train,/root/leo_ws/src/leo_pybullet/worlds/benchmark_v2/train/world_hard_seed_000272.yaml,272,hard,11,4,15,True,7.2729,-1.967071,0.961375,1.996445,3.800033,4.02328,,,,,v2,train,0,0.40
train,/root/leo_ws/src/leo_pybullet/worlds/benchmark_v4_hard/train/world_hard_double_block_seed_300140.yaml,300140,hard,14,4,18,True,8.8914,-1.572206,4.053908,-1.788993,-3.207402,-2.23734,double_block,6.5003,1.3678,2,v4_focused,train,6,focused_failure
train,/root/leo_ws/src/leo_pybullet/worlds/benchmark_v4_hard/train/world_hard_double_block_seed_300404.yaml,300404,hard,13,4,17,True,6.8227,-3.454225,-0.810531,-0.509579,0.902813,-4.035075,double_block,5.4205,1.2587,2,v4,train,0,0.45
train,/root/leo_ws/src/leo_pybullet/worlds/benchmark_v2/train/world_medium_seed_000220.yaml,220,medium,6,4,10,False,4.4857,-0.393711,1.917141,-1.092394,-0.745004,-2.448148,,,,,v2,train,0,0.40
train,/root/leo_ws/src/leo_pybullet/worlds/benchmark_v2/train/world_easy_seed_000171.yaml,171,easy,4,4,8,False,6.2112,-0.7494,4.321343,1.106538,2.835939,-0.328503,,,,,v2,train,0,0.40
train,/root/leo_ws/src/leo_pybullet/worlds/benchmark_v2/train/world_hard_seed_000008.yaml,8,hard,9,4,13,True,6.4616,2.707997,0.055335,-0.079155,-0.863821,-4.086445,,,,,v2,train,general_replay,0.40
train,/root/leo_ws/src/leo_pybullet/worlds/benchmark_v4_hard/train/world_medium_clear_seed_300127.yaml,300127,medium,6,4,10,False,5.209,2.41837,-3.73506,2.026277,0.701126,0.738158,clear,4.7915,1.0871,0,v4,train,0,0.45
train,/root/leo_ws/src/leo_pybullet/worlds/benchmark_v2/train/world_easy_seed_000282.yaml,282,easy,4,4,8,True,3.8571,1.440073,1.902614,-1.170973,3.116001,-1.069508,,,,,v2,train,0,0.40
train,/root/leo_ws/src/leo_pybullet/worlds/benchmark_v3_curriculum/train/world_hard_direct_block_seed_000077.yaml,77,hard,5,4,9,True,5.2284,-1.479798,-2.205805,-0.251529,2.741725,-3.271968,direct_block,4.3541,1.2008,,v3,train,0,0.15
train,/root/leo_ws/src/leo_pybullet/worlds/benchmark_v2/train/world_easy_seed_000240.yaml,240,easy,4,4,8,True,4.4251,3.952491,-1.601714,0.899178,1.03117,0.237881,,,,,v2,train,0,0.40
train,/root/leo_ws/src/leo_pybullet/worlds/benchmark_v4_hard/train/world_hard_double_block_seed_300257.yaml,300257,hard,12,4,16,True,8.7267,-2.235886,-0.347993,0.448119,4.078854,2.90771,double_block,7.1046,1.2283,2,v4,train,0,0.45
train,/root/leo_ws/src/leo_pybullet/worlds/benchmark_v3_curriculum/train/world_hard_direct_block_seed_000014.yaml,14,hard,4,4,8,True,5.1816,0.984968,2.169245,-1.702659,0.230451,-2.15105,direct_block,4.3857,1.1815,,v3,train,general_replay,0.15
train,/root/leo_ws/src/leo_pybullet/worlds/benchmark_v2/train/world_hard_seed_000251.yaml,251,hard,11,4,15,True,4.9051,2.036276,0.754467,-2.55532,-2.201248,1.831626,,,,,v2,train,general_replay,0.40
train,/root/leo_ws/src/leo_pybullet/worlds/benchmark_v4_hard/train/world_hard_clear_seed_300083.yaml,300083,hard,10,4,14,False,4.8857,0.851091,4.08972,-1.801495,0.41608,-0.594457,clear,4.7043,1.0386,0,v4,train,0,0.45
train,/root/leo_ws/src/leo_pybullet/worlds/benchmark_v2/train/world_easy_seed_000114.yaml,114,easy,2,4,6,False,9.0272,-1.42375,4.027769,0.11727,1.098706,-3.934801,,,,,v2,train,0,0.40
train,/root/leo_ws/src/leo_pybullet/worlds/benchmark_v4_hard/train/world_easy_double_block_seed_300381.yaml,300381,easy,5,4,9,True,6.1576,0.730153,-3.818305,2.970569,-4.01403,-2.368283,double_block,4.9608,1.2413,2,v4,train,0,0.45
train,/root/leo_ws/src/leo_pybullet/worlds/benchmark_v2/train/world_easy_seed_000270.yaml,270,easy,2,4,6,False,3.769,1.247615,-3.131133,-1.304682,3.008514,-0.143246,,,,,v2,train,0,0.40
train,/root/leo_ws/src/leo_pybullet/worlds/benchmark_v3_curriculum/train/world_easy_direct_block_seed_000246.yaml,246,easy,1,4,5,True,5.3496,0.141753,1.87519,-2.572875,-3.691815,-0.504445,direct_block,4.5121,1.1856,,v3,train,general_replay,0.15
train,/root/leo_ws/src/leo_pybullet/worlds/benchmark_v2/train/world_medium_seed_000205.yaml,205,medium,8,4,12,True,4.0251,-3.492753,3.008678,2.961053,-0.274374,1.780458,,,,,v2,train,0,0.40
train,/root/leo_ws/src/leo_pybullet/worlds/benchmark_v4_hard/train/world_easy_double_block_seed_300216.yaml,300216,easy,4,4,8,True,6.3096,3.049363,2.993162,-1.508449,3.825138,-2.530096,double_block,5.5775,1.1313,2,v4,train,0,0.45
train,/root/leo_ws/src/leo_pybullet/worlds/benchmark_v4_hard/train/world_hard_double_block_seed_300185.yaml,300185,hard,13,4,17,True,6.7678,2.124098,-2.524737,1.505628,2.833823,2.636366,double_block,5.2097,1.2991,2,v4_focused,train,1,focused_failure
train,/root/leo_ws/src/leo_pybullet/worlds/benchmark_v2/train/world_easy_seed_000093.yaml,93,easy,3,4,7,True,9.0614,1.93971,3.333268,-0.682229,-3.551264,-3.063959,,,,,v2,train,0,0.40
train,/root/leo_ws/src/leo_pybullet/worlds/benchmark_v2/train/world_medium_seed_000028.yaml,28,medium,5,4,9,False,5.5257,2.293819,-2.514982,2.860182,-3.094451,-2.932997,,,,,v2,train,general_replay,0.40
train,/root/leo_ws/src/leo_pybullet/worlds/benchmark_v4_hard/train/world_easy_direct_block_seed_300114.yaml,300114,easy,5,4,9,True,9.2753,-0.277073,-3.715742,1.895685,-2.832422,4.123087,direct_block,8.2448,1.125,1,v4_focused,train,0,focused_failure
train,/root/leo_ws/src/leo_pybullet/worlds/benchmark_v4_hard/train/world_hard_direct_block_seed_300218.yaml,300218,hard,11,4,15,True,6.4639,-2.628526,3.928482,-0.582664,1.554273,0.966147,direct_block,5.1255,1.2611,1,v4_focused,train,5,focused_failure
train,/root/leo_ws/src/leo_pybullet/worlds/benchmark_v4_hard/train/world_hard_direct_block_seed_300266.yaml,300266,hard,12,4,16,True,8.0867,-3.943967,2.225207,-0.687221,1.84248,-1.644813,direct_block,6.9613,1.1617,1,v4,train,0,0.45
train,/root/leo_ws/src/leo_pybullet/worlds/benchmark_v2/train/world_medium_seed_000187.yaml,187,medium,7,4,11,True,5.8594,2.643986,-3.015102,0.308546,2.639655,2.745056,,,,,v2,train,0,0.40
train,/root/leo_ws/src/leo_pybullet/worlds/benchmark_v2/train/world_easy_seed_000222.yaml,222,easy,2,4,6,True,6.5382,-1.6867,-4.09602,-0.368796,-2.409919,2.089777,,,,,v2,train,0,0.40
train,/root/leo_ws/src/leo_pybullet/worlds/benchmark_v2/train/world_medium_seed_000010.yaml,10,medium,5,4,9,True,6.409,0.679394,-2.556945,0.964296,2.725895,2.815223,,,,,v2,train,0,0.40
train,/root/leo_ws/src/leo_pybullet/worlds/benchmark_v3_curriculum/train/world_medium_direct_block_seed_000076.yaml,76,medium,3,4,7,True,5.7027,-0.312309,-0.938038,-0.587891,3.473233,-3.80149,direct_block,4.7465,1.2015,,v3,train,general_replay,0.15
train,/root/leo_ws/src/leo_pybullet/worlds/benchmark_v2/train/world_easy_seed_000012.yaml,12,easy,3,4,7,False,6.2102,0.253438,-1.306867,-0.109712,-1.029723,4.320613,,,,,v2,train,general_replay,0.40
train,/root/leo_ws/src/leo_pybullet/worlds/benchmark_v3_curriculum/train/world_medium_clear_seed_000007.yaml,7,medium,3,4,7,False,8.2523,-3.449895,0.703698,-0.496222,3.482485,-2.425065,clear,7.6057,1.085,,v3,train,0,0.15
train,/root/leo_ws/src/leo_pybullet/worlds/benchmark_v2/train/world_hard_seed_000230.yaml,230,hard,9,4,13,True,4.9027,3.821227,3.351985,1.670746,0.322116,1.387379,,,,,v2,train,general_replay,0.40
train,/root/leo_ws/src/leo_pybullet/worlds/benchmark_v2/train/world_hard_seed_000269.yaml,269,hard,8,4,12,True,5.1702,-1.415047,1.511471,1.778441,3.020152,3.003181,,,,,v2,train,general_replay,0.40
train,/root/leo_ws/src/leo_pybullet/worlds/benchmark_v4_hard/train/world_easy_double_block_seed_300444.yaml,300444,easy,5,4,9,True,6.8753,4.227507,-3.066449,1.957801,1.666259,2.399623,double_block,6.0364,1.139,2,v4,train,0,0.45
train,/root/leo_ws/src/leo_pybullet/worlds/benchmark_v2/train/world_medium_seed_000115.yaml,115,medium,7,4,11,True,9.4088,-3.363606,-3.373506,3.087839,2.212445,3.114626,,,,,v2,train,general_replay,0.40
train,/root/leo_ws/src/leo_pybullet/worlds/benchmark_v4_hard/train/world_easy_double_block_seed_300273.yaml,300273,easy,3,4,7,True,5.4902,-0.707373,-1.394366,1.506411,-0.001889,3.115972,double_block,4.5652,1.2026,2,v4,train,0,0.45
train,/root/leo_ws/src/leo_pybullet/worlds/benchmark_v4_hard/train/world_easy_double_block_seed_300093.yaml,300093,easy,5,4,9,True,5.9508,-3.615083,-0.606543,1.093115,-1.236721,3.556865,double_block,4.7948,1.2411,2,v4_focused,train,4,focused_failure
train,/root/leo_ws/src/leo_pybullet/worlds/benchmark_v4_hard/train/world_hard_double_block_seed_300257.yaml,300257,hard,12,4,16,True,8.7267,-2.235886,-0.347993,0.448119,4.078854,2.90771,double_block,7.1046,1.2283,2,v4,train,0,0.45
train,/root/leo_ws/src/leo_pybullet/worlds/benchmark_v2/train/world_medium_seed_000133.yaml,133,medium,8,4,12,True,5.2753,-1.545742,1.005632,1.216532,2.364414,3.321505,,,,,v2,train,general_replay,0.40
train,/root/leo_ws/src/leo_pybullet/worlds/benchmark_v2/train/world_hard_seed_000239.yaml,239,hard,8,4,12,True,5.921,1.832008,-0.72274,-0.576018,-0.555923,4.170043,,,,,v2,train,0,0.40
train,/root/leo_ws/src/leo_pybullet/worlds/benchmark_v2/train/world_easy_seed_000054.yaml,54,easy,2,4,6,False,6.5027,-1.758046,3.391583,-1.067692,-0.108458,-2.444687,,,,,v2,train,general_replay,0.40
train,/root/leo_ws/src/leo_pybullet/worlds/benchmark_v4_hard/train/world_hard_double_block_seed_300380.yaml,300380,hard,11,4,15,True,6.409,-3.422224,2.123096,0.069779,1.227689,1.870886,double_block,4.6567,1.3763,2,v4_focused,train,1,focused_failure
train,/root/leo_ws/src/leo_pybullet/worlds/benchmark_v4_hard/train/world_hard_direct_block_seed_300110.yaml,300110,hard,12,4,16,True,5.7245,0.391462,-3.257272,1.029937,2.312919,1.104611,direct_block,4.7663,1.201,1,v4,train,0,0.45
train,/root/leo_ws/src/leo_pybullet/worlds/benchmark_v2/train/world_easy_seed_000267.yaml,267,easy,2,4,6,True,10.0294,3.995673,4.079568,2.128513,-4.259099,-0.271377,,,,,v2,train,general_replay,0.40
train,/root/leo_ws/src/leo_pybullet/worlds/benchmark_v3_curriculum/train/world_easy_direct_block_seed_000252.yaml,252,easy,1,4,5,True,7.4102,3.879259,-1.768304,-3.060067,-3.010919,-2.598391,direct_block,6.94,1.0678,,v3,train,0,0.15
train,/root/leo_ws/src/leo_pybullet/worlds/benchmark_v4_hard/train/world_hard_double_block_seed_300260.yaml,300260,hard,12,4,16,True,6.5771,2.406301,-3.928157,2.290169,-1.388469,-0.497805,double_block,5.1154,1.2857,2,v4_focused,train,1,focused_failure
train,/root/leo_ws/src/leo_pybullet/worlds/benchmark_v2/train/world_hard_seed_000236.yaml,236,hard,10,4,14,True,6.2708,2.020682,-3.656579,-1.240893,1.814623,2.199378,,,,,v2,train,general_replay,0.40
train,/root/leo_ws/src/leo_pybullet/worlds/benchmark_v2/train/world_easy_seed_000273.yaml,273,easy,2,4,6,False,4.0616,3.796823,-0.921352,2.596601,1.691135,2.266368,,,,,v2,train,0,0.40
train,/root/leo_ws/src/leo_pybullet/worlds/benchmark_v2/train/world_medium_seed_000277.yaml,277,medium,5,4,9,False,5.7278,-2.463068,-4.004226,0.759679,-0.223675,0.769808,,,,,v2,train,general_replay,0.40
train,/root/leo_ws/src/leo_pybullet/worlds/benchmark_v3_curriculum/train/world_medium_clear_seed_000283.yaml,283,medium,4,4,8,False,7.5976,-4.073141,2.988278,0.1287,3.173667,3.982929,clear,7.3147,1.0387,,v3,train,0,0.15
train,/root/leo_ws/src/leo_pybullet/worlds/benchmark_v2/train/world_medium_seed_000118.yaml,118,medium,6,4,10,True,6.8422,1.762792,-1.792831,-2.976257,-4.193487,-1.461864,,,,,v2,train,general_replay,0.40
train,/root/leo_ws/src/leo_pybullet/worlds/benchmark_v2/train/world_medium_seed_000193.yaml,193,medium,8,4,12,False,4.649,2.292012,4.103263,-1.720006,0.506214,0.226483,,,,,v2,train,0,0.40
train,/root/leo_ws/src/leo_pybullet/worlds/benchmark_v2/train/world_hard_seed_000083.yaml,83,hard,11,4,15,True,8.7243,-0.348696,-3.235424,-1.808217,-4.050725,3.933775,,,,,v2,train,general_replay,0.40
train,/root/leo_ws/src/leo_pybullet/worlds/benchmark_v4_hard/train/world_hard_direct_block_seed_300398.yaml,300398,hard,10,4,14,True,5.6971,-2.032616,0.426662,0.79411,0.773182,4.011763,direct_block,4.5525,1.2514,1,v4_focused,train,4,focused_failure
train,/root/leo_ws/src/leo_pybullet/worlds/benchmark_v2/train/world_hard_seed_000284.yaml,284,hard,8,4,12,True,3.7051,-1.137015,3.220841,-2.25536,-1.753965,0.021991,,,,,v2,train,0,0.40
train,/root/leo_ws/src/leo_pybullet/worlds/benchmark_v2/train/world_medium_seed_000031.yaml,31,medium,5,4,9,True,10.1402,2.296599,-3.124559,0.221244,-3.973567,3.917327,,,,,v2,train,0,0.40
train,/root/leo_ws/src/leo_pybullet/worlds/benchmark_v4_hard/train/world_medium_direct_block_seed_300214.yaml,300214,medium,8,4,12,True,7.8467,-3.986708,3.670974,-0.615472,1.790169,-0.021644,direct_block,6.8562,1.1445,1,v4,train,0,0.45
train,/root/leo_ws/src/leo_pybullet/worlds/benchmark_v2/train/world_medium_seed_000148.yaml,148,medium,8,4,12,False,4.392,2.569317,3.322369,-0.94446,3.135368,-0.818855,,,,,v2,train,general_replay,0.40
train,/root/leo_ws/src/leo_pybullet/worlds/benchmark_v2/train/world_medium_seed_000229.yaml,229,medium,6,4,10,True,6.1245,0.992449,3.654673,0.046328,-0.051133,-1.777398,,,,,v2,train,general_replay,0.40
train,/root/leo_ws/src/leo_pybullet/worlds/benchmark_v2/train/world_hard_seed_000197.yaml,197,hard,12,4,16,True,7.6729,-2.929133,1.661703,-0.096705,0.72338,-4.010067,,,,,v2,train,general_replay,0.40
train,/root/leo_ws/src/leo_pybullet/worlds/benchmark_v2/train/world_easy_seed_000276.yaml,276,easy,3,4,7,True,5.1233,3.826328,2.573258,-3.116715,2.414461,-1.979969,,,,,v2,train,general_replay,0.40
train,/root/leo_ws/src/leo_pybullet/worlds/benchmark_v4_hard/train/world_medium_direct_block_seed_300034.yaml,300034,medium,7,4,11,True,6.249,-3.400599,1.16511,-1.066889,-0.796985,-3.488118,direct_block,5.3321,1.172,1,v4,train,0,0.45
train,/root/leo_ws/src/leo_pybullet/worlds/benchmark_v4_hard/train/world_medium_double_block_seed_300229.yaml,300229,medium,6,4,10,True,9.5016,-2.389461,-4.103256,1.592891,-2.979923,4.065994,double_block,8.1906,1.1601,2,v4_focused,train,0,focused_failure
train,/root/leo_ws/src/leo_pybullet/worlds/benchmark_v4_hard/train/world_medium_double_block_seed_300409.yaml,300409,medium,6,4,10,True,8.7541,-2.855317,-1.134881,0.417964,3.650505,2.53426,double_block,7.4692,1.172,2,v4,train,0,0.45
train,/root/leo_ws/src/leo_pybullet/worlds/benchmark_v2/train/world_medium_seed_000100.yaml,100,medium,6,4,10,True,5.5096,3.929944,-2.829697,0.043134,-0.930607,-1.307289,,,,,v2,train,general_replay,0.40
train,/root/leo_ws/src/leo_pybullet/worlds/benchmark_v2/train/world_medium_seed_000217.yaml,217,medium,7,4,11,True,8.3437,1.869878,-2.510475,-1.33469,-3.636295,2.631522,,,,,v2,train,general_replay,0.40
train,/root/leo_ws/src/leo_pybullet/worlds/benchmark_v4_hard/train/world_medium_double_block_seed_300013.yaml,300013,medium,6,4,10,True,6.4914,-1.963352,0.879017,-1.177049,-0.245607,-4.089718,double_block,5.2573,1.2347,2,v4,train,0,0.45
train,/root/leo_ws/src/leo_pybullet/worlds/benchmark_v4_hard/train/world_easy_clear_seed_300063.yaml,300063,easy,5,4,9,False,6.7953,1.665696,-3.110964,1.270275,3.57796,2.936814,clear,6.3429,1.0713,0,v4,train,0,0.45
train,/root/leo_ws/src/leo_pybullet/worlds/benchmark_v2/train/world_medium_seed_000121.yaml,121,medium,5,4,9,True,6.7096,3.248229,1.09372,-2.027613,-2.814889,2.601902,,,,,v2,train,general_replay,0.40
train,/root/leo_ws/src/leo_pybullet/worlds/benchmark_v4_hard/train/world_hard_double_block_seed_300428.yaml,300428,hard,10,4,14,True,7.8935,-0.68913,-3.532512,1.700054,-1.081193,3.215711,double_block,6.7596,1.1677,2,v4_focused,train,0,focused_failure
train,/root/leo_ws/src/leo_pybullet/worlds/benchmark_v2/train/world_hard_seed_000278.yaml,278,hard,10,4,14,True,6.6078,-3.993465,1.168918,-0.264691,1.575829,-1.213658,,,,,v2,train,0,0.40
train,/root/leo_ws/src/leo_pybullet/worlds/benchmark_v3_curriculum/train/world_hard_direct_block_seed_000062.yaml,62,hard,6,4,10,True,5.1953,-2.779271,4.000346,-1.373425,-2.226075,-0.299608,direct_block,4.3354,1.1983,,v3,train,0,0.15
train,/root/leo_ws/src/leo_pybullet/worlds/benchmark_v2/train/world_hard_seed_000056.yaml,56,hard,12,4,16,True,6.0365,1.331993,-1.730073,1.302729,0.371721,3.749422,,,,,v2,train,0,0.40
train,/root/leo_ws/src/leo_pybullet/worlds/benchmark_v2/train/world_medium_seed_000025.yaml,25,medium,8,4,12,True,8.2078,-0.229928,3.114975,0.406758,2.239243,-4.047936,,,,,v2,train,general_replay,0.40
train,/root/leo_ws/src/leo_pybullet/worlds/benchmark_v3_curriculum/train/world_hard_clear_seed_000251.yaml,251,hard,5,4,9,False,7.922,-3.935678,3.509757,-0.747857,2.054478,-1.171958,clear,7.6027,1.042,,v3,train,general_replay,0.15
train,/root/leo_ws/src/leo_pybullet/worlds/benchmark_v4_hard/train/world_hard_direct_block_seed_300014.yaml,300014,hard,12,4,16,True,7.8239,-1.483921,-3.582866,1.75184,-2.614877,2.509943,direct_block,6.1969,1.2626,1,v4,train,0,0.45
train,/root/leo_ws/src/leo_pybullet/worlds/benchmark_v2/train/world_hard_seed_000014.yaml,14,hard,8,4,12,True,5.2947,2.220286,0.235874,-1.313085,-2.201663,2.045647,,,,,v2,train,0,0.40
train,/root/leo_ws/src/leo_pybullet/worlds/benchmark_v4_hard/train/world_medium_double_block_seed_300361.yaml,300361,medium,8,4,12,True,6.9278,-2.571117,-3.718554,0.270467,2.554873,-2.161543,double_block,5.3572,1.2932,2,v4_focused,train,1,focused_failure
train,/root/leo_ws/src/leo_pybullet/worlds/benchmark_v4_hard/train/world_easy_clear_seed_300243.yaml,300243,easy,4,4,8,False,7.3918,-2.257092,-1.086948,0.584499,3.754915,2.281656,clear,6.8914,1.0726,0,v4_focused,train,1,focused_failure
train,/root/leo_ws/src/leo_pybullet/worlds/benchmark_v2/train/world_easy_seed_000090.yaml,90,easy,2,4,6,False,3.3165,-0.165051,0.649063,1.91622,-1.654739,3.361953,,,,,v2,train,0,0.40
train,/root/leo_ws/src/leo_pybullet/worlds/benchmark_v4_hard/train/world_hard_direct_block_seed_300422.yaml,300422,hard,14,4,18,True,9.6308,3.641206,-1.554605,2.349412,-1.751244,2.711283,direct_block,6.8758,1.4007,1,v4,train,0,0.45
train,/root/leo_ws/src/leo_pybullet/worlds/benchmark_v4_hard/train/world_medium_double_block_seed_300061.yaml,300061,medium,6,4,10,True,6.2765,3.805869,3.36133,-1.561784,4.044949,-1.399561,double_block,4.7669,1.3167,2,v4_focused,train,3,focused_failure
train,/root/leo_ws/src/leo_pybullet/worlds/benchmark_v2/train/world_easy_seed_000246.yaml,246,easy,2,4,6,False,5.4741,1.919312,-3.778681,-1.043088,-0.516314,0.657509,,,,,v2,train,general_replay,0.40
train,/root/leo_ws/src/leo_pybullet/worlds/benchmark_v4_hard/train/world_hard_double_block_seed_300377.yaml,300377,hard,14,4,18,True,9.5049,1.499979,-3.56036,1.343737,3.369602,3.502599,double_block,7.3062,1.3009,2,v4_focused,train,2,focused_failure
train,/root/leo_ws/src/leo_pybullet/worlds/benchmark_v2/train/world_hard_seed_000074.yaml,74,hard,12,4,16,True,7.8661,-3.361586,-3.300649,2.724692,-1.660645,3.26609,,,,,v2,train,general_replay,0.40
train,/root/leo_ws/src/leo_pybullet/worlds/benchmark_v4_hard/train/world_hard_double_block_seed_300065.yaml,300065,hard,14,4,18,True,8.3096,-3.589928,-2.524051,0.652105,1.813146,1.323968,double_block,6.6333,1.2527,2,v4,train,0,0.45
train,/root/leo_ws/src/leo_pybullet/worlds/benchmark_v2/train/world_easy_seed_000279.yaml,279,easy,3,4,7,True,7.8159,-1.723002,-3.044742,-2.551202,-0.043271,4.078771,,,,,v2,train,0,0.40
train,/root/leo_ws/src/leo_pybullet/worlds/benchmark_v2/train/world_medium_seed_000268.yaml,268,medium,7,4,11,True,5.0822,-0.693183,-3.295781,2.574473,-2.831802,0.655443,,,,,v2,train,0,0.40
train,/root/leo_ws/src/leo_pybullet/worlds/benchmark_v4_hard/train/world_easy_clear_seed_300399.yaml,300399,easy,3,4,7,False,5.1267,-3.56105,-1.377099,-0.587177,0.439169,-4.138316,clear,4.8607,1.0547,0,v4,train,0,0.45
train,/root/leo_ws/src/leo_pybullet/worlds/benchmark_v2/train/world_easy_seed_000216.yaml,216,easy,2,4,6,False,3.2445,1.809956,-0.207607,-1.505721,-1.065878,0.66986,,,,,v2,train,0,0.40
train,/root/leo_ws/src/leo_pybullet/worlds/benchmark_v2/train/world_medium_seed_000004.yaml,4,medium,6,4,10,True,7.5518,1.924587,-0.183758,0.310401,-3.566128,-4.177591,,,,,v2,train,0,0.40
train,/root/leo_ws/src/leo_pybullet/worlds/benchmark_v3_curriculum/train/world_easy_direct_block_seed_000057.yaml,57,easy,1,4,5,True,5.3084,-1.080961,-0.865421,2.085126,-3.324947,3.247105,direct_block,4.6849,1.1331,,v3,train,0,0.15
train,/root/leo_ws/src/leo_pybullet/worlds/benchmark_v3_curriculum/train/world_hard_direct_block_seed_000104.yaml,104,hard,4,4,8,True,7.3941,3.160841,1.971195,-2.547227,-2.31521,-1.43954,direct_block,6.4514,1.1461,,v3,train,0,0.15
train,/root/leo_ws/src/leo_pybullet/worlds/benchmark_v2/train/world_easy_seed_000090.yaml,90,easy,2,4,6,False,3.3165,-0.165051,0.649063,1.91622,-1.654739,3.361953,,,,,v2,train,0,0.40
train,/root/leo_ws/src/leo_pybullet/worlds/benchmark_v4_hard/train/world_hard_direct_block_seed_300386.yaml,300386,hard,12,4,16,True,11.4604,-4.094212,2.217938,-1.258433,-2.791234,-2.699095,direct_block,5.0867,2.253,1,v4,train,0,0.45
train,/root/leo_ws/src/leo_pybullet/worlds/benchmark_v2/train/world_easy_seed_000000.yaml,0,easy,3,4,7,False,3.6672,2.469048,-1.711179,2.564249,-0.203606,0.725424,,,,,v2,train,general_replay,0.40
train,/root/leo_ws/src/leo_pybullet/worlds/benchmark_v4_hard/train/world_easy_double_block_seed_300336.yaml,300336,easy,5,4,9,True,8.7986,-1.800723,-1.407453,0.709038,3.848541,3.675092,double_block,7.5991,1.1578,2,v4,train,0,0.45
train,/root/leo_ws/src/leo_pybullet/worlds/benchmark_v2/train/world_medium_seed_000298.yaml,298,medium,6,4,10,True,3.8571,-0.334908,3.648232,-3.059032,1.056042,0.5281,,,,,v2,train,0,0.40
train,/root/leo_ws/src/leo_pybullet/worlds/benchmark_v2/train/world_medium_seed_000121.yaml,121,medium,5,4,9,True,6.7096,3.248229,1.09372,-2.027613,-2.814889,2.601902,,,,,v2,train,0,0.40
train,/root/leo_ws/src/leo_pybullet/worlds/benchmark_v2/train/world_easy_seed_000018.yaml,18,easy,2,4,6,True,6.1198,-0.445218,-2.266383,-1.991932,3.931642,1.115233,,,,,v2,train,general_replay,0.40
train,/root/leo_ws/src/leo_pybullet/worlds/benchmark_v3_curriculum/train/world_easy_direct_block_seed_000258.yaml,258,easy,1,4,5,True,7.5655,3.179651,-4.245185,2.344065,-1.239279,0.721035,direct_block,6.6476,1.1381,,v3,train,0,0.15
train,/root/leo_ws/src/leo_pybullet/worlds/benchmark_v4_hard/train/world_hard_direct_block_seed_300002.yaml,300002,hard,13,4,17,True,9.2488,2.902352,-0.636278,2.835087,-3.725977,1.140693,direct_block,6.8624,1.3478,1,v4,train,0,0.45
train,/root/leo_ws/src/leo_pybullet/worlds/benchmark_v2/train/world_easy_seed_000162.yaml,162,easy,2,4,6,False,9.9688,4.140818,3.989934,-2.403317,-0.434715,-4.123341,,,,,v2,train,0,0.40
train,/root/leo_ws/src/leo_pybullet/worlds/benchmark_v2/train/world_easy_seed_000207.yaml,207,easy,4,4,8,True,8.4971,0.929381,3.856156,2.84212,2.106419,-4.138942,,,,,v2,train,0,0.40
train,/root/leo_ws/src/leo_pybullet/worlds/benchmark_v4_hard/train/world_hard_double_block_seed_300320.yaml,300320,hard,10,4,14,True,6.249,-3.188457,3.524792,-1.01564,-0.650338,-0.432942,double_block,4.7017,1.3291,2,v4_focused,train,4,focused_failure
train,/root/leo_ws/src/leo_pybullet/worlds/benchmark_v3_curriculum/train/world_easy_clear_seed_000015.yaml,15,easy,1,4,5,False,5.7794,-4.106514,3.225676,0.053914,1.541481,3.03741,clear,5.6511,1.0227,,v3,train,0,0.15
train,/root/leo_ws/src/leo_pybullet/worlds/benchmark_v4_hard/train/world_hard_double_block_seed_300416.yaml,300416,hard,11,4,15,True,6.0365,1.219382,-3.248094,-3.11144,-3.253832,-3.749835,double_block,4.5013,1.3411,2,v4,train,0,0.45
train,/root/leo_ws/src/leo_pybullet/worlds/benchmark_v2/train/world_hard_seed_000143.yaml,143,hard,9,4,13,False,5.129,-3.951393,-2.383117,-0.031762,-2.222678,2.0279,,,,,v2,train,0,0.40
train,/root/leo_ws/src/leo_pybullet/worlds/benchmark_v2/train/world_hard_seed_000014.yaml,14,hard,8,4,12,True,5.2947,2.220286,0.235874,-1.313085,-2.201663,2.045647,,,,,v2,train,0,0.40
train,/root/leo_ws/src/leo_pybullet/worlds/benchmark_v2/train/world_hard_seed_000293.yaml,293,hard,11,4,15,True,7.4216,3.84937,3.090786,2.074978,3.879508,-3.47526,,,,,v2,train,0,0.40
train,/root/leo_ws/src/leo_pybullet/worlds/benchmark_v2/train/world_medium_seed_000172.yaml,172,medium,7,4,11,True,4.9576,0.535862,2.824259,2.153289,-2.525626,2.094718,,,,,v2,train,0,0.40
train,/root/leo_ws/src/leo_pybullet/worlds/benchmark_v4_hard/train/world_hard_double_block_seed_300056.yaml,300056,hard,12,4,16,True,7.6227,-1.630143,4.243983,-1.809857,-3.266632,-1.42817,double_block,5.9035,1.2912,2,v4_focused,train,1,focused_failure
train,/root/leo_ws/src/leo_pybullet/worlds/benchmark_v3_curriculum/train/world_easy_direct_block_seed_000132.yaml,132,easy,2,4,6,True,6.5884,-3.208598,2.350491,-0.374745,2.486912,0.394608,direct_block,6.022,1.0941,,v3,train,general_replay,0.15
train,/root/leo_ws/src/leo_pybullet/worlds/benchmark_v3_curriculum/train/world_hard_clear_seed_000191.yaml,191,hard,6,4,10,False,7.121,2.440057,3.157015,-1.948115,0.113096,-3.017626,clear,6.5986,1.0792,,v3,train,general_replay,0.15
train,/root/leo_ws/src/leo_pybullet/worlds/benchmark_v4_hard/train/world_medium_direct_block_seed_300130.yaml,300130,medium,6,4,10,True,6.4914,-1.606356,-2.476793,1.814494,-2.716446,3.195543,direct_block,5.7799,1.1231,1,v4_focused,train,0,focused_failure
train,/root/leo_ws/src/leo_pybullet/worlds/benchmark_v3_curriculum/train/world_medium_clear_seed_000031.yaml,31,medium,2,4,6,False,7.3198,-0.258585,2.243803,-1.920134,-3.05273,-3.88222,clear,6.7332,1.0871,,v3,train,0,0.15
train,/root/leo_ws/src/leo_pybullet/worlds/benchmark_v4_hard/train/world_medium_clear_seed_300055.yaml,300055,medium,9,4,13,False,5.0523,-2.520326,2.794128,-0.751506,0.608838,-1.024865,clear,4.9372,1.0233,0,v4,train,0,0.45
train,/root/leo_ws/src/leo_pybullet/worlds/benchmark_v4_hard/train/world_medium_direct_block_seed_300094.yaml,300094,medium,9,4,13,True,7.9186,-3.258769,2.682181,0.129422,3.268026,3.921574,direct_block,6.6434,1.1919,1,v4_focused,train,0,focused_failure
train,/root/leo_ws/src/leo_pybullet/worlds/benchmark_v4_hard/train/world_hard_double_block_seed_300077.yaml,300077,hard,12,4,16,True,6.5027,-2.463709,2.378015,-1.77945,-3.384729,-2.180983,double_block,4.6511,1.3981,2,v4,train,0,0.45
train,/root/leo_ws/src/leo_pybullet/worlds/benchmark_v4_hard/train/world_easy_direct_block_seed_300258.yaml,300258,easy,4,4,8,True,6.6239,-3.573493,-1.731173,1.25198,-2.426498,4.152867,direct_block,5.9948,1.1049,1,v4_focused,train,1,focused_failure
train,/root/leo_ws/src/leo_pybullet/worlds/benchmark_v2/train/world_easy_seed_000198.yaml,198,easy,2,4,6,True,5.2422,-0.169828,1.484774,0.190295,4.243085,-0.377086,,,,,v2,train,general_replay,0.40
train,/root/leo_ws/src/leo_pybullet/worlds/benchmark_v3_curriculum/train/world_medium_direct_block_seed_000217.yaml,217,medium,3,4,7,True,5.0159,-1.965235,-1.49572,0.211774,2.290075,-0.645756,direct_block,4.3394,1.1559,,v3,train,general_replay,0.15
train,/root/leo_ws/src/leo_pybullet/worlds/benchmark_v4_hard/train/world_hard_double_block_seed_300320.yaml,300320,hard,10,4,14,True,6.249,-3.188457,3.524792,-1.01564,-0.650338,-0.432942,double_block,4.7017,1.3291,2,v4,train,0,0.45
train,/root/leo_ws/src/leo_pybullet/worlds/benchmark_v4_hard/train/world_hard_direct_block_seed_300158.yaml,300158,hard,11,4,15,True,7.2971,-1.246284,3.711189,-1.118784,1.104476,-1.95566,direct_block,6.1351,1.1894,1,v4,train,0,0.45
train,/root/leo_ws/src/leo_pybullet/worlds/benchmark_v4_hard/train/world_hard_direct_block_seed_300146.yaml,300146,hard,12,4,16,True,6.8833,-3.324829,2.759521,-1.069041,-0.782746,-2.396001,direct_block,5.7482,1.1975,1,v4,train,0,0.45
train,/root/leo_ws/src/leo_pybullet/worlds/benchmark_v2/train/world_easy_seed_000294.yaml,294,easy,2,4,6,True,8.009,3.727268,3.64457,0.431022,-3.55915,1.86193,,,,,v2,train,0,0.40
train,/root/leo_ws/src/leo_pybullet/worlds/benchmark_v2/train/world_hard_seed_000017.yaml,17,hard,12,4,16,True,3.8102,-1.710216,-1.169076,0.252492,-2.830212,1.78474,,,,,v2,train,0,0.40
train,/root/leo_ws/src/leo_pybullet/worlds/benchmark_v2/train/world_medium_seed_000127.yaml,127,medium,5,4,9,False,6.8682,0.700322,2.805823,-1.865928,-4.14497,-2.016573,,,,,v2,train,0,0.40
train,/root/leo_ws/src/leo_pybullet/worlds/benchmark_v4_hard/train/world_easy_double_block_seed_300321.yaml,300321,easy,5,4,9,True,6.5335,-1.14505,2.474241,-0.514326,3.523579,0.020013,double_block,5.2744,1.2387,2,v4_focused,train,5,focused_failure
train,/root/leo_ws/src/leo_pybullet/worlds/benchmark_v4_hard/train/world_hard_direct_block_seed_300038.yaml,300038,hard,10,4,14,True,9.2318,0.834868,3.973613,-1.629526,-0.663242,-3.508577,direct_block,7.6307,1.2098,1,v4_focused,train,2,focused_failure
train,/root/leo_ws/src/leo_pybullet/worlds/benchmark_v2/train/world_hard_seed_000110.yaml,110,hard,11,4,15,True,8.7096,-4.236895,3.412636,-1.688074,3.908494,2.549014,,,,,v2,train,general_replay,0.40
train,/root/leo_ws/src/leo_pybullet/worlds/benchmark_v3_curriculum/train/world_medium_direct_block_seed_000280.yaml,280,medium,3,4,7,True,4.8445,-0.408315,-1.398577,-0.772967,2.193342,-4.093392,direct_block,3.7458,1.2933,,v3,train,0,0.15
train,/root/leo_ws/src/leo_pybullet/worlds/benchmark_v2/train/world_hard_seed_000101.yaml,101,hard,12,4,16,True,7.4329,3.552888,0.341276,0.022119,-1.22953,-3.927867,,,,,v2,train,general_replay,0.40
train,/root/leo_ws/src/leo_pybullet/worlds/benchmark_v2/train/world_hard_seed_000104.yaml,104,hard,8,4,12,True,6.2135,2.017576,-2.369685,1.927112,-1.473412,1.860152,,,,,v2,train,general_replay,0.40
train,/root/leo_ws/src/leo_pybullet/worlds/benchmark_v3_curriculum/train/world_medium_direct_block_seed_000136.yaml,136,medium,4,4,8,True,6.6353,1.749716,-3.992448,1.388409,2.875704,1.85398,direct_block,5.9539,1.1144,,v3,train,0,0.15
train,/root/leo_ws/src/leo_pybullet/worlds/benchmark_v4_hard/train/world_hard_double_block_seed_300389.yaml,300389,hard,12,4,16,True,9.9872,2.325666,-3.909213,2.394885,-2.682148,0.759285,double_block,6.8464,1.4588,2,v4,train,0,0.45
train,/root/leo_ws/src/leo_pybullet/worlds/benchmark_v3_curriculum/train/world_hard_clear_seed_000167.yaml,167,hard,4,4,8,False,6.1851,-2.655272,-4.065482,0.10972,3.201402,-3.430772,clear,5.891,1.0499,,v3,train,general_replay,0.15
train,/root/leo_ws/src/leo_pybullet/worlds/benchmark_v3_curriculum/train/world_hard_direct_block_seed_000221.yaml,221,hard,4,4,8,True,6.4422,3.319634,2.275372,-1.487305,3.707567,-3.360004,direct_block,5.6487,1.1405,,v3,train,general_replay,0.15
train,/root/leo_ws/src/leo_pybullet/worlds/benchmark_v4_hard/train/world_medium_direct_block_seed_300178.yaml,300178,medium,7,4,11,True,5.8627,-0.091554,-1.231538,1.137417,1.537904,3.596371,direct_block,5.0955,1.1506,1,v4,train,0,0.45
train,/root/leo_ws/src/leo_pybullet/worlds/benchmark_v2/train/world_hard_seed_000272.yaml,272,hard,11,4,15,True,7.2729,-1.967071,0.961375,1.996445,3.800033,4.02328,,,,,v2,train,general_replay,0.40
train,/root/leo_ws/src/leo_pybullet/worlds/benchmark_v2/train/world_easy_seed_000201.yaml,201,easy,2,4,6,False,4.0171,1.585062,1.050246,0.37179,-1.994877,-0.154908,,,,,v2,train,0,0.40
train,/root/leo_ws/src/leo_pybullet/worlds/benchmark_v2/train/world_hard_seed_000053.yaml,53,hard,12,4,16,False,5.2398,-1.21186,-0.394614,2.584388,-4.078423,3.733042,,,,,v2,train,0,0.40
train,/root/leo_ws/src/leo_pybullet/worlds/benchmark_v2/train/world_medium_seed_000097.yaml,97,medium,6,4,10,True,8.1496,4.307791,3.62746,-3.003251,2.755302,-3.906776,,,,,v2,train,general_replay,0.40
train,/root/leo_ws/src/leo_pybullet/worlds/benchmark_v2/train/world_medium_seed_000130.yaml,130,medium,8,4,12,True,7.2502,2.094949,2.590202,-1.633546,1.281031,-4.15915,,,,,v2,train,0,0.40
train,/root/leo_ws/src/leo_pybullet/worlds/benchmark_v2/train/world_hard_seed_000203.yaml,203,hard,8,4,12,True,4.5108,-0.068701,3.682327,2.993882,-4.099098,4.287119,,,,,v2,train,general_replay,0.40
train,/root/leo_ws/src/leo_pybullet/worlds/benchmark_v4_hard/train/world_hard_direct_block_seed_300350.yaml,300350,hard,13,4,17,True,7.6147,0.697796,-2.353788,2.059779,-2.516427,3.340831,direct_block,6.5391,1.1645,1,v4_focused,train,3,focused_failure
train,/root/leo_ws/src/leo_pybullet/worlds/benchmark_v4_hard/train/world_hard_direct_block_seed_300014.yaml,300014,hard,12,4,16,True,7.8239,-1.483921,-3.582866,1.75184,-2.614877,2.509943,direct_block,6.1969,1.2626,1,v4_focused,train,6,focused_failure
train,/root/leo_ws/src/leo_pybullet/worlds/benchmark_v4_hard/train/world_hard_clear_seed_300431.yaml,300431,hard,14,4,18,False,6.9359,1.665472,-3.722341,1.971314,-0.040645,2.532407,clear,6.4833,1.0698,0,v4,train,0,0.45
train,/root/leo_ws/src/leo_pybullet/worlds/benchmark_v2/train/world_hard_seed_000167.yaml,167,hard,9,4,13,True,6.7929,-1.493751,-1.537085,-2.6199,3.165281,2.094388,,,,,v2,train,general_replay,0.40
train,/root/leo_ws/src/leo_pybullet/worlds/benchmark_v2/train/world_hard_seed_000281.yaml,281,hard,8,4,12,True,4.6959,-3.331458,-0.488244,2.861884,0.060982,-2.185812,,,,,v2,train,general_replay,0.40
train,/root/leo_ws/src/leo_pybullet/worlds/benchmark_v4_hard/train/world_hard_double_block_seed_300233.yaml,300233,hard,13,4,17,True,7.049,0.080284,1.265958,-0.77763,4.121935,-2.829653,double_block,5.754,1.2251,2,v4,train,0,0.45
train,/root/leo_ws/src/leo_pybullet/worlds/benchmark_v2/train/world_hard_seed_000056.yaml,56,hard,12,4,16,True,6.0365,1.331993,-1.730073,1.302729,0.371721,3.749422,,,,,v2,train,0,0.40
train,/root/leo_ws/src/leo_pybullet/worlds/benchmark_v2/train/world_easy_seed_000213.yaml,213,easy,2,4,6,True,7.1678,-1.87745,-2.7067,-2.13554,0.367938,3.588455,,,,,v2,train,0,0.40
train,/root/leo_ws/src/leo_pybullet/worlds/benchmark_v4_hard/train/world_medium_direct_block_seed_300178.yaml,300178,medium,7,4,11,True,5.8627,-0.091554,-1.231538,1.137417,1.537904,3.596371,direct_block,5.0955,1.1506,1,v4,train,0,0.45
train,/root/leo_ws/src/leo_pybullet/worlds/benchmark_v4_hard/train/world_hard_double_block_seed_300149.yaml,300149,hard,12,4,16,True,8.5998,-0.606184,-4.23985,0.82794,4.009943,1.363935,double_block,7.2602,1.1845,2,v4,train,0,0.45
train,/root/leo_ws/src/leo_pybullet/worlds/benchmark_v4_hard/train/world_medium_clear_seed_300043.yaml,300043,medium,7,4,11,False,7.192,-1.775045,-3.675418,1.61821,-2.332722,3.325905,clear,7.0235,1.024,0,v4,train,0,0.45
train,/root/leo_ws/src/leo_pybullet/worlds/benchmark_v3_curriculum/train/world_medium_direct_block_seed_000265.yaml,265,medium,3,4,7,True,5.5096,1.746283,4.229983,-2.427887,-1.866654,1.388208,direct_block,4.5966,1.1986,,v3,train,general_replay,0.15
train,/root/leo_ws/src/leo_pybullet/worlds/benchmark_v3_curriculum/train/world_medium_direct_block_seed_000202.yaml,202,medium,3,4,7,True,5.3302,1.230636,-0.769776,2.684321,-2.566257,1.501953,direct_block,4.4246,1.2047,,v3,train,general_replay,0.15
train,/root/leo_ws/src/leo_pybullet/worlds/benchmark_v3_curriculum/train/world_medium_direct_block_seed_000178.yaml,178,medium,2,4,6,True,8.2386,-1.392022,1.954337,-0.620152,4.127627,-2.676442,direct_block,7.2049,1.1435,,v3,train,0,0.15
train,/root/leo_ws/src/leo_pybullet/worlds/benchmark_v4_hard/train/world_hard_clear_seed_300119.yaml,300119,hard,10,4,14,False,6.4971,-3.075478,4.067837,-1.246055,-1.873045,-1.962515,clear,6.1491,1.0566,0,v4_focused,train,0,focused_failure
train,/root/leo_ws/src/leo_pybullet/worlds/benchmark_v2/train/world_hard_seed_000275.yaml,275,hard,8,4,12,True,5.0959,1.101998,3.174025,-0.378204,1.037706,-1.241987,,,,,v2,train,0,0.40
train,/root/leo_ws/src/leo_pybullet/worlds/benchmark_v4_hard/train/world_hard_double_block_seed_300260.yaml,300260,hard,12,4,16,True,6.5771,2.406301,-3.928157,2.290169,-1.388469,-0.497805,double_block,5.1154,1.2857,2,v4_focused,train,3,focused_failure
train,/root/leo_ws/src/leo_pybullet/worlds/benchmark_v4_hard/train/world_easy_double_block_seed_300057.yaml,300057,easy,4,4,8,True,8.1061,-2.194952,-4.209897,0.575714,4.08769,-0.702731,double_block,7.1953,1.1266,2,v4,train,0,0.45
train,/root/leo_ws/src/leo_pybullet/worlds/benchmark_v4_hard/train/world_medium_clear_seed_300007.yaml,300007,medium,7,4,11,False,5.4731,-3.990625,-1.587321,1.496425,-4.008752,3.842022,clear,5.4294,1.0081,0,v4,train,0,0.45
train,/root/leo_ws/src/leo_pybullet/worlds/benchmark_v4_hard/train/world_easy_direct_block_seed_300138.yaml,300138,easy,3,4,7,True,7.1929,-0.41162,1.498114,-0.877773,3.234741,-3.702374,direct_block,6.3515,1.1325,1,v4,train,0,0.45
train,/root/leo_ws/src/leo_pybullet/worlds/benchmark_v3_curriculum/train/world_medium_direct_block_seed_000205.yaml,205,medium,3,4,7,True,5.4571,-0.154938,-3.41246,0.829121,2.939513,-0.268067,direct_block,4.4117,1.237,,v3,train,general_replay,0.15
train,/root/leo_ws/src/leo_pybullet/worlds/benchmark_v3_curriculum/train/world_hard_clear_seed_000287.yaml,287,hard,6,4,10,False,5.3359,-1.665266,-3.527047,1.913441,-3.336326,1.090704,clear,4.9108,1.0866,,v3,train,0,0.15
train,/root/leo_ws/src/leo_pybullet/worlds/benchmark_v2/train/world_hard_seed_000086.yaml,86,hard,8,4,12,True,4.6102,-4.347275,2.327624,1.778529,-2.500769,-1.163535,,,,,v2,train,general_replay,0.40
train,/root/leo_ws/src/leo_pybullet/worlds/benchmark_v2/train/world_easy_seed_000117.yaml,117,easy,2,4,6,False,3.5702,-2.524861,2.984889,1.356749,0.509375,1.755128,,,,,v2,train,general_replay,0.40
train,/root/leo_ws/src/leo_pybullet/worlds/benchmark_v4_hard/train/world_medium_direct_block_seed_300082.yaml,300082,medium,8,4,12,True,6.4478,-0.510597,3.563425,-1.809948,-1.816752,-1.967238,direct_block,5.6828,1.1346,1,v4,train,0,0.45
train,/root/leo_ws/src/leo_pybullet/worlds/benchmark_v2/train/world_easy_seed_000099.yaml,99,easy,3,4,7,False,4.4971,0.86512,-2.346714,1.439044,-3.190774,-3.596767,,,,,v2,train,0,0.40
train,/root/leo_ws/src/leo_pybullet/worlds/benchmark_v4_hard/train/world_easy_direct_block_seed_300114.yaml,300114,easy,5,4,9,True,9.2753,-0.277073,-3.715742,1.895685,-2.832422,4.123087,direct_block,8.2448,1.125,1,v4_focused,train,1,focused_failure
train,/root/leo_ws/src/leo_pybullet/worlds/benchmark_v4_hard/train/world_medium_double_block_seed_300217.yaml,300217,medium,9,4,13,True,7.3051,4.207654,3.583556,-1.911421,2.784389,-1.226065,double_block,5.0158,1.4564,2,v4,train,0,0.45
train,/root/leo_ws/src/leo_pybullet/worlds/benchmark_v3_curriculum/train/world_hard_clear_seed_000011.yaml,11,hard,5,4,9,False,4.4971,-3.847087,-3.323098,0.346375,0.105025,-2.080981,clear,4.1427,1.0855,,v3,train,0,0.15
train,/root/leo_ws/src/leo_pybullet/worlds/benchmark_v2/train/world_easy_seed_000087.yaml,87,easy,2,4,6,False,6.952,3.26359,2.725093,0.90923,-3.460967,2.211008,,,,,v2,train,0,0.40
train,/root/leo_ws/src/leo_pybullet/worlds/benchmark_v4_hard/train/world_hard_double_block_seed_300212.yaml,300212,hard,13,4,17,True,6.6765,-2.304133,-2.620304,1.602368,-3.04473,1.904929,double_block,4.5854,1.456,2,v4_focused,train,5,focused_failure
train,/root/leo_ws/src/leo_pybullet/worlds/benchmark_v2/train/world_hard_seed_000029.yaml,29,hard,12,4,16,True,5.841,0.857221,0.919934,-0.672832,-3.595432,3.717167,,,,,v2,train,general_replay,0.40
train,/root/leo_ws/src/leo_pybullet/worlds/benchmark_v2/train/world_hard_seed_000209.yaml,209,hard,12,4,16,True,5.7416,-2.854436,-1.890732,-2.661728,-0.783148,2.99602,,,,,v2,train,general_replay,0.40
train,/root/leo_ws/src/leo_pybullet/worlds/benchmark_v2/train/world_easy_seed_000195.yaml,195,easy,4,4,8,True,6.729,1.279561,3.511671,-2.640135,3.037477,-2.536574,,,,,v2,train,general_replay,0.40
train,/root/leo_ws/src/leo_pybullet/worlds/benchmark_v4_hard/train/world_medium_double_block_seed_300136.yaml,300136,medium,6,4,10,True,7.8765,-0.688403,-2.377802,-0.14469,4.076534,-3.611005,double_block,4.9219,1.6003,2,v4,train,0,0.45
train,/root/leo_ws/src/leo_pybullet/worlds/benchmark_v4_hard/train/world_medium_direct_block_seed_300286.yaml,300286,medium,9,4,13,True,5.9565,2.689793,1.363868,2.666121,-1.43958,4.128236,direct_block,4.9693,1.1987,1,v4,train,0,0.45
train,/root/leo_ws/src/leo_pybullet/worlds/benchmark_v3_curriculum/train/world_hard_clear_seed_000119.yaml,119,hard,5,4,9,False,4.0,0.452517,-0.572011,-3.050873,-3.575971,-0.611307,clear,4.0287,0.9929,,v3,train,general_replay,0.15
train,/root/leo_ws/src/leo_pybullet/worlds/benchmark_v4_hard/train/world_easy_direct_block_seed_300270.yaml,300270,easy,3,4,7,True,5.5508,0.853604,3.864252,-2.067087,-1.433951,-0.047312,direct_block,4.5314,1.225,1,v4,train,0,0.45
train,/root/leo_ws/src/leo_pybullet/worlds/benchmark_v4_hard/train/world_easy_clear_seed_300447.yaml,300447,easy,5,4,9,False,4.7782,2.577622,3.2926,-2.960963,-1.916448,2.629248,clear,4.5428,1.0518,0,v4,train,0,0.45
train,/root/leo_ws/src/leo_pybullet/worlds/benchmark_v4_hard/train/world_hard_direct_block_seed_300350.yaml,300350,hard,13,4,17,True,7.6147,0.697796,-2.353788,2.059779,-2.516427,3.340831,direct_block,6.5391,1.1645,1,v4_focused,train,4,focused_failure
train,/root/leo_ws/src/leo_pybullet/worlds/benchmark_v2/train/world_hard_seed_000080.yaml,80,hard,10,4,14,True,6.7461,3.467619,3.157216,-0.620241,-0.689089,-1.173293,,,,,v2,train,general_replay,0.40
train,/root/leo_ws/src/leo_pybullet/worlds/benchmark_v4_hard/train/world_hard_double_block_seed_300020.yaml,300020,hard,12,4,16,True,8.1804,-1.960542,-1.085359,0.629666,3.186043,3.477221,double_block,6.8778,1.1894,2,v4,train,0,0.45
train,/root/leo_ws/src/leo_pybullet/worlds/benchmark_v3_curriculum/train/world_hard_direct_block_seed_000290.yaml,290,hard,6,4,10,True,7.7667,3.758569,3.232735,-2.087609,0.791428,-3.122831,direct_block,7.0141,1.1073,,v3,train,general_replay,0.15
train,/root/leo_ws/src/leo_pybullet/worlds/benchmark_v2/train/world_easy_seed_000144.yaml,144,easy,3,4,7,True,4.2514,-3.640861,3.008268,1.030556,-2.873506,-0.898208,,,,,v2,train,general_replay,0.40
train,/root/leo_ws/src/leo_pybullet/worlds/benchmark_v2/train/world_hard_seed_000233.yaml,233,hard,9,4,13,True,6.5529,2.610712,-0.138212,-1.453505,-2.572062,2.897453,,,,,v2,train,0,0.40
train,/root/leo_ws/src/leo_pybullet/worlds/benchmark_v2/train/world_easy_seed_000228.yaml,228,easy,4,4,8,False,3.3931,0.642568,-2.446148,2.908768,0.578913,0.899642,,,,,v2,train,general_replay,0.40
train,/root/leo_ws/src/leo_pybullet/worlds/benchmark_v4_hard/train/world_medium_double_block_seed_300037.yaml,300037,medium,8,4,12,True,7.6535,-3.600502,3.222485,-0.535202,1.975346,0.291676,double_block,6.2992,1.215,2,v4,train,0,0.45
train,/root/leo_ws/src/leo_pybullet/worlds/benchmark_v4_hard/train/world_hard_double_block_seed_300449.yaml,300449,hard,12,4,16,True,8.5027,1.44954,-2.716499,2.151127,-1.792532,2.491355,double_block,6.1346,1.386,2,v4_focused,train,1,focused_failure
train,/root/leo_ws/src/leo_pybullet/worlds/benchmark_v2/train/world_easy_seed_000021.yaml,21,easy,2,4,6,False,7.6843,-0.713138,-1.903064,-0.159296,2.986524,4.260575,,,,,v2,train,general_replay,0.40
train,/root/leo_ws/src/leo_pybullet/worlds/benchmark_v4_hard/train/world_hard_double_block_seed_300032.yaml,300032,hard,10,4,14,True,6.9714,-1.986578,-2.008566,0.536108,2.973868,0.417735,double_block,5.522,1.2625,2,v4_focused,train,3,focused_failure
train,/root/leo_ws/src/leo_pybullet/worlds/benchmark_v3_curriculum/train/world_medium_direct_block_seed_000046.yaml,46,medium,2,4,6,True,5.929,-0.850048,0.753272,-0.661631,3.058187,-2.307417,direct_block,4.9641,1.1944,,v3,train,general_replay,0.15
train,/root/leo_ws/src/leo_pybullet/worlds/benchmark_v4_hard/train/world_medium_double_block_seed_300028.yaml,300028,medium,7,4,11,True,8.9643,-1.410634,2.478793,-0.816045,3.495932,-3.773114,double_block,7.9474,1.128,2,v4_focused,train,0,focused_failure
train,/root/leo_ws/src/leo_pybullet/worlds/benchmark_v4_hard/train/world_hard_double_block_seed_300092.yaml,300092,hard,11,4,15,True,10.0341,2.405601,4.167901,-1.60232,1.932252,-0.342622,double_block,4.5353,2.2125,2,v4_focused,train,6,focused_failure
train,/root/leo_ws/src/leo_pybullet/worlds/benchmark_v4_hard/train/world_medium_clear_seed_300211.yaml,300211,medium,6,4,10,False,7.0088,2.39718,-2.4566,2.436423,-2.781682,2.157494,clear,6.9362,1.0105,0,v4,train,0,0.45
train,/root/leo_ws/src/leo_pybullet/worlds/benchmark_v3_curriculum/train/world_easy_direct_block_seed_000129.yaml,129,easy,2,4,6,True,7.9655,-3.857526,3.505652,-0.71784,1.655488,-0.860186,direct_block,7.0323,1.1327,,v3,train,general_replay,0.15
train,/root/leo_ws/src/leo_pybullet/worlds/benchmark_v2/train/world_easy_seed_000063.yaml,63,easy,3,4,7,False,7.85,3.843513,-3.236648,-2.951956,-2.307015,0.862308,,,,,v2,train,general_replay,0.40
train,/root/leo_ws/src/leo_pybullet/worlds/benchmark_v2/train/world_medium_seed_000232.yaml,232,medium,7,4,11,True,6.9771,3.261476,-3.705716,2.93871,3.940105,2.787728,,,,,v2,train,general_replay,0.40
train,/root/leo_ws/src/leo_pybullet/worlds/benchmark_v4_hard/train/world_hard_double_block_seed_300284.yaml,300284,hard,12,4,16,True,7.1541,-1.91737,-2.043467,1.835561,-3.195499,3.462046,double_block,5.6519,1.2658,2,v4_focused,train,1,focused_failure
train,/root/leo_ws/src/leo_pybullet/worlds/benchmark_v4_hard/train/world_medium_direct_block_seed_300094.yaml,300094,medium,9,4,13,True,7.9186,-3.258769,2.682181,0.129422,3.268026,3.921574,direct_block,6.6434,1.1919,1,v4_focused,train,4,focused_failure
train,/root/leo_ws/src/leo_pybullet/worlds/benchmark_v2/train/world_easy_seed_000138.yaml,138,easy,2,4,6,False,3.8125,3.888134,-1.727075,-1.978686,0.19413,-2.003558,,,,,v2,train,general_replay,0.40
train,/root/leo_ws/src/leo_pybullet/worlds/benchmark_v4_hard/train/world_easy_double_block_seed_300240.yaml,300240,easy,3,4,7,True,6.9804,2.203318,-2.652727,2.337151,-1.409184,2.230884,double_block,6.0745,1.1491,2,v4,train,0,0.45
train,/root/leo_ws/src/leo_pybullet/worlds/benchmark_v4_hard/train/world_medium_double_block_seed_300169.yaml,300169,medium,8,4,12,True,10.5335,-3.008743,-3.459673,0.902683,1.626929,3.9859,double_block,8.7707,1.201,2,v4,train,0,0.45
train,/root/leo_ws/src/leo_pybullet/worlds/benchmark_v2/train/world_hard_seed_000029.yaml,29,hard,12,4,16,True,5.841,0.857221,0.919934,-0.672832,-3.595432,3.717167,,,,,v2,train,general_replay,0.40
train,/root/leo_ws/src/leo_pybullet/worlds/benchmark_v4_hard/train/world_easy_direct_block_seed_300198.yaml,300198,easy,3,4,7,True,7.5953,-3.135846,3.3247,-0.054791,3.645335,2.873349,direct_block,6.7962,1.1176,1,v4_focused,train,0,focused_failure
train,/root/leo_ws/src/leo_pybullet/worlds/benchmark_v2/train/world_easy_seed_000231.yaml,231,easy,2,4,6,False,3.4571,3.663174,-2.336882,-1.202418,2.410094,0.604179,,,,,v2,train,0,0.40
train,/root/leo_ws/src/leo_pybullet/worlds/benchmark_v2/train/world_medium_seed_000277.yaml,277,medium,5,4,9,False,5.7278,-2.463068,-4.004226,0.759679,-0.223675,0.769808,,,,,v2,train,0,0.40
train,/root/leo_ws/src/leo_pybullet/worlds/benchmark_v4_hard/train/world_medium_clear_seed_300391.yaml,300391,medium,6,4,10,False,5.0982,3.277366,-0.869953,1.636102,2.524124,3.965691,clear,4.894,1.0417,0,v4,train,0,0.45
train,/root/leo_ws/src/leo_pybullet/worlds/benchmark_v2/train/world_medium_seed_000040.yaml,40,medium,8,4,12,False,3.8571,0.208562,-2.215976,-1.845159,1.431655,1.192752,,,,,v2,train,0,0.40
train,/root/leo_ws/src/leo_pybullet/worlds/benchmark_v3_curriculum/train/world_hard_direct_block_seed_000269.yaml,269,hard,4,4,8,True,6.3153,-3.046502,-1.272626,0.567937,1.328597,1.76888,direct_block,5.3284,1.1852,,v3,train,0,0.15
train,/root/leo_ws/src/leo_pybullet/worlds/benchmark_v4_hard/train/world_hard_clear_seed_300419.yaml,300419,hard,14,4,18,False,5.5427,3.882354,-1.876884,-2.724805,-1.003408,-3.459604,clear,5.1357,1.0793,0,v4,train,0,0.45
train,/root/leo_ws/src/leo_pybullet/worlds/benchmark_v4_hard/train/world_easy_double_block_seed_300177.yaml,300177,easy,3,4,7,True,10.0512,-3.605922,2.064829,-0.684377,3.640698,-2.807691,double_block,8.7324,1.151,2,v4,train,0,0.45
train,/root/leo_ws/src/leo_pybullet/worlds/benchmark_v3_curriculum/train/world_easy_direct_block_seed_000030.yaml,30,easy,2,4,6,True,4.3645,0.943528,1.035946,0.945343,2.779956,4.053893,direct_block,3.5328,1.2354,,v3,train,general_replay,0.15
train,/root/leo_ws/src/leo_pybullet/worlds/benchmark_v2/train/world_easy_seed_000027.yaml,27,easy,4,4,8,False,6.7163,-2.193802,-2.263481,0.864345,2.795674,1.998724,,,,,v2,train,general_replay,0.40
train,/root/leo_ws/src/leo_pybullet/worlds/benchmark_v4_hard/train/world_hard_double_block_seed_300152.yaml,300152,hard,12,4,16,True,8.1335,-1.43495,3.870661,-0.579089,4.008286,-0.371491,double_block,6.9011,1.1786,2,v4_focused,train,3,focused_failure
train,/root/leo_ws/src/leo_pybullet/worlds/benchmark_v3_curriculum/train/world_easy_direct_block_seed_000120.yaml,120,easy,1,4,5,True,5.7884,-2.646491,3.849816,-0.605958,1.149787,0.762126,direct_block,4.8934,1.1829,,v3,train,0,0.15
train,/root/leo_ws/src/leo_pybullet/worlds/benchmark_v2/train/world_easy_seed_000210.yaml,210,easy,3,4,7,True,5.6341,-0.433363,1.354342,1.749695,3.844088,-1.387873,,,,,v2,train,general_replay,0.40
train,/root/leo_ws/src/leo_pybullet/worlds/benchmark_v3_curriculum/train/world_easy_direct_block_seed_000156.yaml,156,easy,2,4,6,True,6.561,-0.700334,2.042397,-0.954279,2.27401,-2.958306,direct_block,5.8184,1.1276,,v3,train,general_replay,0.15
train,/root/leo_ws/src/leo_pybullet/worlds/benchmark_v4_hard/train/world_hard_direct_block_seed_300302.yaml,300302,hard,14,4,18,True,6.4171,-0.725517,-1.175308,0.543925,3.625572,1.066701,direct_block,4.8948,1.311,1,v4,train,0,0.45
train,/root/leo_ws/src/leo_pybullet/worlds/benchmark_v2/train/world_hard_seed_000164.yaml,164,hard,8,4,12,True,5.6171,4.300053,-2.12788,-2.602688,-0.091833,-1.005866,,,,,v2,train,0,0.40
train,/root/leo_ws/src/leo_pybullet/worlds/benchmark_v2/train/world_easy_seed_000153.yaml,153,easy,3,4,7,True,6.721,-2.087909,3.058477,0.612895,3.442317,0.575536,,,,,v2,train,0,0.40
train,/root/leo_ws/src/leo_pybullet/worlds/benchmark_v4_hard/train/world_easy_double_block_seed_300093.yaml,300093,easy,5,4,9,True,5.9508,-3.615083,-0.606543,1.093115,-1.236721,3.556865,double_block,4.7948,1.2411,2,v4_focused,train,2,focused_failure
train,/root/leo_ws/src/leo_pybullet/worlds/benchmark_v2/train/world_hard_seed_000074.yaml,74,hard,12,4,16,True,7.8661,-3.361586,-3.300649,2.724692,-1.660645,3.26609,,,,,v2,train,0,0.40
train,/root/leo_ws/src/leo_pybullet/worlds/benchmark_v2/train/world_easy_seed_000204.yaml,204,easy,3,4,7,False,7.5357,3.698518,-2.527869,-2.472284,-0.769244,3.149736,,,,,v2,train,0,0.40
train,/root/leo_ws/src/leo_pybullet/worlds/benchmark_v4_hard/train/world_easy_double_block_seed_300000.yaml,300000,easy,5,4,9,True,5.9096,-2.117236,-0.94813,-0.407975,2.136289,-3.023757,double_block,4.7329,1.2486,2,v4,train,0,0.45
train,/root/leo_ws/src/leo_pybullet/worlds/benchmark_v3_curriculum/train/world_easy_direct_block_seed_000102.yaml,102,easy,1,4,5,True,5.2422,-3.528011,-3.800652,1.453396,-2.688024,0.640443,direct_block,4.5198,1.1598,,v3,train,general_replay,0.15
train,/root/leo_ws/src/leo_pybullet/worlds/benchmark_v2/train/world_hard_seed_000242.yaml,242,hard,10,4,14,True,3.9314,-2.855029,-2.583815,1.407141,0.281807,-2.61849,,,,,v2,train,0,0.40
train,/root/leo_ws/src/leo_pybullet/worlds/benchmark_v4_hard/train/world_medium_double_block_seed_300004.yaml,300004,medium,7,4,11,True,5.9976,-0.76159,0.310336,0.868773,2.671955,3.437047,double_block,4.6439,1.2915,2,v4,train,0,0.45
train,/root/leo_ws/src/leo_pybullet/worlds/benchmark_v4_hard/train/world_medium_direct_block_seed_300442.yaml,300442,medium,6,4,10,True,7.7004,-3.439389,-2.500143,1.54263,-2.94084,4.147867,direct_block,6.6667,1.1551,1,v4,train,0,0.45
train,/root/leo_ws/src/leo_pybullet/worlds/benchmark_v2/train/world_easy_seed_000138.yaml,138,easy,2,4,6,False,3.8125,3.888134,-1.727075,-1.978686,0.19413,-2.003558,,,,,v2,train,0,0.40
train,/root/leo_ws/src/leo_pybullet/worlds/benchmark_v3_curriculum/train/world_easy_direct_block_seed_000006.yaml,6,easy,1,4,5,True,6.3347,-0.127206,-2.026217,2.444865,-4.24616,1.383958,direct_block,5.3474,1.1846,,v3,train,general_replay,0.15
train,/root/leo_ws/src/leo_pybullet/worlds/benchmark_v2/train/world_medium_seed_000226.yaml,226,medium,8,4,12,True,5.0902,1.231772,0.771686,-0.985322,3.458949,-2.851403,,,,,v2,train,general_replay,0.40
train,/root/leo_ws/src/leo_pybullet/worlds/benchmark_v2/train/world_medium_seed_000190.yaml,190,medium,5,4,9,True,9.0888,-3.705083,-3.606889,0.186935,1.795743,2.57749,,,,,v2,train,0,0.40
train,/root/leo_ws/src/leo_pybullet/worlds/benchmark_v4_hard/train/world_medium_double_block_seed_300316.yaml,300316,medium,9,4,13,True,8.1084,3.8198,2.613157,-2.126968,0.642127,-3.566803,double_block,6.9491,1.1668,2,v4,train,0,0.45
train,/root/leo_ws/src/leo_pybullet/worlds/benchmark_v2/train/world_hard_seed_000080.yaml,80,hard,10,4,14,True,6.7461,3.467619,3.157216,-0.620241,-0.689089,-1.173293,,,,,v2,train,0,0.40
train,/root/leo_ws/src/leo_pybullet/worlds/benchmark_v2/train/world_medium_seed_000016.yaml,16,medium,7,4,11,True,6.4341,-1.871079,-2.378191,1.325761,-4.299074,3.080989,,,,,v2,train,0,0.40
train,/root/leo_ws/src/leo_pybullet/worlds/benchmark_v2/train/world_hard_seed_000050.yaml,50,hard,11,4,15,True,3.3439,-1.182351,3.400077,-1.067835,1.675125,2.322052,,,,,v2,train,0,0.40
train,/root/leo_ws/src/leo_pybullet/worlds/benchmark_v3_curriculum/train/world_easy_direct_block_seed_000174.yaml,174,easy,1,4,5,True,6.3896,0.843775,1.679101,-1.425343,1.40552,-4.10995,direct_block,5.8162,1.0986,,v3,train,0,0.15
train,/root/leo_ws/src/leo_pybullet/worlds/benchmark_v2/train/world_medium_seed_000097.yaml,97,medium,6,4,10,True,8.1496,4.307791,3.62746,-3.003251,2.755302,-3.906776,,,,,v2,train,0,0.40
train,/root/leo_ws/src/leo_pybullet/worlds/benchmark_v2/train/world_easy_seed_000099.yaml,99,easy,3,4,7,False,4.4971,0.86512,-2.346714,1.439044,-3.190774,-3.596767,,,,,v2,train,general_replay,0.40
train,/root/leo_ws/src/leo_pybullet/worlds/benchmark_v4_hard/train/world_easy_clear_seed_300207.yaml,300207,easy,3,4,7,False,5.672,4.044671,-3.732312,-3.11997,-1.437882,-3.188166,clear,5.5095,1.0295,0,v4,train,0,0.45
train,/root/leo_ws/src/leo_pybullet/worlds/benchmark_v2/train/world_easy_seed_000273.yaml,273,easy,2,4,6,False,4.0616,3.796823,-0.921352,2.596601,1.691135,2.266368,,,,,v2,train,general_replay,0.40
train,/root/leo_ws/src/leo_pybullet/worlds/benchmark_v2/train/world_hard_seed_000212.yaml,212,hard,11,4,15,True,5.3027,-3.991337,0.723495,2.689119,-1.737189,-3.214541,,,,,v2,train,0,0.40
train,/root/leo_ws/src/leo_pybullet/worlds/benchmark_v2/train/world_medium_seed_000028.yaml,28,medium,5,4,9,False,5.5257,2.293819,-2.514982,2.860182,-3.094451,-2.932997,,,,,v2,train,0,0.40
train,/root/leo_ws/src/leo_pybullet/worlds/benchmark_v2/train/world_easy_seed_000177.yaml,177,easy,2,4,6,False,6.5884,0.71889,1.823409,2.069574,2.684366,-3.973162,,,,,v2,train,general_replay,0.40
train,/root/leo_ws/src/leo_pybullet/worlds/benchmark_v4_hard/train/world_medium_double_block_seed_300061.yaml,300061,medium,6,4,10,True,6.2765,3.805869,3.36133,-1.561784,4.044949,-1.399561,double_block,4.7669,1.3167,2,v4_focused,train,4,focused_failure
train,/root/leo_ws/src/leo_pybullet/worlds/benchmark_v2/train/world_medium_seed_000103.yaml,103,medium,8,4,12,False,3.7472,2.080541,1.342656,1.101397,-0.33784,-1.408267,,,,,v2,train,0,0.40
train,/root/leo_ws/src/leo_pybullet/worlds/benchmark_v4_hard/train/world_easy_double_block_seed_300189.yaml,300189,easy,3,4,7,True,5.8045,-1.41237,-0.429421,0.725596,2.392812,2.142311,double_block,4.5927,1.2638,2,v4,train,0,0.45
train,/root/leo_ws/src/leo_pybullet/worlds/benchmark_v2/train/world_medium_seed_000076.yaml,76,medium,7,4,11,True,5.3576,-1.899808,2.19767,-1.038901,-0.537745,-2.340031,,,,,v2,train,0,0.40
train,/root/leo_ws/src/leo_pybullet/worlds/benchmark_v4_hard/train/world_easy_direct_block_seed_300102.yaml,300102,easy,4,4,8,True,5.9565,-1.679698,2.246928,0.233162,3.523761,3.39373,direct_block,5.3283,1.1179,1,v4,train,0,0.45
train,/root/leo_ws/src/leo_pybullet/worlds/benchmark_v3_curriculum/train/world_hard_direct_block_seed_000044.yaml,44,hard,5,4,9,True,5.5508,0.170174,1.713721,-2.504557,-3.258429,-1.023665,direct_block,4.3873,1.2652,,v3,train,general_replay,0.15
train,/root/leo_ws/src/leo_pybullet/worlds/benchmark_v2/train/world_medium_seed_000064.yaml,64,medium,8,4,12,True,4.1439,-2.012758,3.590402,1.248202,1.153195,2.301398,,,,,v2,train,general_replay,0.40
train,/root/leo_ws/src/leo_pybullet/worlds/benchmark_v2/train/world_easy_seed_000060.yaml,60,easy,3,4,7,True,6.8729,-3.00901,-2.352035,2.986363,-0.143489,3.351789,,,,,v2,train,general_replay,0.40
train,/root/leo_ws/src/leo_pybullet/worlds/benchmark_v4_hard/train/world_medium_double_block_seed_300316.yaml,300316,medium,9,4,13,True,8.1084,3.8198,2.613157,-2.126968,0.642127,-3.566803,double_block,6.9491,1.1668,2,v4_focused,train,3,focused_failure
train,/root/leo_ws/src/leo_pybullet/worlds/benchmark_v4_hard/train/world_easy_direct_block_seed_300258.yaml,300258,easy,4,4,8,True,6.6239,-3.573493,-1.731173,1.25198,-2.426498,4.152867,direct_block,5.9948,1.1049,1,v4_focused,train,0,focused_failure
train,/root/leo_ws/src/leo_pybullet/worlds/benchmark_v4_hard/train/world_medium_double_block_seed_300172.yaml,300172,medium,6,4,10,True,7.6422,3.89278,-1.256052,2.976501,-2.699874,0.269387,double_block,6.7668,1.1294,2,v4,train,0,0.45
train,/root/leo_ws/src/leo_pybullet/worlds/benchmark_v4_hard/train/world_hard_double_block_seed_300257.yaml,300257,hard,12,4,16,True,8.7267,-2.235886,-0.347993,0.448119,4.078854,2.90771,double_block,7.1046,1.2283,2,v4_focused,train,2,focused_failure
train,/root/leo_ws/src/leo_pybullet/worlds/benchmark_v4_hard/train/world_easy_double_block_seed_300141.yaml,300141,easy,3,4,7,True,7.5016,1.589586,-3.579156,1.53223,1.736056,3.105833,double_block,6.6866,1.1219,2,v4,train,0,0.45
train,/root/leo_ws/src/leo_pybullet/worlds/benchmark_v2/train/world_medium_seed_000148.yaml,148,medium,8,4,12,False,4.392,2.569317,3.322369,-0.94446,3.135368,-0.818855,,,,,v2,train,0,0.40
train,/root/leo_ws/src/leo_pybullet/worlds/benchmark_v4_hard/train/world_hard_double_block_seed_300116.yaml,300116,hard,12,4,16,True,6.1027,2.690691,1.215736,-1.292646,3.334631,-3.267894,double_block,4.5296,1.3473,2,v4_focused,train,3,focused_failure
train,/root/leo_ws/src/leo_pybullet/worlds/benchmark_v4_hard/train/world_hard_double_block_seed_300212.yaml,300212,hard,13,4,17,True,6.6765,-2.304133,-2.620304,1.602368,-3.04473,1.904929,double_block,4.5854,1.456,2,v4,train,0,0.45
train,/root/leo_ws/src/leo_pybullet/worlds/benchmark_v3_curriculum/train/world_easy_direct_block_seed_000072.yaml,72,easy,1,4,5,True,5.769,2.398779,2.026084,-3.054597,-2.666733,1.690823,direct_block,5.0766,1.1364,,v3,train,general_replay,0.15
train,/root/leo_ws/src/leo_pybullet/worlds/benchmark_v4_hard/train/world_easy_double_block_seed_300288.yaml,300288,easy,5,4,9,True,9.1849,-4.010236,-2.412256,0.700082,2.268769,2.417856,double_block,7.9219,1.1594,2,v4,train,0,0.45
train,/root/leo_ws/src/leo_pybullet/worlds/benchmark_v4_hard/train/world_hard_double_block_seed_300449.yaml,300449,hard,12,4,16,True,8.5027,1.44954,-2.716499,2.151127,-1.792532,2.491355,double_block,6.1346,1.386,2,v4,train,0,0.45
train,/root/leo_ws/src/leo_pybullet/worlds/benchmark_v4_hard/train/world_hard_double_block_seed_300269.yaml,300269,hard,11,4,15,True,9.2398,-3.772859,2.682947,0.080632,3.977873,3.438966,double_block,7.7875,1.1865,2,v4_focused,train,4,focused_failure
train,/root/leo_ws/src/leo_pybullet/worlds/benchmark_v2/train/world_easy_seed_000075.yaml,75,easy,3,4,7,False,7.6639,2.797744,-3.47966,1.617252,1.67298,3.714122,,,,,v2,train,general_replay,0.40
train,/root/leo_ws/src/leo_pybullet/worlds/benchmark_v2/train/world_hard_seed_000053.yaml,53,hard,12,4,16,False,5.2398,-1.21186,-0.394614,2.584388,-4.078423,3.733042,,,,,v2,train,0,0.40
train,/root/leo_ws/src/leo_pybullet/worlds/benchmark_v4_hard/train/world_hard_double_block_seed_300020.yaml,300020,hard,12,4,16,True,8.1804,-1.960542,-1.085359,0.629666,3.186043,3.477221,double_block,6.8778,1.1894,2,v4_focused,train,0,focused_failure
train,/root/leo_ws/src/leo_pybullet/worlds/benchmark_v4_hard/train/world_easy_direct_block_seed_300366.yaml,300366,easy,5,4,9,True,7.0078,-1.846424,-0.065851,-0.650309,2.949964,-3.582639,direct_block,5.9475,1.1783,1,v4,train,0,0.45
train,/root/leo_ws/src/leo_pybullet/worlds/benchmark_v4_hard/train/world_hard_direct_block_seed_300218.yaml,300218,hard,11,4,15,True,6.4639,-2.628526,3.928482,-0.582664,1.554273,0.966147,direct_block,5.1255,1.2611,1,v4_focused,train,4,focused_failure
train,/root/leo_ws/src/leo_pybullet/worlds/benchmark_v4_hard/train/world_easy_clear_seed_300423.yaml,300423,easy,5,4,9,False,8.1014,2.192211,3.31078,-2.492055,-3.868836,-1.588612,clear,7.7936,1.0395,0,v4,train,0,0.45
train,/root/leo_ws/src/leo_pybullet/worlds/benchmark_v3_curriculum/train/world_easy_direct_block_seed_000078.yaml,78,easy,1,4,5,True,8.65,-3.433805,3.607352,-0.823141,1.958588,-2.06261,direct_block,7.8247,1.1055,,v3,train,0,0.15
train,/root/leo_ws/src/leo_pybullet/worlds/benchmark_v4_hard/train/world_easy_double_block_seed_300120.yaml,300120,easy,4,4,8,True,5.7302,-1.817651,2.456778,-0.141417,2.831409,2.189643,double_block,4.6567,1.2305,2,v4_focused,train,3,focused_failure
train,/root/leo_ws/src/leo_pybullet/worlds/benchmark_v3_curriculum/train/world_easy_direct_block_seed_000165.yaml,165,easy,1,4,5,True,4.5245,-3.72486,1.850885,-0.469868,-0.594675,-0.053675,direct_block,3.6641,1.2348,,v3,train,general_replay,0.15
train,/root/leo_ws/src/leo_pybullet/worlds/benchmark_v2/train/world_easy_seed_000042.yaml,42,easy,4,4,8,True,5.8102,2.101489,-2.219441,1.51216,-3.13602,-3.458292,,,,,v2,train,0,0.40
train,/root/leo_ws/src/leo_pybullet/worlds/benchmark_v4_hard/train/world_hard_double_block_seed_300116.yaml,300116,hard,12,4,16,True,6.1027,2.690691,1.215736,-1.292646,3.334631,-3.267894,double_block,4.5296,1.3473,2,v4,train,0,0.45
train,/root/leo_ws/src/leo_pybullet/worlds/benchmark_v2/train/world_medium_seed_000043.yaml,43,medium,5,4,9,True,4.8833,2.285353,3.996835,-2.53662,-1.132069,1.726416,,,,,v2,train,0,0.40
train,/root/leo_ws/src/leo_pybullet/worlds/benchmark_v4_hard/train/world_medium_double_block_seed_300184.yaml,300184,medium,6,4,10,True,6.641,-0.742352,-3.890786,1.940131,-2.177538,1.058968,double_block,5.1536,1.2886,2,v4,train,0,0.45
train,/root/leo_ws/src/leo_pybullet/worlds/benchmark_v4_hard/train/world_easy_clear_seed_300315.yaml,300315,easy,4,4,8,False,4.9439,2.379772,-3.486288,1.9511,1.265349,0.968106,clear,4.5917,1.0767,0,v4,train,0,0.45
train,/root/leo_ws/src/leo_pybullet/worlds/benchmark_v4_hard/train/world_easy_double_block_seed_300405.yaml,300405,easy,4,4,8,True,6.3896,2.694858,2.802942,3.017794,-2.879941,3.191451,double_block,5.5883,1.1434,2,v4,train,0,0.45
train,/root/leo_ws/src/leo_pybullet/worlds/benchmark_v2/train/world_medium_seed_000172.yaml,172,medium,7,4,11,True,4.9576,0.535862,2.824259,2.153289,-2.525626,2.094718,,,,,v2,train,general_replay,0.40
train,/root/leo_ws/src/leo_pybullet/worlds/benchmark_v2/train/world_easy_seed_000216.yaml,216,easy,2,4,6,False,3.2445,1.809956,-0.207607,-1.505721,-1.065878,0.66986,,,,,v2,train,0,0.40
train,/root/leo_ws/src/leo_pybullet/worlds/benchmark_v2/train/world_easy_seed_000216.yaml,216,easy,2,4,6,False,3.2445,1.809956,-0.207607,-1.505721,-1.065878,0.66986,,,,,v2,train,general_replay,0.40
train,/root/leo_ws/src/leo_pybullet/worlds/benchmark_v4_hard/train/world_hard_double_block_seed_300233.yaml,300233,hard,13,4,17,True,7.049,0.080284,1.265958,-0.77763,4.121935,-2.829653,double_block,5.754,1.2251,2,v4_focused,train,1,focused_failure
train,/root/leo_ws/src/leo_pybullet/worlds/benchmark_v3_curriculum/train/world_hard_direct_block_seed_000242.yaml,242,hard,5,4,9,True,6.3759,1.819679,-2.789396,2.47466,-2.524417,0.275328,direct_block,5.3164,1.1993,,v3,train,general_replay,0.15
train,/root/leo_ws/src/leo_pybullet/worlds/benchmark_v2/train/world_hard_seed_000071.yaml,71,hard,10,4,14,True,7.6843,2.598168,-2.045101,-1.889551,-3.003367,2.232962,,,,,v2,train,general_replay,0.40
train,/root/leo_ws/src/leo_pybullet/worlds/benchmark_v3_curriculum/train/world_easy_clear_seed_000159.yaml,159,easy,2,4,6,False,3.7747,-2.799748,-0.436172,-0.681438,0.144732,-2.574269,clear,3.6389,1.0373,,v3,train,0,0.15
train,/root/leo_ws/src/leo_pybullet/worlds/benchmark_v2/train/world_medium_seed_000055.yaml,55,medium,5,4,9,False,8.3976,-2.642653,4.340332,-1.986936,-1.716614,-3.656927,,,,,v2,train,general_replay,0.40
train,/root/leo_ws/src/leo_pybullet/worlds/benchmark_v4_hard/train/world_hard_double_block_seed_300368.yaml,300368,hard,12,4,16,True,7.0902,0.032128,-1.091548,2.076738,-3.155834,3.558569,double_block,5.638,1.2576,2,v4,train,0,0.45
train,/root/leo_ws/src/leo_pybullet/worlds/benchmark_v4_hard/train/world_hard_direct_block_seed_300146.yaml,300146,hard,12,4,16,True,6.8833,-3.324829,2.759521,-1.069041,-0.782746,-2.396001,direct_block,5.7482,1.1975,1,v4,train,0,0.45
train,/root/leo_ws/src/leo_pybullet/worlds/benchmark_v2/train/world_easy_seed_000270.yaml,270,easy,2,4,6,False,3.769,1.247615,-3.131133,-1.304682,3.008514,-0.143246,,,,,v2,train,general_replay,0.40
train,/root/leo_ws/src/leo_pybullet/worlds/benchmark_v2/train/world_medium_seed_000106.yaml,106,medium,8,4,12,True,8.5222,3.84595,2.79273,1.913206,-3.856841,2.66505,,,,,v2,train,general_replay,0.40
train,/root/leo_ws/src/leo_pybullet/worlds/benchmark_v4_hard/train/world_easy_double_block_seed_300441.yaml,300441,easy,4,4,8,True,7.3747,2.493947,0.526273,2.533853,-2.545991,4.145927,double_block,6.2051,1.1885,2,v4,train,0,0.45
train,/root/leo_ws/src/leo_pybullet/worlds/benchmark_v3_curriculum/train/world_hard_direct_block_seed_000152.yaml,152,hard,5,4,9,True,5.3302,1.084416,-1.003871,-2.620962,-2.548487,-3.515378,direct_block,4.4165,1.2069,,v3,train,general_replay,0.15
train,/root/leo_ws/src/leo_pybullet/worlds/benchmark_v2/train/world_medium_seed_000142.yaml,142,medium,8,4,12,True,5.7004,-1.865897,-1.236594,-1.302312,2.549067,-4.013581,,,,,v2,train,0,0.40
train,/root/leo_ws/src/leo_pybullet/worlds/benchmark_v3_curriculum/train/world_medium_direct_block_seed_000097.yaml,97,medium,2,4,6,True,5.2502,-0.603804,4.208762,-0.428951,3.54407,2.691962,direct_block,4.4165,1.1888,,v3,train,general_replay,0.15
train,/root/leo_ws/src/leo_pybullet/worlds/benchmark_v2/train/world_medium_seed_000271.yaml,271,medium,8,4,12,False,7.0627,-1.398561,-2.828844,-0.128214,0.233591,3.596233,,,,,v2,train,general_replay,0.40
train,/root/leo_ws/src/leo_pybullet/worlds/benchmark_v4_hard/train/world_easy_double_block_seed_300372.yaml,300372,easy,4,4,8,True,10.0706,-3.230358,4.22094,-1.029339,2.056967,-2.844785,double_block,8.825,1.1411,2,v4,train,0,0.45
train,/root/leo_ws/src/leo_pybullet/worlds/benchmark_v4_hard/train/world_easy_clear_seed_300003.yaml,300003,easy,5,4,9,False,4.8331,-2.376321,-2.530055,1.67044,-2.439297,2.246753,clear,4.7772,1.0117,0,v4,train,0,0.45
train,/root/leo_ws/src/leo_pybullet/worlds/benchmark_v2/train/world_hard_seed_000191.yaml,191,hard,12,4,16,True,6.9827,3.231298,0.115757,0.876334,-3.088629,-0.843437,,,,,v2,train,0,0.40
train,/root/leo_ws/src/leo_pybullet/worlds/benchmark_v4_hard/train/world_hard_clear_seed_300119.yaml,300119,hard,10,4,14,False,6.4971,-3.075478,4.067837,-1.246055,-1.873045,-1.962515,clear,6.1491,1.0566,0,v4_focused,train,2,focused_failure
train,/root/leo_ws/src/leo_pybullet/worlds/benchmark_v2/train/world_medium_seed_000238.yaml,238,medium,7,4,11,True,9.1551,1.908349,-3.778251,-2.098279,-3.082151,3.16527,,,,,v2,train,0,0.40
train,/root/leo_ws/src/leo_pybullet/worlds/benchmark_v4_hard/train/world_hard_double_block_seed_300173.yaml,300173,hard,12,4,16,True,9.69,1.861254,1.322746,-2.820448,-3.58166,-1.18469,double_block,5.9927,1.617,2,v4,train,0,0.45
train,/root/leo_ws/src/leo_pybullet/worlds/benchmark_v4_hard/train/world_medium_double_block_seed_300040.yaml,300040,medium,9,4,13,True,10.1586,4.094061,1.742832,-2.777481,-3.731806,-2.53301,double_block,8.9178,1.1391,2,v4,train,0,0.45
train,/root/leo_ws/src/leo_pybullet/worlds/benchmark_v2/train/world_hard_seed_000098.yaml,98,hard,10,4,14,True,8.7759,-3.975201,-0.711905,1.992826,4.106007,-1.897463,,,,,v2,train,0,0.40
train,/root/leo_ws/src/leo_pybullet/worlds/benchmark_v4_hard/train/world_easy_direct_block_seed_300030.yaml,300030,easy,3,4,7,True,6.3541,3.987129,-4.062492,1.911957,2.060799,1.347446,direct_block,5.7427,1.1065,1,v4,train,0,0.45
train,/root/leo_ws/src/leo_pybullet/worlds/benchmark_v4_hard/train/world_hard_direct_block_seed_300038.yaml,300038,hard,10,4,14,True,9.2318,0.834868,3.973613,-1.629526,-0.663242,-3.508577,direct_block,7.6307,1.2098,1,v4_focused,train,5,focused_failure
train,/root/leo_ws/src/leo_pybullet/worlds/benchmark_v4_hard/train/world_hard_clear_seed_300407.yaml,300407,hard,13,4,17,False,5.9725,-1.951008,-3.281618,-0.032498,3.909413,-3.637771,clear,5.8712,1.0173,0,v4,train,0,0.45
train,/root/leo_ws/src/leo_pybullet/worlds/benchmark_v2/train/world_hard_seed_000002.yaml,2,hard,8,4,12,True,8.2467,-1.2088,-2.878973,-1.560848,2.68797,3.078359,,,,,v2,train,0,0.40
train,/root/leo_ws/src/leo_pybullet/worlds/benchmark_v3_curriculum/train/world_medium_clear_seed_000091.yaml,91,medium,2,4,6,False,5.0982,0.770187,3.973815,-1.423657,1.517482,-0.830874,clear,4.8625,1.0485,,v3,train,general_replay,0.15
train,/root/leo_ws/src/leo_pybullet/worlds/benchmark_v2/train/world_easy_seed_000195.yaml,195,easy,4,4,8,True,6.729,1.279561,3.511671,-2.640135,3.037477,-2.536574,,,,,v2,train,0,0.40
train,/root/leo_ws/src/leo_pybullet/worlds/benchmark_v2/train/world_medium_seed_000280.yaml,280,medium,7,4,11,True,4.2182,2.16386,-3.632354,-1.033826,3.612136,-0.417923,,,,,v2,train,general_replay,0.40
train,/root/leo_ws/src/leo_pybullet/worlds/benchmark_v4_hard/train/world_hard_double_block_seed_300200.yaml,300200,hard,11,4,15,True,12.178,-3.348243,-1.977686,-0.439913,3.024712,-4.085313,double_block,6.7124,1.8143,2,v4,train,0,0.45
train,/root/leo_ws/src/leo_pybullet/worlds/benchmark_v2/train/world_hard_seed_000137.yaml,137,hard,8,4,12,True,4.7371,-0.827522,3.188725,2.076768,-1.547364,-0.890174,,,,,v2,train,0,0.40
train,/root/leo_ws/src/leo_pybullet/worlds/benchmark_v4_hard/train/world_hard_direct_block_seed_300062.yaml,300062,hard,14,4,18,True,8.1998,3.226089,-2.455293,3.035823,-3.464815,-1.050806,direct_block,6.8367,1.1994,1,v4_focused,train,3,focused_failure
train,/root/leo_ws/src/leo_pybullet/worlds/benchmark_v2/train/world_medium_seed_000169.yaml,169,medium,7,4,11,True,4.9027,-2.82644,0.09207,2.079083,0.269337,2.879806,,,,,v2,train,general_replay,0.40
train,/root/leo_ws/src/leo_pybullet/worlds/benchmark_v4_hard/train/world_medium_direct_block_seed_300094.yaml,300094,medium,9,4,13,True,7.9186,-3.258769,2.682181,0.129422,3.268026,3.921574,direct_block,6.6434,1.1919,1,v4_focused,train,2,focused_failure
train,/root/leo_ws/src/leo_pybullet/worlds/benchmark_v4_hard/train/world_hard_clear_seed_300251.yaml,300251,hard,14,4,18,False,5.4708,0.880359,3.091679,-2.905698,-4.152386,2.04839,clear,5.1397,1.0644,0,v4,train,0,0.45
train,/root/leo_ws/src/leo_pybullet/worlds/benchmark_v2/train/world_easy_seed_000135.yaml,135,easy,4,4,8,False,5.0192,1.246691,-1.945926,-0.298449,-1.792797,1.790561,,,,,v2,train,general_replay,0.40
train,/root/leo_ws/src/leo_pybullet/worlds/benchmark_v4_hard/train/world_medium_double_block_seed_300160.yaml,300160,medium,9,4,13,True,8.641,-3.531832,3.870221,-0.891112,0.643093,-1.872958,double_block,7.1003,1.217,2,v4,train,0,0.45
train,/root/leo_ws/src/leo_pybullet/worlds/benchmark_v2/train/world_hard_seed_000113.yaml,113,hard,8,4,12,True,3.9565,-0.552732,-4.078969,-1.269042,-3.758894,-3.251569,,,,,v2,train,0,0.40
train,/root/leo_ws/src/leo_pybullet/worlds/benchmark_v4_hard/train/world_medium_double_block_seed_300421.yaml,300421,medium,8,4,12,True,7.3553,-2.424302,3.314838,-0.149507,4.01391,3.084346,double_block,6.4423,1.1417,2,v4_focused,train,1,focused_failure
train,/root/leo_ws/src/leo_pybullet/worlds/benchmark_v4_hard/train/world_hard_double_block_seed_300308.yaml,300308,hard,12,4,16,True,7.2147,-3.36513,-2.530511,1.611294,-3.933956,2.995847,double_block,5.5556,1.2986,2,v4_focused,train,4,focused_failure
train,/root/leo_ws/src/leo_pybullet/worlds/benchmark_v4_hard/train/world_medium_double_block_seed_300400.yaml,300400,medium,8,4,12,True,9.6706,-3.715244,3.828842,-0.773911,1.710823,-2.648914,double_block,8.4501,1.1444,2,v4,train,0,0.45
train,/root/leo_ws/src/leo_pybullet/worlds/benchmark_v3_curriculum/train/world_hard_direct_block_seed_000125.yaml,125,hard,4,4,8,True,6.4696,-1.265918,0.91382,-1.121975,0.97726,-4.213787,direct_block,5.5968,1.1559,,v3,train,general_replay,0.15
train,/root/leo_ws/src/leo_pybullet/worlds/benchmark_v4_hard/train/world_hard_clear_seed_300035.yaml,300035,hard,13,4,17,False,6.7792,4.095613,-0.200397,-2.614698,-1.413405,-3.247277,clear,6.2955,1.0768,0,v4,train,0,0.45
train,/root/leo_ws/src/leo_pybullet/worlds/benchmark_v3_curriculum/train/world_easy_direct_block_seed_000054.yaml,54,easy,1,4,5,True,4.8033,-0.51903,-1.717631,0.349018,3.313615,-0.105964,direct_block,4.1577,1.1553,,v3,train,0,0.15
train,/root/leo_ws/src/leo_pybullet/worlds/benchmark_v4_hard/train/world_medium_double_block_seed_300349.yaml,300349,medium,9,4,13,True,8.2855,2.364528,-3.726752,2.155872,-2.206974,1.882797,double_block,7.2364,1.145,2,v4,train,0,0.45
train,/root/leo_ws/src/leo_pybullet/worlds/benchmark_v4_hard/train/world_medium_direct_block_seed_300394.yaml,300394,medium,6,4,10,True,10.0157,-3.940029,2.403539,-0.915322,2.14065,-4.133237,direct_block,8.9277,1.1219,1,v4,train,0,0.45
train,/root/leo_ws/src/leo_pybullet/worlds/benchmark_v4_hard/train/world_hard_double_block_seed_300413.yaml,300413,hard,11,4,15,True,6.1359,0.197244,-2.220359,0.506408,4.07385,0.401714,double_block,4.6801,1.3111,2,v4,train,0,0.45
train,/root/leo_ws/src/leo_pybullet/worlds/benchmark_v3_curriculum/train/world_hard_direct_block_seed_000197.yaml,197,hard,6,4,10,True,7.5929,-4.119616,-2.861797,0.475531,1.623503,0.706751,direct_block,6.7615,1.123,,v3,train,0,0.15
train,/root/leo_ws/src/leo_pybullet/worlds/benchmark_v2/train/world_medium_seed_000160.yaml,160,medium,5,4,9,True,5.4684,-0.063087,3.544982,-3.050798,-2.499169,-0.614758,,,,,v2,train,general_replay,0.40
train,/root/leo_ws/src/leo_pybullet/worlds/benchmark_v2/train/world_medium_seed_000043.yaml,43,medium,5,4,9,True,4.8833,2.285353,3.996835,-2.53662,-1.132069,1.726416,,,,,v2,train,general_replay,0.40
train,/root/leo_ws/src/leo_pybullet/worlds/benchmark_v2/train/world_hard_seed_000089.yaml,89,hard,8,4,12,True,4.2376,1.768099,-2.098461,2.180634,-1.35475,-3.787288,,,,,v2,train,0,0.40
train,/root/leo_ws/src/leo_pybullet/worlds/benchmark_v3_curriculum/train/world_medium_clear_seed_000295.yaml,295,medium,3,4,7,False,5.1782,2.544148,-2.461424,2.966566,-2.369572,-1.689878,clear,4.9739,1.0411,,v3,train,0,0.15
train,/root/leo_ws/src/leo_pybullet/worlds/benchmark_v4_hard/train/world_hard_double_block_seed_300293.yaml,300293,hard,10,4,14,True,9.0878,-2.323246,2.537773,-1.192331,-0.148338,-4.014216,double_block,6.9035,1.3164,2,v4,train,0,0.45
train,/root/leo_ws/src/leo_pybullet/worlds/benchmark_v4_hard/train/world_easy_double_block_seed_300408.yaml,300408,easy,3,4,7,True,8.8592,3.669859,2.972077,-2.624524,-3.396674,-0.56618,double_block,7.9029,1.121,2,v4,train,0,0.45
train,/root/leo_ws/src/leo_pybullet/worlds/benchmark_v3_curriculum/train/world_easy_direct_block_seed_000258.yaml,258,easy,1,4,5,True,7.5655,3.179651,-4.245185,2.344065,-1.239279,0.721035,direct_block,6.6476,1.1381,,v3,train,general_replay,0.15
train,/root/leo_ws/src/leo_pybullet/worlds/benchmark_v4_hard/train/world_medium_double_block_seed_300205.yaml,300205,medium,9,4,13,True,7.289,3.284599,-4.207802,2.595391,-1.305758,-0.537764,double_block,5.8771,1.2402,2,v4,train,0,0.45
train,/root/leo_ws/src/leo_pybullet/worlds/benchmark_v2/train/world_easy_seed_000033.yaml,33,easy,4,4,8,True,5.3118,0.284279,0.238038,2.786636,4.169306,3.525242,,,,,v2,train,general_replay,0.40
train,/root/leo_ws/src/leo_pybullet/worlds/benchmark_v4_hard/train/world_medium_direct_block_seed_300274.yaml,300274,medium,9,4,13,True,5.4159,2.937679,-1.75669,1.653458,3.032266,2.844352,direct_block,4.602,1.1768,1,v4,train,0,0.45
train,/root/leo_ws/src/leo_pybullet/worlds/benchmark_v4_hard/train/world_medium_direct_block_seed_300214.yaml,300214,medium,8,4,12,True,7.8467,-3.986708,3.670974,-0.615472,1.790169,-0.021644,direct_block,6.8562,1.1445,1,v4,train,0,0.45
train,/root/leo_ws/src/leo_pybullet/worlds/benchmark_v4_hard/train/world_hard_double_block_seed_300449.yaml,300449,hard,12,4,16,True,8.5027,1.44954,-2.716499,2.151127,-1.792532,2.491355,double_block,6.1346,1.386,2,v4_focused,train,4,focused_failure
train,/root/leo_ws/src/leo_pybullet/worlds/benchmark_v2/train/world_easy_seed_000276.yaml,276,easy,3,4,7,True,5.1233,3.826328,2.573258,-3.116715,2.414461,-1.979969,,,,,v2,train,0,0.40
train,/root/leo_ws/src/leo_pybullet/worlds/benchmark_v3_curriculum/train/world_medium_clear_seed_000067.yaml,67,medium,2,4,6,False,4.5667,0.819024,-0.103796,2.266275,-1.88678,3.308857,clear,4.3552,1.0486,,v3,train,0,0.15
train,/root/leo_ws/src/leo_pybullet/worlds/benchmark_v4_hard/train/world_hard_direct_block_seed_300290.yaml,300290,hard,10,4,14,True,5.9645,1.287921,0.359346,2.650384,-2.60384,2.883821,direct_block,4.6388,1.2858,1,v4,train,0,0.45
train,/root/leo_ws/src/leo_pybullet/worlds/benchmark_v4_hard/train/world_easy_double_block_seed_300156.yaml,300156,easy,3,4,7,True,5.9039,0.382878,-1.513993,2.151028,-2.232248,2.499852,double_block,4.7906,1.2324,2,v4_focused,train,1,focused_failure
train,/root/leo_ws/src/leo_pybullet/worlds/benchmark_v4_hard/train/world_hard_direct_block_seed_300398.yaml,300398,hard,10,4,14,True,5.6971,-2.032616,0.426662,0.79411,0.773182,4.011763,direct_block,4.5525,1.2514,1,v4_focused,train,0,focused_failure
train,/root/leo_ws/src/leo_pybullet/worlds/benchmark_v2/train/world_hard_seed_000074.yaml,74,hard,12,4,16,True,7.8661,-3.361586,-3.300649,2.724692,-1.660645,3.26609,,,,,v2,train,0,0.40
train,/root/leo_ws/src/leo_pybullet/worlds/benchmark_v2/train/world_easy_seed_000252.yaml,252,easy,4,4,8,True,5.7472,-0.386063,-2.056472,2.901917,2.738875,2.022757,,,,,v2,train,general_replay,0.40
train,/root/leo_ws/src/leo_pybullet/worlds/benchmark_v3_curriculum/train/world_medium_direct_block_seed_000109.yaml,109,medium,3,4,7,True,4.9245,-0.016655,-1.710465,-0.531316,3.540715,-3.585776,direct_block,4.0214,1.2246,,v3,train,0,0.15
train,/root/leo_ws/src/leo_pybullet/worlds/benchmark_v3_curriculum/train/world_medium_direct_block_seed_000274.yaml,274,medium,2,4,6,True,5.4902,-0.349437,-0.691092,-0.905059,2.499919,-4.029088,direct_block,4.3887,1.251,,v3,train,0,0.15
train,/root/leo_ws/src/leo_pybullet/worlds/benchmark_v3_curriculum/train/world_medium_direct_block_seed_000250.yaml,250,medium,3,4,7,True,6.0147,-0.834486,-2.914487,1.122516,1.457266,1.727194,direct_block,5.1766,1.1619,,v3,train,general_replay,0.15
train,/root/leo_ws/src/leo_pybullet/worlds/benchmark_v4_hard/train/world_easy_double_block_seed_300228.yaml,300228,easy,3,4,7,True,6.8341,-1.062032,-2.909031,0.515915,4.211825,-0.401188,double_block,5.8398,1.1703,2,v4,train,0,0.45
train,/root/leo_ws/src/leo_pybullet/worlds/benchmark_v2/train/world_medium_seed_000055.yaml,55,medium,5,4,9,False,8.3976,-2.642653,4.340332,-1.986936,-1.716614,-3.656927,,,,,v2,train,general_replay,0.40
train,/root/leo_ws/src/leo_pybullet/worlds/benchmark_v4_hard/train/world_medium_double_block_seed_300028.yaml,300028,medium,7,4,11,True,8.9643,-1.410634,2.478793,-0.816045,3.495932,-3.773114,double_block,7.9474,1.128,2,v4_focused,train,1,focused_failure
train,/root/leo_ws/src/leo_pybullet/worlds/benchmark_v2/train/world_easy_seed_000126.yaml,126,easy,4,4,8,True,7.1849,0.830641,-2.196814,-1.702829,-2.825208,3.308068,,,,,v2,train,0,0.40
train,/root/leo_ws/src/leo_pybullet/worlds/benchmark_v3_curriculum/train/world_medium_direct_block_seed_000064.yaml,64,medium,3,4,7,True,4.5027,-3.188767,0.96041,0.125958,0.307339,1.588308,direct_block,3.552,1.2676,,v3,train,general_replay,0.15
train,/root/leo_ws/src/leo_pybullet/worlds/benchmark_v4_hard/train/world_medium_double_block_seed_300229.yaml,300229,medium,6,4,10,True,9.5016,-2.389461,-4.103256,1.592891,-2.979923,4.065994,double_block,8.1906,1.1601,2,v4_focused,train,1,focused_failure
train,/root/leo_ws/src/leo_pybullet/worlds/benchmark_v4_hard/train/world_easy_double_block_seed_300057.yaml,300057,easy,4,4,8,True,8.1061,-2.194952,-4.209897,0.575714,4.08769,-0.702731,double_block,7.1953,1.1266,2,v4,train,0,0.45
train,/root/leo_ws/src/leo_pybullet/worlds/benchmark_v3_curriculum/train/world_easy_direct_block_seed_000150.yaml,150,easy,2,4,6,True,6.2216,3.359278,-2.653119,2.626232,-1.667199,-0.184463,direct_block,5.6,1.111,,v3,train,general_replay,0.15
train,/root/leo_ws/src/leo_pybullet/worlds/benchmark_v4_hard/train/world_easy_clear_seed_300087.yaml,300087,easy,3,4,7,False,6.4261,0.299546,-3.016865,1.025797,3.230447,2.187918,clear,5.9733,1.0758,0,v4,train,0,0.45
train,/root/leo_ws/src/leo_pybullet/worlds/benchmark_v4_hard/train/world_easy_direct_block_seed_300330.yaml,300330,easy,4,4,8,True,8.729,4.216717,2.593249,3.068244,-3.822793,3.098076,direct_block,8.0553,1.0836,1,v4,train,0,0.45
train,/root/leo_ws/src/leo_pybullet/worlds/benchmark_v4_hard/train/world_medium_clear_seed_300439.yaml,300439,medium,8,4,12,False,6.6386,3.563768,3.492571,-2.167079,0.256242,-1.830205,clear,6.2667,1.0593,0,v4,train,0,0.45
train,/root/leo_ws/src/leo_pybullet/worlds/benchmark_v2/train/world_easy_seed_000021.yaml,21,easy,2,4,6,False,7.6843,-0.713138,-1.903064,-0.159296,2.986524,4.260575,,,,,v2,train,0,0.40
train,/root/leo_ws/src/leo_pybullet/worlds/benchmark_v4_hard/train/world_medium_double_block_seed_300193.yaml,300193,medium,9,4,13,True,7.9176,-3.5697,-2.118308,0.577086,1.593508,0.738195,double_block,5.9007,1.3418,2,v4_focused,train,1,focused_failure
train,/root/leo_ws/src/leo_pybullet/worlds/benchmark_v2/train/world_medium_seed_000049.yaml,49,medium,5,4,9,True,6.2878,3.769902,-1.535592,1.130102,0.472891,2.677341,,,,,v2,train,general_replay,0.40
train,/root/leo_ws/src/leo_pybullet/worlds/benchmark_v2/train/world_medium_seed_000172.yaml,172,medium,7,4,11,True,4.9576,0.535862,2.824259,2.153289,-2.525626,2.094718,,,,,v2,train,0,0.40
train,/root/leo_ws/src/leo_pybullet/worlds/benchmark_v2/train/world_hard_seed_000164.yaml,164,hard,8,4,12,True,5.6171,4.300053,-2.12788,-2.602688,-0.091833,-1.005866,,,,,v2,train,general_replay,0.40
train,/root/leo_ws/src/leo_pybullet/worlds/benchmark_v4_hard/train/world_medium_clear_seed_300187.yaml,300187,medium,9,4,13,False,5.2318,2.161473,-0.227691,-2.375802,-1.620629,-3.525113,clear,5.0177,1.0427,0,v4,train,0,0.45
train,/root/leo_ws/src/leo_pybullet/worlds/benchmark_v2/train/world_easy_seed_000006.yaml,6,easy,4,4,8,False,5.6649,-0.130199,-2.073893,-0.186898,-4.34607,1.416521,,,,,v2,train,general_replay,0.40
train,/root/leo_ws/src/leo_pybullet/worlds/benchmark_v4_hard/train/world_hard_double_block_seed_300428.yaml,300428,hard,10,4,14,True,7.8935,-0.68913,-3.532512,1.700054,-1.081193,3.215711,double_block,6.7596,1.1677,2,v4_focused,train,1,focused_failure
train,/root/leo_ws/src/leo_pybullet/worlds/benchmark_v2/train/world_easy_seed_000198.yaml,198,easy,2,4,6,True,5.2422,-0.169828,1.484774,0.190295,4.243085,-0.377086,,,,,v2,train,0,0.40
train,/root/leo_ws/src/leo_pybullet/worlds/benchmark_v2/train/world_hard_seed_000062.yaml,62,hard,12,4,16,True,8.2386,4.094472,-2.278454,-0.906201,-0.306657,3.460526,,,,,v2,train,0,0.40
train,/root/leo_ws/src/leo_pybullet/worlds/benchmark_v4_hard/train/world_hard_clear_seed_300191.yaml,300191,hard,13,4,17,False,7.3931,-3.184761,-3.090059,-0.046556,4.16093,-2.969209,clear,7.3467,1.0063,0,v4,train,0,0.45
train,/root/leo_ws/src/leo_pybullet/worlds/benchmark_v4_hard/train/world_hard_direct_block_seed_300014.yaml,300014,hard,12,4,16,True,7.8239,-1.483921,-3.582866,1.75184,-2.614877,2.509943,direct_block,6.1969,1.2626,1,v4,train,0,0.45
train,/root/leo_ws/src/leo_pybullet/worlds/benchmark_v4_hard/train/world_easy_clear_seed_300015.yaml,300015,easy,5,4,9,False,5.8798,1.050833,-2.880979,1.147524,3.897318,1.766115,clear,5.4496,1.0789,0,v4,train,0,0.45
train,/root/leo_ws/src/leo_pybullet/worlds/benchmark_v2/train/world_medium_seed_000115.yaml,115,medium,7,4,11,True,9.4088,-3.363606,-3.373506,3.087839,2.212445,3.114626,,,,,v2,train,0,0.40
train,/root/leo_ws/src/leo_pybullet/worlds/benchmark_v4_hard/train/world_medium_double_block_seed_300217.yaml,300217,medium,9,4,13,True,7.3051,4.207654,3.583556,-1.911421,2.784389,-1.226065,double_block,5.0158,1.4564,2,v4,train,0,0.45
train,/root/leo_ws/src/leo_pybullet/worlds/benchmark_v2/train/world_easy_seed_000042.yaml,42,easy,4,4,8,True,5.8102,2.101489,-2.219441,1.51216,-3.13602,-3.458292,,,,,v2,train,general_replay,0.40
train,/root/leo_ws/src/leo_pybullet/worlds/benchmark_v4_hard/train/world_easy_direct_block_seed_300270.yaml,300270,easy,3,4,7,True,5.5508,0.853604,3.864252,-2.067087,-1.433951,-0.047312,direct_block,4.5314,1.225,1,v4_focused,train,6,focused_failure
train,/root/leo_ws/src/leo_pybullet/worlds/benchmark_v2/train/world_hard_seed_000221.yaml,221,hard,9,4,13,True,4.1439,-0.068592,0.501484,2.452517,2.316278,2.999756,,,,,v2,train,general_replay,0.40
train,/root/leo_ws/src/leo_pybullet/worlds/benchmark_v2/train/world_hard_seed_000248.yaml,248,hard,11,4,15,True,5.2559,-1.52567,3.028448,-2.599285,1.655972,-0.064977,,,,,v2,train,general_replay,0.40
train,/root/leo_ws/src/leo_pybullet/worlds/benchmark_v4_hard/train/world_hard_double_block_seed_300116.yaml,300116,hard,12,4,16,True,6.1027,2.690691,1.215736,-1.292646,3.334631,-3.267894,double_block,4.5296,1.3473,2,v4_focused,train,4,focused_failure
train,/root/leo_ws/src/leo_pybullet/worlds/benchmark_v4_hard/train/world_medium_direct_block_seed_300238.yaml,300238,medium,6,4,10,True,6.6353,-0.28096,0.734011,-0.960356,2.817651,-3.861201,direct_block,5.5423,1.1972,1,v4,train,0,0.45
train,/root/leo_ws/src/leo_pybullet/worlds/benchmark_v4_hard/train/world_medium_clear_seed_300331.yaml,300331,medium,6,4,10,False,4.7645,-1.436676,-2.255358,-0.211937,3.016656,-3.181373,clear,4.5486,1.0475,0,v4,train,0,0.45
train,/root/leo_ws/src/leo_pybullet/worlds/benchmark_v4_hard/train/world_medium_double_block_seed_300073.yaml,300073,medium,8,4,12,True,7.1622,-0.384273,3.28942,-0.763686,3.781939,-0.777667,double_block,5.8222,1.2301,2,v4,train,0,0.45
train,/root/leo_ws/src/leo_pybullet/worlds/benchmark_v3_curriculum/train/world_medium_direct_block_seed_000133.yaml,133,medium,3,4,7,True,5.4022,-1.236869,-1.510208,1.111136,0.982514,2.31006,direct_block,4.4182,1.2227,,v3,train,0,0.15
train,/root/leo_ws/src/leo_pybullet/worlds/benchmark_v2/train/world_easy_seed_000099.yaml,99,easy,3,4,7,False,4.4971,0.86512,-2.346714,1.439044,-3.190774,-3.596767,,,,,v2,train,0,0.40
train,/root/leo_ws/src/leo_pybullet/worlds/benchmark_v2/train/world_medium_seed_000091.yaml,91,medium,5,4,9,True,5.6753,4.067316,1.553187,1.77318,-0.850424,-0.356864,,,,,v2,train,0,0.40
train,/root/leo_ws/src/leo_pybullet/worlds/benchmark_v2/train/world_easy_seed_000102.yaml,102,easy,2,4,6,False,4.2935,-1.233325,0.473417,-1.301856,1.399969,-2.762387,,,,,v2,train,0,0.40
train,/root/leo_ws/src/leo_pybullet/worlds/benchmark_v4_hard/train/world_hard_double_block_seed_300341.yaml,300341,hard,14,4,18,True,8.5084,-0.691329,-3.790402,1.573118,-0.415863,1.768754,double_block,5.566,1.5286,2,v4_focused,train,2,focused_failure
train,/root/leo_ws/src/leo_pybullet/worlds/benchmark_v3_curriculum/train/world_hard_clear_seed_000143.yaml,143,hard,4,4,8,False,4.1278,0.089651,3.82306,-0.98111,2.352556,0.620083,clear,3.9217,1.0526,,v3,train,0,0.15
train,/root/leo_ws/src/leo_pybullet/worlds/benchmark_v4_hard/train/world_medium_double_block_seed_300244.yaml,300244,medium,7,4,11,True,6.4639,3.949575,-0.22169,-2.234925,0.853225,-4.176404,double_block,5.0227,1.287,2,v4_focused,train,3,focused_failure
train,/root/leo_ws/src/leo_pybullet/worlds/benchmark_v2/train/world_medium_seed_000202.yaml,202,medium,8,4,12,False,7.681,-0.787889,-2.626639,-0.453978,1.537293,4.082787,,,,,v2,train,general_replay,0.40
train,/root/leo_ws/src/leo_pybullet/worlds/benchmark_v2/train/world_easy_seed_000000.yaml,0,easy,3,4,7,False,3.6672,2.469048,-1.711179,2.564249,-0.203606,0.725424,,,,,v2,train,general_replay,0.40
train,/root/leo_ws/src/leo_pybullet/worlds/benchmark_v2/train/world_easy_seed_000189.yaml,189,easy,3,4,7,False,8.6718,-1.647918,-4.031109,-2.417605,1.728565,3.269578,,,,,v2,train,general_replay,0.40
train,/root/leo_ws/src/leo_pybullet/worlds/benchmark_v3_curriculum/train/world_hard_clear_seed_000023.yaml,23,hard,5,4,9,False,3.9404,3.335683,-3.539819,2.299411,0.782231,-0.648147,clear,3.8577,1.0214,,v3,train,general_replay,0.15
train,/root/leo_ws/src/leo_pybullet/worlds/benchmark_v4_hard/train/world_easy_direct_block_seed_300018.yaml,300018,easy,5,4,9,True,8.2159,3.778035,-3.244353,-3.00282,-3.731559,-3.936933,direct_block,7.5415,1.0894,1,v4,train,0,0.45
train,/root/leo_ws/src/leo_pybullet/worlds/benchmark_v2/train/world_hard_seed_000011.yaml,11,hard,11,4,15,False,3.7851,3.104708,2.446597,-1.948403,-0.419059,3.088897,,,,,v2,train,0,0.40
train,/root/leo_ws/src/leo_pybullet/worlds/benchmark_v2/train/world_medium_seed_000127.yaml,127,medium,5,4,9,False,6.8682,0.700322,2.805823,-1.865928,-4.14497,-2.016573,,,,,v2,train,0,0.40
train,/root/leo_ws/src/leo_pybullet/worlds/benchmark_v2/train/world_hard_seed_000176.yaml,176,hard,8,4,12,True,4.2925,3.86149,2.413438,-1.147815,2.877269,-1.001516,,,,,v2,train,0,0.40
train,/root/leo_ws/src/leo_pybullet/worlds/benchmark_v4_hard/train/world_hard_direct_block_seed_300134.yaml,300134,hard,11,4,15,True,7.4741,1.685136,-0.685068,2.368103,-2.986901,3.488965,direct_block,6.265,1.193,1,v4,train,0,0.45
train,/root/leo_ws/src/leo_pybullet/worlds/benchmark_v4_hard/train/world_easy_double_block_seed_300048.yaml,300048,easy,5,4,9,True,6.1884,-1.12105,-0.61389,0.358905,3.497192,1.198462,double_block,4.9611,1.2474,2,v4,train,0,0.45
train,/root/leo_ws/src/leo_pybullet/worlds/benchmark_v4_hard/train/world_easy_double_block_seed_300153.yaml,300153,easy,5,4,9,True,6.7678,-2.342211,2.57987,-0.578731,1.803007,-1.003156,double_block,5.4791,1.2352,2,v4,train,0,0.45
train,/root/leo_ws/src/leo_pybullet/worlds/benchmark_v4_hard/train/world_easy_direct_block_seed_300174.yaml,300174,easy,4,4,8,True,8.3153,0.75673,3.94722,-1.393545,2.228646,-3.56995,direct_block,7.6599,1.0856,1,v4_focused,train,4,focused_failure
train,/root/leo_ws/src/leo_pybullet/worlds/benchmark_v2/train/world_hard_seed_000296.yaml,296,hard,8,4,12,False,3.8022,-2.144129,0.013719,0.446912,-3.948517,3.077865,,,,,v2,train,general_replay,0.40
train,/root/leo_ws/src/leo_pybullet/worlds/benchmark_v2/train/world_medium_seed_000169.yaml,169,medium,7,4,11,True,4.9027,-2.82644,0.09207,2.079083,0.269337,2.879806,,,,,v2,train,general_replay,0.40
train,/root/leo_ws/src/leo_pybullet/worlds/benchmark_v4_hard/train/world_hard_double_block_seed_300008.yaml,300008,hard,12,4,16,True,7.0651,1.457265,-1.605115,1.302586,3.044504,3.857637,double_block,5.6887,1.242,2,v4_focused,train,3,focused_failure
train,/root/leo_ws/src/leo_pybullet/worlds/benchmark_v4_hard/train/world_hard_clear_seed_300299.yaml,300299,hard,10,4,14,False,5.3463,2.611476,1.892564,3.107485,-2.646462,2.047607,clear,5.2602,1.0164,0,v4,train,0,0.45
train,/root/leo_ws/src/leo_pybullet/worlds/benchmark_v4_hard/train/world_hard_direct_block_seed_300398.yaml,300398,hard,10,4,14,True,5.6971,-2.032616,0.426662,0.79411,0.773182,4.011763,direct_block,4.5525,1.2514,1,v4,train,0,0.45
train,/root/leo_ws/src/leo_pybullet/worlds/benchmark_v4_hard/train/world_medium_double_block_seed_300088.yaml,300088,medium,9,4,13,True,5.8925,3.335837,-0.614888,2.022429,1.602172,3.644733,double_block,4.5989,1.2813,2,v4,train,0,0.45
train,/root/leo_ws/src/leo_pybullet/worlds/benchmark_v2/train/world_easy_seed_000270.yaml,270,easy,2,4,6,False,3.769,1.247615,-3.131133,-1.304682,3.008514,-0.143246,,,,,v2,train,0,0.40
train,/root/leo_ws/src/leo_pybullet/worlds/benchmark_v4_hard/train/world_easy_direct_block_seed_300198.yaml,300198,easy,3,4,7,True,7.5953,-3.135846,3.3247,-0.054791,3.645335,2.873349,direct_block,6.7962,1.1176,1,v4_focused,train,2,focused_failure
train,/root/leo_ws/src/leo_pybullet/worlds/benchmark_v4_hard/train/world_medium_double_block_seed_300148.yaml,300148,medium,7,4,11,True,6.9941,3.313466,-1.509438,-2.600922,-1.843421,-3.88709,double_block,5.6786,1.2317,2,v4,train,0,0.45
train,/root/leo_ws/src/leo_pybullet/worlds/benchmark_v2/train/world_easy_seed_000090.yaml,90,easy,2,4,6,False,3.3165,-0.165051,0.649063,1.91622,-1.654739,3.361953,,,,,v2,train,general_replay,0.40
train,/root/leo_ws/src/leo_pybullet/worlds/benchmark_v2/train/world_medium_seed_000190.yaml,190,medium,5,4,9,True,9.0888,-3.705083,-3.606889,0.186935,1.795743,2.57749,,,,,v2,train,general_replay,0.40
train,/root/leo_ws/src/leo_pybullet/worlds/benchmark_v4_hard/train/world_hard_direct_block_seed_300098.yaml,300098,hard,13,4,17,True,6.4971,-2.45126,-2.139854,0.103157,2.75574,-1.72121,direct_block,5.2238,1.2437,1,v4_focused,train,4,focused_failure
train,/root/leo_ws/src/leo_pybullet/worlds/benchmark_v4_hard/train/world_hard_double_block_seed_300245.yaml,300245,hard,11,4,15,True,6.6684,1.811544,1.360747,2.708255,-2.818519,3.985489,double_block,5.3223,1.2529,2,v4,train,0,0.45
train,/root/leo_ws/src/leo_pybullet/worlds/benchmark_v4_hard/train/world_medium_direct_block_seed_300262.yaml,300262,medium,6,4,10,True,10.1288,1.974959,4.022088,-1.377907,2.674977,-4.181859,direct_block,8.2338,1.2302,1,v4_focused,train,2,focused_failure
train,/root/leo_ws/src/leo_pybullet/worlds/benchmark_v3_curriculum/train/world_hard_clear_seed_000035.yaml,35,hard,6,4,10,False,4.081,-0.580334,-2.106737,2.568072,-3.724604,0.218906,clear,3.9109,1.0435,,v3,train,general_replay,0.15
train,/root/leo_ws/src/leo_pybullet/worlds/benchmark_v2/train/world_easy_seed_000228.yaml,228,easy,4,4,8,False,3.3931,0.642568,-2.446148,2.908768,0.578913,0.899642,,,,,v2,train,0,0.40
train,/root/leo_ws/src/leo_pybullet/worlds/benchmark_v4_hard/train/world_hard_double_block_seed_300365.yaml,300365,hard,10,4,14,True,11.5622,3.932271,3.229698,-2.43294,-1.549961,-1.761724,double_block,7.4141,1.5595,2,v4_focused,train,0,focused_failure
train,/root/leo_ws/src/leo_pybullet/worlds/benchmark_v4_hard/train/world_hard_double_block_seed_300416.yaml,300416,hard,11,4,15,True,6.0365,1.219382,-3.248094,-3.11144,-3.253832,-3.749835,double_block,4.5013,1.3411,2,v4_focused,train,3,focused_failure
train,/root/leo_ws/src/leo_pybullet/worlds/benchmark_v2/train/world_hard_seed_000272.yaml,272,hard,11,4,15,True,7.2729,-1.967071,0.961375,1.996445,3.800033,4.02328,,,,,v2,train,general_replay,0.40
train,/root/leo_ws/src/leo_pybullet/worlds/benchmark_v2/train/world_medium_seed_000109.yaml,109,medium,7,4,11,True,4.8696,-0.434619,-3.847454,-1.264372,-2.369369,-0.017047,,,,,v2,train,general_replay,0.40
train,/root/leo_ws/src/leo_pybullet/worlds/benchmark_v3_curriculum/train/world_hard_direct_block_seed_000110.yaml,110,hard,5,4,9,True,5.4514,2.490416,-2.283655,2.817135,-1.796593,-1.161276,direct_block,4.4315,1.2301,,v3,train,0,0.15
train,/root/leo_ws/src/leo_pybullet/worlds/benchmark_v4_hard/train/world_hard_clear_seed_300071.yaml,300071,hard,13,4,17,False,4.9633,3.433915,-1.963352,2.860535,-1.013901,-0.571525,clear,4.6605,1.065,0,v4,train,0,0.45
train,/root/leo_ws/src/leo_pybullet/worlds/benchmark_v4_hard/train/world_easy_direct_block_seed_300330.yaml,300330,easy,4,4,8,True,8.729,4.216717,2.593249,3.068244,-3.822793,3.098076,direct_block,8.0553,1.0836,1,v4,train,0,0.45
train,/root/leo_ws/src/leo_pybullet/worlds/benchmark_v4_hard/train/world_medium_direct_block_seed_300346.yaml,300346,medium,7,4,11,True,6.3016,2.310615,-1.631275,2.215985,-0.614975,3.022546,direct_block,5.497,1.1464,1,v4,train,0,0.45
train,/root/leo_ws/src/leo_pybullet/worlds/benchmark_v2/train/world_easy_seed_000243.yaml,243,easy,4,4,8,False,4.2376,-3.893183,0.548871,-2.463682,-2.903361,-3.28588,,,,,v2,train,0,0.40
train,/root/leo_ws/src/leo_pybullet/worlds/benchmark_v2/train/world_hard_seed_000200.yaml,200,hard,8,4,12,True,7.1508,2.040188,-4.085843,2.616088,1.024083,2.598764,,,,,v2,train,0,0.40
train,/root/leo_ws/src/leo_pybullet/worlds/benchmark_v4_hard/train/world_easy_direct_block_seed_300342.yaml,300342,easy,3,4,7,True,6.2684,0.832252,2.960465,-2.380652,-3.272664,-0.374972,direct_block,5.2892,1.1851,1,v4,train,0,0.45
train,/root/leo_ws/src/leo_pybullet/worlds/benchmark_v2/train/world_medium_seed_000241.yaml,241,medium,5,4,9,True,4.3976,1.753828,1.834346,0.285573,-2.295833,1.300825,,,,,v2,train,0,0.40
train,/root/leo_ws/src/leo_pybullet/worlds/benchmark_v2/train/world_easy_seed_000027.yaml,27,easy,4,4,8,False,6.7163,-2.193802,-2.263481,0.864345,2.795674,1.998724,,,,,v2,train,0,0.40
train,/root/leo_ws/src/leo_pybullet/worlds/benchmark_v4_hard/train/world_medium_double_block_seed_300145.yaml,300145,medium,9,4,13,True,6.9198,1.441243,-1.635225,-3.012195,-3.836573,-2.205088,double_block,5.3085,1.3035,2,v4_focused,train,2,focused_failure
train,/root/leo_ws/src/leo_pybullet/worlds/benchmark_v2/train/world_medium_seed_000178.yaml,178,medium,5,4,9,True,5.3965,2.000322,4.224747,2.179063,-2.739417,3.883069,,,,,v2,train,general_replay,0.40
train,/root/leo_ws/src/leo_pybullet/worlds/benchmark_v2/train/world_medium_seed_000127.yaml,127,medium,5,4,9,False,6.8682,0.700322,2.805823,-1.865928,-4.14497,-2.016573,,,,,v2,train,0,0.40
train,/root/leo_ws/src/leo_pybullet/worlds/benchmark_v4_hard/train/world_hard_double_block_seed_300344.yaml,300344,hard,13,4,17,True,8.8833,3.755199,-0.989608,-2.725941,-3.059585,-3.894395,double_block,7.408,1.1991,2,v4_focused,train,1,focused_failure
train,/root/leo_ws/src/leo_pybullet/worlds/benchmark_v2/train/world_hard_seed_000260.yaml,260,hard,9,4,13,True,5.3884,-0.80594,0.757675,1.582851,-2.510475,-3.832089,,,,,v2,train,0,0.40
train,/root/leo_ws/src/leo_pybullet/worlds/benchmark_v2/train/world_easy_seed_000225.yaml,225,easy,4,4,8,False,6.3574,-2.802599,1.667033,-0.834464,0.948119,-3.176779,,,,,v2,train,0,0.40
train,/root/leo_ws/src/leo_pybullet/worlds/benchmark_v2/train/world_hard_seed_000122.yaml,122,hard,12,4,16,True,9.3837,3.235751,3.563017,-1.758003,-3.732437,-1.161008,,,,,v2,train,general_replay,0.40
train,/root/leo_ws/src/leo_pybullet/worlds/benchmark_v2/train/world_easy_seed_000009.yaml,9,easy,3,4,7,True,4.1633,-2.025931,-2.730539,-0.227944,1.536799,-1.406568,,,,,v2,train,0,0.40
train,/root/leo_ws/src/leo_pybullet/worlds/benchmark_v2/train/world_hard_seed_000296.yaml,296,hard,8,4,12,False,3.8022,-2.144129,0.013719,0.446912,-3.948517,3.077865,,,,,v2,train,general_replay,0.40
train,/root/leo_ws/src/leo_pybullet/worlds/benchmark_v4_hard/train/world_hard_double_block_seed_300185.yaml,300185,hard,13,4,17,True,6.7678,2.124098,-2.524737,1.505628,2.833823,2.636366,double_block,5.2097,1.2991,2,v4_focused,train,2,focused_failure
train,/root/leo_ws/src/leo_pybullet/worlds/benchmark_v2/train/world_easy_seed_000168.yaml,168,easy,4,4,8,True,6.0971,0.399348,3.127914,0.732661,-0.001822,-2.452252,,,,,v2,train,0,0.40
train,/root/leo_ws/src/leo_pybullet/worlds/benchmark_v4_hard/train/world_easy_double_block_seed_300249.yaml,300249,easy,5,4,9,True,6.0616,-1.542749,2.398846,0.000272,3.520803,2.604689,double_block,5.0677,1.1961,2,v4_focused,train,5,focused_failure
train,/root/leo_ws/src/leo_pybullet/worlds/benchmark_v2/train/world_medium_seed_000115.yaml,115,medium,7,4,11,True,9.4088,-3.363606,-3.373506,3.087839,2.212445,3.114626,,,,,v2,train,general_replay,0.40
train,/root/leo_ws/src/leo_pybullet/worlds/benchmark_v4_hard/train/world_hard_direct_block_seed_300374.yaml,300374,hard,13,4,17,True,6.7176,2.181369,2.284328,2.795766,-3.255267,4.104153,direct_block,5.7331,1.1717,1,v4_focused,train,2,focused_failure
train,/root/leo_ws/src/leo_pybullet/worlds/benchmark_v2/train/world_medium_seed_000160.yaml,160,medium,5,4,9,True,5.4684,-0.063087,3.544982,-3.050798,-2.499169,-0.614758,,,,,v2,train,0,0.40
train,/root/leo_ws/src/leo_pybullet/worlds/benchmark_v2/train/world_medium_seed_000256.yaml,256,medium,8,4,12,True,3.9896,-1.165797,2.673138,3.090293,-0.372305,-0.586772,,,,,v2,train,0,0.40
train,/root/leo_ws/src/leo_pybullet/worlds/benchmark_v4_hard/train/world_hard_direct_block_seed_300278.yaml,300278,hard,11,4,15,True,6.0147,-1.517609,4.040211,-1.840779,-2.21994,-1.084197,direct_block,5.1723,1.1629,1,v4,train,0,0.45
train,/root/leo_ws/src/leo_pybullet/worlds/benchmark_v2/train/world_easy_seed_000057.yaml,57,easy,2,4,6,False,3.3747,0.916064,-2.393753,3.041911,-1.555386,-0.19697,,,,,v2,train,general_replay,0.40
train,/root/leo_ws/src/leo_pybullet/worlds/benchmark_v2/train/world_medium_seed_000007.yaml,7,medium,7,4,11,False,3.8457,-0.915036,-3.929908,0.520172,2.795086,-3.531069,,,,,v2,train,general_replay,0.40
train,/root/leo_ws/src/leo_pybullet/worlds/benchmark_v3_curriculum/train/world_hard_clear_seed_000179.yaml,179,hard,4,4,8,False,4.6022,0.498454,4.084065,-2.767979,-3.306837,2.304063,clear,4.201,1.0955,,v3,train,general_replay,0.15
train,/root/leo_ws/src/leo_pybullet/worlds/benchmark_v3_curriculum/train/world_medium_direct_block_seed_000046.yaml,46,medium,2,4,6,True,5.929,-0.850048,0.753272,-0.661631,3.058187,-2.307417,direct_block,4.9641,1.1944,,v3,train,0,0.15
train,/root/leo_ws/src/leo_pybullet/worlds/benchmark_v4_hard/train/world_hard_direct_block_seed_300014.yaml,300014,hard,12,4,16,True,7.8239,-1.483921,-3.582866,1.75184,-2.614877,2.509943,direct_block,6.1969,1.2626,1,v4_focused,train,7,focused_failure
train,/root/leo_ws/src/leo_pybullet/worlds/benchmark_v2/train/world_medium_seed_000214.yaml,214,medium,7,4,11,True,4.5496,1.22413,2.378138,-1.561168,3.55464,-0.79091,,,,,v2,train,0,0.40
train,/root/leo_ws/src/leo_pybullet/worlds/benchmark_v3_curriculum/train/world_easy_clear_seed_000267.yaml,267,easy,1,4,5,False,7.1906,0.703503,-3.927827,2.185573,-3.129445,1.614465,clear,6.7386,1.0671,,v3,train,general_replay,0.15
train,/root/leo_ws/src/leo_pybullet/worlds/benchmark_v4_hard/train/world_easy_direct_block_seed_300270.yaml,300270,easy,3,4,7,True,5.5508,0.853604,3.864252,-2.067087,-1.433951,-0.047312,direct_block,4.5314,1.225,1,v4,train,0,0.45
train,/root/leo_ws/src/leo_pybullet/worlds/benchmark_v2/train/world_medium_seed_000139.yaml,139,medium,5,4,9,False,3.1678,1.010876,0.937869,-1.235179,3.274156,3.158557,,,,,v2,train,general_replay,0.40
train,/root/leo_ws/src/leo_pybullet/worlds/benchmark_v3_curriculum/train/world_easy_direct_block_seed_000285.yaml,285,easy,2,4,6,True,4.6376,1.166628,1.120014,2.483483,-1.929575,3.203591,direct_block,3.732,1.2427,,v3,train,0,0.15
train,/root/leo_ws/src/leo_pybullet/worlds/benchmark_v2/train/world_medium_seed_000127.yaml,127,medium,5,4,9,False,6.8682,0.700322,2.805823,-1.865928,-4.14497,-2.016573,,,,,v2,train,general_replay,0.40
train,/root/leo_ws/src/leo_pybullet/worlds/benchmark_v2/train/world_hard_seed_000209.yaml,209,hard,12,4,16,True,5.7416,-2.854436,-1.890732,-2.661728,-0.783148,2.99602,,,,,v2,train,general_replay,0.40
train,/root/leo_ws/src/leo_pybullet/worlds/benchmark_v2/train/world_medium_seed_000220.yaml,220,medium,6,4,10,False,4.4857,-0.393711,1.917141,-1.092394,-0.745004,-2.448148,,,,,v2,train,general_replay,0.40
train,/root/leo_ws/src/leo_pybullet/worlds/benchmark_v2/train/world_hard_seed_000041.yaml,41,hard,11,4,15,True,5.8765,4.285626,3.497449,-1.360575,-0.995021,3.448787,,,,,v2,train,0,0.40
train,/root/leo_ws/src/leo_pybullet/worlds/benchmark_v4_hard/train/world_easy_double_block_seed_300156.yaml,300156,easy,3,4,7,True,5.9039,0.382878,-1.513993,2.151028,-2.232248,2.499852,double_block,4.7906,1.2324,2,v4_focused,train,3,focused_failure
train,/root/leo_ws/src/leo_pybullet/worlds/benchmark_v4_hard/train/world_easy_double_block_seed_300381.yaml,300381,easy,5,4,9,True,6.1576,0.730153,-3.818305,2.970569,-4.01403,-2.368283,double_block,4.9608,1.2413,2,v4_focused,train,5,focused_failure
train,/root/leo_ws/src/leo_pybullet/worlds/benchmark_v4_hard/train/world_easy_double_block_seed_300156.yaml,300156,easy,3,4,7,True,5.9039,0.382878,-1.513993,2.151028,-2.232248,2.499852,double_block,4.7906,1.2324,2,v4_focused,train,0,focused_failure
train,/root/leo_ws/src/leo_pybullet/worlds/benchmark_v4_hard/train/world_easy_clear_seed_300015.yaml,300015,easy,5,4,9,False,5.8798,1.050833,-2.880979,1.147524,3.897318,1.766115,clear,5.4496,1.0789,0,v4_focused,train,1,focused_failure
train,/root/leo_ws/src/leo_pybullet/worlds/benchmark_v2/train/world_hard_seed_000206.yaml,206,hard,8,4,12,True,7.9565,4.129003,-2.40051,-1.584888,-3.239905,-2.443097,,,,,v2,train,general_replay,0.40
train,/root/leo_ws/src/leo_pybullet/worlds/benchmark_v4_hard/train/world_medium_direct_block_seed_300082.yaml,300082,medium,8,4,12,True,6.4478,-0.510597,3.563425,-1.809948,-1.816752,-1.967238,direct_block,5.6828,1.1346,1,v4_focused,train,3,focused_failure
train,/root/leo_ws/src/leo_pybullet/worlds/benchmark_v3_curriculum/train/world_medium_direct_block_seed_000004.yaml,4,medium,2,4,6,True,6.2845,-1.671962,1.880344,-1.383261,-0.179534,-3.484148,direct_block,5.5682,1.1286,,v3,train,general_replay,0.15
train,/root/leo_ws/src/leo_pybullet/worlds/benchmark_v4_hard/train/world_medium_double_block_seed_300049.yaml,300049,medium,8,4,12,True,6.7735,0.935965,2.795232,-1.402978,1.170654,-1.978176,double_block,4.7792,1.4173,2,v4,train,0,0.45
train,/root/leo_ws/src/leo_pybullet/worlds/benchmark_v2/train/world_hard_seed_000167.yaml,167,hard,9,4,13,True,6.7929,-1.493751,-1.537085,-2.6199,3.165281,2.094388,,,,,v2,train,0,0.40
train,/root/leo_ws/src/leo_pybullet/worlds/benchmark_v2/train/world_medium_seed_000181.yaml,181,medium,5,4,9,True,6.7655,-2.336114,-0.380055,2.791652,2.915384,-3.759744,,,,,v2,train,general_replay,0.40
train,/root/leo_ws/src/leo_pybullet/worlds/benchmark_v2/train/world_easy_seed_000264.yaml,264,easy,4,4,8,False,3.9404,1.730357,0.385401,-3.085719,-1.159174,2.930504,,,,,v2,train,general_replay,0.40
train,/root/leo_ws/src/leo_pybullet/worlds/benchmark_v4_hard/train/world_easy_double_block_seed_300069.yaml,300069,easy,5,4,9,True,6.641,3.950011,2.513994,-2.142614,1.305072,-2.485675,double_block,5.6562,1.1741,2,v4,train,0,0.45
train,/root/leo_ws/src/leo_pybullet/worlds/benchmark_v4_hard/train/world_easy_double_block_seed_300249.yaml,300249,easy,5,4,9,True,6.0616,-1.542749,2.398846,0.000272,3.520803,2.604689,double_block,5.0677,1.1961,2,v4_focused,train,4,focused_failure
train,/root/leo_ws/src/leo_pybullet/worlds/benchmark_v4_hard/train/world_hard_double_block_seed_300281.yaml,300281,hard,11,4,15,True,8.0147,-3.310866,3.680121,-0.15299,3.416839,2.884656,double_block,6.7746,1.1831,2,v4,train,0,0.45
train,/root/leo_ws/src/leo_pybullet/worlds/benchmark_v2/train/world_hard_seed_000026.yaml,26,hard,9,4,13,True,5.3027,-0.587617,0.382925,-0.142918,-3.23751,3.925183,,,,,v2,train,0,0.40
train,/root/leo_ws/src/leo_pybullet/worlds/benchmark_v2/train/world_hard_seed_000197.yaml,197,hard,12,4,16,True,7.6729,-2.929133,1.661703,-0.096705,0.72338,-4.010067,,,,,v2,train,0,0.40
train,/root/leo_ws/src/leo_pybullet/worlds/benchmark_v4_hard/train/world_hard_direct_block_seed_300026.yaml,300026,hard,12,4,16,True,9.1025,1.687163,-4.182527,1.98101,-1.033548,1.718623,direct_block,6.4981,1.4008,1,v4,train,0,0.45
train,/root/leo_ws/src/leo_pybullet/worlds/benchmark_v2/train/world_medium_seed_000007.yaml,7,medium,7,4,11,False,3.8457,-0.915036,-3.929908,0.520172,2.795086,-3.531069,,,,,v2,train,0,0.40
train,/root/leo_ws/src/leo_pybullet/worlds/benchmark_v2/train/world_hard_seed_000188.yaml,188,hard,9,4,13,True,6.4341,2.842851,-4.003205,1.056305,-0.859019,0.081105,,,,,v2,train,0,0.40
train,/root/leo_ws/src/leo_pybullet/worlds/benchmark_v3_curriculum/train/world_medium_direct_block_seed_000148.yaml,148,medium,3,4,7,True,5.6696,1.128397,3.866656,-0.861923,4.115274,0.288132,direct_block,4.6613,1.2163,,v3,train,0,0.15
train,/root/leo_ws/src/leo_pybullet/worlds/benchmark_v3_curriculum/train/world_easy_direct_block_seed_000264.yaml,264,easy,2,4,6,True,4.5108,0.391364,0.151802,2.159361,-1.522326,3.31775,direct_block,3.6994,1.2193,,v3,train,general_replay,0.15
train,/root/leo_ws/src/leo_pybullet/worlds/benchmark_v2/train/world_easy_seed_000108.yaml,108,easy,2,4,6,False,6.6272,-3.610922,1.407468,2.953205,1.985991,-1.060233,,,,,v2,train,general_replay,0.40
train,/root/leo_ws/src/leo_pybullet/worlds/benchmark_v3_curriculum/train/world_easy_direct_block_seed_000081.yaml,81,easy,2,4,6,True,5.1622,-1.376254,0.268016,-1.364737,-0.179149,-4.102511,direct_block,4.5315,1.1392,,v3,train,general_replay,0.15
train,/root/leo_ws/src/leo_pybullet/worlds/benchmark_v3_curriculum/train/world_hard_direct_block_seed_000173.yaml,173,hard,5,4,9,True,5.6284,-2.952294,2.827592,-0.261276,1.55156,1.974056,direct_block,4.584,1.2278,,v3,train,0,0.15
train,/root/leo_ws/src/leo_pybullet/worlds/benchmark_v2/train/world_hard_seed_000155.yaml,155,hard,12,4,16,True,6.9278,4.188425,-1.868273,0.24909,1.622,3.837712,,,,,v2,train,general_replay,0.40
train,/root/leo_ws/src/leo_pybullet/worlds/benchmark_v3_curriculum/train/world_hard_clear_seed_000287.yaml,287,hard,6,4,10,False,5.3359,-1.665266,-3.527047,1.913441,-3.336326,1.090704,clear,4.9108,1.0866,,v3,train,general_replay,0.15
train,/root/leo_ws/src/leo_pybullet/worlds/benchmark_v2/train/world_hard_seed_000113.yaml,113,hard,8,4,12,True,3.9565,-0.552732,-4.078969,-1.269042,-3.758894,-3.251569,,,,,v2,train,general_replay,0.40
train,/root/leo_ws/src/leo_pybullet/worlds/benchmark_v4_hard/train/world_hard_clear_seed_300143.yaml,300143,hard,10,4,14,False,7.0708,0.569338,-3.886403,1.455722,1.610029,2.735342,clear,6.703,1.0549,0,v4_focused,train,0,focused_failure
train,/root/leo_ws/src/leo_pybullet/worlds/benchmark_v4_hard/train/world_hard_direct_block_seed_300218.yaml,300218,hard,11,4,15,True,6.4639,-2.628526,3.928482,-0.582664,1.554273,0.966147,direct_block,5.1255,1.2611,1,v4_focused,train,2,focused_failure
train,/root/leo_ws/src/leo_pybullet/worlds/benchmark_v3_curriculum/train/world_medium_clear_seed_000139.yaml,139,medium,2,4,6,False,3.8547,3.905257,0.987637,2.56801,0.916309,3.198888,clear,3.718,1.0368,,v3,train,0,0.15
train,/root/leo_ws/src/leo_pybullet/worlds/benchmark_v2/train/world_easy_seed_000081.yaml,81,easy,4,4,8,False,4.9771,-1.408636,0.274322,-2.206339,-0.183364,-4.199041,,,,,v2,train,general_replay,0.40
train,/root/leo_ws/src/leo_pybullet/worlds/benchmark_v2/train/world_easy_seed_000180.yaml,180,easy,2,4,6,True,5.7827,-4.251012,-2.045843,0.625974,0.804804,-0.438474,,,,,v2,train,general_replay,0.40
train,/root/leo_ws/src/leo_pybullet/worlds/benchmark_v3_curriculum/train/world_hard_direct_block_seed_000212.yaml,212,hard,5,4,9,True,4.9302,0.88859,-0.187537,1.788909,-0.269266,3.634628,direct_block,3.9937,1.2345,,v3,train,0,0.15
train,/root/leo_ws/src/leo_pybullet/worlds/benchmark_v4_hard/train/world_medium_clear_seed_300427.yaml,300427,medium,8,4,12,False,5.9394,-1.40281,-4.172516,1.645807,-1.167147,1.623475,clear,5.8008,1.0239,0,v4,train,0,0.45
train,/root/leo_ws/src/leo_pybullet/worlds/benchmark_v2/train/world_easy_seed_000267.yaml,267,easy,2,4,6,True,10.0294,3.995673,4.079568,2.128513,-4.259099,-0.271377,,,,,v2,train,general_replay,0.40
train,/root/leo_ws/src/leo_pybullet/worlds/benchmark_v4_hard/train/world_medium_direct_block_seed_300190.yaml,300190,medium,7,4,11,True,5.3278,2.278976,-0.94117,-2.8409,-2.096545,-2.031787,direct_block,4.5094,1.1815,1,v4,train,0,0.45
train,/root/leo_ws/src/leo_pybullet/worlds/benchmark_v2/train/world_hard_seed_000026.yaml,26,hard,9,4,13,True,5.3027,-0.587617,0.382925,-0.142918,-3.23751,3.925183,,,,,v2,train,general_replay,0.40
train,/root/leo_ws/src/leo_pybullet/worlds/benchmark_v4_hard/train/world_hard_double_block_seed_300344.yaml,300344,hard,13,4,17,True,8.8833,3.755199,-0.989608,-2.725941,-3.059585,-3.894395,double_block,7.408,1.1991,2,v4_focused,train,4,focused_failure
train,/root/leo_ws/src/leo_pybullet/worlds/benchmark_v2/train/world_medium_seed_000232.yaml,232,medium,7,4,11,True,6.9771,3.261476,-3.705716,2.93871,3.940105,2.787728,,,,,v2,train,general_replay,0.40
train,/root/leo_ws/src/leo_pybullet/worlds/benchmark_v2/train/world_medium_seed_000184.yaml,184,medium,7,4,11,True,6.7129,1.695931,3.740171,2.68544,-1.526414,-1.41152,,,,,v2,train,general_replay,0.40
train,/root/leo_ws/src/leo_pybullet/worlds/benchmark_v2/train/world_easy_seed_000249.yaml,249,easy,3,4,7,False,4.1278,0.905484,4.239679,0.817766,3.146725,0.985672,,,,,v2,train,0,0.40
train,/root/leo_ws/src/leo_pybullet/worlds/benchmark_v2/train/world_medium_seed_000001.yaml,1,medium,6,4,10,True,9.2351,2.629706,-3.800971,-0.174388,-3.324107,2.270373,,,,,v2,train,0,0.40
train,/root/leo_ws/src/leo_pybullet/worlds/benchmark_v3_curriculum/train/world_medium_clear_seed_000079.yaml,79,medium,2,4,6,False,4.0857,-0.047017,-3.687654,3.087157,-3.997248,-3.315881,clear,3.9677,1.0297,,v3,train,0,0.15
train,/root/leo_ws/src/leo_pybullet/worlds/benchmark_v2/train/world_medium_seed_000097.yaml,97,medium,6,4,10,True,8.1496,4.307791,3.62746,-3.003251,2.755302,-3.906776,,,,,v2,train,0,0.40
train,/root/leo_ws/src/leo_pybullet/worlds/benchmark_v2/train/world_easy_seed_000126.yaml,126,easy,4,4,8,True,7.1849,0.830641,-2.196814,-1.702829,-2.825208,3.308068,,,,,v2,train,general_replay,0.40
train,/root/leo_ws/src/leo_pybullet/worlds/benchmark_v4_hard/train/world_hard_double_block_seed_300008.yaml,300008,hard,12,4,16,True,7.0651,1.457265,-1.605115,1.302586,3.044504,3.857637,double_block,5.6887,1.242,2,v4_focused,train,0,focused_failure
train,/root/leo_ws/src/leo_pybullet/worlds/benchmark_v4_hard/train/world_easy_direct_block_seed_300390.yaml,300390,easy,5,4,9,True,5.8741,2.008166,1.245749,-2.637119,-2.619675,-0.946446,direct_block,5.1208,1.1471,1,v4,train,0,0.45
train,/root/leo_ws/src/leo_pybullet/worlds/benchmark_v2/train/world_easy_seed_000018.yaml,18,easy,2,4,6,True,6.1198,-0.445218,-2.266383,-1.991932,3.931642,1.115233,,,,,v2,train,0,0.40
train,/root/leo_ws/src/leo_pybullet/worlds/benchmark_v3_curriculum/train/world_medium_direct_block_seed_000241.yaml,241,medium,4,4,8,True,7.8329,0.286923,-3.368368,0.998262,3.602497,2.751485,direct_block,6.9603,1.1254,,v3,train,0,0.15
train,/root/leo_ws/src/leo_pybullet/worlds/benchmark_v3_curriculum/train/world_hard_direct_block_seed_000176.yaml,176,hard,4,4,8,True,7.1541,-3.777793,3.77272,-0.175547,2.357956,2.811125,direct_block,6.2106,1.1519,,v3,train,general_replay,0.15
train,/root/leo_ws/src/leo_pybullet/worlds/benchmark_v2/train/world_medium_seed_000268.yaml,268,medium,7,4,11,True,5.0822,-0.693183,-3.295781,2.574473,-2.831802,0.655443,,,,,v2,train,general_replay,0.40
train,/root/leo_ws/src/leo_pybullet/worlds/benchmark_v2/train/world_easy_seed_000219.yaml,219,easy,4,4,8,True,4.6822,0.237998,-1.49046,-0.397937,2.027581,2.448867,,,,,v2,train,general_replay,0.40
train,/root/leo_ws/src/leo_pybullet/worlds/benchmark_v4_hard/train/world_hard_clear_seed_300131.yaml,300131,hard,12,4,16,False,7.3174,-0.854838,2.868994,-0.927796,2.897815,-2.908656,clear,6.8894,1.0621,0,v4,train,0,0.45
train,/root/leo_ws/src/leo_pybullet/worlds/benchmark_v2/train/world_easy_seed_000009.yaml,9,easy,3,4,7,True,4.1633,-2.025931,-2.730539,-0.227944,1.536799,-1.406568,,,,,v2,train,general_replay,0.40
train,/root/leo_ws/src/leo_pybullet/worlds/benchmark_v2/train/world_hard_seed_000293.yaml,293,hard,11,4,15,True,7.4216,3.84937,3.090786,2.074978,3.879508,-3.47526,,,,,v2,train,0,0.40
train,/root/leo_ws/src/leo_pybullet/worlds/benchmark_v4_hard/train/world_hard_direct_block_seed_300350.yaml,300350,hard,13,4,17,True,7.6147,0.697796,-2.353788,2.059779,-2.516427,3.340831,direct_block,6.5391,1.1645,1,v4_focused,train,6,focused_failure
train,/root/leo_ws/src/leo_pybullet/worlds/benchmark_v4_hard/train/world_medium_clear_seed_300091.yaml,300091,medium,9,4,13,False,8.2296,4.227869,-1.726539,2.858278,-3.383402,-0.168644,clear,7.7691,1.0593,0,v4,train,0,0.45
train,/root/leo_ws/src/leo_pybullet/worlds/benchmark_v2/train/world_hard_seed_000182.yaml,182,hard,11,4,15,True,6.6353,-2.319145,-1.568877,1.332882,3.438873,-3.677271,,,,,v2,train,0,0.40
train,/root/leo_ws/src/leo_pybullet/worlds/benchmark_v3_curriculum/train/world_hard_direct_block_seed_000254.yaml,254,hard,5,4,9,True,4.9108,0.008398,-0.764345,-1.947914,-1.360453,-4.219871,direct_block,3.7168,1.3212,,v3,train,0,0.15
train,/root/leo_ws/src/leo_pybullet/worlds/benchmark_v3_curriculum/train/world_medium_direct_block_seed_000070.yaml,70,medium,2,4,6,True,5.6308,-1.750328,-0.344812,1.796886,-3.090951,4.208016,direct_block,4.7461,1.1864,,v3,train,general_replay,0.15
train,/root/leo_ws/src/leo_pybullet/worlds/benchmark_v2/train/world_hard_seed_000092.yaml,92,hard,11,4,15,True,7.7416,3.282973,2.281276,-2.143224,-3.528138,0.197222,,,,,v2,train,0,0.40
train,/root/leo_ws/src/leo_pybullet/worlds/benchmark_v4_hard/train/world_medium_double_block_seed_300037.yaml,300037,medium,8,4,12,True,7.6535,-3.600502,3.222485,-0.535202,1.975346,0.291676,double_block,6.2992,1.215,2,v4,train,0,0.45
train,/root/leo_ws/src/leo_pybullet/worlds/benchmark_v4_hard/train/world_hard_double_block_seed_300068.yaml,300068,hard,14,4,18,True,8.0284,-0.219232,-3.842323,1.253962,1.822653,1.701971,double_block,5.9083,1.3588,2,v4,train,0,0.45
train,/root/leo_ws/src/leo_pybullet/worlds/benchmark_v3_curriculum/train/world_medium_direct_block_seed_000010.yaml,10,medium,4,4,8,True,7.8386,-0.084273,-3.603241,0.942188,3.845393,2.087147,direct_block,6.9154,1.1335,,v3,train,general_replay,0.15
train,/root/leo_ws/src/leo_pybullet/worlds/benchmark_v2/train/world_hard_seed_000104.yaml,104,hard,8,4,12,True,6.2135,2.017576,-2.369685,1.927112,-1.473412,1.860152,,,,,v2,train,general_replay,0.40
train,/root/leo_ws/src/leo_pybullet/worlds/benchmark_v2/train/world_medium_seed_000034.yaml,34,medium,7,4,11,False,4.7725,2.986938,3.468208,2.820148,3.325023,-1.177147,,,,,v2,train,0,0.40
train,/root/leo_ws/src/leo_pybullet/worlds/benchmark_v3_curriculum/train/world_hard_direct_block_seed_000149.yaml,149,hard,4,4,8,True,4.6627,-3.982828,-1.33706,-0.232304,-0.381217,-2.027075,direct_block,3.6671,1.2715,,v3,train,0,0.15
train,/root/leo_ws/src/leo_pybullet/worlds/benchmark_v3_curriculum/train/world_medium_clear_seed_000295.yaml,295,medium,3,4,7,False,5.1782,2.544148,-2.461424,2.966566,-2.369572,-1.689878,clear,4.9739,1.0411,,v3,train,general_replay,0.15
train,/root/leo_ws/src/leo_pybullet/worlds/benchmark_v4_hard/train/world_hard_double_block_seed_300185.yaml,300185,hard,13,4,17,True,6.7678,2.124098,-2.524737,1.505628,2.833823,2.636366,double_block,5.2097,1.2991,2,v4_focused,train,3,focused_failure
train,/root/leo_ws/src/leo_pybullet/worlds/benchmark_v2/train/world_hard_seed_000185.yaml,185,hard,8,4,12,True,8.881,-4.33732,0.709114,-1.477668,3.584258,3.011092,,,,,v2,train,general_replay,0.40
train,/root/leo_ws/src/leo_pybullet/worlds/benchmark_v3_curriculum/train/world_easy_direct_block_seed_000297.yaml,297,easy,2,4,6,True,4.8502,0.450395,0.393319,1.123476,2.141834,4.140054,direct_block,4.1108,1.1799,,v3,train,0,0.15
train,/root/leo_ws/src/leo_pybullet/worlds/benchmark_v4_hard/train/world_medium_direct_block_seed_300262.yaml,300262,medium,6,4,10,True,10.1288,1.974959,4.022088,-1.377907,2.674977,-4.181859,direct_block,8.2338,1.2302,1,v4_focused,train,3,focused_failure
train,/root/leo_ws/src/leo_pybullet/worlds/benchmark_v4_hard/train/world_medium_double_block_seed_300145.yaml,300145,medium,9,4,13,True,6.9198,1.441243,-1.635225,-3.012195,-3.836573,-2.205088,double_block,5.3085,1.3035,2,v4_focused,train,1,focused_failure
train,/root/leo_ws/src/leo_pybullet/worlds/benchmark_v4_hard/train/world_hard_double_block_seed_300008.yaml,300008,hard,12,4,16,True,7.0651,1.457265,-1.605115,1.302586,3.044504,3.857637,double_block,5.6887,1.242,2,v4,train,0,0.45
train,/root/leo_ws/src/leo_pybullet/worlds/benchmark_v4_hard/train/world_hard_clear_seed_300323.yaml,300323,hard,10,4,14,False,5.9484,-3.674447,-0.457691,-0.489472,1.452648,-2.445614,clear,5.499,1.0817,0,v4,train,0,0.45
train,/root/leo_ws/src/leo_pybullet/worlds/benchmark_v2/train/world_medium_seed_000172.yaml,172,medium,7,4,11,True,4.9576,0.535862,2.824259,2.153289,-2.525626,2.094718,,,,,v2,train,0,0.40
train,/root/leo_ws/src/leo_pybullet/worlds/benchmark_v2/train/world_medium_seed_000157.yaml,157,medium,8,4,12,True,4.8422,-4.207135,-1.310165,-2.572701,-2.337191,2.751007,,,,,v2,train,0,0.40
train,/root/leo_ws/src/leo_pybullet/worlds/benchmark_v2/train/world_hard_seed_000233.yaml,233,hard,9,4,13,True,6.5529,2.610712,-0.138212,-1.453505,-2.572062,2.897453,,,,,v2,train,0,0.40
train,/root/leo_ws/src/leo_pybullet/worlds/benchmark_v4_hard/train/world_medium_double_block_seed_300028.yaml,300028,medium,7,4,11,True,8.9643,-1.410634,2.478793,-0.816045,3.495932,-3.773114,double_block,7.9474,1.128,2,v4,train,0,0.45
train,/root/leo_ws/src/leo_pybullet/worlds/benchmark_v2/train/world_easy_seed_000039.yaml,39,easy,2,4,6,False,6.8422,-4.124328,-2.431295,1.878193,1.990795,-4.303668,,,,,v2,train,0,0.40
train,/root/leo_ws/src/leo_pybullet/worlds/benchmark_v2/train/world_hard_seed_000056.yaml,56,hard,12,4,16,True,6.0365,1.331993,-1.730073,1.302729,0.371721,3.749422,,,,,v2,train,general_replay,0.40
train,/root/leo_ws/src/leo_pybullet/worlds/benchmark_v4_hard/train/world_easy_direct_block_seed_300114.yaml,300114,easy,5,4,9,True,9.2753,-0.277073,-3.715742,1.895685,-2.832422,4.123087,direct_block,8.2448,1.125,1,v4,train,0,0.45
train,/root/leo_ws/src/leo_pybullet/worlds/benchmark_v2/train/world_medium_seed_000199.yaml,199,medium,7,4,11,False,5.3359,3.016133,1.454644,0.057625,-1.662063,-0.195595,,,,,v2,train,general_replay,0.40
train,/root/leo_ws/src/leo_pybullet/worlds/benchmark_v3_curriculum/train/world_easy_direct_block_seed_000018.yaml,18,easy,1,4,5,True,5.0514,-3.206068,-0.434983,1.365269,-2.214282,3.841259,direct_block,4.3897,1.1507,,v3,train,general_replay,0.15
train,/root/leo_ws/src/leo_pybullet/worlds/benchmark_v3_curriculum/train/world_easy_clear_seed_000183.yaml,183,easy,1,4,5,False,6.41,3.44226,-3.969617,2.304652,-0.606807,0.741593,clear,6.2121,1.0319,,v3,train,general_replay,0.15
train,/root/leo_ws/src/leo_pybullet/worlds/benchmark_v2/train/world_easy_seed_000201.yaml,201,easy,2,4,6,False,4.0171,1.585062,1.050246,0.37179,-1.994877,-0.154908,,,,,v2,train,general_replay,0.40
train,/root/leo_ws/src/leo_pybullet/worlds/benchmark_v4_hard/train/world_medium_direct_block_seed_300202.yaml,300202,medium,7,4,11,True,5.5484,1.75881,-3.494357,3.04585,-2.910949,-2.962586,direct_block,4.6999,1.1805,1,v4,train,0,0.45
train,/root/leo_ws/src/leo_pybullet/worlds/benchmark_v4_hard/train/world_medium_double_block_seed_300433.yaml,300433,medium,7,4,11,True,6.7759,1.904947,3.565704,-3.047219,-3.812288,3.413571,double_block,5.7193,1.1847,2,v4_focused,train,0,focused_failure
train,/root/leo_ws/src/leo_pybullet/worlds/benchmark_v4_hard/train/world_medium_direct_block_seed_300418.yaml,300418,medium,6,4,10,True,7.9872,2.75741,0.909325,2.777238,-3.570878,3.743192,direct_block,6.9338,1.1519,1,v4,train,0,0.45
train,/root/leo_ws/src/leo_pybullet/worlds/benchmark_v4_hard/train/world_easy_double_block_seed_300357.yaml,300357,easy,3,4,7,True,6.3645,-1.004791,0.56204,-1.12425,1.231309,-4.007183,double_block,5.087,1.2511,2,v4,train,0,0.45
train,/root/leo_ws/src/leo_pybullet/worlds/benchmark_v4_hard/train/world_hard_double_block_seed_300293.yaml,300293,hard,10,4,14,True,9.0878,-2.323246,2.537773,-1.192331,-0.148338,-4.014216,double_block,6.9035,1.3164,2,v4,train,0,0.45
train,/root/leo_ws/src/leo_pybullet/worlds/benchmark_v2/train/world_hard_seed_000116.yaml,116,hard,12,4,16,True,6.1027,-1.756132,2.199757,2.937442,-3.302221,-3.200022,,,,,v2,train,general_replay,0.40
train,/root/leo_ws/src/leo_pybullet/worlds/benchmark_v2/train/world_easy_seed_000069.yaml,69,easy,4,4,8,True,9.0637,2.622109,-3.769922,2.344069,-1.351828,3.652933,,,,,v2,train,0,0.40
train,/root/leo_ws/src/leo_pybullet/worlds/benchmark_v4_hard/train/world_hard_double_block_seed_300053.yaml,300053,hard,11,4,15,True,8.7759,-2.306043,3.864686,-1.21197,0.385045,-3.066089,double_block,7.4349,1.1804,2,v4,train,0,0.45
train,/root/leo_ws/src/leo_pybullet/worlds/benchmark_v2/train/world_medium_seed_000118.yaml,118,medium,6,4,10,True,6.8422,1.762792,-1.792831,-2.976257,-4.193487,-1.461864,,,,,v2,train,general_replay,0.40
train,/root/leo_ws/src/leo_pybullet/worlds/benchmark_v4_hard/train/world_medium_double_block_seed_300328.yaml,300328,medium,9,4,13,True,9.4467,3.72618,-2.467903,2.183807,-0.96282,3.278956,double_block,7.4171,1.2736,2,v4,train,0,0.45
train,/root/leo_ws/src/leo_pybullet/worlds/benchmark_v2/train/world_medium_seed_000058.yaml,58,medium,6,4,10,True,7.5049,1.235133,3.884423,-0.920829,-3.991504,-0.440223,,,,,v2,train,0,0.40
train,/root/leo_ws/src/leo_pybullet/worlds/benchmark_v2/train/world_easy_seed_000045.yaml,45,easy,3,4,7,False,7.4457,-3.350908,2.676646,0.938105,3.970123,3.092154,,,,,v2,train,general_replay,0.40
train,/root/leo_ws/src/leo_pybullet/worlds/benchmark_v2/train/world_hard_seed_000044.yaml,44,hard,11,4,15,True,3.8514,1.754044,-3.335098,-1.729846,-1.047751,-1.830758,,,,,v2,train,general_replay,0.40
train,/root/leo_ws/src/leo_pybullet/worlds/benchmark_v2/train/world_medium_seed_000253.yaml,253,medium,8,4,12,True,9.9163,-3.080621,1.356425,-0.339145,4.217598,-3.799525,,,,,v2,train,0,0.40
train,/root/leo_ws/src/leo_pybullet/worlds/benchmark_v4_hard/train/world_easy_double_block_seed_300420.yaml,300420,easy,3,4,7,True,6.481,1.845056,1.567691,2.93193,-3.625537,2.102512,double_block,5.4967,1.1791,2,v4,train,0,0.45
train,/root/leo_ws/src/leo_pybullet/worlds/benchmark_v2/train/world_medium_seed_000265.yaml,265,medium,8,4,12,True,6.0753,4.329512,-1.910575,-2.860778,1.420872,2.35362,,,,,v2,train,0,0.40
train,/root/leo_ws/src/leo_pybullet/worlds/benchmark_v2/train/world_medium_seed_000145.yaml,145,medium,8,4,12,False,7.7998,-4.33537,-4.137072,1.172658,-1.558807,2.559037,,,,,v2,train,general_replay,0.40
train,/root/leo_ws/src/leo_pybullet/worlds/benchmark_v3_curriculum/train/world_hard_direct_block_seed_000176.yaml,176,hard,4,4,8,True,7.1541,-3.777793,3.77272,-0.175547,2.357956,2.811125,direct_block,6.2106,1.1519,,v3,train,0,0.15
train,/root/leo_ws/src/leo_pybullet/worlds/benchmark_v2/train/world_easy_seed_000201.yaml,201,easy,2,4,6,False,4.0171,1.585062,1.050246,0.37179,-1.994877,-0.154908,,,,,v2,train,0,0.40
train,/root/leo_ws/src/leo_pybullet/worlds/benchmark_v2/train/world_easy_seed_000156.yaml,156,easy,3,4,7,False,5.7827,2.090453,2.327516,2.330696,-3.027913,3.984872,,,,,v2,train,0,0.40
train,/root/leo_ws/src/leo_pybullet/worlds/benchmark_v4_hard/train/world_hard_direct_block_seed_300182.yaml,300182,hard,10,4,14,True,5.6502,1.477945,2.469756,-2.186706,-1.312292,-1.12887,direct_block,4.5536,1.2408,1,v4_focused,train,6,focused_failure
train,/root/leo_ws/src/leo_pybullet/worlds/benchmark_v4_hard/train/world_hard_clear_seed_300203.yaml,300203,hard,12,4,16,False,6.4729,-2.174669,-1.557276,1.094346,0.65936,3.756858,clear,6.0226,1.0748,0,v4,train,0,0.45
train,/root/leo_ws/src/leo_pybullet/worlds/benchmark_v2/train/world_hard_seed_000230.yaml,230,hard,9,4,13,True,4.9027,3.821227,3.351985,1.670746,0.322116,1.387379,,,,,v2,train,general_replay,0.40
train,/root/leo_ws/src/leo_pybullet/worlds/benchmark_v2/train/world_easy_seed_000006.yaml,6,easy,4,4,8,False,5.6649,-0.130199,-2.073893,-0.186898,-4.34607,1.416521,,,,,v2,train,general_replay,0.40
train,/root/leo_ws/src/leo_pybullet/worlds/benchmark_v4_hard/train/world_hard_double_block_seed_300212.yaml,300212,hard,13,4,17,True,6.6765,-2.304133,-2.620304,1.602368,-3.04473,1.904929,double_block,4.5854,1.456,2,v4_focused,train,0,focused_failure
train,/root/leo_ws/src/leo_pybullet/worlds/benchmark_v2/train/world_medium_seed_000208.yaml,208,medium,7,4,11,True,4.8559,-2.643234,0.629658,0.768749,0.550331,3.076166,,,,,v2,train,general_replay,0.40
train,/root/leo_ws/src/leo_pybullet/worlds/benchmark_v3_curriculum/train/world_hard_direct_block_seed_000296.yaml,296,hard,4,4,8,True,5.1645,3.778726,-2.094839,-2.641965,0.013404,-3.857746,direct_block,4.1576,1.2422,,v3,train,general_replay,0.15
train,/root/leo_ws/src/leo_pybullet/worlds/benchmark_v4_hard/train/world_medium_direct_block_seed_300250.yaml,300250,medium,7,4,11,True,5.6171,2.32183,3.005892,-1.974917,0.464682,-1.420098,direct_block,4.7998,1.1703,1,v4_focused,train,3,focused_failure
train,/root/leo_ws/src/leo_pybullet/worlds/benchmark_v4_hard/train/world_easy_double_block_seed_300228.yaml,300228,easy,3,4,7,True,6.8341,-1.062032,-2.909031,0.515915,4.211825,-0.401188,double_block,5.8398,1.1703,2,v4,train,0,0.45
train,/root/leo_ws/src/leo_pybullet/worlds/benchmark_v4_hard/train/world_hard_double_block_seed_300320.yaml,300320,hard,10,4,14,True,6.249,-3.188457,3.524792,-1.01564,-0.650338,-0.432942,double_block,4.7017,1.3291,2,v4_focused,train,3,focused_failure
train,/root/leo_ws/src/leo_pybullet/worlds/benchmark_v4_hard/train/world_hard_double_block_seed_300197.yaml,300197,hard,14,4,18,True,9.4135,-4.081192,-1.123609,0.319067,3.432856,1.620687,double_block,7.9995,1.1768,2,v4_focused,train,2,focused_failure
train,/root/leo_ws/src/leo_pybullet/worlds/benchmark_v2/train/world_easy_seed_000294.yaml,294,easy,2,4,6,True,8.009,3.727268,3.64457,0.431022,-3.55915,1.86193,,,,,v2,train,general_replay,0.40
train,/root/leo_ws/src/leo_pybullet/worlds/benchmark_v4_hard/train/world_medium_direct_block_seed_300010.yaml,300010,medium,6,4,10,True,5.7302,-0.204988,-0.073494,2.354151,-3.832725,2.801972,direct_block,4.6291,1.2379,1,v4,train,0,0.45
train,/root/leo_ws/src/leo_pybullet/worlds/benchmark_v2/train/world_easy_seed_000009.yaml,9,easy,3,4,7,True,4.1633,-2.025931,-2.730539,-0.227944,1.536799,-1.406568,,,,,v2,train,0,0.40
train,/root/leo_ws/src/leo_pybullet/worlds/benchmark_v4_hard/train/world_easy_clear_seed_300195.yaml,300195,easy,5,4,9,False,5.7643,0.139242,0.04431,-0.834748,3.816676,-4.221479,clear,5.6321,1.0235,0,v4,train,0,0.45
train,/root/leo_ws/src/leo_pybullet/worlds/benchmark_v4_hard/train/world_hard_direct_block_seed_300074.yaml,300074,hard,11,4,15,True,6.6902,4.098706,-1.829141,2.550945,0.302958,1.322619,direct_block,4.9337,1.356,1,v4,train,0,0.45
train,/root/leo_ws/src/leo_pybullet/worlds/benchmark_v4_hard/train/world_hard_clear_seed_300119.yaml,300119,hard,10,4,14,False,6.4971,-3.075478,4.067837,-1.246055,-1.873045,-1.962515,clear,6.1491,1.0566,0,v4_focused,train,3,focused_failure
train,/root/leo_ws/src/leo_pybullet/worlds/benchmark_v2/train/world_medium_seed_000112.yaml,112,medium,8,4,12,False,3.4571,1.422933,-1.196323,0.599417,0.228713,-4.113796,,,,,v2,train,0,0.40
train,/root/leo_ws/src/leo_pybullet/worlds/benchmark_v2/train/world_hard_seed_000299.yaml,299,hard,10,4,14,True,4.9496,-2.718305,-0.371137,2.067856,0.186283,2.58416,,,,,v2,train,0,0.40
train,/root/leo_ws/src/leo_pybullet/worlds/benchmark_v4_hard/train/world_easy_double_block_seed_300321.yaml,300321,easy,5,4,9,True,6.5335,-1.14505,2.474241,-0.514326,3.523579,0.020013,double_block,5.2744,1.2387,2,v4_focused,train,4,focused_failure
train,/root/leo_ws/src/leo_pybullet/worlds/benchmark_v4_hard/train/world_easy_double_block_seed_300009.yaml,300009,easy,4,4,8,True,6.0639,1.018159,4.113386,-2.569224,-3.012815,1.404847,double_block,4.8564,1.2486,2,v4,train,0,0.45
train,/root/leo_ws/src/leo_pybullet/worlds/benchmark_v2/train/world_easy_seed_000012.yaml,12,easy,3,4,7,False,6.2102,0.253438,-1.306867,-0.109712,-1.029723,4.320613,,,,,v2,train,0,0.40
train,/root/leo_ws/src/leo_pybullet/worlds/benchmark_v4_hard/train/world_hard_clear_seed_300275.yaml,300275,hard,14,4,18,False,6.4639,2.000643,-2.694157,2.884035,-3.951689,-1.531014,clear,6.0649,1.0658,0,v4,train,0,0.45
train,/root/leo_ws/src/leo_pybullet/worlds/benchmark_v2/train/world_medium_seed_000127.yaml,127,medium,5,4,9,False,6.8682,0.700322,2.805823,-1.865928,-4.14497,-2.016573,,,,,v2,train,general_replay,0.40
train,/root/leo_ws/src/leo_pybullet/worlds/benchmark_v4_hard/train/world_medium_clear_seed_300391.yaml,300391,medium,6,4,10,False,5.0982,3.277366,-0.869953,1.636102,2.524124,3.965691,clear,4.894,1.0417,0,v4,train,0,0.45
train,/root/leo_ws/src/leo_pybullet/worlds/benchmark_v2/train/world_easy_seed_000147.yaml,147,easy,4,4,8,True,3.8765,3.714834,-0.919736,2.362326,0.989361,-2.759886,,,,,v2,train,0,0.40
train,/root/leo_ws/src/leo_pybullet/worlds/benchmark_v3_curriculum/train/world_hard_clear_seed_000035.yaml,35,hard,6,4,10,False,4.081,-0.580334,-2.106737,2.568072,-3.724604,0.218906,clear,3.9109,1.0435,,v3,train,0,0.15
train,/root/leo_ws/src/leo_pybullet/worlds/benchmark_v3_curriculum/train/world_medium_clear_seed_000127.yaml,127,medium,2,4,6,False,5.0182,3.505102,0.684223,-1.771215,2.741321,-4.049683,clear,4.7951,1.0465,,v3,train,0,0.15
train,/root/leo_ws/src/leo_pybullet/worlds/benchmark_v2/train/world_hard_seed_000239.yaml,239,hard,8,4,12,True,5.921,1.832008,-0.72274,-0.576018,-0.555923,4.170043,,,,,v2,train,general_replay,0.40
train,/root/leo_ws/src/leo_pybullet/worlds/benchmark_v2/train/world_easy_seed_000096.yaml,96,easy,3,4,7,False,7.1745,1.508394,3.69109,-2.851836,-3.514779,-1.384522,,,,,v2,train,general_replay,0.40
train,/root/leo_ws/src/leo_pybullet/worlds/benchmark_v3_curriculum/train/world_hard_clear_seed_000275.yaml,275,hard,4,4,8,False,4.5131,-1.426841,1.076665,-0.038788,3.101059,1.013851,clear,4.5283,0.9966,,v3,train,general_replay,0.15
train,/root/leo_ws/src/leo_pybullet/worlds/benchmark_v2/train/world_easy_seed_000156.yaml,156,easy,3,4,7,False,5.7827,2.090453,2.327516,2.330696,-3.027913,3.984872,,,,,v2,train,general_replay,0.40
train,/root/leo_ws/src/leo_pybullet/worlds/benchmark_v4_hard/train/world_easy_direct_block_seed_300234.yaml,300234,easy,4,4,8,True,6.329,-0.422336,3.532081,-1.615588,-0.443276,-2.069824,direct_block,5.6019,1.1298,1,v4,train,0,0.45
train,/root/leo_ws/src/leo_pybullet/worlds/benchmark_v4_hard/train/world_hard_double_block_seed_300365.yaml,300365,hard,10,4,14,True,11.5622,3.932271,3.229698,-2.43294,-1.549961,-1.761724,double_block,7.4141,1.5595,2,v4,train,0,0.45
train,/root/leo_ws/src/leo_pybullet/worlds/benchmark_v2/train/world_hard_seed_000170.yaml,170,hard,10,4,14,False,3.2057,0.753217,-1.612997,-2.377469,-2.242617,-2.040745,,,,,v2,train,0,0.40
train,/root/leo_ws/src/leo_pybullet/worlds/benchmark_v3_curriculum/train/world_easy_clear_seed_000231.yaml,231,easy,1,4,5,False,4.8971,2.152959,3.578963,-2.860196,-2.28316,2.354689,clear,4.602,1.0641,,v3,train,0,0.15
train,/root/leo_ws/src/leo_pybullet/worlds/benchmark_v3_curriculum/train/world_easy_clear_seed_000195.yaml,195,easy,2,4,6,False,7.8202,-3.891792,-2.555535,0.790719,1.480629,3.072278,clear,7.7804,1.0051,,v3,train,0,0.15
train,/root/leo_ws/src/leo_pybullet/worlds/benchmark_v2/train/world_medium_seed_000280.yaml,280,medium,7,4,11,True,4.2182,2.16386,-3.632354,-1.033826,3.612136,-0.417923,,,,,v2,train,0,0.40
train,/root/leo_ws/src/leo_pybullet/worlds/benchmark_v4_hard/train/world_hard_double_block_seed_300017.yaml,300017,hard,10,4,14,True,6.712,2.808877,-1.111764,2.849212,-2.206812,0.783005,double_block,5.3616,1.2518,2,v4,train,0,0.45
train,/root/leo_ws/src/leo_pybullet/worlds/benchmark_v4_hard/train/world_hard_double_block_seed_300437.yaml,300437,hard,10,4,14,True,6.9141,-2.225781,-0.953051,-0.066363,3.305429,-0.846816,double_block,5.5322,1.2498,2,v4,train,0,0.45
train,/root/leo_ws/src/leo_pybullet/worlds/benchmark_v2/train/world_hard_seed_000107.yaml,107,hard,9,4,13,True,5.0353,3.975527,-0.656382,-1.284205,0.38264,-3.27183,,,,,v2,train,general_replay,0.40
train,/root/leo_ws/src/leo_pybullet/worlds/benchmark_v4_hard/train/world_easy_double_block_seed_300384.yaml,300384,easy,5,4,9,True,5.9371,0.303018,-3.684934,2.32329,-3.103402,-0.407427,double_block,4.7271,1.256,2,v4,train,0,0.45
train,/root/leo_ws/src/leo_pybullet/worlds/benchmark_v2/train/world_hard_seed_000200.yaml,200,hard,8,4,12,True,7.1508,2.040188,-4.085843,2.616088,1.024083,2.598764,,,,,v2,train,general_replay,0.40
train,/root/leo_ws/src/leo_pybullet/worlds/benchmark_v2/train/world_easy_seed_000096.yaml,96,easy,3,4,7,False,7.1745,1.508394,3.69109,-2.851836,-3.514779,-1.384522,,,,,v2,train,0,0.40
train,/root/leo_ws/src/leo_pybullet/worlds/benchmark_v4_hard/train/world_hard_double_block_seed_300077.yaml,300077,hard,12,4,16,True,6.5027,-2.463709,2.378015,-1.77945,-3.384729,-2.180983,double_block,4.6511,1.3981,2,v4_focused,train,4,focused_failure
train,/root/leo_ws/src/leo_pybullet/worlds/benchmark_v2/train/world_easy_seed_000102.yaml,102,easy,2,4,6,False,4.2935,-1.233325,0.473417,-1.301856,1.399969,-2.762387,,,,,v2,train,0,0.40
train,/root/leo_ws/src/leo_pybullet/worlds/benchmark_v4_hard/train/world_medium_double_block_seed_300364.yaml,300364,medium,6,4,10,True,6.3816,-3.637546,3.134859,-1.226372,-1.364582,-1.412673,double_block,5.0839,1.2552,2,v4,train,0,0.45
train,/root/leo_ws/src/leo_pybullet/worlds/benchmark_v2/train/world_medium_seed_000136.yaml,136,medium,8,4,12,True,5.9371,-0.581539,2.299482,0.863734,-0.672589,-3.133106,,,,,v2,train,0,0.40
train,/root/leo_ws/src/leo_pybullet/worlds/benchmark_v4_hard/train/world_easy_double_block_seed_300120.yaml,300120,easy,4,4,8,True,5.7302,-1.817651,2.456778,-0.141417,2.831409,2.189643,double_block,4.6567,1.2305,2,v4_focused,train,2,focused_failure
train,/root/leo_ws/src/leo_pybullet/worlds/benchmark_v2/train/world_medium_seed_000103.yaml,103,medium,8,4,12,False,3.7472,2.080541,1.342656,1.101397,-0.33784,-1.408267,,,,,v2,train,general_replay,0.40
train,/root/leo_ws/src/leo_pybullet/worlds/benchmark_v2/train/world_medium_seed_000079.yaml,79,medium,6,4,10,True,6.5108,-3.774422,-4.091301,1.366026,-3.393901,1.964116,,,,,v2,train,0,0.40
train,/root/leo_ws/src/leo_pybullet/worlds/benchmark_v4_hard/train/world_easy_direct_block_seed_300138.yaml,300138,easy,3,4,7,True,7.1929,-0.41162,1.498114,-0.877773,3.234741,-3.702374,direct_block,6.3515,1.1325,1,v4,train,0,0.45
train,/root/leo_ws/src/leo_pybullet/worlds/benchmark_v4_hard/train/world_easy_clear_seed_300063.yaml,300063,easy,5,4,9,False,6.7953,1.665696,-3.110964,1.270275,3.57796,2.936814,clear,6.3429,1.0713,0,v4_focused,train,0,focused_failure
train,/root/leo_ws/src/leo_pybullet/worlds/benchmark_v2/train/world_medium_seed_000037.yaml,37,medium,5,4,9,False,6.2594,1.439266,2.147214,3.039356,1.169516,-4.041655,,,,,v2,train,general_replay,0.40
train,/root/leo_ws/src/leo_pybullet/worlds/benchmark_v4_hard/train/world_hard_double_block_seed_300284.yaml,300284,hard,12,4,16,True,7.1541,-1.91737,-2.043467,1.835561,-3.195499,3.462046,double_block,5.6519,1.2658,2,v4_focused,train,3,focused_failure
train,/root/leo_ws/src/leo_pybullet/worlds/benchmark_v4_hard/train/world_medium_direct_block_seed_300070.yaml,300070,medium,7,4,11,True,6.1439,-1.9541,1.352918,0.652006,2.205829,3.992411,direct_block,4.9267,1.2471,1,v4,train,0,0.45
train,/root/leo_ws/src/leo_pybullet/worlds/benchmark_v3_curriculum/train/world_medium_direct_block_seed_000022.yaml,22,medium,2,4,6,True,7.4627,2.036543,3.218316,-1.544849,2.486903,-3.572912,direct_block,6.8061,1.0965,,v3,train,0,0.15
train,/root/leo_ws/src/leo_pybullet/worlds/benchmark_v2/train/world_medium_seed_000004.yaml,4,medium,6,4,10,True,7.5518,1.924587,-0.183758,0.310401,-3.566128,-4.177591,,,,,v2,train,general_replay,0.40
train,/root/leo_ws/src/leo_pybullet/worlds/benchmark_v2/train/world_hard_seed_000038.yaml,38,hard,11,4,15,True,4.152,0.316565,1.620136,-2.987166,3.996901,0.997567,,,,,v2,train,0,0.40
train,/root/leo_ws/src/leo_pybullet/worlds/benchmark_v4_hard/train/world_easy_clear_seed_300063.yaml,300063,easy,5,4,9,False,6.7953,1.665696,-3.110964,1.270275,3.57796,2.936814,clear,6.3429,1.0713,0,v4,train,0,0.45
train,/root/leo_ws/src/leo_pybullet/worlds/benchmark_v4_hard/train/world_easy_clear_seed_300123.yaml,300123,easy,4,4,8,False,4.9667,-1.452935,-4.102731,2.117512,-4.161684,-0.276693,clear,4.6878,1.0595,0,v4_focused,train,1,focused_failure
train,/root/leo_ws/src/leo_pybullet/worlds/benchmark_v3_curriculum/train/world_hard_direct_block_seed_000233.yaml,233,hard,6,4,10,True,8.6249,2.570954,-2.768044,2.28174,-2.288144,2.976584,direct_block,7.5241,1.1463,,v3,train,general_replay,0.15
train,/root/leo_ws/src/leo_pybullet/worlds/benchmark_v3_curriculum/train/world_hard_direct_block_seed_000053.yaml,53,hard,6,4,10,True,4.8582,3.002251,-2.413546,2.530161,0.017542,-0.147085,direct_block,3.7477,1.2963,,v3,train,general_replay,0.15
train,/root/leo_ws/src/leo_pybullet/worlds/benchmark_v4_hard/train/world_easy_double_block_seed_300060.yaml,300060,easy,4,4,8,True,7.6398,1.595191,-2.577262,2.274719,-2.967035,2.159114,double_block,6.5763,1.1617,2,v4,train,0,0.45
train,/root/leo_ws/src/leo_pybullet/worlds/benchmark_v2/train/world_medium_seed_000076.yaml,76,medium,7,4,11,True,5.3576,-1.899808,2.19767,-1.038901,-0.537745,-2.340031,,,,,v2,train,general_replay,0.40
train,/root/leo_ws/src/leo_pybullet/worlds/benchmark_v4_hard/train/world_easy_direct_block_seed_300438.yaml,300438,easy,4,4,8,True,5.929,-2.090838,-1.299911,0.635946,1.769955,1.751745,direct_block,4.9212,1.2048,1,v4,train,0,0.45
train,/root/leo_ws/src/leo_pybullet/worlds/benchmark_v2/train/world_hard_seed_000278.yaml,278,hard,10,4,14,True,6.6078,-3.993465,1.168918,-0.264691,1.575829,-1.213658,,,,,v2,train,general_replay,0.40
train,/root/leo_ws/src/leo_pybullet/worlds/benchmark_v4_hard/train/world_easy_double_block_seed_300420.yaml,300420,easy,3,4,7,True,6.481,1.845056,1.567691,2.93193,-3.625537,2.102512,double_block,5.4967,1.1791,2,v4,train,0,0.45
train,/root/leo_ws/src/leo_pybullet/worlds/benchmark_v4_hard/train/world_easy_clear_seed_300435.yaml,300435,easy,5,4,9,False,6.5884,0.856998,-2.794093,1.231628,2.80564,2.987942,clear,6.1016,1.0798,0,v4,train,0,0.45
train,/root/leo_ws/src/leo_pybullet/worlds/benchmark_v4_hard/train/world_easy_direct_block_seed_300258.yaml,300258,easy,4,4,8,True,6.6239,-3.573493,-1.731173,1.25198,-2.426498,4.152867,direct_block,5.9948,1.1049,1,v4,train,0,0.45
train,/root/leo_ws/src/leo_pybullet/worlds/benchmark_v4_hard/train/world_hard_direct_block_seed_300098.yaml,300098,hard,13,4,17,True,6.4971,-2.45126,-2.139854,0.103157,2.75574,-1.72121,direct_block,5.2238,1.2437,1,v4_focused,train,0,focused_failure
train,/root/leo_ws/src/leo_pybullet/worlds/benchmark_v4_hard/train/world_medium_clear_seed_300067.yaml,300067,medium,7,4,11,False,5.3974,1.915596,0.264267,2.347427,-1.936107,4.013569,clear,5.3752,1.0041,0,v4_focused,train,0,focused_failure
train,/root/leo_ws/src/leo_pybullet/worlds/benchmark_v2/train/world_medium_seed_000190.yaml,190,medium,5,4,9,True,9.0888,-3.705083,-3.606889,0.186935,1.795743,2.57749,,,,,v2,train,general_replay,0.40
train,/root/leo_ws/src/leo_pybullet/worlds/benchmark_v3_curriculum/train/world_easy_clear_seed_000171.yaml,171,easy,2,4,6,False,8.1918,4.10332,-3.247249,2.102239,0.764322,3.534267,clear,7.559,1.0837,,v3,train,0,0.15
train,/root/leo_ws/src/leo_pybullet/worlds/benchmark_v3_curriculum/train/world_easy_direct_block_seed_000114.yaml,114,easy,1,4,5,True,5.1233,0.53311,-1.391021,0.54798,3.935177,1.073448,direct_block,4.2009,1.2196,,v3,train,0,0.15
train,/root/leo_ws/src/leo_pybullet/worlds/benchmark_v2/train/world_medium_seed_000100.yaml,100,medium,6,4,10,True,5.5096,3.929944,-2.829697,0.043134,-0.930607,-1.307289,,,,,v2,train,general_replay,0.40
train,/root/leo_ws/src/leo_pybullet/worlds/benchmark_v3_curriculum/train/world_medium_clear_seed_000151.yaml,151,medium,4,4,8,False,4.3598,-0.089758,-3.622292,2.394744,-3.339994,-0.829409,clear,4.2854,1.0174,,v3,train,0,0.15
train,/root/leo_ws/src/leo_pybullet/worlds/benchmark_v4_hard/train/world_easy_double_block_seed_300192.yaml,300192,easy,3,4,7,True,5.6502,2.198591,1.307087,-1.644993,1.646415,-3.216276,double_block,4.5569,1.2399,2,v4,train,0,0.45
train,/root/leo_ws/src/leo_pybullet/worlds/benchmark_v2/train/world_hard_seed_000239.yaml,239,hard,8,4,12,True,5.921,1.832008,-0.72274,-0.576018,-0.555923,4.170043,,,,,v2,train,general_replay,0.40
train,/root/leo_ws/src/leo_pybullet/worlds/benchmark_v3_curriculum/train/world_hard_clear_seed_000107.yaml,107,hard,4,4,8,False,4.7129,2.237187,3.884135,-2.323258,-0.641293,0.373844,clear,4.5396,1.0382,,v3,train,0,0.15
train,/root/leo_ws/src/leo_pybullet/worlds/benchmark_v4_hard/train/world_easy_clear_seed_300027.yaml,300027,easy,5,4,9,False,6.1643,3.471245,4.222501,-2.505389,-1.157056,0.485919,clear,5.9484,1.0363,0,v4,train,0,0.45
train,/root/leo_ws/src/leo_pybullet/worlds/benchmark_v4_hard/train/world_hard_double_block_seed_300140.yaml,300140,hard,14,4,18,True,8.8914,-1.572206,4.053908,-1.788993,-3.207402,-2.23734,double_block,6.5003,1.3678,2,v4_focused,train,1,focused_failure
train,/root/leo_ws/src/leo_pybullet/worlds/benchmark_v2/train/world_medium_seed_000070.yaml,70,medium,5,4,9,True,5.2365,-0.352925,-3.163679,1.092894,4.307028,-3.004597,,,,,v2,train,0,0.40
train,/root/leo_ws/src/leo_pybullet/worlds/benchmark_v2/train/world_easy_seed_000210.yaml,210,easy,3,4,7,True,5.6341,-0.433363,1.354342,1.749695,3.844088,-1.387873,,,,,v2,train,general_replay,0.40
train,/root/leo_ws/src/leo_pybullet/worlds/benchmark_v2/train/world_easy_seed_000198.yaml,198,easy,2,4,6,True,5.2422,-0.169828,1.484774,0.190295,4.243085,-0.377086,,,,,v2,train,general_replay,0.40
train,/root/leo_ws/src/leo_pybullet/worlds/benchmark_v4_hard/train/world_easy_double_block_seed_300285.yaml,300285,easy,3,4,7,True,5.8845,-3.283567,-0.067157,0.350131,1.137487,1.371442,double_block,4.6492,1.2657,2,v4,train,0,0.45
train,/root/leo_ws/src/leo_pybullet/worlds/benchmark_v3_curriculum/train/world_hard_clear_seed_000131.yaml,131,hard,5,4,9,False,4.2263,-1.08418,0.067989,-1.480457,-0.91035,-4.105773,clear,4.1774,1.0117,,v3,train,0,0.15
train,/root/leo_ws/src/leo_pybullet/worlds/benchmark_v4_hard/train/world_hard_clear_seed_300179.yaml,300179,hard,13,4,17,False,5.352,-3.038002,-1.514598,0.10043,2.110095,-0.958452,clear,5.178,1.0336,0,v4,train,0,0.45
train,/root/leo_ws/src/leo_pybullet/worlds/benchmark_v2/train/world_hard_seed_000095.yaml,95,hard,12,4,16,True,4.2102,4.324789,0.341223,-0.037864,3.789334,-3.233593,,,,,v2,train,0,0.40
train,/root/leo_ws/src/leo_pybullet/worlds/benchmark_v4_hard/train/world_easy_double_block_seed_300156.yaml,300156,easy,3,4,7,True,5.9039,0.382878,-1.513993,2.151028,-2.232248,2.499852,double_block,4.7906,1.2324,2,v4_focused,train,5,focused_failure
train,/root/leo_ws/src/leo_pybullet/worlds/benchmark_v4_hard/train/world_hard_direct_block_seed_300014.yaml,300014,hard,12,4,16,True,7.8239,-1.483921,-3.582866,1.75184,-2.614877,2.509943,direct_block,6.1969,1.2626,1,v4_focused,train,2,focused_failure
train,/root/leo_ws/src/leo_pybullet/worlds/benchmark_v2/train/world_hard_seed_000149.yaml,149,hard,8,4,12,True,3.5839,-1.068243,-3.172008,-2.894717,-4.162981,-2.804286,,,,,v2,train,0,0.40
train,/root/leo_ws/src/leo_pybullet/worlds/benchmark_v4_hard/train/world_medium_double_block_seed_300361.yaml,300361,medium,8,4,12,True,6.9278,-2.571117,-3.718554,0.270467,2.554873,-2.161543,double_block,5.3572,1.2932,2,v4_focused,train,0,focused_failure
train,/root/leo_ws/src/leo_pybullet/worlds/benchmark_v4_hard/train/world_hard_double_block_seed_300056.yaml,300056,hard,12,4,16,True,7.6227,-1.630143,4.243983,-1.809857,-3.266632,-1.42817,double_block,5.9035,1.2912,2,v4_focused,train,4,focused_failure
train,/root/leo_ws/src/leo_pybullet/worlds/benchmark_v4_hard/train/world_easy_double_block_seed_300297.yaml,300297,easy,5,4,9,True,6.1439,-0.822883,-2.657414,0.116293,4.076685,-1.439632,double_block,5.0486,1.2169,2,v4,train,0,0.45
train,/root/leo_ws/src/leo_pybullet/worlds/benchmark_v4_hard/train/world_hard_direct_block_seed_300002.yaml,300002,hard,13,4,17,True,9.2488,2.902352,-0.636278,2.835087,-3.725977,1.140693,direct_block,6.8624,1.3478,1,v4,train,0,0.45
train,/root/leo_ws/src/leo_pybullet/worlds/benchmark_v2/train/world_medium_seed_000232.yaml,232,medium,7,4,11,True,6.9771,3.261476,-3.705716,2.93871,3.940105,2.787728,,,,,v2,train,0,0.40
train,/root/leo_ws/src/leo_pybullet/worlds/benchmark_v4_hard/train/world_easy_double_block_seed_300072.yaml,300072,easy,5,4,9,True,8.641,3.638407,4.015117,-2.710385,-3.613288,1.319472,double_block,7.7365,1.1169,2,v4,train,0,0.45
train,/root/leo_ws/src/leo_pybullet/worlds/benchmark_v4_hard/train/world_hard_double_block_seed_300449.yaml,300449,hard,12,4,16,True,8.5027,1.44954,-2.716499,2.151127,-1.792532,2.491355,double_block,6.1346,1.386,2,v4_focused,train,3,focused_failure
train,/root/leo_ws/src/leo_pybullet/worlds/benchmark_v2/train/world_hard_seed_000242.yaml,242,hard,10,4,14,True,3.9314,-2.855029,-2.583815,1.407141,0.281807,-2.61849,,,,,v2,train,general_replay,0.40
train,/root/leo_ws/src/leo_pybullet/worlds/benchmark_v2/train/world_hard_seed_000254.yaml,254,hard,10,4,14,True,4.3508,-0.782329,-1.392463,2.991331,-4.319162,0.002568,,,,,v2,train,general_replay,0.40
train,/root/leo_ws/src/leo_pybullet/worlds/benchmark_v4_hard/train/world_easy_double_block_seed_300081.yaml,300081,easy,4,4,8,True,7.2502,4.17009,1.860809,2.945227,-1.933059,3.727606,double_block,6.3823,1.136,2,v4_focused,train,0,focused_failure
train,/root/leo_ws/src/leo_pybullet/worlds/benchmark_v2/train/world_medium_seed_000115.yaml,115,medium,7,4,11,True,9.4088,-3.363606,-3.373506,3.087839,2.212445,3.114626,,,,,v2,train,general_replay,0.40
train,/root/leo_ws/src/leo_pybullet/worlds/benchmark_v4_hard/train/world_medium_double_block_seed_300085.yaml,300085,medium,7,4,11,True,7.6261,3.106055,-0.482938,2.976326,-2.355746,0.865207,double_block,5.6257,1.3556,2,v4_focused,train,2,focused_failure
train,/root/leo_ws/src/leo_pybullet/worlds/benchmark_v3_curriculum/train/world_medium_direct_block_seed_000289.yaml,289,medium,3,4,7,True,6.6935,2.637203,-2.669257,2.100638,-0.485177,2.40672,direct_block,5.9594,1.1232,,v3,train,0,0.15
train,/root/leo_ws/src/leo_pybullet/worlds/benchmark_v4_hard/train/world_easy_double_block_seed_300324.yaml,300324,easy,3,4,7,True,6.7404,-1.932744,3.898807,-1.953897,-3.404311,-1.801706,double_block,5.8874,1.1449,2,v4_focused,train,3,focused_failure
train,/root/leo_ws/src/leo_pybullet/worlds/benchmark_v4_hard/train/world_hard_double_block_seed_300380.yaml,300380,hard,11,4,15,True,6.409,-3.422224,2.123096,0.069779,1.227689,1.870886,double_block,4.6567,1.3763,2,v4_focused,train,5,focused_failure
train,/root/leo_ws/src/leo_pybullet/worlds/benchmark_v4_hard/train/world_hard_double_block_seed_300341.yaml,300341,hard,14,4,18,True,8.5084,-0.691329,-3.790402,1.573118,-0.415863,1.768754,double_block,5.566,1.5286,2,v4_focused,train,0,focused_failure
train,/root/leo_ws/src/leo_pybullet/worlds/benchmark_v4_hard/train/world_hard_direct_block_seed_300110.yaml,300110,hard,12,4,16,True,5.7245,0.391462,-3.257272,1.029937,2.312919,1.104611,direct_block,4.7663,1.201,1,v4_focused,train,5,focused_failure
train,/root/leo_ws/src/leo_pybullet/worlds/benchmark_v3_curriculum/train/world_easy_direct_block_seed_000000.yaml,0,easy,2,4,6,True,4.8833,2.192612,-0.675142,2.945207,-2.049208,0.095835,direct_block,4.3113,1.1327,,v3,train,0,0.15
train,/root/leo_ws/src/leo_pybullet/worlds/benchmark_v2/train/world_easy_seed_000015.yaml,15,easy,2,4,6,True,4.809,-2.264478,-1.408724,-1.48714,1.811291,-1.908939,,,,,v2,train,0,0.40
train,/root/leo_ws/src/leo_pybullet/worlds/benchmark_v4_hard/train/world_easy_double_block_seed_300153.yaml,300153,easy,5,4,9,True,6.7678,-2.342211,2.57987,-0.578731,1.803007,-1.003156,double_block,5.4791,1.2352,2,v4,train,0,0.45
train,/root/leo_ws/src/leo_pybullet/worlds/benchmark_v2/train/world_easy_seed_000069.yaml,69,easy,4,4,8,True,9.0637,2.622109,-3.769922,2.344069,-1.351828,3.652933,,,,,v2,train,general_replay,0.40
train,/root/leo_ws/src/leo_pybullet/worlds/benchmark_v2/train/world_medium_seed_000184.yaml,184,medium,7,4,11,True,6.7129,1.695931,3.740171,2.68544,-1.526414,-1.41152,,,,,v2,train,0,0.40
train,/root/leo_ws/src/leo_pybullet/worlds/benchmark_v3_curriculum/train/world_easy_direct_block_seed_000105.yaml,105,easy,2,4,6,True,6.9004,0.686142,-3.328365,2.531103,-4.233136,0.204312,direct_block,6.0563,1.1394,,v3,train,0,0.15
train,/root/leo_ws/src/leo_pybullet/worlds/benchmark_v4_hard/train/world_medium_double_block_seed_300169.yaml,300169,medium,8,4,12,True,10.5335,-3.008743,-3.459673,0.902683,1.626929,3.9859,double_block,8.7707,1.201,2,v4,train,0,0.45
train,/root/leo_ws/src/leo_pybullet/worlds/benchmark_v4_hard/train/world_hard_double_block_seed_300425.yaml,300425,hard,11,4,15,True,6.4971,-3.98623,-1.786928,0.85053,-0.784891,2.181947,double_block,5.0991,1.2742,2,v4,train,0,0.45
train,/root/leo_ws/src/leo_pybullet/worlds/benchmark_v4_hard/train/world_hard_double_block_seed_300356.yaml,300356,hard,14,4,18,True,9.6947,1.899594,2.986804,-1.53034,1.999842,-2.88513,double_block,5.8728,1.6508,2,v4_focused,train,1,focused_failure
train,/root/leo_ws/src/leo_pybullet/worlds/benchmark_v2/train/world_easy_seed_000288.yaml,288,easy,3,4,7,False,6.7257,2.566023,-0.173892,1.329447,-3.934866,-0.612579,,,,,v2,train,0,0.40
train,/root/leo_ws/src/leo_pybullet/worlds/benchmark_v4_hard/train/world_easy_double_block_seed_300156.yaml,300156,easy,3,4,7,True,5.9039,0.382878,-1.513993,2.151028,-2.232248,2.499852,double_block,4.7906,1.2324,2,v4_focused,train,2,focused_failure
train,/root/leo_ws/src/leo_pybullet/worlds/benchmark_v4_hard/train/world_hard_double_block_seed_300392.yaml,300392,hard,12,4,16,True,6.2022,-3.191597,2.280619,-0.580908,1.010483,0.090192,double_block,4.7387,1.3088,2,v4,train,0,0.45
train,/root/leo_ws/src/leo_pybullet/worlds/benchmark_v2/train/world_medium_seed_000106.yaml,106,medium,8,4,12,True,8.5222,3.84595,2.79273,1.913206,-3.856841,2.66505,,,,,v2,train,general_replay,0.40
train,/root/leo_ws/src/leo_pybullet/worlds/benchmark_v4_hard/train/world_easy_double_block_seed_300348.yaml,300348,easy,3,4,7,True,6.569,-0.02667,-3.428706,2.213227,-3.599879,0.709469,double_block,5.4674,1.2015,2,v4,train,0,0.45
train,/root/leo_ws/src/leo_pybullet/worlds/benchmark_v2/train/world_hard_seed_000173.yaml,173,hard,10,4,14,True,5.9096,2.894124,1.588067,0.426106,2.020505,-3.687949,,,,,v2,train,0,0.40
train,/root/leo_ws/src/leo_pybullet/worlds/benchmark_v4_hard/train/world_easy_double_block_seed_300000.yaml,300000,easy,5,4,9,True,5.9096,-2.117236,-0.94813,-0.407975,2.136289,-3.023757,double_block,4.7329,1.2486,2,v4,train,0,0.45
train,/root/leo_ws/src/leo_pybullet/worlds/benchmark_v3_curriculum/train/world_easy_direct_block_seed_000054.yaml,54,easy,1,4,5,True,4.8033,-0.51903,-1.717631,0.349018,3.313615,-0.105964,direct_block,4.1577,1.1553,,v3,train,general_replay,0.15
train,/root/leo_ws/src/leo_pybullet/worlds/benchmark_v4_hard/train/world_medium_clear_seed_300379.yaml,300379,medium,8,4,12,False,5.681,-0.841168,0.511049,-1.060974,1.489647,-4.190465,clear,5.2476,1.0826,0,v4,train,0,0.45
train,/root/leo_ws/src/leo_pybullet/worlds/benchmark_v4_hard/train/world_medium_direct_block_seed_300358.yaml,300358,medium,9,4,13,True,6.8753,-2.748165,2.972748,-1.620645,-2.408892,-3.053261,direct_block,6.0356,1.1391,1,v4,train,0,0.45
train,/root/leo_ws/src/leo_pybullet/worlds/benchmark_v4_hard/train/world_hard_double_block_seed_300233.yaml,300233,hard,13,4,17,True,7.049,0.080284,1.265958,-0.77763,4.121935,-2.829653,double_block,5.754,1.2251,2,v4,train,0,0.45
train,/root/leo_ws/src/leo_pybullet/worlds/benchmark_v4_hard/train/world_medium_double_block_seed_300181.yaml,300181,medium,9,4,13,True,5.8982,-0.353764,-0.328898,2.005819,-1.831678,4.06008,double_block,4.6311,1.2736,2,v4_focused,train,0,focused_failure
train,/root/leo_ws/src/leo_pybullet/worlds/benchmark_v2/train/world_hard_seed_000179.yaml,179,hard,9,4,13,True,5.9347,-2.232135,-1.630961,-1.067864,-0.010125,3.436591,,,,,v2,train,0,0.40
train,/root/leo_ws/src/leo_pybullet/worlds/benchmark_v4_hard/train/world_hard_clear_seed_300299.yaml,300299,hard,10,4,14,False,5.3463,2.611476,1.892564,3.107485,-2.646462,2.047607,clear,5.2602,1.0164,0,v4,train,0,0.45
train,/root/leo_ws/src/leo_pybullet/worlds/benchmark_v4_hard/train/world_easy_double_block_seed_300204.yaml,300204,easy,4,4,8,True,7.9622,-2.536866,-3.735207,1.630346,-3.803205,3.361228,double_block,7.2085,1.1045,2,v4,train,0,0.45
train,/root/leo_ws/src/leo_pybullet/worlds/benchmark_v4_hard/train/world_medium_double_block_seed_300301.yaml,300301,medium,8,4,12,True,6.7702,-1.779314,2.201229,-1.038715,0.88522,-2.406854,double_block,5.323,1.2719,2,v4_focused,train,1,focused_failure
train,/root/leo_ws/src/leo_pybullet/worlds/benchmark_v2/train/world_easy_seed_000084.yaml,84,easy,4,4,8,False,7.0945,-1.159163,-3.042575,0.161006,3.888866,1.890364,,,,,v2,train,general_replay,0.40
train,/root/leo_ws/src/leo_pybullet/worlds/benchmark_v2/train/world_medium_seed_000013.yaml,13,medium,7,4,11,True,6.5496,1.445814,3.212309,-2.696574,1.226327,-2.719845,,,,,v2,train,general_replay,0.40
train,/root/leo_ws/src/leo_pybullet/worlds/benchmark_v4_hard/train/world_easy_double_block_seed_300297.yaml,300297,easy,5,4,9,True,6.1439,-0.822883,-2.657414,0.116293,4.076685,-1.439632,double_block,5.0486,1.2169,2,v4,train,0,0.45
train,/root/leo_ws/src/leo_pybullet/worlds/benchmark_v4_hard/train/world_easy_double_block_seed_300096.yaml,300096,easy,4,4,8,True,6.4696,0.576816,2.190716,-2.001398,-1.380881,-2.808204,double_block,5.3686,1.2051,2,v4,train,0,0.45
train,/root/leo_ws/src/leo_pybullet/worlds/benchmark_v3_curriculum/train/world_hard_clear_seed_000215.yaml,215,hard,4,4,8,False,5.9484,2.709724,-1.164539,2.753232,-2.411916,0.80138,clear,5.486,1.0843,,v3,train,general_replay,0.15
train,/root/leo_ws/src/leo_pybullet/worlds/benchmark_v4_hard/train/world_hard_double_block_seed_300392.yaml,300392,hard,12,4,16,True,6.2022,-3.191597,2.280619,-0.580908,1.010483,0.090192,double_block,4.7387,1.3088,2,v4_focused,train,5,focused_failure
train,/root/leo_ws/src/leo_pybullet/worlds/benchmark_v4_hard/train/world_easy_direct_block_seed_300378.yaml,300378,easy,4,4,8,True,7.1735,-0.62947,3.670819,-1.837029,-2.787172,-2.436024,direct_block,6.4768,1.1076,1,v4,train,0,0.45
train,/root/leo_ws/src/leo_pybullet/worlds/benchmark_v2/train/world_easy_seed_000066.yaml,66,easy,2,4,6,False,6.2159,3.686941,2.496498,1.780012,-1.791842,4.162399,,,,,v2,train,0,0.40
train,/root/leo_ws/src/leo_pybullet/worlds/benchmark_v4_hard/train/world_easy_direct_block_seed_300438.yaml,300438,easy,4,4,8,True,5.929,-2.090838,-1.299911,0.635946,1.769955,1.751745,direct_block,4.9212,1.2048,1,v4,train,0,0.45
train,/root/leo_ws/src/leo_pybullet/worlds/benchmark_v4_hard/train/world_easy_double_block_seed_300381.yaml,300381,easy,5,4,9,True,6.1576,0.730153,-3.818305,2.970569,-4.01403,-2.368283,double_block,4.9608,1.2413,2,v4_focused,train,3,focused_failure
train,/root/leo_ws/src/leo_pybullet/worlds/benchmark_v2/train/world_easy_seed_000177.yaml,177,easy,2,4,6,False,6.5884,0.71889,1.823409,2.069574,2.684366,-3.973162,,,,,v2,train,general_replay,0.40
train,/root/leo_ws/src/leo_pybullet/worlds/benchmark_v4_hard/train/world_easy_clear_seed_300231.yaml,300231,easy,4,4,8,False,7.2308,1.624134,-3.754524,1.778261,0.602938,3.09116,clear,6.9214,1.0447,0,v4,train,0,0.45
train,/root/leo_ws/src/leo_pybullet/worlds/benchmark_v2/train/world_easy_seed_000225.yaml,225,easy,4,4,8,False,6.3574,-2.802599,1.667033,-0.834464,0.948119,-3.176779,,,,,v2,train,0,0.40
train,/root/leo_ws/src/leo_pybullet/worlds/benchmark_v3_curriculum/train/world_medium_direct_block_seed_000037.yaml,37,medium,4,4,8,True,5.5565,1.142631,-3.948744,0.906255,4.111693,-0.529194,direct_block,4.5286,1.227,,v3,train,general_replay,0.15
train,/root/leo_ws/src/leo_pybullet/worlds/benchmark_v4_hard/train/world_hard_direct_block_seed_300014.yaml,300014,hard,12,4,16,True,7.8239,-1.483921,-3.582866,1.75184,-2.614877,2.509943,direct_block,6.1969,1.2626,1,v4_focused,train,4,focused_failure
train,/root/leo_ws/src/leo_pybullet/worlds/benchmark_v4_hard/train/world_medium_double_block_seed_300028.yaml,300028,medium,7,4,11,True,8.9643,-1.410634,2.478793,-0.816045,3.495932,-3.773114,double_block,7.9474,1.128,2,v4,train,0,0.45
train,/root/leo_ws/src/leo_pybullet/worlds/benchmark_v4_hard/train/world_easy_clear_seed_300099.yaml,300099,easy,5,4,9,False,7.4594,3.867209,3.483005,-1.659873,3.676694,-3.879054,clear,7.3645,1.0129,0,v4,train,0,0.45
train,/root/leo_ws/src/leo_pybullet/worlds/benchmark_v3_curriculum/train/world_easy_direct_block_seed_000102.yaml,102,easy,1,4,5,True,5.2422,-3.528011,-3.800652,1.453396,-2.688024,0.640443,direct_block,4.5198,1.1598,,v3,train,0,0.15
train,/root/leo_ws/src/leo_pybullet/worlds/benchmark_v4_hard/train/world_hard_direct_block_seed_300098.yaml,300098,hard,13,4,17,True,6.4971,-2.45126,-2.139854,0.103157,2.75574,-1.72121,direct_block,5.2238,1.2437,1,v4_focused,train,2,focused_failure
train,/root/leo_ws/src/leo_pybullet/worlds/benchmark_v4_hard/train/world_hard_double_block_seed_300140.yaml,300140,hard,14,4,18,True,8.8914,-1.572206,4.053908,-1.788993,-3.207402,-2.23734,double_block,6.5003,1.3678,2,v4_focused,train,5,focused_failure
train,/root/leo_ws/src/leo_pybullet/worlds/benchmark_v2/train/world_medium_seed_000244.yaml,244,medium,8,4,12,True,7.7643,0.685723,-3.78037,2.077432,-3.471386,1.998505,,,,,v2,train,general_replay,0.40
train,/root/leo_ws/src/leo_pybullet/worlds/benchmark_v2/train/world_hard_seed_000176.yaml,176,hard,8,4,12,True,4.2925,3.86149,2.413438,-1.147815,2.877269,-1.001516,,,,,v2,train,0,0.40
train,/root/leo_ws/src/leo_pybullet/worlds/benchmark_v2/train/world_easy_seed_000294.yaml,294,easy,2,4,6,True,8.009,3.727268,3.64457,0.431022,-3.55915,1.86193,,,,,v2,train,0,0.40
train,/root/leo_ws/src/leo_pybullet/worlds/benchmark_v3_curriculum/train/world_hard_direct_block_seed_000173.yaml,173,hard,5,4,9,True,5.6284,-2.952294,2.827592,-0.261276,1.55156,1.974056,direct_block,4.584,1.2278,,v3,train,general_replay,0.15
train,/root/leo_ws/src/leo_pybullet/worlds/benchmark_v4_hard/train/world_medium_double_block_seed_300217.yaml,300217,medium,9,4,13,True,7.3051,4.207654,3.583556,-1.911421,2.784389,-1.226065,double_block,5.0158,1.4564,2,v4_focused,train,4,focused_failure
train,/root/leo_ws/src/leo_pybullet/worlds/benchmark_v4_hard/train/world_hard_direct_block_seed_300194.yaml,300194,hard,11,4,15,True,7.1678,-2.618032,3.69064,-1.00545,1.01696,-1.120092,direct_block,6.0296,1.1888,1,v4,train,0,0.45
train,/root/leo_ws/src/leo_pybullet/worlds/benchmark_v3_curriculum/train/world_hard_direct_block_seed_000032.yaml,32,hard,4,4,8,True,4.8057,-4.043266,-3.922323,0.693556,-1.489877,-1.442101,direct_block,3.5597,1.35,,v3,train,0,0.15
train,/root/leo_ws/src/leo_pybullet/worlds/benchmark_v2/train/world_medium_seed_000217.yaml,217,medium,7,4,11,True,8.3437,1.869878,-2.510475,-1.33469,-3.636295,2.631522,,,,,v2,train,0,0.40
train,/root/leo_ws/src/leo_pybullet/worlds/benchmark_v3_curriculum/train/world_easy_direct_block_seed_000126.yaml,126,easy,1,4,5,True,5.849,-0.231083,-2.915119,2.125796,-3.119941,1.073371,direct_block,4.9248,1.1877,,v3,train,general_replay,0.15
train,/root/leo_ws/src/leo_pybullet/worlds/benchmark_v3_curriculum/train/world_medium_clear_seed_000199.yaml,199,medium,3,4,7,False,4.8251,2.076387,2.946796,-1.717096,1.421204,-1.623855,clear,4.6174,1.045,,v3,train,general_replay,0.15
train,/root/leo_ws/src/leo_pybullet/worlds/benchmark_v2/train/world_medium_seed_000226.yaml,226,medium,8,4,12,True,5.0902,1.231772,0.771686,-0.985322,3.458949,-2.851403,,,,,v2,train,general_replay,0.40
train,/root/leo_ws/src/leo_pybullet/worlds/benchmark_v4_hard/train/world_easy_clear_seed_300075.yaml,300075,easy,5,4,9,False,6.7243,4.196825,-0.403368,-2.413252,-1.032101,-4.112565,clear,6.4109,1.0489,0,v4,train,0,0.45
train,/root/leo_ws/src/leo_pybullet/worlds/benchmark_v3_curriculum/train/world_easy_direct_block_seed_000033.yaml,33,easy,1,4,5,True,6.8947,3.321893,3.475042,-2.771136,-2.664643,1.28968,direct_block,6.3729,1.0819,,v3,train,general_replay,0.15
train,/root/leo_ws/src/leo_pybullet/worlds/benchmark_v2/train/world_easy_seed_000042.yaml,42,easy,4,4,8,True,5.8102,2.101489,-2.219441,1.51216,-3.13602,-3.458292,,,,,v2,train,0,0.40
train,/root/leo_ws/src/leo_pybullet/worlds/benchmark_v4_hard/train/world_easy_clear_seed_300051.yaml,300051,easy,4,4,8,False,8.4227,-1.029683,-3.930977,1.478792,0.564592,3.761153,clear,7.8556,1.0722,0,v4,train,0,0.45
train,/root/leo_ws/src/leo_pybullet/worlds/benchmark_v4_hard/train/world_hard_direct_block_seed_300434.yaml,300434,hard,10,4,14,True,5.9839,2.978448,0.966137,3.120215,-1.780326,1.700832,direct_block,4.8152,1.2427,1,v4,train,0,0.45
train,/root/leo_ws/src/leo_pybullet/worlds/benchmark_v4_hard/train/world_hard_double_block_seed_300284.yaml,300284,hard,12,4,16,True,7.1541,-1.91737,-2.043467,1.835561,-3.195499,3.462046,double_block,5.6519,1.2658,2,v4_focused,train,2,focused_failure
train,/root/leo_ws/src/leo_pybullet/worlds/benchmark_v4_hard/train/world_medium_double_block_seed_300340.yaml,300340,medium,6,4,10,True,6.9633,-1.348981,-3.210317,1.79442,-3.136766,2.041093,double_block,5.5474,1.2552,2,v4_focused,train,4,focused_failure
train,/root/leo_ws/src/leo_pybullet/worlds/benchmark_v4_hard/train/world_hard_direct_block_seed_300338.yaml,300338,hard,12,4,16,True,6.4308,1.378325,-1.277649,2.009917,-0.30268,3.657343,direct_block,5.2134,1.2335,1,v4_focused,train,6,focused_failure
train,/root/leo_ws/src/leo_pybullet/worlds/benchmark_v4_hard/train/world_easy_direct_block_seed_300198.yaml,300198,easy,3,4,7,True,7.5953,-3.135846,3.3247,-0.054791,3.645335,2.873349,direct_block,6.7962,1.1176,1,v4,train,0,0.45
train,/root/leo_ws/src/leo_pybullet/worlds/benchmark_v2/train/world_medium_seed_000022.yaml,22,medium,6,4,10,True,9.1769,3.294041,2.545418,-2.829561,-3.65698,-2.007387,,,,,v2,train,general_replay,0.40
train,/root/leo_ws/src/leo_pybullet/worlds/benchmark_v2/train/world_medium_seed_000295.yaml,295,medium,7,4,11,False,5.4159,3.611358,-2.104005,-1.81948,1.952278,2.604011,,,,,v2,train,0,0.40
train,/root/leo_ws/src/leo_pybullet/worlds/benchmark_v2/train/world_hard_seed_000212.yaml,212,hard,11,4,15,True,5.3027,-3.991337,0.723495,2.689119,-1.737189,-3.214541,,,,,v2,train,0,0.40
train,/root/leo_ws/src/leo_pybullet/worlds/benchmark_v4_hard/train/world_medium_double_block_seed_300121.yaml,300121,medium,6,4,10,True,6.009,-3.744695,3.849913,-1.053545,-1.098891,0.105765,double_block,4.5846,1.3107,2,v4_focused,train,3,focused_failure
train,/root/leo_ws/src/leo_pybullet/worlds/benchmark_v4_hard/train/world_medium_double_block_seed_300277.yaml,300277,medium,7,4,11,True,7.6833,-2.181021,3.473982,-0.4642,3.573162,0.745729,double_block,6.3682,1.2065,2,v4,train,0,0.45
train,/root/leo_ws/src/leo_pybullet/worlds/benchmark_v4_hard/train/world_hard_double_block_seed_300257.yaml,300257,hard,12,4,16,True,8.7267,-2.235886,-0.347993,0.448119,4.078854,2.90771,double_block,7.1046,1.2283,2,v4_focused,train,1,focused_failure
train,/root/leo_ws/src/leo_pybullet/worlds/benchmark_v2/train/world_easy_seed_000051.yaml,51,easy,2,4,6,True,6.898,0.454918,-2.209108,-1.534117,4.294414,2.893611,,,,,v2,train,0,0.40
train,/root/leo_ws/src/leo_pybullet/worlds/benchmark_v4_hard/train/world_hard_double_block_seed_300116.yaml,300116,hard,12,4,16,True,6.1027,2.690691,1.215736,-1.292646,3.334631,-3.267894,double_block,4.5296,1.3473,2,v4_focused,train,2,focused_failure
train,/root/leo_ws/src/leo_pybullet/worlds/benchmark_v2/train/world_hard_seed_000092.yaml,92,hard,11,4,15,True,7.7416,3.282973,2.281276,-2.143224,-3.528138,0.197222,,,,,v2,train,0,0.40
train,/root/leo_ws/src/leo_pybullet/worlds/benchmark_v2/train/world_easy_seed_000150.yaml,150,easy,3,4,7,False,3.9896,3.744224,-0.495809,2.045001,2.175399,-3.904291,,,,,v2,train,general_replay,0.40
train,/root/leo_ws/src/leo_pybullet/worlds/benchmark_v2/train/world_easy_seed_000222.yaml,222,easy,2,4,6,True,6.5382,-1.6867,-4.09602,-0.368796,-2.409919,2.089777,,,,,v2,train,general_replay,0.40
train,/root/leo_ws/src/leo_pybullet/worlds/benchmark_v2/train/world_medium_seed_000118.yaml,118,medium,6,4,10,True,6.8422,1.762792,-1.792831,-2.976257,-4.193487,-1.461864,,,,,v2,train,general_replay,0.40
train,/root/leo_ws/src/leo_pybullet/worlds/benchmark_v3_curriculum/train/world_medium_clear_seed_000283.yaml,283,medium,4,4,8,False,7.5976,-4.073141,2.988278,0.1287,3.173667,3.982929,clear,7.3147,1.0387,,v3,train,general_replay,0.15
train,/root/leo_ws/src/leo_pybullet/worlds/benchmark_v3_curriculum/train/world_easy_direct_block_seed_000090.yaml,90,easy,1,4,5,True,4.7896,-3.026698,4.06318,0.002122,1.146943,4.158494,direct_block,4.1747,1.1473,,v3,train,0,0.15
train,/root/leo_ws/src/leo_pybullet/worlds/benchmark_v2/train/world_easy_seed_000237.yaml,237,easy,4,4,8,False,4.8947,-2.883595,-2.283267,0.047651,-0.727479,1.71047,,,,,v2,train,general_replay,0.40
train,/root/leo_ws/src/leo_pybullet/worlds/benchmark_v2/train/world_easy_seed_000255.yaml,255,easy,2,4,6,False,3.2422,1.184621,0.738517,1.583047,3.667237,-1.110971,,,,,v2,train,general_replay,0.40
train,/root/leo_ws/src/leo_pybullet/worlds/benchmark_v2/train/world_medium_seed_000214.yaml,214,medium,7,4,11,True,4.5496,1.22413,2.378138,-1.561168,3.55464,-0.79091,,,,,v2,train,general_replay,0.40
train,/root/leo_ws/src/leo_pybullet/worlds/benchmark_v2/train/world_hard_seed_000197.yaml,197,hard,12,4,16,True,7.6729,-2.929133,1.661703,-0.096705,0.72338,-4.010067,,,,,v2,train,0,0.40
train,/root/leo_ws/src/leo_pybullet/worlds/benchmark_v3_curriculum/train/world_medium_direct_block_seed_000214.yaml,214,medium,4,4,8,True,6.9667,3.472924,-0.772728,2.603766,-2.111975,2.229167,direct_block,6.3405,1.0987,,v3,train,0,0.15
train,/root/leo_ws/src/leo_pybullet/worlds/benchmark_v4_hard/train/world_medium_double_block_seed_300301.yaml,300301,medium,8,4,12,True,6.7702,-1.779314,2.201229,-1.038715,0.88522,-2.406854,double_block,5.323,1.2719,2,v4_focused,train,2,focused_failure
train,/root/leo_ws/src/leo_pybullet/worlds/benchmark_v2/train/world_hard_seed_000122.yaml,122,hard,12,4,16,True,9.3837,3.235751,3.563017,-1.758003,-3.732437,-1.161008,,,,,v2,train,0,0.40
train,/root/leo_ws/src/leo_pybullet/worlds/benchmark_v2/train/world_hard_seed_000161.yaml,161,hard,12,4,16,True,8.2604,-2.888182,3.727905,-2.926443,3.899794,0.784377,,,,,v2,train,0,0.40
train,/root/leo_ws/src/leo_pybullet/worlds/benchmark_v2/train/world_hard_seed_000137.yaml,137,hard,8,4,12,True,4.7371,-0.827522,3.188725,2.076768,-1.547364,-0.890174,,,,,v2,train,0,0.40
train,/root/leo_ws/src/leo_pybullet/worlds/benchmark_v2/train/world_hard_seed_000185.yaml,185,hard,8,4,12,True,8.881,-4.33732,0.709114,-1.477668,3.584258,3.011092,,,,,v2,train,0,0.40
train,/root/leo_ws/src/leo_pybullet/worlds/benchmark_v4_hard/train/world_hard_double_block_seed_300029.yaml,300029,hard,14,4,18,True,8.2902,-1.060901,2.550226,-1.227911,0.67107,-2.333685,double_block,5.1819,1.5998,2,v4_focused,train,4,focused_failure
train,/root/leo_ws/src/leo_pybullet/worlds/benchmark_v3_curriculum/train/world_easy_direct_block_seed_000048.yaml,48,easy,2,4,6,True,6.6992,0.098603,2.977637,-2.158263,-2.933218,-2.404612,direct_block,6.1774,1.0845,,v3,train,0,0.15
train,/root/leo_ws/src/leo_pybullet/worlds/benchmark_v2/train/world_medium_seed_000043.yaml,43,medium,5,4,9,True,4.8833,2.285353,3.996835,-2.53662,-1.132069,1.726416,,,,,v2,train,general_replay,0.40
train,/root/leo_ws/src/leo_pybullet/worlds/benchmark_v2/train/world_easy_seed_000165.yaml,165,easy,2,4,6,True,5.1953,1.894435,-0.608667,-0.444664,-0.054938,3.82536,,,,,v2,train,0,0.40
train,/root/leo_ws/src/leo_pybullet/worlds/benchmark_v4_hard/train/world_easy_direct_block_seed_300018.yaml,300018,easy,5,4,9,True,8.2159,3.778035,-3.244353,-3.00282,-3.731559,-3.936933,direct_block,7.5415,1.0894,1,v4,train,0,0.45
train,/root/leo_ws/src/leo_pybullet/worlds/benchmark_v4_hard/train/world_hard_double_block_seed_300092.yaml,300092,hard,11,4,15,True,10.0341,2.405601,4.167901,-1.60232,1.932252,-0.342622,double_block,4.5353,2.2125,2,v4_focused,train,5,focused_failure
train,/root/leo_ws/src/leo_pybullet/worlds/benchmark_v4_hard/train/world_medium_double_block_seed_300244.yaml,300244,medium,7,4,11,True,6.4639,3.949575,-0.22169,-2.234925,0.853225,-4.176404,double_block,5.0227,1.287,2,v4_focused,train,1,focused_failure
train,/root/leo_ws/src/leo_pybullet/worlds/benchmark_v2/train/world_easy_seed_000144.yaml,144,easy,3,4,7,True,4.2514,-3.640861,3.008268,1.030556,-2.873506,-0.898208,,,,,v2,train,0,0.40
train,/root/leo_ws/src/leo_pybullet/worlds/benchmark_v2/train/world_medium_seed_000202.yaml,202,medium,8,4,12,False,7.681,-0.787889,-2.626639,-0.453978,1.537293,4.082787,,,,,v2,train,0,0.40
train,/root/leo_ws/src/leo_pybullet/worlds/benchmark_v2/train/world_easy_seed_000204.yaml,204,easy,3,4,7,False,7.5357,3.698518,-2.527869,-2.472284,-0.769244,3.149736,,,,,v2,train,general_replay,0.40
train,/root/leo_ws/src/leo_pybullet/worlds/benchmark_v2/train/world_easy_seed_000285.yaml,285,easy,4,4,8,False,6.0786,-0.395674,-1.16054,1.305519,2.883753,3.597433,,,,,v2,train,0,0.40
train,/root/leo_ws/src/leo_pybullet/worlds/benchmark_v4_hard/train/world_easy_clear_seed_300231.yaml,300231,easy,4,4,8,False,7.2308,1.624134,-3.754524,1.778261,0.602938,3.09116,clear,6.9214,1.0447,0,v4,train,0,0.45
train,/root/leo_ws/src/leo_pybullet/worlds/benchmark_v2/train/world_hard_seed_000080.yaml,80,hard,10,4,14,True,6.7461,3.467619,3.157216,-0.620241,-0.689089,-1.173293,,,,,v2,train,general_replay,0.40
train,/root/leo_ws/src/leo_pybullet/worlds/benchmark_v4_hard/train/world_easy_double_block_seed_300369.yaml,300369,easy,4,4,8,True,7.0822,3.9868,-1.981874,2.013583,1.980518,3.91088,double_block,6.2249,1.1377,2,v4,train,0,0.45
train,/root/leo_ws/src/leo_pybullet/worlds/benchmark_v4_hard/train/world_medium_double_block_seed_300172.yaml,300172,medium,6,4,10,True,7.6422,3.89278,-1.256052,2.976501,-2.699874,0.269387,double_block,6.7668,1.1294,2,v4,train,0,0.45
train,/root/leo_ws/src/leo_pybullet/worlds/benchmark_v4_hard/train/world_hard_double_block_seed_300356.yaml,300356,hard,14,4,18,True,9.6947,1.899594,2.986804,-1.53034,1.999842,-2.88513,double_block,5.8728,1.6508,2,v4_focused,train,4,focused_failure
train,/root/leo_ws/src/leo_pybullet/worlds/benchmark_v3_curriculum/train/world_medium_direct_block_seed_000013.yaml,13,medium,3,4,7,True,5.3827,-1.77856,3.481091,-0.011676,2.56704,3.314981,direct_block,4.3488,1.2378,,v3,train,general_replay,0.15
train,/root/leo_ws/src/leo_pybullet/worlds/benchmark_v4_hard/train/world_medium_double_block_seed_300061.yaml,300061,medium,6,4,10,True,6.2765,3.805869,3.36133,-1.561784,4.044949,-1.399561,double_block,4.7669,1.3167,2,v4_focused,train,5,focused_failure
train,/root/leo_ws/src/leo_pybullet/worlds/benchmark_v4_hard/train/world_easy_double_block_seed_300393.yaml,300393,easy,4,4,8,True,9.1735,3.808378,4.100573,-1.831722,0.907181,-3.746456,double_block,8.3662,1.0965,2,v4,train,0,0.45
train,/root/leo_ws/src/leo_pybullet/worlds/benchmark_v4_hard/train/world_medium_double_block_seed_300112.yaml,300112,medium,7,4,11,True,7.0822,4.100033,-1.235248,2.239057,0.222128,3.000519,double_block,5.7428,1.2332,2,v4_focused,train,2,focused_failure
train,/root/leo_ws/src/leo_pybullet/worlds/benchmark_v4_hard/train/world_easy_double_block_seed_300417.yaml,300417,easy,3,4,7,True,5.9371,-3.532599,-2.644085,0.748881,-0.022319,0.438434,double_block,4.6716,1.2709,2,v4,train,0,0.45
train,/root/leo_ws/src/leo_pybullet/worlds/benchmark_v4_hard/train/world_easy_double_block_seed_300012.yaml,300012,easy,5,4,9,True,7.2947,-3.173361,-3.90972,0.722001,1.561122,-0.00506,double_block,6.1369,1.1887,2,v4,train,0,0.45
train,/root/leo_ws/src/leo_pybullet/worlds/benchmark_v2/train/world_hard_seed_000026.yaml,26,hard,9,4,13,True,5.3027,-0.587617,0.382925,-0.142918,-3.23751,3.925183,,,,,v2,train,general_replay,0.40
train,/root/leo_ws/src/leo_pybullet/worlds/benchmark_v3_curriculum/train/world_easy_direct_block_seed_000246.yaml,246,easy,1,4,5,True,5.3496,0.141753,1.87519,-2.572875,-3.691815,-0.504445,direct_block,4.5121,1.1856,,v3,train,0,0.15
train,/root/leo_ws/src/leo_pybullet/worlds/benchmark_v2/train/world_easy_seed_000021.yaml,21,easy,2,4,6,False,7.6843,-0.713138,-1.903064,-0.159296,2.986524,4.260575,,,,,v2,train,general_replay,0.40
train,/root/leo_ws/src/leo_pybullet/worlds/benchmark_v4_hard/train/world_medium_direct_block_seed_300262.yaml,300262,medium,6,4,10,True,10.1288,1.974959,4.022088,-1.377907,2.674977,-4.181859,direct_block,8.2338,1.2302,1,v4,train,0,0.45
train,/root/leo_ws/src/leo_pybullet/worlds/benchmark_v4_hard/train/world_hard_double_block_seed_300404.yaml,300404,hard,13,4,17,True,6.8227,-3.454225,-0.810531,-0.509579,0.902813,-4.035075,double_block,5.4205,1.2587,2,v4,train,0,0.45
train,/root/leo_ws/src/leo_pybullet/worlds/benchmark_v4_hard/train/world_easy_double_block_seed_300321.yaml,300321,easy,5,4,9,True,6.5335,-1.14505,2.474241,-0.514326,3.523579,0.020013,double_block,5.2744,1.2387,2,v4_focused,train,0,focused_failure
train,/root/leo_ws/src/leo_pybullet/worlds/benchmark_v4_hard/train/world_hard_double_block_seed_300377.yaml,300377,hard,14,4,18,True,9.5049,1.499979,-3.56036,1.343737,3.369602,3.502599,double_block,7.3062,1.3009,2,v4,train,0,0.45
train,/root/leo_ws/src/leo_pybullet/worlds/benchmark_v4_hard/train/world_medium_double_block_seed_300253.yaml,300253,medium,6,4,10,True,8.1084,-3.299365,-3.918766,0.680231,2.469471,-0.364041,double_block,6.7761,1.1966,2,v4,train,0,0.45
train,/root/leo_ws/src/leo_pybullet/worlds/benchmark_v4_hard/train/world_easy_clear_seed_300387.yaml,300387,easy,5,4,9,False,6.3049,2.714853,-2.488111,2.666198,-2.179376,0.90338,clear,5.9545,1.0589,0,v4,train,0,0.45
train,/root/leo_ws/src/leo_pybullet/worlds/benchmark_v2/train/world_hard_seed_000083.yaml,83,hard,11,4,15,True,8.7243,-0.348696,-3.235424,-1.808217,-4.050725,3.933775,,,,,v2,train,0,0.40
train,/root/leo_ws/src/leo_pybullet/worlds/benchmark_v3_curriculum/train/world_medium_direct_block_seed_000136.yaml,136,medium,4,4,8,True,6.6353,1.749716,-3.992448,1.388409,2.875704,1.85398,direct_block,5.9539,1.1144,,v3,train,general_replay,0.15
train,/root/leo_ws/src/leo_pybullet/worlds/benchmark_v3_curriculum/train/world_hard_direct_block_seed_000254.yaml,254,hard,5,4,9,True,4.9108,0.008398,-0.764345,-1.947914,-1.360453,-4.219871,direct_block,3.7168,1.3212,,v3,train,general_replay,0.15
train,/root/leo_ws/src/leo_pybullet/worlds/benchmark_v3_curriculum/train/world_easy_direct_block_seed_000081.yaml,81,easy,2,4,6,True,5.1622,-1.376254,0.268016,-1.364737,-0.179149,-4.102511,direct_block,4.5315,1.1392,,v3,train,0,0.15
train,/root/leo_ws/src/leo_pybullet/worlds/benchmark_v2/train/world_hard_seed_000134.yaml,134,hard,11,4,15,True,4.9965,-3.24732,1.351018,-1.735316,-0.121459,4.068363,,,,,v2,train,0,0.40
train,/root/leo_ws/src/leo_pybullet/worlds/benchmark_v4_hard/train/world_medium_double_block_seed_300289.yaml,300289,medium,9,4,13,True,8.1359,0.243106,-3.724881,1.097794,3.020296,2.685717,double_block,6.9863,1.1645,2,v4,train,0,0.45
train,/root/leo_ws/src/leo_pybullet/worlds/benchmark_v4_hard/train/world_medium_double_block_seed_300292.yaml,300292,medium,7,4,11,True,6.721,-3.562232,-1.119545,0.754328,0.742082,2.346039,double_block,5.5261,1.2162,2,v4,train,0,0.45
train,/root/leo_ws/src/leo_pybullet/worlds/benchmark_v2/train/world_easy_seed_000177.yaml,177,easy,2,4,6,False,6.5884,0.71889,1.823409,2.069574,2.684366,-3.973162,,,,,v2,train,0,0.40
train,/root/leo_ws/src/leo_pybullet/worlds/benchmark_v3_curriculum/train/world_hard_direct_block_seed_000134.yaml,134,hard,5,4,9,True,8.7929,4.219601,3.856327,-2.814908,-3.37727,1.952757,direct_block,7.8317,1.1227,,v3,train,0,0.15
train,/root/leo_ws/src/leo_pybullet/worlds/benchmark_v4_hard/train/world_easy_double_block_seed_300345.yaml,300345,easy,4,4,8,True,7.2227,2.123388,2.618871,-2.593335,-2.675872,-0.723184,double_block,5.8483,1.235,2,v4,train,0,0.45
train,/root/leo_ws/src/leo_pybullet/worlds/benchmark_v4_hard/train/world_hard_clear_seed_300239.yaml,300239,hard,14,4,18,False,6.7106,-3.461217,3.38974,-0.725128,1.674284,-0.444932,clear,6.4092,1.047,0,v4,train,0,0.45
train,/root/leo_ws/src/leo_pybullet/worlds/benchmark_v4_hard/train/world_hard_double_block_seed_300152.yaml,300152,hard,12,4,16,True,8.1335,-1.43495,3.870661,-0.579089,4.008286,-0.371491,double_block,6.9011,1.1786,2,v4,train,0,0.45
train,/root/leo_ws/src/leo_pybullet/worlds/benchmark_v2/train/world_hard_seed_000242.yaml,242,hard,10,4,14,True,3.9314,-2.855029,-2.583815,1.407141,0.281807,-2.61849,,,,,v2,train,0,0.40
train,/root/leo_ws/src/leo_pybullet/worlds/benchmark_v2/train/world_medium_seed_000067.yaml,67,medium,5,4,9,True,5.5016,-0.106238,-1.931175,1.039256,3.386712,1.251051,,,,,v2,train,general_replay,0.40
train,/root/leo_ws/src/leo_pybullet/worlds/benchmark_v2/train/world_easy_seed_000162.yaml,162,easy,2,4,6,False,9.9688,4.140818,3.989934,-2.403317,-0.434715,-4.123341,,,,,v2,train,general_replay,0.40
train,/root/leo_ws/src/leo_pybullet/worlds/benchmark_v4_hard/train/world_medium_double_block_seed_300316.yaml,300316,medium,9,4,13,True,8.1084,3.8198,2.613157,-2.126968,0.642127,-3.566803,double_block,6.9491,1.1668,2,v4_focused,train,2,focused_failure
train,/root/leo_ws/src/leo_pybullet/worlds/benchmark_v2/train/world_hard_seed_000212.yaml,212,hard,11,4,15,True,5.3027,-3.991337,0.723495,2.689119,-1.737189,-3.214541,,,,,v2,train,general_replay,0.40
train,/root/leo_ws/src/leo_pybullet/worlds/benchmark_v3_curriculum/train/world_hard_direct_block_seed_000002.yaml,2,hard,4,4,8,True,4.7622,-3.471529,-1.181011,1.461223,-2.812789,2.626177,direct_block,3.8638,1.2325,,v3,train,0,0.15
train,/root/leo_ws/src/leo_pybullet/worlds/benchmark_v3_curriculum/train/world_medium_direct_block_seed_000172.yaml,172,medium,3,4,7,True,5.7965,-0.927293,0.523543,-0.639595,2.759334,-2.467565,direct_block,4.7474,1.221,,v3,train,general_replay,0.15
train,/root/leo_ws/src/leo_pybullet/worlds/benchmark_v2/train/world_easy_seed_000060.yaml,60,easy,3,4,7,True,6.8729,-3.00901,-2.352035,2.986363,-0.143489,3.351789,,,,,v2,train,0,0.40
train,/root/leo_ws/src/leo_pybullet/worlds/benchmark_v2/train/world_easy_seed_000297.yaml,297,easy,4,4,8,False,4.801,4.31973,-0.846214,-2.538892,1.926515,2.989673,,,,,v2,train,general_replay,0.40
train,/root/leo_ws/src/leo_pybullet/worlds/benchmark_v4_hard/train/world_easy_double_block_seed_300129.yaml,300129,easy,4,4,8,True,7.2204,0.037128,3.572846,-0.842736,3.707956,-1.463601,double_block,6.2322,1.1586,2,v4_focused,train,3,focused_failure
train,/root/leo_ws/src/leo_pybullet/worlds/benchmark_v2/train/world_easy_seed_000234.yaml,234,easy,3,4,7,True,3.5839,-3.849124,0.69997,2.32611,-0.772041,1.820999,,,,,v2,train,0,0.40
train,/root/leo_ws/src/leo_pybullet/worlds/benchmark_v4_hard/train/world_hard_double_block_seed_300257.yaml,300257,hard,12,4,16,True,8.7267,-2.235886,-0.347993,0.448119,4.078854,2.90771,double_block,7.1046,1.2283,2,v4_focused,train,3,focused_failure
train,/root/leo_ws/src/leo_pybullet/worlds/benchmark_v4_hard/train/world_hard_double_block_seed_300392.yaml,300392,hard,12,4,16,True,6.2022,-3.191597,2.280619,-0.580908,1.010483,0.090192,double_block,4.7387,1.3088,2,v4_focused,train,4,focused_failure
train,/root/leo_ws/src/leo_pybullet/worlds/benchmark_v2/train/world_hard_seed_000059.yaml,59,hard,9,4,13,True,5.4765,1.309717,-0.352246,-2.995399,-3.165322,-1.74071,,,,,v2,train,general_replay,0.40
train,/root/leo_ws/src/leo_pybullet/worlds/benchmark_v3_curriculum/train/world_medium_direct_block_seed_000184.yaml,184,medium,3,4,7,True,5.6914,-1.379071,3.632909,-0.370429,2.979525,1.911512,direct_block,4.6862,1.2145,,v3,train,0,0.15
train,/root/leo_ws/src/leo_pybullet/worlds/benchmark_v2/train/world_medium_seed_000061.yaml,61,medium,8,4,12,True,9.1565,4.12496,-1.43851,-2.564884,-4.295015,0.024961,,,,,v2,train,general_replay,0.40
train,/root/leo_ws/src/leo_pybullet/worlds/benchmark_v2/train/world_medium_seed_000184.yaml,184,medium,7,4,11,True,6.7129,1.695931,3.740171,2.68544,-1.526414,-1.41152,,,,,v2,train,general_replay,0.40
train,/root/leo_ws/src/leo_pybullet/worlds/benchmark_v2/train/world_hard_seed_000278.yaml,278,hard,10,4,14,True,6.6078,-3.993465,1.168918,-0.264691,1.575829,-1.213658,,,,,v2,train,0,0.40
train,/root/leo_ws/src/leo_pybullet/worlds/benchmark_v4_hard/train/world_easy_double_block_seed_300093.yaml,300093,easy,5,4,9,True,5.9508,-3.615083,-0.606543,1.093115,-1.236721,3.556865,double_block,4.7948,1.2411,2,v4_focused,train,5,focused_failure
train,/root/leo_ws/src/leo_pybullet/worlds/benchmark_v4_hard/train/world_hard_direct_block_seed_300242.yaml,300242,hard,11,4,15,True,6.1084,1.222312,3.852395,-1.619962,0.343282,-1.104122,direct_block,5.0339,1.2135,1,v4,train,0,0.45
train,/root/leo_ws/src/leo_pybullet/worlds/benchmark_v2/train/world_medium_seed_000112.yaml,112,medium,8,4,12,False,3.4571,1.422933,-1.196323,0.599417,0.228713,-4.113796,,,,,v2,train,0,0.40
train,/root/leo_ws/src/leo_pybullet/worlds/benchmark_v2/train/world_hard_seed_000284.yaml,284,hard,8,4,12,True,3.7051,-1.137015,3.220841,-2.25536,-1.753965,0.021991,,,,,v2,train,0,0.40
train,/root/leo_ws/src/leo_pybullet/worlds/benchmark_v3_curriculum/train/world_medium_direct_block_seed_000073.yaml,73,medium,3,4,7,True,4.5553,-3.624108,-0.813748,0.025376,0.004302,-0.417467,direct_block,3.65,1.248,,v3,train,0,0.15
train,/root/leo_ws/src/leo_pybullet/worlds/benchmark_v4_hard/train/world_hard_double_block_seed_300341.yaml,300341,hard,14,4,18,True,8.5084,-0.691329,-3.790402,1.573118,-0.415863,1.768754,double_block,5.566,1.5286,2,v4,train,0,0.45
train,/root/leo_ws/src/leo_pybullet/worlds/benchmark_v4_hard/train/world_easy_double_block_seed_300165.yaml,300165,easy,3,4,7,True,6.7484,3.179422,3.343779,-2.207813,-0.632346,-0.837357,double_block,5.6579,1.1928,2,v4,train,0,0.45
train,/root/leo_ws/src/leo_pybullet/worlds/benchmark_v3_curriculum/train/world_medium_direct_block_seed_000289.yaml,289,medium,3,4,7,True,6.6935,2.637203,-2.669257,2.100638,-0.485177,2.40672,direct_block,5.9594,1.1232,,v3,train,general_replay,0.15
train,/root/leo_ws/src/leo_pybullet/worlds/benchmark_v2/train/world_hard_seed_000203.yaml,203,hard,8,4,12,True,4.5108,-0.068701,3.682327,2.993882,-4.099098,4.287119,,,,,v2,train,0,0.40
train,/root/leo_ws/src/leo_pybullet/worlds/benchmark_v2/train/world_easy_seed_000252.yaml,252,easy,4,4,8,True,5.7472,-0.386063,-2.056472,2.901917,2.738875,2.022757,,,,,v2,train,0,0.40
train,/root/leo_ws/src/leo_pybullet/worlds/benchmark_v2/train/world_medium_seed_000193.yaml,193,medium,8,4,12,False,4.649,2.292012,4.103263,-1.720006,0.506214,0.226483,,,,,v2,train,general_replay,0.40
train,/root/leo_ws/src/leo_pybullet/worlds/benchmark_v4_hard/train/world_hard_clear_seed_300263.yaml,300263,hard,13,4,17,False,7.0571,-2.871876,4.10682,-0.036292,3.734767,2.956212,clear,6.7061,1.0523,0,v4,train,0,0.45
train,/root/leo_ws/src/leo_pybullet/worlds/benchmark_v2/train/world_medium_seed_000001.yaml,1,medium,6,4,10,True,9.2351,2.629706,-3.800971,-0.174388,-3.324107,2.270373,,,,,v2,train,general_replay,0.40
train,/root/leo_ws/src/leo_pybullet/worlds/benchmark_v4_hard/train/world_hard_double_block_seed_300224.yaml,300224,hard,14,4,18,True,6.3176,-3.532611,-3.058598,-0.059266,0.953477,-3.532984,double_block,4.5111,1.4005,2,v4,train,0,0.45
train,/root/leo_ws/src/leo_pybullet/worlds/benchmark_v4_hard/train/world_easy_direct_block_seed_300366.yaml,300366,easy,5,4,9,True,7.0078,-1.846424,-0.065851,-0.650309,2.949964,-3.582639,direct_block,5.9475,1.1783,1,v4,train,0,0.45
train,/root/leo_ws/src/leo_pybullet/worlds/benchmark_v4_hard/train/world_easy_direct_block_seed_300198.yaml,300198,easy,3,4,7,True,7.5953,-3.135846,3.3247,-0.054791,3.645335,2.873349,direct_block,6.7962,1.1176,1,v4,train,0,0.45
train,/root/leo_ws/src/leo_pybullet/worlds/benchmark_v4_hard/train/world_hard_double_block_seed_300416.yaml,300416,hard,11,4,15,True,6.0365,1.219382,-3.248094,-3.11144,-3.253832,-3.749835,double_block,4.5013,1.3411,2,v4_focused,train,2,focused_failure
train,/root/leo_ws/src/leo_pybullet/worlds/benchmark_v2/train/world_easy_seed_000186.yaml,186,easy,3,4,7,True,8.0488,-3.299233,-4.288529,-0.359754,2.578335,0.494222,,,,,v2,train,general_replay,0.40
train,/root/leo_ws/src/leo_pybullet/worlds/benchmark_v4_hard/train/world_medium_double_block_seed_300337.yaml,300337,medium,8,4,12,True,8.7622,1.921472,3.291919,-1.249973,3.938429,-4.223527,double_block,7.7814,1.126,2,v4_focused,train,1,focused_failure
train,/root/leo_ws/src/leo_pybullet/worlds/benchmark_v4_hard/train/world_hard_double_block_seed_300296.yaml,300296,hard,12,4,16,True,6.2982,-2.428421,0.988799,-1.835347,-3.552471,-3.653375,double_block,4.7763,1.3186,2,v4,train,0,0.45
train,/root/leo_ws/src/leo_pybullet/worlds/benchmark_v3_curriculum/train/world_medium_direct_block_seed_000262.yaml,262,medium,3,4,7,True,6.2022,2.173487,-0.77768,2.382429,-1.333612,2.963257,direct_block,5.1278,1.2095,,v3,train,general_replay,0.15
train,/root/leo_ws/src/leo_pybullet/worlds/benchmark_v4_hard/train/world_hard_double_block_seed_300389.yaml,300389,hard,12,4,16,True,9.9872,2.325666,-3.909213,2.394885,-2.682148,0.759285,double_block,6.8464,1.4588,2,v4,train,0,0.45
train,/root/leo_ws/src/leo_pybullet/worlds/benchmark_v4_hard/train/world_medium_double_block_seed_300232.yaml,300232,medium,9,4,13,True,6.2845,3.903191,-2.312171,2.804321,-0.505509,-0.164893,double_block,4.9038,1.2816,2,v4,train,0,0.45
train,/root/leo_ws/src/leo_pybullet/worlds/benchmark_v2/train/world_hard_seed_000173.yaml,173,hard,10,4,14,True,5.9096,2.894124,1.588067,0.426106,2.020505,-3.687949,,,,,v2,train,0,0.40
train,/root/leo_ws/src/leo_pybullet/worlds/benchmark_v2/train/world_hard_seed_000215.yaml,215,hard,8,4,12,True,5.0765,0.380008,-1.772748,1.423077,-4.078617,-3.352366,,,,,v2,train,0,0.40
train,/root/leo_ws/src/leo_pybullet/worlds/benchmark_v4_hard/train/world_hard_double_block_seed_300260.yaml,300260,hard,12,4,16,True,6.5771,2.406301,-3.928157,2.290169,-1.388469,-0.497805,double_block,5.1154,1.2857,2,v4_focused,train,2,focused_failure
train,/root/leo_ws/src/leo_pybullet/worlds/benchmark_v2/train/world_hard_seed_000242.yaml,242,hard,10,4,14,True,3.9314,-2.855029,-2.583815,1.407141,0.281807,-2.61849,,,,,v2,train,0,0.40
train,/root/leo_ws/src/leo_pybullet/worlds/benchmark_v3_curriculum/train/world_easy_direct_block_seed_000186.yaml,186,easy,2,4,6,True,7.8386,-0.230873,-3.223388,2.184314,-4.189942,2.519063,direct_block,6.975,1.1238,,v3,train,general_replay,0.15
train,/root/leo_ws/src/leo_pybullet/worlds/benchmark_v4_hard/train/world_hard_clear_seed_300191.yaml,300191,hard,13,4,17,False,7.3931,-3.184761,-3.090059,-0.046556,4.16093,-2.969209,clear,7.3467,1.0063,0,v4_focused,train,1,focused_failure
train,/root/leo_ws/src/leo_pybullet/worlds/benchmark_v3_curriculum/train/world_easy_direct_block_seed_000045.yaml,45,easy,2,4,6,True,8.2467,-0.133825,-3.273875,1.265912,2.615114,3.878856,direct_block,7.6628,1.0762,,v3,train,0,0.15
train,/root/leo_ws/src/leo_pybullet/worlds/benchmark_v4_hard/train/world_easy_double_block_seed_300336.yaml,300336,easy,5,4,9,True,8.7986,-1.800723,-1.407453,0.709038,3.848541,3.675092,double_block,7.5991,1.1578,2,v4,train,0,0.45
train,/root/leo_ws/src/leo_pybullet/worlds/benchmark_v2/train/world_medium_seed_000085.yaml,85,medium,6,4,10,True,7.2786,2.413011,3.016028,-0.775606,-1.3384,-2.414369,,,,,v2,train,0,0.40
train,/root/leo_ws/src/leo_pybullet/worlds/benchmark_v4_hard/train/world_easy_clear_seed_300327.yaml,300327,easy,4,4,8,False,5.4547,-1.582746,-0.498711,0.418171,2.999248,1.638315,clear,5.0558,1.0789,0,v4,train,0,0.45
train,/root/leo_ws/src/leo_pybullet/worlds/benchmark_v4_hard/train/world_hard_double_block_seed_300344.yaml,300344,hard,13,4,17,True,8.8833,3.755199,-0.989608,-2.725941,-3.059585,-3.894395,double_block,7.408,1.1991,2,v4_focused,train,3,focused_failure
train,/root/leo_ws/src/leo_pybullet/worlds/benchmark_v2/train/world_hard_seed_000038.yaml,38,hard,11,4,15,True,4.152,0.316565,1.620136,-2.987166,3.996901,0.997567,,,,,v2,train,general_replay,0.40
train,/root/leo_ws/src/leo_pybullet/worlds/benchmark_v4_hard/train/world_medium_clear_seed_300379.yaml,300379,medium,8,4,12,False,5.681,-0.841168,0.511049,-1.060974,1.489647,-4.190465,clear,5.2476,1.0826,0,v4,train,0,0.45
train,/root/leo_ws/src/leo_pybullet/worlds/benchmark_v3_curriculum/train/world_easy_direct_block_seed_000204.yaml,204,easy,2,4,6,True,7.9049,3.06178,3.613494,-2.410333,-2.469757,-0.75156,direct_block,7.0464,1.1218,,v3,train,general_replay,0.15
train,/root/leo_ws/src/leo_pybullet/worlds/benchmark_v4_hard/train/world_hard_double_block_seed_300308.yaml,300308,hard,12,4,16,True,7.2147,-3.36513,-2.530511,1.611294,-3.933956,2.995847,double_block,5.5556,1.2986,2,v4_focused,train,2,focused_failure
train,/root/leo_ws/src/leo_pybullet/worlds/benchmark_v2/train/world_easy_seed_000084.yaml,84,easy,4,4,8,False,7.0945,-1.159163,-3.042575,0.161006,3.888866,1.890364,,,,,v2,train,0,0.40
train,/root/leo_ws/src/leo_pybullet/worlds/benchmark_v3_curriculum/train/world_hard_direct_block_seed_000104.yaml,104,hard,4,4,8,True,7.3941,3.160841,1.971195,-2.547227,-2.31521,-1.43954,direct_block,6.4514,1.1461,,v3,train,general_replay,0.15
train,/root/leo_ws/src/leo_pybullet/worlds/benchmark_v4_hard/train/world_medium_clear_seed_300115.yaml,300115,medium,8,4,12,False,6.1998,2.821348,-2.256033,2.510089,-2.219249,0.49555,clear,5.7427,1.0796,0,v4,train,0,0.45
train,/root/leo_ws/src/leo_pybullet/worlds/benchmark_v4_hard/train/world_easy_direct_block_seed_300222.yaml,300222,easy,4,4,8,True,5.4959,0.096525,-0.193233,2.096689,-1.871131,4.087507,direct_block,4.7113,1.1665,1,v4,train,0,0.45
train,/root/leo_ws/src/leo_pybullet/worlds/benchmark_v2/train/world_easy_seed_000222.yaml,222,easy,2,4,6,True,6.5382,-1.6867,-4.09602,-0.368796,-2.409919,2.089777,,,,,v2,train,general_replay,0.40
train,/root/leo_ws/src/leo_pybullet/worlds/benchmark_v3_curriculum/train/world_hard_direct_block_seed_000281.yaml,281,hard,4,4,8,True,4.7451,-1.644833,-3.254873,1.188188,-0.47702,0.05958,direct_block,3.5142,1.3503,,v3,train,general_replay,0.15
train,/root/leo_ws/src/leo_pybullet/worlds/benchmark_v2/train/world_medium_seed_000166.yaml,166,medium,6,4,10,True,6.4067,-0.80859,-4.243942,0.426589,3.011414,-0.110216,,,,,v2,train,general_replay,0.40
train,/root/leo_ws/src/leo_pybullet/worlds/benchmark_v4_hard/train/world_medium_double_block_seed_300097.yaml,300097,medium,7,4,11,True,8.9771,-4.024735,-3.218049,1.433895,-3.56849,1.292012,double_block,4.5331,1.9803,2,v4_focused,train,2,focused_failure
train,/root/leo_ws/src/leo_pybullet/worlds/benchmark_v2/train/world_hard_seed_000230.yaml,230,hard,9,4,13,True,4.9027,3.821227,3.351985,1.670746,0.322116,1.387379,,,,,v2,train,0,0.40
train,/root/leo_ws/src/leo_pybullet/worlds/benchmark_v2/train/world_medium_seed_000139.yaml,139,medium,5,4,9,False,3.1678,1.010876,0.937869,-1.235179,3.274156,3.158557,,,,,v2,train,0,0.40
train,/root/leo_ws/src/leo_pybullet/worlds/benchmark_v2/train/world_medium_seed_000178.yaml,178,medium,5,4,9,True,5.3965,2.000322,4.224747,2.179063,-2.739417,3.883069,,,,,v2,train,general_replay,0.40
train,/root/leo_ws/src/leo_pybullet/worlds/benchmark_v4_hard/train/world_hard_double_block_seed_300116.yaml,300116,hard,12,4,16,True,6.1027,2.690691,1.215736,-1.292646,3.334631,-3.267894,double_block,4.5296,1.3473,2,v4,train,0,0.45
train,/root/leo_ws/src/leo_pybullet/worlds/benchmark_v2/train/world_hard_seed_000140.yaml,140,hard,8,4,12,True,8.098,-4.191674,2.016642,0.09389,1.561003,-2.381164,,,,,v2,train,general_replay,0.40
train,/root/leo_ws/src/leo_pybullet/worlds/benchmark_v2/train/world_easy_seed_000249.yaml,249,easy,3,4,7,False,4.1278,0.905484,4.239679,0.817766,3.146725,0.985672,,,,,v2,train,0,0.40
train,/root/leo_ws/src/leo_pybullet/worlds/benchmark_v4_hard/train/world_medium_double_block_seed_300085.yaml,300085,medium,7,4,11,True,7.6261,3.106055,-0.482938,2.976326,-2.355746,0.865207,double_block,5.6257,1.3556,2,v4_focused,train,0,focused_failure
train,/root/leo_ws/src/leo_pybullet/worlds/benchmark_v4_hard/train/world_hard_direct_block_seed_300338.yaml,300338,hard,12,4,16,True,6.4308,1.378325,-1.277649,2.009917,-0.30268,3.657343,direct_block,5.2134,1.2335,1,v4,train,0,0.45
train,/root/leo_ws/src/leo_pybullet/worlds/benchmark_v3_curriculum/train/world_hard_direct_block_seed_000158.yaml,158,hard,6,4,10,True,5.6753,0.541218,3.813634,-1.269799,2.200053,-0.3231,direct_block,4.4569,1.2734,,v3,train,0,0.15
train,/root/leo_ws/src/leo_pybullet/worlds/benchmark_v2/train/world_easy_seed_000174.yaml,174,easy,2,4,6,False,6.3508,1.718609,1.438591,-2.411015,-4.206655,2.428574,,,,,v2,train,general_replay,0.40
train,/root/leo_ws/src/leo_pybullet/worlds/benchmark_v3_curriculum/train/world_hard_direct_block_seed_000146.yaml,146,hard,4,4,8,True,6.7096,-3.061398,-1.460714,-0.28621,2.613194,-2.898733,direct_block,5.854,1.1462,,v3,train,general_replay,0.15
train,/root/leo_ws/src/leo_pybullet/worlds/benchmark_v4_hard/train/world_hard_double_block_seed_300416.yaml,300416,hard,11,4,15,True,6.0365,1.219382,-3.248094,-3.11144,-3.253832,-3.749835,double_block,4.5013,1.3411,2,v4_focused,train,6,focused_failure
train,/root/leo_ws/src/leo_pybullet/worlds/benchmark_v4_hard/train/world_hard_direct_block_seed_300386.yaml,300386,hard,12,4,16,True,11.4604,-4.094212,2.217938,-1.258433,-2.791234,-2.699095,direct_block,5.0867,2.253,1,v4_focused,train,3,focused_failure
train,/root/leo_ws/src/leo_pybullet/worlds/benchmark_v3_curriculum/train/world_easy_direct_block_seed_000234.yaml,234,easy,2,4,6,True,5.0239,-1.999539,-3.760638,0.878625,0.683879,-0.754293,direct_block,4.0297,1.2467,,v3,train,0,0.15
train,/root/leo_ws/src/leo_pybullet/worlds/benchmark_v4_hard/train/world_hard_direct_block_seed_300374.yaml,300374,hard,13,4,17,True,6.7176,2.181369,2.284328,2.795766,-3.255267,4.104153,direct_block,5.7331,1.1717,1,v4_focused,train,5,focused_failure
train,/root/leo_ws/src/leo_pybullet/worlds/benchmark_v4_hard/train/world_medium_double_block_seed_300097.yaml,300097,medium,7,4,11,True,8.9771,-4.024735,-3.218049,1.433895,-3.56849,1.292012,double_block,4.5331,1.9803,2,v4_focused,train,0,focused_failure
train,/root/leo_ws/src/leo_pybullet/worlds/benchmark_v2/train/world_medium_seed_000124.yaml,124,medium,7,4,11,True,10.7608,-4.075171,-2.910367,-3.004902,4.072002,2.745089,,,,,v2,train,0,0.40
train,/root/leo_ws/src/leo_pybullet/worlds/benchmark_v2/train/world_easy_seed_000270.yaml,270,easy,2,4,6,False,3.769,1.247615,-3.131133,-1.304682,3.008514,-0.143246,,,,,v2,train,general_replay,0.40
train,/root/leo_ws/src/leo_pybullet/worlds/benchmark_v4_hard/train/world_hard_direct_block_seed_300110.yaml,300110,hard,12,4,16,True,5.7245,0.391462,-3.257272,1.029937,2.312919,1.104611,direct_block,4.7663,1.201,1,v4_focused,train,1,focused_failure
train,/root/leo_ws/src/leo_pybullet/worlds/benchmark_v2/train/world_hard_seed_000101.yaml,101,hard,12,4,16,True,7.4329,3.552888,0.341276,0.022119,-1.22953,-3.927867,,,,,v2,train,general_replay,0.40
train,/root/leo_ws/src/leo_pybullet/worlds/benchmark_v4_hard/train/world_hard_double_block_seed_300260.yaml,300260,hard,12,4,16,True,6.5771,2.406301,-3.928157,2.290169,-1.388469,-0.497805,double_block,5.1154,1.2857,2,v4,train,0,0.45
train,/root/leo_ws/src/leo_pybullet/worlds/benchmark_v2/train/world_easy_seed_000285.yaml,285,easy,4,4,8,False,6.0786,-0.395674,-1.16054,1.305519,2.883753,3.597433,,,,,v2,train,general_replay,0.40
train,/root/leo_ws/src/leo_pybullet/worlds/benchmark_v2/train/world_hard_seed_000116.yaml,116,hard,12,4,16,True,6.1027,-1.756132,2.199757,2.937442,-3.302221,-3.200022,,,,,v2,train,0,0.40
train,/root/leo_ws/src/leo_pybullet/worlds/benchmark_v2/train/world_medium_seed_000151.yaml,151,medium,8,4,12,True,7.7861,3.921835,1.155262,2.626404,-2.569891,4.117918,,,,,v2,train,0,0.40
train,/root/leo_ws/src/leo_pybullet/worlds/benchmark_v3_curriculum/train/world_medium_direct_block_seed_000112.yaml,112,medium,3,4,7,True,5.4684,2.830218,0.678309,-2.943624,-1.709714,-0.297726,direct_block,4.6437,1.1776,,v3,train,0,0.15
train,/root/leo_ws/src/leo_pybullet/worlds/benchmark_v2/train/world_easy_seed_000036.yaml,36,easy,3,4,7,True,9.6157,-4.168609,2.621908,-2.64777,3.561661,-1.875034,,,,,v2,train,0,0.40
train,/root/leo_ws/src/leo_pybullet/worlds/benchmark_v4_hard/train/world_medium_direct_block_seed_300442.yaml,300442,medium,6,4,10,True,7.7004,-3.439389,-2.500143,1.54263,-2.94084,4.147867,direct_block,6.6667,1.1551,1,v4_focused,train,1,focused_failure
train,/root/leo_ws/src/leo_pybullet/worlds/benchmark_v2/train/world_hard_seed_000089.yaml,89,hard,8,4,12,True,4.2376,1.768099,-2.098461,2.180634,-1.35475,-3.787288,,,,,v2,train,general_replay,0.40
train,/root/leo_ws/src/leo_pybullet/worlds/benchmark_v3_curriculum/train/world_medium_direct_block_seed_000118.yaml,118,medium,4,4,8,True,5.0902,0.479056,2.683418,-1.942752,-1.192397,-1.431722,direct_block,4.4416,1.146,,v3,train,0,0.15
train,/root/leo_ws/src/leo_pybullet/worlds/benchmark_v3_curriculum/train/world_hard_clear_seed_000071.yaml,71,hard,5,4,9,False,4.8123,2.304885,0.798131,2.370708,-1.205076,3.872443,clear,4.666,1.0314,,v3,train,0,0.15
train,/root/leo_ws/src/leo_pybullet/worlds/benchmark_v4_hard/train/world_hard_direct_block_seed_300434.yaml,300434,hard,10,4,14,True,5.9839,2.978448,0.966137,3.120215,-1.780326,1.700832,direct_block,4.8152,1.2427,1,v4,train,0,0.45
train,/root/leo_ws/src/leo_pybullet/worlds/benchmark_v3_curriculum/train/world_hard_direct_block_seed_000209.yaml,209,hard,6,4,10,True,5.3165,1.478501,-3.587497,2.847736,-2.854056,-2.342274,direct_block,4.508,1.1794,,v3,train,general_replay,0.15
train,/root/leo_ws/src/leo_pybullet/worlds/benchmark_v4_hard/train/world_medium_clear_seed_300139.yaml,300139,medium,6,4,10,False,5.8959,-0.478914,2.985183,-1.159851,1.269001,-2.180023,clear,5.4529,1.0812,0,v4,train,0,0.45
train,/root/leo_ws/src/leo_pybullet/worlds/benchmark_v4_hard/train/world_easy_clear_seed_300039.yaml,300039,easy,3,4,7,False,5.5153,2.229549,-3.584939,1.834913,0.311377,1.16028,clear,5.1183,1.0776,0,v4,train,0,0.45
train,/root/leo_ws/src/leo_pybullet/worlds/benchmark_v3_curriculum/train/world_easy_direct_block_seed_000240.yaml,240,easy,1,4,5,True,7.4765,3.785916,2.620391,-1.708925,2.398364,-4.240667,direct_block,7.0,1.0681,,v3,train,0,0.15
train,/root/leo_ws/src/leo_pybullet/worlds/benchmark_v2/train/world_medium_seed_000061.yaml,61,medium,8,4,12,True,9.1565,4.12496,-1.43851,-2.564884,-4.295015,0.024961,,,,,v2,train,0,0.40
train,/root/leo_ws/src/leo_pybullet/worlds/benchmark_v4_hard/train/world_medium_direct_block_seed_300346.yaml,300346,medium,7,4,11,True,6.3016,2.310615,-1.631275,2.215985,-0.614975,3.022546,direct_block,5.497,1.1464,1,v4,train,0,0.45
train,/root/leo_ws/src/leo_pybullet/worlds/benchmark_v2/train/world_medium_seed_000223.yaml,223,medium,7,4,11,True,4.4033,-2.709827,3.050086,-2.388158,1.123513,2.338315,,,,,v2,train,general_replay,0.40
train,/root/leo_ws/src/leo_pybullet/worlds/benchmark_v4_hard/train/world_easy_clear_seed_300303.yaml,300303,easy,5,4,9,False,6.2135,2.702937,0.008734,-2.658019,-2.431505,-2.627178,clear,5.7715,1.0766,0,v4,train,0,0.45
train,/root/leo_ws/src/leo_pybullet/worlds/benchmark_v4_hard/train/world_hard_direct_block_seed_300410.yaml,300410,hard,14,4,18,True,9.1233,0.329518,1.744139,-2.176957,-3.184785,-4.180367,direct_block,6.8884,1.3244,1,v4,train,0,0.45
train,/root/leo_ws/src/leo_pybullet/worlds/benchmark_v2/train/world_hard_seed_000149.yaml,149,hard,8,4,12,True,3.5839,-1.068243,-3.172008,-2.894717,-4.162981,-2.804286,,,,,v2,train,general_replay,0.40
train,/root/leo_ws/src/leo_pybullet/worlds/benchmark_v2/train/world_hard_seed_000155.yaml,155,hard,12,4,16,True,6.9278,4.188425,-1.868273,0.24909,1.622,3.837712,,,,,v2,train,0,0.40
train,/root/leo_ws/src/leo_pybullet/worlds/benchmark_v4_hard/train/world_hard_double_block_seed_300080.yaml,300080,hard,11,4,15,True,6.6935,3.284973,-2.121477,1.951863,1.7073,2.910959,double_block,5.2739,1.2692,2,v4,train,0,0.45
train,/root/leo_ws/src/leo_pybullet/worlds/benchmark_v4_hard/train/world_hard_double_block_seed_300188.yaml,300188,hard,12,4,16,True,7.9233,3.381958,1.47693,3.055739,-2.169653,2.712677,double_block,5.6875,1.3931,2,v4,train,0,0.45
train,/root/leo_ws/src/leo_pybullet/worlds/benchmark_v4_hard/train/world_medium_double_block_seed_300421.yaml,300421,medium,8,4,12,True,7.3553,-2.424302,3.314838,-0.149507,4.01391,3.084346,double_block,6.4423,1.1417,2,v4,train,0,0.45
train,/root/leo_ws/src/leo_pybullet/worlds/benchmark_v3_curriculum/train/world_easy_clear_seed_000039.yaml,39,easy,1,4,5,False,6.1325,-2.042858,-4.029516,1.540062,-2.375403,1.94503,clear,5.9838,1.0249,,v3,train,0,0.15
train,/root/leo_ws/src/leo_pybullet/worlds/benchmark_v4_hard/train/world_easy_clear_seed_300171.yaml,300171,easy,4,4,8,False,6.0251,-2.479622,3.003366,-1.57019,-1.809663,-2.72526,clear,5.7677,1.0446,0,v4,train,0,0.45
train,/root/leo_ws/src/leo_pybullet/worlds/benchmark_v4_hard/train/world_easy_double_block_seed_300189.yaml,300189,easy,3,4,7,True,5.8045,-1.41237,-0.429421,0.725596,2.392812,2.142311,double_block,4.5927,1.2638,2,v4,train,0,0.45
train,/root/leo_ws/src/leo_pybullet/worlds/benchmark_v4_hard/train/world_hard_direct_block_seed_300110.yaml,300110,hard,12,4,16,True,5.7245,0.391462,-3.257272,1.029937,2.312919,1.104611,direct_block,4.7663,1.201,1,v4_focused,train,3,focused_failure
train,/root/leo_ws/src/leo_pybullet/worlds/benchmark_v2/train/world_easy_seed_000006.yaml,6,easy,4,4,8,False,5.6649,-0.130199,-2.073893,-0.186898,-4.34607,1.416521,,,,,v2,train,0,0.40
train,/root/leo_ws/src/leo_pybullet/worlds/benchmark_v3_curriculum/train/world_easy_clear_seed_000027.yaml,27,easy,2,4,6,False,5.6706,2.756188,-1.418933,2.268896,-1.084815,2.676359,clear,5.6147,1.01,,v3,train,general_replay,0.15
train,/root/leo_ws/src/leo_pybullet/worlds/benchmark_v4_hard/train/world_medium_clear_seed_300067.yaml,300067,medium,7,4,11,False,5.3974,1.915596,0.264267,2.347427,-1.936107,4.013569,clear,5.3752,1.0041,0,v4,train,0,0.45
train,/root/leo_ws/src/leo_pybullet/worlds/benchmark_v2/train/world_medium_seed_000274.yaml,274,medium,6,4,10,True,6.3598,-0.707353,2.558741,0.638105,-4.12389,-2.036279,,,,,v2,train,general_replay,0.40
train,/root/leo_ws/src/leo_pybullet/worlds/benchmark_v4_hard/train/world_medium_double_block_seed_300025.yaml,300025,medium,9,4,13,True,7.3472,2.436438,-2.7551,-3.134501,-3.911782,-3.62189,double_block,6.4071,1.1467,2,v4_focused,train,0,focused_failure
train,/root/leo_ws/src/leo_pybullet/worlds/benchmark_v3_curriculum/train/world_easy_direct_block_seed_000036.yaml,36,easy,2,4,6,True,4.1496,-3.589133,-0.783276,0.001365,-0.084919,-0.935351,direct_block,3.5075,1.1831,,v3,train,0,0.15
train,/root/leo_ws/src/leo_pybullet/worlds/benchmark_v2/train/world_medium_seed_000007.yaml,7,medium,7,4,11,False,3.8457,-0.915036,-3.929908,0.520172,2.795086,-3.531069,,,,,v2,train,general_replay,0.40
train,/root/leo_ws/src/leo_pybullet/worlds/benchmark_v4_hard/train/world_hard_double_block_seed_300305.yaml,300305,hard,10,4,14,True,8.1108,-3.321655,4.132672,-1.515688,-2.253413,-2.265473,double_block,6.4867,1.2504,2,v4,train,0,0.45
train,/root/leo_ws/src/leo_pybullet/worlds/benchmark_v4_hard/train/world_hard_double_block_seed_300092.yaml,300092,hard,11,4,15,True,10.0341,2.405601,4.167901,-1.60232,1.932252,-0.342622,double_block,4.5353,2.2125,2,v4_focused,train,2,focused_failure
train,/root/leo_ws/src/leo_pybullet/worlds/benchmark_v2/train/world_easy_seed_000288.yaml,288,easy,3,4,7,False,6.7257,2.566023,-0.173892,1.329447,-3.934866,-0.612579,,,,,v2,train,0,0.40
train,/root/leo_ws/src/leo_pybullet/worlds/benchmark_v2/train/world_hard_seed_000026.yaml,26,hard,9,4,13,True,5.3027,-0.587617,0.382925,-0.142918,-3.23751,3.925183,,,,,v2,train,0,0.40
train,/root/leo_ws/src/leo_pybullet/worlds/benchmark_v2/train/world_medium_seed_000007.yaml,7,medium,7,4,11,False,3.8457,-0.915036,-3.929908,0.520172,2.795086,-3.531069,,,,,v2,train,0,0.40
train,/root/leo_ws/src/leo_pybullet/worlds/benchmark_v2/train/world_medium_seed_000025.yaml,25,medium,8,4,12,True,8.2078,-0.229928,3.114975,0.406758,2.239243,-4.047936,,,,,v2,train,0,0.40
train,/root/leo_ws/src/leo_pybullet/worlds/benchmark_v4_hard/train/world_easy_direct_block_seed_300426.yaml,300426,easy,5,4,9,True,9.0822,3.955319,4.227407,-1.478812,4.035495,-4.152436,direct_block,8.3802,1.0838,1,v4,train,0,0.45
train,/root/leo_ws/src/leo_pybullet/worlds/benchmark_v4_hard/train/world_easy_double_block_seed_300249.yaml,300249,easy,5,4,9,True,6.0616,-1.542749,2.398846,0.000272,3.520803,2.604689,double_block,5.0677,1.1961,2,v4_focused,train,3,focused_failure
train,/root/leo_ws/src/leo_pybullet/worlds/benchmark_v4_hard/train/world_medium_direct_block_seed_300046.yaml,300046,medium,9,4,13,True,6.2547,1.983699,2.431363,-3.026859,-3.371171,1.725961,direct_block,5.4011,1.158,1,v4,train,0,0.45
train,/root/leo_ws/src/leo_pybullet/worlds/benchmark_v4_hard/train/world_hard_direct_block_seed_300446.yaml,300446,hard,13,4,17,True,9.0135,-4.007741,-0.436226,0.599462,2.580806,3.50856,direct_block,7.6792,1.1738,1,v4_focused,train,5,focused_failure
train,/root/leo_ws/src/leo_pybullet/worlds/benchmark_v2/train/world_hard_seed_000164.yaml,164,hard,8,4,12,True,5.6171,4.300053,-2.12788,-2.602688,-0.091833,-1.005866,,,,,v2,train,0,0.40
train,/root/leo_ws/src/leo_pybullet/worlds/benchmark_v2/train/world_easy_seed_000252.yaml,252,easy,4,4,8,True,5.7472,-0.386063,-2.056472,2.901917,2.738875,2.022757,,,,,v2,train,0,0.40
train,/root/leo_ws/src/leo_pybullet/worlds/benchmark_v4_hard/train/world_medium_double_block_seed_300013.yaml,300013,medium,6,4,10,True,6.4914,-1.963352,0.879017,-1.177049,-0.245607,-4.089718,double_block,5.2573,1.2347,2,v4,train,0,0.45
train,/root/leo_ws/src/leo_pybullet/worlds/benchmark_v4_hard/train/world_medium_double_block_seed_300361.yaml,300361,medium,8,4,12,True,6.9278,-2.571117,-3.718554,0.270467,2.554873,-2.161543,double_block,5.3572,1.2932,2,v4,train,0,0.45
train,/root/leo_ws/src/leo_pybullet/worlds/benchmark_v3_curriculum/train/world_hard_direct_block_seed_000050.yaml,50,hard,5,4,9,True,7.6867,-3.206015,1.549916,0.285778,3.314954,3.948971,direct_block,6.9483,1.1063,,v3,train,general_replay,0.15
train,/root/leo_ws/src/leo_pybullet/worlds/benchmark_v2/train/world_medium_seed_000034.yaml,34,medium,7,4,11,False,4.7725,2.986938,3.468208,2.820148,3.325023,-1.177147,,,,,v2,train,general_replay,0.40
train,/root/leo_ws/src/leo_pybullet/worlds/benchmark_v3_curriculum/train/world_hard_direct_block_seed_000137.yaml,137,hard,4,4,8,True,8.0753,-4.164201,-0.808499,-0.11417,3.115421,-1.511792,direct_block,7.3135,1.1042,,v3,train,0,0.15
train,/root/leo_ws/src/leo_pybullet/worlds/benchmark_v2/train/world_medium_seed_000094.yaml,94,medium,6,4,10,True,5.0708,3.93266,-0.621534,-3.013397,2.906024,4.002229,,,,,v2,train,0,0.40
train,/root/leo_ws/src/leo_pybullet/worlds/benchmark_v4_hard/train/world_hard_double_block_seed_300068.yaml,300068,hard,14,4,18,True,8.0284,-0.219232,-3.842323,1.253962,1.822653,1.701971,double_block,5.9083,1.3588,2,v4,train,0,0.45
train,/root/leo_ws/src/leo_pybullet/worlds/benchmark_v4_hard/train/world_easy_clear_seed_300207.yaml,300207,easy,3,4,7,False,5.672,4.044671,-3.732312,-3.11997,-1.437882,-3.188166,clear,5.5095,1.0295,0,v4,train,0,0.45
train,/root/leo_ws/src/leo_pybullet/worlds/benchmark_v3_curriculum/train/world_hard_direct_block_seed_000116.yaml,116,hard,6,4,10,True,5.9565,0.848344,1.888139,-2.972462,-4.175795,1.243262,direct_block,5.0654,1.1759,,v3,train,0,0.15
train,/root/leo_ws/src/leo_pybullet/worlds/benchmark_v2/train/world_medium_seed_000130.yaml,130,medium,8,4,12,True,7.2502,2.094949,2.590202,-1.633546,1.281031,-4.15915,,,,,v2,train,general_replay,0.40
train,/root/leo_ws/src/leo_pybullet/worlds/benchmark_v2/train/world_easy_seed_000273.yaml,273,easy,2,4,6,False,4.0616,3.796823,-0.921352,2.596601,1.691135,2.266368,,,,,v2,train,general_replay,0.40
train,/root/leo_ws/src/leo_pybullet/worlds/benchmark_v2/train/world_medium_seed_000280.yaml,280,medium,7,4,11,True,4.2182,2.16386,-3.632354,-1.033826,3.612136,-0.417923,,,,,v2,train,general_replay,0.40
train,/root/leo_ws/src/leo_pybullet/worlds/benchmark_v2/train/world_hard_seed_000092.yaml,92,hard,11,4,15,True,7.7416,3.282973,2.281276,-2.143224,-3.528138,0.197222,,,,,v2,train,general_replay,0.40
train,/root/leo_ws/src/leo_pybullet/worlds/benchmark_v2/train/world_hard_seed_000020.yaml,20,hard,9,4,13,True,4.6182,1.180815,3.523028,-2.077359,3.237534,0.634584,,,,,v2,train,general_replay,0.40
train,/root/leo_ws/src/leo_pybullet/worlds/benchmark_v4_hard/train/world_hard_direct_block_seed_300110.yaml,300110,hard,12,4,16,True,5.7245,0.391462,-3.257272,1.029937,2.312919,1.104611,direct_block,4.7663,1.201,1,v4,train,0,0.45
train,/root/leo_ws/src/leo_pybullet/worlds/benchmark_v4_hard/train/world_medium_double_block_seed_300097.yaml,300097,medium,7,4,11,True,8.9771,-4.024735,-3.218049,1.433895,-3.56849,1.292012,double_block,4.5331,1.9803,2,v4_focused,train,5,focused_failure
train,/root/leo_ws/src/leo_pybullet/worlds/benchmark_v4_hard/train/world_hard_direct_block_seed_300038.yaml,300038,hard,10,4,14,True,9.2318,0.834868,3.973613,-1.629526,-0.663242,-3.508577,direct_block,7.6307,1.2098,1,v4,train,0,0.45
train,/root/leo_ws/src/leo_pybullet/worlds/benchmark_v4_hard/train/world_hard_double_block_seed_300368.yaml,300368,hard,12,4,16,True,7.0902,0.032128,-1.091548,2.076738,-3.155834,3.558569,double_block,5.638,1.2576,2,v4,train,0,0.45
train,/root/leo_ws/src/leo_pybullet/worlds/benchmark_v4_hard/train/world_hard_double_block_seed_300428.yaml,300428,hard,10,4,14,True,7.8935,-0.68913,-3.532512,1.700054,-1.081193,3.215711,double_block,6.7596,1.1677,2,v4_focused,train,3,focused_failure
train,/root/leo_ws/src/leo_pybullet/worlds/benchmark_v4_hard/train/world_easy_direct_block_seed_300402.yaml,300402,easy,5,4,9,True,5.6696,-2.618451,3.617085,-0.599557,0.851713,0.520369,direct_block,4.651,1.219,1,v4,train,0,0.45
train,/root/leo_ws/src/leo_pybullet/worlds/benchmark_v2/train/world_hard_seed_000077.yaml,77,hard,10,4,14,True,3.8845,-2.257706,2.806236,0.363763,-3.348956,-0.20674,,,,,v2,train,general_replay,0.40
train,/root/leo_ws/src/leo_pybullet/worlds/benchmark_v4_hard/train/world_hard_direct_block_seed_300374.yaml,300374,hard,13,4,17,True,6.7176,2.181369,2.284328,2.795766,-3.255267,4.104153,direct_block,5.7331,1.1717,1,v4_focused,train,0,focused_failure
train,/root/leo_ws/src/leo_pybullet/worlds/benchmark_v2/train/world_hard_seed_000116.yaml,116,hard,12,4,16,True,6.1027,-1.756132,2.199757,2.937442,-3.302221,-3.200022,,,,,v2,train,0,0.40
train,/root/leo_ws/src/leo_pybullet/worlds/benchmark_v2/train/world_medium_seed_000166.yaml,166,medium,6,4,10,True,6.4067,-0.80859,-4.243942,0.426589,3.011414,-0.110216,,,,,v2,train,general_replay,0.40
train,/root/leo_ws/src/leo_pybullet/worlds/benchmark_v3_curriculum/train/world_easy_direct_block_seed_000294.yaml,294,easy,1,4,5,True,6.8672,-2.051938,-0.376386,-0.333757,3.838037,-2.821343,direct_block,6.3773,1.0768,,v3,train,general_replay,0.15
train,/root/leo_ws/src/leo_pybullet/worlds/benchmark_v3_curriculum/train/world_easy_clear_seed_000159.yaml,159,easy,2,4,6,False,3.7747,-2.799748,-0.436172,-0.681438,0.144732,-2.574269,clear,3.6389,1.0373,,v3,train,general_replay,0.15
train,/root/leo_ws/src/leo_pybullet/worlds/benchmark_v2/train/world_hard_seed_000263.yaml,263,hard,11,4,15,True,5.4239,2.870208,-1.06747,2.371949,-2.155065,-0.311294,,,,,v2,train,general_replay,0.40
train,/root/leo_ws/src/leo_pybullet/worlds/benchmark_v2/train/world_easy_seed_000090.yaml,90,easy,2,4,6,False,3.3165,-0.165051,0.649063,1.91622,-1.654739,3.361953,,,,,v2,train,general_replay,0.40
train,/root/leo_ws/src/leo_pybullet/worlds/benchmark_v4_hard/train/world_hard_double_block_seed_300209.yaml,300209,hard,13,4,17,True,7.7416,1.292087,-2.40234,1.715044,0.544807,3.491727,double_block,5.9413,1.303,2,v4,train,0,0.45
train,/root/leo_ws/src/leo_pybullet/worlds/benchmark_v4_hard/train/world_hard_direct_block_seed_300218.yaml,300218,hard,11,4,15,True,6.4639,-2.628526,3.928482,-0.582664,1.554273,0.966147,direct_block,5.1255,1.2611,1,v4_focused,train,0,focused_failure
train,/root/leo_ws/src/leo_pybullet/worlds/benchmark_v4_hard/train/world_easy_clear_seed_300267.yaml,300267,easy,3,4,7,False,5.7586,-4.248715,-1.632166,1.025612,-1.006798,2.749735,clear,5.4508,1.0565,0,v4,train,0,0.45
train,/root/leo_ws/src/leo_pybullet/worlds/benchmark_v2/train/world_hard_seed_000023.yaml,23,hard,10,4,14,False,3.192,-3.623109,0.800637,-2.322875,-0.663398,0.261766,,,,,v2,train,general_replay,0.40
train,/root/leo_ws/src/leo_pybullet/worlds/benchmark_v2/train/world_easy_seed_000183.yaml,183,easy,2,4,6,True,5.5371,3.069425,-1.240578,-2.589718,2.539161,3.809524,,,,,v2,train,general_replay,0.40
train,/root/leo_ws/src/leo_pybullet/worlds/benchmark_v3_curriculum/train/world_hard_direct_block_seed_000188.yaml,188,hard,6,4,10,True,6.3872,4.098989,-3.334375,2.008382,1.642713,1.854198,direct_block,5.7406,1.1126,,v3,train,general_replay,0.15
train,/root/leo_ws/src/leo_pybullet/worlds/benchmark_v2/train/world_medium_seed_000259.yaml,259,medium,5,4,9,False,4.0502,-3.56417,0.840036,1.749601,-0.051709,2.141584,,,,,v2,train,0,0.40
train,/root/leo_ws/src/leo_pybullet/worlds/benchmark_v4_hard/train/world_hard_clear_seed_300431.yaml,300431,hard,14,4,18,False,6.9359,1.665472,-3.722341,1.971314,-0.040645,2.532407,clear,6.4833,1.0698,0,v4_focused,train,0,focused_failure
train,/root/leo_ws/src/leo_pybullet/worlds/benchmark_v3_curriculum/train/world_hard_direct_block_seed_000245.yaml,245,hard,4,4,8,True,6.5416,-1.807818,-3.655032,1.525218,-1.447334,2.035088,direct_block,5.7015,1.1473,,v3,train,0,0.15
train,/root/leo_ws/src/leo_pybullet/worlds/benchmark_v3_curriculum/train/world_hard_clear_seed_000203.yaml,203,hard,4,4,8,False,5.8045,4.030479,-3.981948,2.949653,-1.419298,-3.074994,clear,5.5247,1.0506,,v3,train,0,0.15
train,/root/leo_ws/src/leo_pybullet/worlds/benchmark_v2/train/world_medium_seed_000214.yaml,214,medium,7,4,11,True,4.5496,1.22413,2.378138,-1.561168,3.55464,-0.79091,,,,,v2,train,0,0.40
train,/root/leo_ws/src/leo_pybullet/worlds/benchmark_v2/train/world_easy_seed_000237.yaml,237,easy,4,4,8,False,4.8947,-2.883595,-2.283267,0.047651,-0.727479,1.71047,,,,,v2,train,general_replay,0.40
train,/root/leo_ws/src/leo_pybullet/worlds/benchmark_v3_curriculum/train/world_medium_direct_block_seed_000268.yaml,268,medium,4,4,8,True,7.4992,-2.766703,0.640376,-0.532865,3.482791,-2.349125,direct_block,6.9277,1.0825,,v3,train,general_replay,0.15
train,/root/leo_ws/src/leo_pybullet/worlds/benchmark_v3_curriculum/train/world_medium_direct_block_seed_000082.yaml,82,medium,2,4,6,True,5.1588,2.289861,4.109105,-2.876198,-1.76691,2.758809,direct_block,4.2756,1.2066,,v3,train,0,0.15
train,/root/leo_ws/src/leo_pybullet/worlds/benchmark_v4_hard/train/world_medium_clear_seed_300151.yaml,300151,medium,8,4,12,False,4.6925,0.826638,3.445991,3.081078,-3.707913,3.180589,clear,4.5423,1.0331,0,v4,train,0,0.45
train,/root/leo_ws/src/leo_pybullet/worlds/benchmark_v4_hard/train/world_medium_double_block_seed_300301.yaml,300301,medium,8,4,12,True,6.7702,-1.779314,2.201229,-1.038715,0.88522,-2.406854,double_block,5.323,1.2719,2,v4,train,0,0.45
train,/root/leo_ws/src/leo_pybullet/worlds/benchmark_v2/train/world_hard_seed_000170.yaml,170,hard,10,4,14,False,3.2057,0.753217,-1.612997,-2.377469,-2.242617,-2.040745,,,,,v2,train,0,0.40
train,/root/leo_ws/src/leo_pybullet/worlds/benchmark_v2/train/world_hard_seed_000029.yaml,29,hard,12,4,16,True,5.841,0.857221,0.919934,-0.672832,-3.595432,3.717167,,,,,v2,train,general_replay,0.40
train,/root/leo_ws/src/leo_pybullet/worlds/benchmark_v2/train/world_medium_seed_000115.yaml,115,medium,7,4,11,True,9.4088,-3.363606,-3.373506,3.087839,2.212445,3.114626,,,,,v2,train,0,0.40
train,/root/leo_ws/src/leo_pybullet/worlds/benchmark_v2/train/world_medium_seed_000019.yaml,19,medium,5,4,9,True,4.7039,0.178056,0.099978,-1.323459,-0.926248,4.322307,,,,,v2,train,general_replay,0.40
train,/root/leo_ws/src/leo_pybullet/worlds/benchmark_v2/train/world_hard_seed_000188.yaml,188,hard,9,4,13,True,6.4341,2.842851,-4.003205,1.056305,-0.859019,0.081105,,,,,v2,train,general_replay,0.40
train,/root/leo_ws/src/leo_pybullet/worlds/benchmark_v2/train/world_medium_seed_000109.yaml,109,medium,7,4,11,True,4.8696,-0.434619,-3.847454,-1.264372,-2.369369,-0.017047,,,,,v2,train,general_replay,0.40
train,/root/leo_ws/src/leo_pybullet/worlds/benchmark_v4_hard/train/world_easy_double_block_seed_300192.yaml,300192,easy,3,4,7,True,5.6502,2.198591,1.307087,-1.644993,1.646415,-3.216276,double_block,4.5569,1.2399,2,v4,train,0,0.45
train,/root/leo_ws/src/leo_pybullet/worlds/benchmark_v2/train/world_easy_seed_000057.yaml,57,easy,2,4,6,False,3.3747,0.916064,-2.393753,3.041911,-1.555386,-0.19697,,,,,v2,train,0,0.40
train,/root/leo_ws/src/leo_pybullet/worlds/benchmark_v2/train/world_medium_seed_000133.yaml,133,medium,8,4,12,True,5.2753,-1.545742,1.005632,1.216532,2.364414,3.321505,,,,,v2,train,0,0.40
train,/root/leo_ws/src/leo_pybullet/worlds/benchmark_v2/train/world_easy_seed_000285.yaml,285,easy,4,4,8,False,6.0786,-0.395674,-1.16054,1.305519,2.883753,3.597433,,,,,v2,train,general_replay,0.40
train,/root/leo_ws/src/leo_pybullet/worlds/benchmark_v2/train/world_easy_seed_000183.yaml,183,easy,2,4,6,True,5.5371,3.069425,-1.240578,-2.589718,2.539161,3.809524,,,,,v2,train,general_replay,0.40
train,/root/leo_ws/src/leo_pybullet/worlds/benchmark_v4_hard/train/world_easy_direct_block_seed_300318.yaml,300318,easy,3,4,7,True,6.881,-1.977416,1.195386,-0.949238,1.957879,-3.13797,direct_block,5.8536,1.1755,1,v4,train,0,0.45
train,/root/leo_ws/src/leo_pybullet/worlds/benchmark_v2/train/world_hard_seed_000011.yaml,11,hard,11,4,15,False,3.7851,3.104708,2.446597,-1.948403,-0.419059,3.088897,,,,,v2,train,general_replay,0.40
train,/root/leo_ws/src/leo_pybullet/worlds/benchmark_v2/train/world_hard_seed_000173.yaml,173,hard,10,4,14,True,5.9096,2.894124,1.588067,0.426106,2.020505,-3.687949,,,,,v2,train,0,0.40
train,/root/leo_ws/src/leo_pybullet/worlds/benchmark_v2/train/world_medium_seed_000130.yaml,130,medium,8,4,12,True,7.2502,2.094949,2.590202,-1.633546,1.281031,-4.15915,,,,,v2,train,general_replay,0.40
train,/root/leo_ws/src/leo_pybullet/worlds/benchmark_v2/train/world_easy_seed_000174.yaml,174,easy,2,4,6,False,6.3508,1.718609,1.438591,-2.411015,-4.206655,2.428574,,,,,v2,train,0,0.40
train,/root/leo_ws/src/leo_pybullet/worlds/benchmark_v3_curriculum/train/world_easy_direct_block_seed_000282.yaml,282,easy,1,4,5,True,8.5027,4.026892,-2.962848,2.961714,-3.796491,-1.527604,direct_block,7.9539,1.069,,v3,train,general_replay,0.15
train,/root/leo_ws/src/leo_pybullet/worlds/benchmark_v4_hard/train/world_medium_direct_block_seed_300238.yaml,300238,medium,6,4,10,True,6.6353,-0.28096,0.734011,-0.960356,2.817651,-3.861201,direct_block,5.5423,1.1972,1,v4,train,0,0.45
train,/root/leo_ws/src/leo_pybullet/worlds/benchmark_v4_hard/train/world_medium_double_block_seed_300421.yaml,300421,medium,8,4,12,True,7.3553,-2.424302,3.314838,-0.149507,4.01391,3.084346,double_block,6.4423,1.1417,2,v4_focused,train,0,focused_failure
train,/root/leo_ws/src/leo_pybullet/worlds/benchmark_v3_curriculum/train/world_medium_direct_block_seed_000172.yaml,172,medium,3,4,7,True,5.7965,-0.927293,0.523543,-0.639595,2.759334,-2.467565,direct_block,4.7474,1.221,,v3,train,0,0.15
train,/root/leo_ws/src/leo_pybullet/worlds/benchmark_v4_hard/train/world_hard_clear_seed_300071.yaml,300071,hard,13,4,17,False,4.9633,3.433915,-1.963352,2.860535,-1.013901,-0.571525,clear,4.6605,1.065,0,v4,train,0,0.45
train,/root/leo_ws/src/leo_pybullet/worlds/benchmark_v4_hard/train/world_hard_double_block_seed_300260.yaml,300260,hard,12,4,16,True,6.5771,2.406301,-3.928157,2.290169,-1.388469,-0.497805,double_block,5.1154,1.2857,2,v4_focused,train,0,focused_failure
train,/root/leo_ws/src/leo_pybullet/worlds/benchmark_v4_hard/train/world_hard_double_block_seed_300008.yaml,300008,hard,12,4,16,True,7.0651,1.457265,-1.605115,1.302586,3.044504,3.857637,double_block,5.6887,1.242,2,v4_focused,train,2,focused_failure
train,/root/leo_ws/src/leo_pybullet/worlds/benchmark_v2/train/world_medium_seed_000022.yaml,22,medium,6,4,10,True,9.1769,3.294041,2.545418,-2.829561,-3.65698,-2.007387,,,,,v2,train,0,0.40
train,/root/leo_ws/src/leo_pybullet/worlds/benchmark_v4_hard/train/world_hard_direct_block_seed_300110.yaml,300110,hard,12,4,16,True,5.7245,0.391462,-3.257272,1.029937,2.312919,1.104611,direct_block,4.7663,1.201,1,v4_focused,train,6,focused_failure
train,/root/leo_ws/src/leo_pybullet/worlds/benchmark_v4_hard/train/world_easy_direct_block_seed_300114.yaml,300114,easy,5,4,9,True,9.2753,-0.277073,-3.715742,1.895685,-2.832422,4.123087,direct_block,8.2448,1.125,1,v4,train,0,0.45
train,/root/leo_ws/src/leo_pybullet/worlds/benchmark_v4_hard/train/world_hard_direct_block_seed_300218.yaml,300218,hard,11,4,15,True,6.4639,-2.628526,3.928482,-0.582664,1.554273,0.966147,direct_block,5.1255,1.2611,1,v4_focused,train,1,focused_failure
train,/root/leo_ws/src/leo_pybullet/worlds/benchmark_v4_hard/train/world_medium_direct_block_seed_300262.yaml,300262,medium,6,4,10,True,10.1288,1.974959,4.022088,-1.377907,2.674977,-4.181859,direct_block,8.2338,1.2302,1,v4,train,0,0.45
train,/root/leo_ws/src/leo_pybullet/worlds/benchmark_v3_curriculum/train/world_easy_direct_block_seed_000093.yaml,93,easy,2,4,6,True,6.0227,3.570017,1.895119,-1.690611,3.256641,-3.469626,direct_block,5.3739,1.1207,,v3,train,0,0.15
train,/root/leo_ws/src/leo_pybullet/worlds/benchmark_v4_hard/train/world_hard_double_block_seed_300392.yaml,300392,hard,12,4,16,True,6.2022,-3.191597,2.280619,-0.580908,1.010483,0.090192,double_block,4.7387,1.3088,2,v4_focused,train,0,focused_failure
train,/root/leo_ws/src/leo_pybullet/worlds/benchmark_v2/train/world_hard_seed_000281.yaml,281,hard,8,4,12,True,4.6959,-3.331458,-0.488244,2.861884,0.060982,-2.185812,,,,,v2,train,0,0.40
train,/root/leo_ws/src/leo_pybullet/worlds/benchmark_v4_hard/train/world_easy_double_block_seed_300393.yaml,300393,easy,4,4,8,True,9.1735,3.808378,4.100573,-1.831722,0.907181,-3.746456,double_block,8.3662,1.0965,2,v4_focused,train,3,focused_failure
train,/root/leo_ws/src/leo_pybullet/worlds/benchmark_v3_curriculum/train/world_hard_direct_block_seed_000170.yaml,170,hard,5,4,9,True,6.7816,3.484209,0.735902,-2.658119,-1.575917,-2.191063,direct_block,5.8457,1.1601,,v3,train,general_replay,0.15
train,/root/leo_ws/src/leo_pybullet/worlds/benchmark_v2/train/world_hard_seed_000083.yaml,83,hard,11,4,15,True,8.7243,-0.348696,-3.235424,-1.808217,-4.050725,3.933775,,,,,v2,train,0,0.40
train,/root/leo_ws/src/leo_pybullet/worlds/benchmark_v3_curriculum/train/world_hard_direct_block_seed_000245.yaml,245,hard,4,4,8,True,6.5416,-1.807818,-3.655032,1.525218,-1.447334,2.035088,direct_block,5.7015,1.1473,,v3,train,general_replay,0.15
train,/root/leo_ws/src/leo_pybullet/worlds/benchmark_v2/train/world_medium_seed_000142.yaml,142,medium,8,4,12,True,5.7004,-1.865897,-1.236594,-1.302312,2.549067,-4.013581,,,,,v2,train,general_replay,0.40
train,/root/leo_ws/src/leo_pybullet/worlds/benchmark_v2/train/world_hard_seed_000221.yaml,221,hard,9,4,13,True,4.1439,-0.068592,0.501484,2.452517,2.316278,2.999756,,,,,v2,train,0,0.40
train,/root/leo_ws/src/leo_pybullet/worlds/benchmark_v4_hard/train/world_hard_double_block_seed_300065.yaml,300065,hard,14,4,18,True,8.3096,-3.589928,-2.524051,0.652105,1.813146,1.323968,double_block,6.6333,1.2527,2,v4_focused,train,1,focused_failure
train,/root/leo_ws/src/leo_pybullet/worlds/benchmark_v4_hard/train/world_medium_double_block_seed_300340.yaml,300340,medium,6,4,10,True,6.9633,-1.348981,-3.210317,1.79442,-3.136766,2.041093,double_block,5.5474,1.2552,2,v4_focused,train,0,focused_failure
train,/root/leo_ws/src/leo_pybullet/worlds/benchmark_v2/train/world_hard_seed_000275.yaml,275,hard,8,4,12,True,5.0959,1.101998,3.174025,-0.378204,1.037706,-1.241987,,,,,v2,train,general_replay,0.40
train,/root/leo_ws/src/leo_pybullet/worlds/benchmark_v2/train/world_medium_seed_000211.yaml,211,medium,7,4,11,False,6.1884,-4.167324,3.334008,2.170076,1.149161,1.323251,,,,,v2,train,0,0.40
train,/root/leo_ws/src/leo_pybullet/worlds/benchmark_v3_curriculum/train/world_medium_direct_block_seed_000154.yaml,154,medium,2,4,6,True,6.5747,2.740427,2.466303,-2.092585,-0.115487,-2.483932,direct_block,5.715,1.1504,,v3,train,general_replay,0.15
train,/root/leo_ws/src/leo_pybullet/worlds/benchmark_v4_hard/train/world_medium_double_block_seed_300253.yaml,300253,medium,6,4,10,True,8.1084,-3.299365,-3.918766,0.680231,2.469471,-0.364041,double_block,6.7761,1.1966,2,v4,train,0,0.45
train,/root/leo_ws/src/leo_pybullet/worlds/benchmark_v2/train/world_easy_seed_000093.yaml,93,easy,3,4,7,True,9.0614,1.93971,3.333268,-0.682229,-3.551264,-3.063959,,,,,v2,train,general_replay,0.40
train,/root/leo_ws/src/leo_pybullet/worlds/benchmark_v4_hard/train/world_hard_direct_block_seed_300338.yaml,300338,hard,12,4,16,True,6.4308,1.378325,-1.277649,2.009917,-0.30268,3.657343,direct_block,5.2134,1.2335,1,v4_focused,train,8,focused_failure
train,/root/leo_ws/src/leo_pybullet/worlds/benchmark_v3_curriculum/train/world_easy_direct_block_seed_000096.yaml,96,easy,2,4,6,True,8.018,-1.575366,1.473718,-0.786032,3.606237,-3.43398,direct_block,7.1368,1.1235,,v3,train,general_replay,0.15
train,/root/leo_ws/src/leo_pybullet/worlds/benchmark_v2/train/world_medium_seed_000022.yaml,22,medium,6,4,10,True,9.1769,3.294041,2.545418,-2.829561,-3.65698,-2.007387,,,,,v2,train,0,0.40
train,/root/leo_ws/src/leo_pybullet/worlds/benchmark_v2/train/world_medium_seed_000091.yaml,91,medium,5,4,9,True,5.6753,4.067316,1.553187,1.77318,-0.850424,-0.356864,,,,,v2,train,general_replay,0.40
train,/root/leo_ws/src/leo_pybullet/worlds/benchmark_v4_hard/train/world_medium_direct_block_seed_300250.yaml,300250,medium,7,4,11,True,5.6171,2.32183,3.005892,-1.974917,0.464682,-1.420098,direct_block,4.7998,1.1703,1,v4_focused,train,1,focused_failure
train,/root/leo_ws/src/leo_pybullet/worlds/benchmark_v4_hard/train/world_easy_double_block_seed_300201.yaml,300201,easy,5,4,9,True,6.7896,3.185151,1.925835,-1.602374,2.611412,-3.689111,double_block,5.6442,1.2029,2,v4_focused,train,3,focused_failure
train,/root/leo_ws/src/leo_pybullet/worlds/benchmark_v4_hard/train/world_hard_direct_block_seed_300446.yaml,300446,hard,13,4,17,True,9.0135,-4.007741,-0.436226,0.599462,2.580806,3.50856,direct_block,7.6792,1.1738,1,v4,train,0,0.45
train,/root/leo_ws/src/leo_pybullet/worlds/benchmark_v2/train/world_medium_seed_000037.yaml,37,medium,5,4,9,False,6.2594,1.439266,2.147214,3.039356,1.169516,-4.041655,,,,,v2,train,0,0.40
train,/root/leo_ws/src/leo_pybullet/worlds/benchmark_v4_hard/train/world_medium_double_block_seed_300445.yaml,300445,medium,6,4,10,True,8.1004,-2.798979,-2.167683,0.316919,4.155642,-0.626859,double_block,7.1233,1.1372,2,v4,train,0,0.45
train,/root/leo_ws/src/leo_pybullet/worlds/benchmark_v4_hard/train/world_medium_clear_seed_300103.yaml,300103,medium,7,4,11,False,8.0739,1.694615,2.435799,-2.510953,-4.175737,-2.796616,clear,7.8638,1.0267,0,v4_focused,train,0,focused_failure
train,/root/leo_ws/src/leo_pybullet/worlds/benchmark_v2/train/world_medium_seed_000244.yaml,244,medium,8,4,12,True,7.7643,0.685723,-3.78037,2.077432,-3.471386,1.998505,,,,,v2,train,0,0.40
train,/root/leo_ws/src/leo_pybullet/worlds/benchmark_v4_hard/train/world_medium_clear_seed_300343.yaml,300343,medium,6,4,10,False,6.1382,3.864173,1.98567,-1.721617,3.178954,-3.902482,clear,5.9279,1.0355,0,v4,train,0,0.45
train,/root/leo_ws/src/leo_pybullet/worlds/benchmark_v4_hard/train/world_hard_direct_block_seed_300350.yaml,300350,hard,13,4,17,True,7.6147,0.697796,-2.353788,2.059779,-2.516427,3.340831,direct_block,6.5391,1.1645,1,v4,train,0,0.45
train,/root/leo_ws/src/leo_pybullet/worlds/benchmark_v2/train/world_hard_seed_000245.yaml,245,hard,9,4,13,True,6.8341,-3.741033,-1.481389,-0.229007,2.082973,0.881807,,,,,v2,train,general_replay,0.40
train,/root/leo_ws/src/leo_pybullet/worlds/benchmark_v2/train/world_hard_seed_000029.yaml,29,hard,12,4,16,True,5.841,0.857221,0.919934,-0.672832,-3.595432,3.717167,,,,,v2,train,0,0.40
train,/root/leo_ws/src/leo_pybullet/worlds/benchmark_v4_hard/train/world_easy_double_block_seed_300168.yaml,300168,easy,4,4,8,True,6.0445,-0.755177,-3.427253,0.228102,3.955072,-1.758102,double_block,4.9973,1.2096,2,v4,train,0,0.45
train,/root/leo_ws/src/leo_pybullet/worlds/benchmark_v3_curriculum/train/world_hard_direct_block_seed_000140.yaml,140,hard,4,4,8,True,7.369,-2.326425,0.127016,-0.146931,4.241272,-1.005254,direct_block,6.6646,1.1057,,v3,train,general_replay,0.15
train,/root/leo_ws/src/leo_pybullet/worlds/benchmark_v2/train/world_hard_seed_000257.yaml,257,hard,10,4,14,True,9.9323,-4.30967,1.965914,2.239695,2.286796,-3.239173,,,,,v2,train,general_replay,0.40
train,/root/leo_ws/src/leo_pybullet/worlds/benchmark_v2/train/world_easy_seed_000288.yaml,288,easy,3,4,7,False,6.7257,2.566023,-0.173892,1.329447,-3.934866,-0.612579,,,,,v2,train,general_replay,0.40
train,/root/leo_ws/src/leo_pybullet/worlds/benchmark_v3_curriculum/train/world_medium_direct_block_seed_000145.yaml,145,medium,3,4,7,True,5.1039,-0.257812,0.095111,2.335026,-3.294402,2.811243,direct_block,4.0741,1.2528,,v3,train,general_replay,0.15
train,/root/leo_ws/src/leo_pybullet/worlds/benchmark_v2/train/world_easy_seed_000105.yaml,105,easy,4,4,8,False,4.8227,2.529296,3.928811,-1.038619,-1.633697,2.334401,,,,,v2,train,general_replay,0.40
train,/root/leo_ws/src/leo_pybullet/worlds/benchmark_v4_hard/train/world_hard_double_block_seed_300188.yaml,300188,hard,12,4,16,True,7.9233,3.381958,1.47693,3.055739,-2.169653,2.712677,double_block,5.6875,1.3931,2,v4,train,0,0.45
train,/root/leo_ws/src/leo_pybullet/worlds/benchmark_v2/train/world_hard_seed_000218.yaml,218,hard,10,4,14,True,5.2033,2.288419,0.875333,2.768021,-1.492981,3.092206,,,,,v2,train,general_replay,0.40
train,/root/leo_ws/src/leo_pybullet/worlds/benchmark_v2/train/world_hard_seed_000284.yaml,284,hard,8,4,12,True,3.7051,-1.137015,3.220841,-2.25536,-1.753965,0.021991,,,,,v2,train,general_replay,0.40
train,/root/leo_ws/src/leo_pybullet/worlds/benchmark_v3_curriculum/train/world_medium_direct_block_seed_000130.yaml,130,medium,4,4,8,True,4.632,-0.633553,2.41839,-0.979678,1.361681,-0.508727,direct_block,3.5425,1.3076,,v3,train,general_replay,0.15
train,/root/leo_ws/src/leo_pybullet/worlds/benchmark_v4_hard/train/world_hard_clear_seed_300143.yaml,300143,hard,10,4,14,False,7.0708,0.569338,-3.886403,1.455722,1.610029,2.735342,clear,6.703,1.0549,0,v4,train,0,0.45
train,/root/leo_ws/src/leo_pybullet/worlds/benchmark_v3_curriculum/train/world_hard_direct_block_seed_000113.yaml,113,hard,4,4,8,True,5.4239,1.307826,2.651139,-2.446773,-1.915481,-0.183768,direct_block,4.2926,1.2636,,v3,train,0,0.15
train,/root/leo_ws/src/leo_pybullet/worlds/benchmark_v4_hard/train/world_hard_direct_block_seed_300098.yaml,300098,hard,13,4,17,True,6.4971,-2.45126,-2.139854,0.103157,2.75574,-1.72121,direct_block,5.2238,1.2437,1,v4,train,0,0.45
train,/root/leo_ws/src/leo_pybullet/worlds/benchmark_v4_hard/train/world_easy_double_block_seed_300033.yaml,300033,easy,3,4,7,True,5.6308,0.436304,0.294776,-1.896536,-1.058901,-3.997745,double_block,4.5455,1.2388,2,v4,train,0,0.45
train,/root/leo_ws/src/leo_pybullet/worlds/benchmark_v4_hard/train/world_medium_direct_block_seed_300202.yaml,300202,medium,7,4,11,True,5.5484,1.75881,-3.494357,3.04585,-2.910949,-2.962586,direct_block,4.6999,1.1805,1,v4,train,0,0.45
train,/root/leo_ws/src/leo_pybullet/worlds/benchmark_v4_hard/train/world_hard_clear_seed_300095.yaml,300095,hard,10,4,14,False,5.1782,-1.212551,2.431262,-1.419829,-0.536529,-2.475499,clear,4.9531,1.0455,0,v4,train,0,0.45
train,/root/leo_ws/src/leo_pybullet/worlds/benchmark_v4_hard/train/world_medium_direct_block_seed_300130.yaml,300130,medium,6,4,10,True,6.4914,-1.606356,-2.476793,1.814494,-2.716446,3.195543,direct_block,5.7799,1.1231,1,v4_focused,train,6,focused_failure
train,/root/leo_ws/src/leo_pybullet/worlds/benchmark_v4_hard/train/world_hard_double_block_seed_300392.yaml,300392,hard,12,4,16,True,6.2022,-3.191597,2.280619,-0.580908,1.010483,0.090192,double_block,4.7387,1.3088,2,v4,train,0,0.45
train,/root/leo_ws/src/leo_pybullet/worlds/benchmark_v4_hard/train/world_medium_double_block_seed_300133.yaml,300133,medium,8,4,12,True,7.6867,-2.017493,2.647148,-0.917309,2.052528,-2.500844,double_block,6.5625,1.1713,2,v4,train,0,0.45
train,/root/leo_ws/src/leo_pybullet/worlds/benchmark_v2/train/world_medium_seed_000244.yaml,244,medium,8,4,12,True,7.7643,0.685723,-3.78037,2.077432,-3.471386,1.998505,,,,,v2,train,general_replay,0.40
train,/root/leo_ws/src/leo_pybullet/worlds/benchmark_v2/train/world_medium_seed_000172.yaml,172,medium,7,4,11,True,4.9576,0.535862,2.824259,2.153289,-2.525626,2.094718,,,,,v2,train,general_replay,0.40
train,/root/leo_ws/src/leo_pybullet/worlds/benchmark_v4_hard/train/world_hard_double_block_seed_300032.yaml,300032,hard,10,4,14,True,6.9714,-1.986578,-2.008566,0.536108,2.973868,0.417735,double_block,5.522,1.2625,2,v4,train,0,0.45
train,/root/leo_ws/src/leo_pybullet/worlds/benchmark_v4_hard/train/world_medium_clear_seed_300439.yaml,300439,medium,8,4,12,False,6.6386,3.563768,3.492571,-2.167079,0.256242,-1.830205,clear,6.2667,1.0593,0,v4,train,0,0.45
train,/root/leo_ws/src/leo_pybullet/worlds/benchmark_v4_hard/train/world_easy_double_block_seed_300096.yaml,300096,easy,4,4,8,True,6.4696,0.576816,2.190716,-2.001398,-1.380881,-2.808204,double_block,5.3686,1.2051,2,v4,train,0,0.45
train,/root/leo_ws/src/leo_pybullet/worlds/benchmark_v3_curriculum/train/world_easy_direct_block_seed_000273.yaml,273,easy,1,4,5,True,5.1176,1.926844,4.207889,-3.01158,-2.243223,3.40625,direct_block,4.2464,1.2052,,v3,train,general_replay,0.15
train,/root/leo_ws/src/leo_pybullet/worlds/benchmark_v2/train/world_easy_seed_000264.yaml,264,easy,4,4,8,False,3.9404,1.730357,0.385401,-3.085719,-1.159174,2.930504,,,,,v2,train,0,0.40
train,/root/leo_ws/src/leo_pybullet/worlds/benchmark_v2/train/world_medium_seed_000022.yaml,22,medium,6,4,10,True,9.1769,3.294041,2.545418,-2.829561,-3.65698,-2.007387,,,,,v2,train,general_replay,0.40
train,/root/leo_ws/src/leo_pybullet/worlds/benchmark_v4_hard/train/world_medium_double_block_seed_300016.yaml,300016,medium,8,4,12,True,6.6878,4.023159,1.934829,-2.03571,1.573176,-2.763879,double_block,5.2991,1.2621,2,v4,train,0,0.45
train,/root/leo_ws/src/leo_pybullet/worlds/benchmark_v2/train/world_easy_seed_000249.yaml,249,easy,3,4,7,False,4.1278,0.905484,4.239679,0.817766,3.146725,0.985672,,,,,v2,train,0,0.40
train,/root/leo_ws/src/leo_pybullet/worlds/benchmark_v3_curriculum/train/world_hard_direct_block_seed_000266.yaml,266,hard,4,4,8,True,5.3714,0.35564,1.492294,-1.788699,-0.46148,-2.593455,direct_block,4.1667,1.2891,,v3,train,0,0.15
train,/root/leo_ws/src/leo_pybullet/worlds/benchmark_v2/train/world_easy_seed_000222.yaml,222,easy,2,4,6,True,6.5382,-1.6867,-4.09602,-0.368796,-2.409919,2.089777,,,,,v2,train,0,0.40
train,/root/leo_ws/src/leo_pybullet/worlds/benchmark_v4_hard/train/world_hard_double_block_seed_300224.yaml,300224,hard,14,4,18,True,6.3176,-3.532611,-3.058598,-0.059266,0.953477,-3.532984,double_block,4.5111,1.4005,2,v4_focused,train,1,focused_failure
train,/root/leo_ws/src/leo_pybullet/worlds/benchmark_v4_hard/train/world_hard_double_block_seed_300104.yaml,300104,hard,14,4,18,True,8.5472,1.975434,2.067322,-2.317023,-2.487922,-1.583368,double_block,5.7662,1.4823,2,v4,train,0,0.45
train,/root/leo_ws/src/leo_pybullet/worlds/benchmark_v2/train/world_easy_seed_000057.yaml,57,easy,2,4,6,False,3.3747,0.916064,-2.393753,3.041911,-1.555386,-0.19697,,,,,v2,train,0,0.40
train,/root/leo_ws/src/leo_pybullet/worlds/benchmark_v4_hard/train/world_medium_clear_seed_300403.yaml,300403,medium,6,4,10,False,5.2171,-2.186127,3.563931,-1.894059,-3.398654,-1.193955,clear,4.91,1.0625,0,v4,train,0,0.45
train,/root/leo_ws/src/leo_pybullet/worlds/benchmark_v3_curriculum/train/world_medium_direct_block_seed_000277.yaml,277,medium,2,4,6,True,8.3678,3.562532,-2.406446,2.872282,-3.912175,-0.218533,direct_block,7.7883,1.0744,,v3,train,general_replay,0.15
train,/root/leo_ws/src/leo_pybullet/worlds/benchmark_v2/train/world_medium_seed_000067.yaml,67,medium,5,4,9,True,5.5016,-0.106238,-1.931175,1.039256,3.386712,1.251051,,,,,v2,train,general_replay,0.40
train,/root/leo_ws/src/leo_pybullet/worlds/benchmark_v4_hard/train/world_hard_double_block_seed_300257.yaml,300257,hard,12,4,16,True,8.7267,-2.235886,-0.347993,0.448119,4.078854,2.90771,double_block,7.1046,1.2283,2,v4_focused,train,0,focused_failure
train,/root/leo_ws/src/leo_pybullet/worlds/benchmark_v4_hard/train/world_hard_double_block_seed_300260.yaml,300260,hard,12,4,16,True,6.5771,2.406301,-3.928157,2.290169,-1.388469,-0.497805,double_block,5.1154,1.2857,2,v4,train,0,0.45
train,/root/leo_ws/src/leo_pybullet/worlds/benchmark_v4_hard/train/world_medium_double_block_seed_300388.yaml,300388,medium,8,4,12,True,9.0523,0.66844,3.053088,-1.945797,-2.68599,-4.126091,double_block,7.9242,1.1424,2,v4,train,0,0.45
train,/root/leo_ws/src/leo_pybullet/worlds/benchmark_v2/train/world_easy_seed_000156.yaml,156,easy,3,4,7,False,5.7827,2.090453,2.327516,2.330696,-3.027913,3.984872,,,,,v2,train,general_replay,0.40
train,/root/leo_ws/src/leo_pybullet/worlds/benchmark_v4_hard/train/world_medium_double_block_seed_300193.yaml,300193,medium,9,4,13,True,7.9176,-3.5697,-2.118308,0.577086,1.593508,0.738195,double_block,5.9007,1.3418,2,v4_focused,train,0,focused_failure
train,/root/leo_ws/src/leo_pybullet/worlds/benchmark_v2/train/world_hard_seed_000059.yaml,59,hard,9,4,13,True,5.4765,1.309717,-0.352246,-2.995399,-3.165322,-1.74071,,,,,v2,train,0,0.40
train,/root/leo_ws/src/leo_pybullet/worlds/benchmark_v2/train/world_hard_seed_000020.yaml,20,hard,9,4,13,True,4.6182,1.180815,3.523028,-2.077359,3.237534,0.634584,,,,,v2,train,0,0.40
train,/root/leo_ws/src/leo_pybullet/worlds/benchmark_v2/train/world_hard_seed_000023.yaml,23,hard,10,4,14,False,3.192,-3.623109,0.800637,-2.322875,-0.663398,0.261766,,,,,v2,train,general_replay,0.40
train,/root/leo_ws/src/leo_pybullet/worlds/benchmark_v2/train/world_hard_seed_000170.yaml,170,hard,10,4,14,False,3.2057,0.753217,-1.612997,-2.377469,-2.242617,-2.040745,,,,,v2,train,general_replay,0.40
train,/root/leo_ws/src/leo_pybullet/worlds/benchmark_v4_hard/train/world_easy_direct_block_seed_300198.yaml,300198,easy,3,4,7,True,7.5953,-3.135846,3.3247,-0.054791,3.645335,2.873349,direct_block,6.7962,1.1176,1,v4_focused,train,3,focused_failure
train,/root/leo_ws/src/leo_pybullet/worlds/benchmark_v3_curriculum/train/world_easy_clear_seed_000147.yaml,147,easy,1,4,5,False,4.6182,2.987637,2.654527,-2.956972,-1.321326,1.921505,clear,4.3709,1.0566,,v3,train,0,0.15
train,/root/leo_ws/src/leo_pybullet/worlds/benchmark_v2/train/world_easy_seed_000066.yaml,66,easy,2,4,6,False,6.2159,3.686941,2.496498,1.780012,-1.791842,4.162399,,,,,v2,train,0,0.40
train,/root/leo_ws/src/leo_pybullet/worlds/benchmark_v2/train/world_hard_seed_000248.yaml,248,hard,11,4,15,True,5.2559,-1.52567,3.028448,-2.599285,1.655972,-0.064977,,,,,v2,train,0,0.40
train,/root/leo_ws/src/leo_pybullet/worlds/benchmark_v2/train/world_hard_seed_000065.yaml,65,hard,11,4,15,True,7.4718,3.713267,2.835236,2.42163,-0.552732,-2.387773,,,,,v2,train,0,0.40
train,/root/leo_ws/src/leo_pybullet/worlds/benchmark_v2/train/world_medium_seed_000043.yaml,43,medium,5,4,9,True,4.8833,2.285353,3.996835,-2.53662,-1.132069,1.726416,,,,,v2,train,general_replay,0.40
train,/root/leo_ws/src/leo_pybullet/worlds/benchmark_v3_curriculum/train/world_medium_clear_seed_000139.yaml,139,medium,2,4,6,False,3.8547,3.905257,0.987637,2.56801,0.916309,3.198888,clear,3.718,1.0368,,v3,train,general_replay,0.15
train,/root/leo_ws/src/leo_pybullet/worlds/benchmark_v4_hard/train/world_hard_direct_block_seed_300338.yaml,300338,hard,12,4,16,True,6.4308,1.378325,-1.277649,2.009917,-0.30268,3.657343,direct_block,5.2134,1.2335,1,v4,train,0,0.45
train,/root/leo_ws/src/leo_pybullet/worlds/benchmark_v2/train/world_hard_seed_000140.yaml,140,hard,8,4,12,True,8.098,-4.191674,2.016642,0.09389,1.561003,-2.381164,,,,,v2,train,0,0.40
train,/root/leo_ws/src/leo_pybullet/worlds/benchmark_v4_hard/train/world_easy_double_block_seed_300129.yaml,300129,easy,4,4,8,True,7.2204,0.037128,3.572846,-0.842736,3.707956,-1.463601,double_block,6.2322,1.1586,2,v4,train,0,0.45
train,/root/leo_ws/src/leo_pybullet/worlds/benchmark_v2/train/world_hard_seed_000221.yaml,221,hard,9,4,13,True,4.1439,-0.068592,0.501484,2.452517,2.316278,2.999756,,,,,v2,train,0,0.40
train,/root/leo_ws/src/leo_pybullet/worlds/benchmark_v2/train/world_medium_seed_000247.yaml,247,medium,8,4,12,True,6.2822,-1.318661,-0.238381,-0.893607,2.373193,-3.895154,,,,,v2,train,0,0.40
train,/root/leo_ws/src/leo_pybullet/worlds/benchmark_v4_hard/train/world_medium_direct_block_seed_300418.yaml,300418,medium,6,4,10,True,7.9872,2.75741,0.909325,2.777238,-3.570878,3.743192,direct_block,6.9338,1.1519,1,v4,train,0,0.45
train,/root/leo_ws/src/leo_pybullet/worlds/benchmark_v2/train/world_hard_seed_000209.yaml,209,hard,12,4,16,True,5.7416,-2.854436,-1.890732,-2.661728,-0.783148,2.99602,,,,,v2,train,0,0.40
train,/root/leo_ws/src/leo_pybullet/worlds/benchmark_v2/train/world_hard_seed_000239.yaml,239,hard,8,4,12,True,5.921,1.832008,-0.72274,-0.576018,-0.555923,4.170043,,,,,v2,train,0,0.40
train,/root/leo_ws/src/leo_pybullet/worlds/benchmark_v4_hard/train/world_hard_double_block_seed_300140.yaml,300140,hard,14,4,18,True,8.8914,-1.572206,4.053908,-1.788993,-3.207402,-2.23734,double_block,6.5003,1.3678,2,v4_focused,train,0,focused_failure
train,/root/leo_ws/src/leo_pybullet/worlds/benchmark_v3_curriculum/train/world_hard_direct_block_seed_000044.yaml,44,hard,5,4,9,True,5.5508,0.170174,1.713721,-2.504557,-3.258429,-1.023665,direct_block,4.3873,1.2652,,v3,train,0,0.15
train,/root/leo_ws/src/leo_pybullet/worlds/benchmark_v4_hard/train/world_hard_double_block_seed_300212.yaml,300212,hard,13,4,17,True,6.6765,-2.304133,-2.620304,1.602368,-3.04473,1.904929,double_block,4.5854,1.456,2,v4_focused,train,1,focused_failure
train,/root/leo_ws/src/leo_pybullet/worlds/benchmark_v2/train/world_medium_seed_000031.yaml,31,medium,5,4,9,True,10.1402,2.296599,-3.124559,0.221244,-3.973567,3.917327,,,,,v2,train,0,0.40
train,/root/leo_ws/src/leo_pybullet/worlds/benchmark_v2/train/world_medium_seed_000178.yaml,178,medium,5,4,9,True,5.3965,2.000322,4.224747,2.179063,-2.739417,3.883069,,,,,v2,train,0,0.40
train,/root/leo_ws/src/leo_pybullet/worlds/benchmark_v2/train/world_hard_seed_000092.yaml,92,hard,11,4,15,True,7.7416,3.282973,2.281276,-2.143224,-3.528138,0.197222,,,,,v2,train,general_replay,0.40
train,/root/leo_ws/src/leo_pybullet/worlds/benchmark_v4_hard/train/world_hard_double_block_seed_300365.yaml,300365,hard,10,4,14,True,11.5622,3.932271,3.229698,-2.43294,-1.549961,-1.761724,double_block,7.4141,1.5595,2,v4_focused,train,1,focused_failure
train,/root/leo_ws/src/leo_pybullet/worlds/benchmark_v2/train/world_medium_seed_000208.yaml,208,medium,7,4,11,True,4.8559,-2.643234,0.629658,0.768749,0.550331,3.076166,,,,,v2,train,0,0.40
train,/root/leo_ws/src/leo_pybullet/worlds/benchmark_v2/train/world_hard_seed_000227.yaml,227,hard,11,4,15,True,4.8639,3.972772,-1.135145,-0.532796,-0.470946,-2.245637,,,,,v2,train,general_replay,0.40
train,/root/leo_ws/src/leo_pybullet/worlds/benchmark_v4_hard/train/world_medium_double_block_seed_300220.yaml,300220,medium,9,4,13,True,7.6923,-1.648672,-4.140481,1.072012,1.273295,1.563831,double_block,6.4091,1.2002,2,v4,train,0,0.45
train,/root/leo_ws/src/leo_pybullet/worlds/benchmark_v4_hard/train/world_hard_direct_block_seed_300218.yaml,300218,hard,11,4,15,True,6.4639,-2.628526,3.928482,-0.582664,1.554273,0.966147,direct_block,5.1255,1.2611,1,v4_focused,train,8,focused_failure
train,/root/leo_ws/src/leo_pybullet/worlds/benchmark_v3_curriculum/train/world_medium_direct_block_seed_000196.yaml,196,medium,4,4,8,True,5.8239,0.063474,1.263697,2.653929,-4.002571,3.675438,direct_block,4.7275,1.2319,,v3,train,general_replay,0.15
train,/root/leo_ws/src/leo_pybullet/worlds/benchmark_v4_hard/train/world_hard_clear_seed_300167.yaml,300167,hard,14,4,18,False,8.1814,1.994743,-1.279584,2.36798,-4.212423,3.617359,clear,7.9063,1.0348,0,v4,train,0,0.45
train,/root/leo_ws/src/leo_pybullet/worlds/benchmark_v4_hard/train/world_easy_direct_block_seed_300354.yaml,300354,easy,4,4,8,True,6.5472,-0.456094,3.09823,-2.194427,-3.489757,-1.856084,direct_block,5.8093,1.127,1,v4,train,0,0.45
train,/root/leo_ws/src/leo_pybullet/worlds/benchmark_v2/train/world_easy_seed_000078.yaml,78,easy,2,4,6,True,6.9335,3.692231,2.004672,-2.927045,-2.111142,-0.630891,,,,,v2,train,0,0.40
train,/root/leo_ws/src/leo_pybullet/worlds/benchmark_v4_hard/train/world_easy_double_block_seed_300081.yaml,300081,easy,4,4,8,True,7.2502,4.17009,1.860809,2.945227,-1.933059,3.727606,double_block,6.3823,1.136,2,v4_focused,train,1,focused_failure
train,/root/leo_ws/src/leo_pybullet/worlds/benchmark_v2/train/world_medium_seed_000088.yaml,88,medium,8,4,12,False,6.2467,-1.45457,-2.740667,-3.092495,-4.224616,2.335434,,,,,v2,train,0,0.40
train,/root/leo_ws/src/leo_pybullet/worlds/benchmark_v4_hard/train/world_medium_double_block_seed_300196.yaml,300196,medium,8,4,12,True,6.5084,1.551293,-1.150223,1.92339,-0.830124,3.498276,double_block,5.223,1.2461,2,v4,train,0,0.45
train,/root/leo_ws/src/leo_pybullet/worlds/benchmark_v2/train/world_hard_seed_000113.yaml,113,hard,8,4,12,True,3.9565,-0.552732,-4.078969,-1.269042,-3.758894,-3.251569,,,,,v2,train,general_replay,0.40
train,/root/leo_ws/src/leo_pybullet/worlds/benchmark_v4_hard/train/world_medium_clear_seed_300343.yaml,300343,medium,6,4,10,False,6.1382,3.864173,1.98567,-1.721617,3.178954,-3.902482,clear,5.9279,1.0355,0,v4,train,0,0.45
train,/root/leo_ws/src/leo_pybullet/worlds/benchmark_v4_hard/train/world_hard_direct_block_seed_300374.yaml,300374,hard,13,4,17,True,6.7176,2.181369,2.284328,2.795766,-3.255267,4.104153,direct_block,5.7331,1.1717,1,v4_focused,train,1,focused_failure
train,/root/leo_ws/src/leo_pybullet/worlds/benchmark_v2/train/world_hard_seed_000278.yaml,278,hard,10,4,14,True,6.6078,-3.993465,1.168918,-0.264691,1.575829,-1.213658,,,,,v2,train,general_replay,0.40
train,/root/leo_ws/src/leo_pybullet/worlds/benchmark_v2/train/world_easy_seed_000024.yaml,24,easy,4,4,8,False,3.8457,0.720175,-2.451067,1.141348,-2.894232,-2.876449,,,,,v2,train,general_replay,0.40
train,/root/leo_ws/src/leo_pybullet/worlds/benchmark_v4_hard/train/world_easy_double_block_seed_300333.yaml,300333,easy,5,4,9,True,5.9153,3.450387,3.755314,-2.33832,-0.246707,0.629471,double_block,4.8414,1.2218,2,v4,train,0,0.45
train,/root/leo_ws/src/leo_pybullet/worlds/benchmark_v3_curriculum/train/world_medium_direct_block_seed_000085.yaml,85,medium,2,4,6,True,7.4135,-2.358569,2.357539,-0.652998,2.946694,-1.307633,direct_block,6.4482,1.1497,,v3,train,0,0.15
train,/root/leo_ws/src/leo_pybullet/worlds/benchmark_v3_curriculum/train/world_medium_direct_block_seed_000148.yaml,148,medium,3,4,7,True,5.6696,1.128397,3.866656,-0.861923,4.115274,0.288132,direct_block,4.6613,1.2163,,v3,train,general_replay,0.15
train,/root/leo_ws/src/leo_pybullet/worlds/benchmark_v2/train/world_easy_seed_000216.yaml,216,easy,2,4,6,False,3.2445,1.809956,-0.207607,-1.505721,-1.065878,0.66986,,,,,v2,train,general_replay,0.40
train,/root/leo_ws/src/leo_pybullet/worlds/benchmark_v4_hard/train/world_medium_direct_block_seed_300118.yaml,300118,medium,7,4,11,True,8.1861,-2.775109,0.183679,-0.624216,3.590486,-3.400875,direct_block,7.3055,1.1205,1,v4_focused,train,4,focused_failure
train,/root/leo_ws/src/leo_pybullet/worlds/benchmark_v2/train/world_hard_seed_000035.yaml,35,hard,12,4,16,True,8.2684,-2.156308,-3.812242,1.884747,0.224057,3.156348,,,,,v2,train,0,0.40
train,/root/leo_ws/src/leo_pybullet/worlds/benchmark_v4_hard/train/world_hard_direct_block_seed_300182.yaml,300182,hard,10,4,14,True,5.6502,1.477945,2.469756,-2.186706,-1.312292,-1.12887,direct_block,4.5536,1.2408,1,v4_focused,train,4,focused_failure
train,/root/leo_ws/src/leo_pybullet/worlds/benchmark_v4_hard/train/world_hard_double_block_seed_300428.yaml,300428,hard,10,4,14,True,7.8935,-0.68913,-3.532512,1.700054,-1.081193,3.215711,double_block,6.7596,1.1677,2,v4,train,0,0.45
train,/root/leo_ws/src/leo_pybullet/worlds/benchmark_v2/train/world_easy_seed_000039.yaml,39,easy,2,4,6,False,6.8422,-4.124328,-2.431295,1.878193,1.990795,-4.303668,,,,,v2,train,general_replay,0.40
train,/root/leo_ws/src/leo_pybullet/worlds/benchmark_v2/train/world_easy_seed_000192.yaml,192,easy,3,4,7,True,6.3929,-3.592317,-1.678925,-1.40002,-0.655509,3.532129,,,,,v2,train,general_replay,0.40
train,/root/leo_ws/src/leo_pybullet/worlds/benchmark_v2/train/world_hard_seed_000125.yaml,125,hard,9,4,13,True,6.4171,0.935321,1.000254,-2.169131,-4.312935,1.816216,,,,,v2,train,0,0.40
train,/root/leo_ws/src/leo_pybullet/worlds/benchmark_v4_hard/train/world_medium_double_block_seed_300001.yaml,300001,medium,8,4,12,True,8.6031,3.7686,-3.520276,1.520223,3.464521,3.332377,double_block,6.8594,1.2542,2,v4,train,0,0.45
train,/root/leo_ws/src/leo_pybullet/worlds/benchmark_v4_hard/train/world_hard_direct_block_seed_300338.yaml,300338,hard,12,4,16,True,6.4308,1.378325,-1.277649,2.009917,-0.30268,3.657343,direct_block,5.2134,1.2335,1,v4_focused,train,2,focused_failure
train,/root/leo_ws/src/leo_pybullet/worlds/benchmark_v3_curriculum/train/world_medium_direct_block_seed_000100.yaml,100,medium,2,4,6,True,6.0422,-0.344005,3.8396,-2.068428,-2.764646,-0.909214,direct_block,5.3302,1.1336,,v3,train,0,0.15
train,/root/leo_ws/src/leo_pybullet/worlds/benchmark_v2/train/world_easy_seed_000213.yaml,213,easy,2,4,6,True,7.1678,-1.87745,-2.7067,-2.13554,0.367938,3.588455,,,,,v2,train,0,0.40
train,/root/leo_ws/src/leo_pybullet/worlds/benchmark_v4_hard/train/world_medium_clear_seed_300367.yaml,300367,medium,9,4,13,False,5.7861,3.293282,-3.599347,2.651523,-1.242254,-0.60814,clear,5.4331,1.065,0,v4,train,0,0.45
train,/root/leo_ws/src/leo_pybullet/worlds/benchmark_v2/train/world_hard_seed_000272.yaml,272,hard,11,4,15,True,7.2729,-1.967071,0.961375,1.996445,3.800033,4.02328,,,,,v2,train,0,0.40
train,/root/leo_ws/src/leo_pybullet/worlds/benchmark_v2/train/world_easy_seed_000105.yaml,105,easy,4,4,8,False,4.8227,2.529296,3.928811,-1.038619,-1.633697,2.334401,,,,,v2,train,general_replay,0.40
train,/root/leo_ws/src/leo_pybullet/worlds/benchmark_v2/train/world_easy_seed_000240.yaml,240,easy,4,4,8,True,4.4251,3.952491,-1.601714,0.899178,1.03117,0.237881,,,,,v2,train,general_replay,0.40
train,/root/leo_ws/src/leo_pybullet/worlds/benchmark_v2/train/world_medium_seed_000166.yaml,166,medium,6,4,10,True,6.4067,-0.80859,-4.243942,0.426589,3.011414,-0.110216,,,,,v2,train,0,0.40
train,/root/leo_ws/src/leo_pybullet/worlds/benchmark_v4_hard/train/world_hard_double_block_seed_300161.yaml,300161,hard,13,4,17,True,6.6627,1.929088,0.264825,-2.508265,-2.162257,-2.870725,double_block,5.1547,1.2926,2,v4,train,0,0.45
train,/root/leo_ws/src/leo_pybullet/worlds/benchmark_v3_curriculum/train/world_easy_direct_block_seed_000162.yaml,162,easy,1,4,5,True,5.209,2.293927,4.045627,-1.308959,3.898212,-0.424721,direct_block,4.7495,1.0968,,v3,train,0,0.15
train,/root/leo_ws/src/leo_pybullet/worlds/benchmark_v2/train/world_hard_seed_000011.yaml,11,hard,11,4,15,False,3.7851,3.104708,2.446597,-1.948403,-0.419059,3.088897,,,,,v2,train,0,0.40
train,/root/leo_ws/src/leo_pybullet/worlds/benchmark_v2/train/world_hard_seed_000113.yaml,113,hard,8,4,12,True,3.9565,-0.552732,-4.078969,-1.269042,-3.758894,-3.251569,,,,,v2,train,general_replay,0.40
train,/root/leo_ws/src/leo_pybullet/worlds/benchmark_v4_hard/train/world_medium_double_block_seed_300388.yaml,300388,medium,8,4,12,True,9.0523,0.66844,3.053088,-1.945797,-2.68599,-4.126091,double_block,7.9242,1.1424,2,v4,train,0,0.45
train,/root/leo_ws/src/leo_pybullet/worlds/benchmark_v4_hard/train/world_hard_double_block_seed_300029.yaml,300029,hard,14,4,18,True,8.2902,-1.060901,2.550226,-1.227911,0.67107,-2.333685,double_block,5.1819,1.5998,2,v4_focused,train,2,focused_failure
train,/root/leo_ws/src/leo_pybullet/worlds/benchmark_v4_hard/train/world_medium_double_block_seed_300181.yaml,300181,medium,9,4,13,True,5.8982,-0.353764,-0.328898,2.005819,-1.831678,4.06008,double_block,4.6311,1.2736,2,v4_focused,train,2,focused_failure
train,/root/leo_ws/src/leo_pybullet/worlds/benchmark_v4_hard/train/world_hard_clear_seed_300239.yaml,300239,hard,14,4,18,False,6.7106,-3.461217,3.38974,-0.725128,1.674284,-0.444932,clear,6.4092,1.047,0,v4,train,0,0.45
train,/root/leo_ws/src/leo_pybullet/worlds/benchmark_v2/train/world_easy_seed_000024.yaml,24,easy,4,4,8,False,3.8457,0.720175,-2.451067,1.141348,-2.894232,-2.876449,,,,,v2,train,0,0.40
train,/root/leo_ws/src/leo_pybullet/worlds/benchmark_v2/train/world_easy_seed_000087.yaml,87,easy,2,4,6,False,6.952,3.26359,2.725093,0.90923,-3.460967,2.211008,,,,,v2,train,0,0.40
train,/root/leo_ws/src/leo_pybullet/worlds/benchmark_v2/train/world_medium_seed_000196.yaml,196,medium,5,4,9,False,5.1986,-2.530903,-0.665306,2.021573,1.288074,2.610075,,,,,v2,train,general_replay,0.40
train,/root/leo_ws/src/leo_pybullet/worlds/benchmark_v4_hard/train/world_easy_direct_block_seed_300078.yaml,300078,easy,3,4,7,True,8.7906,2.630967,3.933128,-2.56433,-3.370238,-1.086772,direct_block,7.8239,1.1236,1,v4,train,0,0.45
train,/root/leo_ws/src/leo_pybullet/worlds/benchmark_v2/train/world_hard_seed_000185.yaml,185,hard,8,4,12,True,8.881,-4.33732,0.709114,-1.477668,3.584258,3.011092,,,,,v2,train,general_replay,0.40
train,/root/leo_ws/src/leo_pybullet/worlds/benchmark_v4_hard/train/world_easy_double_block_seed_300108.yaml,300108,easy,3,4,7,True,6.481,-1.880327,4.198565,-1.272638,0.106514,-0.828025,double_block,5.405,1.1991,2,v4,train,0,0.45
train,/root/leo_ws/src/leo_pybullet/worlds/benchmark_v3_curriculum/train/world_medium_direct_block_seed_000094.yaml,94,medium,4,4,8,True,4.8502,1.591852,-1.097311,2.571314,-1.654555,0.808479,direct_block,3.7645,1.2884,,v3,train,general_replay,0.15
train,/root/leo_ws/src/leo_pybullet/worlds/benchmark_v3_curriculum/train/world_easy_clear_seed_000135.yaml,135,easy,2,4,6,False,4.6708,-1.229773,-1.338027,1.897806,-2.297121,2.923259,clear,4.3929,1.0633,,v3,train,0,0.15
train,/root/leo_ws/src/leo_pybullet/worlds/benchmark_v4_hard/train/world_medium_direct_block_seed_300130.yaml,300130,medium,6,4,10,True,6.4914,-1.606356,-2.476793,1.814494,-2.716446,3.195543,direct_block,5.7799,1.1231,1,v4,train,0,0.45
train,/root/leo_ws/src/leo_pybullet/worlds/benchmark_v4_hard/train/world_medium_double_block_seed_300112.yaml,300112,medium,7,4,11,True,7.0822,4.100033,-1.235248,2.239057,0.222128,3.000519,double_block,5.7428,1.2332,2,v4_focused,train,3,focused_failure
train,/root/leo_ws/src/leo_pybullet/worlds/benchmark_v3_curriculum/train/world_medium_direct_block_seed_000220.yaml,220,medium,4,4,8,True,5.4959,-2.856729,-1.160071,-0.608931,0.767136,-4.045007,direct_block,4.632,1.1865,,v3,train,0,0.15
train,/root/leo_ws/src/leo_pybullet/worlds/benchmark_v2/train/world_easy_seed_000015.yaml,15,easy,2,4,6,True,4.809,-2.264478,-1.408724,-1.48714,1.811291,-1.908939,,,,,v2,train,0,0.40
train,/root/leo_ws/src/leo_pybullet/worlds/benchmark_v2/train/world_easy_seed_000054.yaml,54,easy,2,4,6,False,6.5027,-1.758046,3.391583,-1.067692,-0.108458,-2.444687,,,,,v2,train,general_replay,0.40
train,/root/leo_ws/src/leo_pybullet/worlds/benchmark_v3_curriculum/train/world_hard_direct_block_seed_000074.yaml,74,hard,6,4,10,True,4.8994,0.129879,-3.284308,2.747167,-3.224772,-1.62247,direct_block,3.7437,1.3087,,v3,train,general_replay,0.15
train,/root/leo_ws/src/leo_pybullet/worlds/benchmark_v4_hard/train/world_easy_double_block_seed_300429.yaml,300429,easy,4,4,8,True,8.9174,3.816219,-3.710433,2.492365,-1.866902,1.716332,double_block,7.858,1.1348,2,v4,train,0,0.45
train,/root/leo_ws/src/leo_pybullet/worlds/benchmark_v2/train/world_easy_seed_000255.yaml,255,easy,2,4,6,False,3.2422,1.184621,0.738517,1.583047,3.667237,-1.110971,,,,,v2,train,general_replay,0.40
train,/root/leo_ws/src/leo_pybullet/worlds/benchmark_v4_hard/train/world_easy_clear_seed_300147.yaml,300147,easy,5,4,9,False,5.4045,-2.817354,3.125505,-1.625941,-3.759766,-1.914462,clear,5.1273,1.0541,0,v4,train,0,0.45
train,/root/leo_ws/src/leo_pybullet/worlds/benchmark_v2/train/world_easy_seed_000279.yaml,279,easy,3,4,7,True,7.8159,-1.723002,-3.044742,-2.551202,-0.043271,4.078771,,,,,v2,train,general_replay,0.40
train,/root/leo_ws/src/leo_pybullet/worlds/benchmark_v4_hard/train/world_hard_double_block_seed_300140.yaml,300140,hard,14,4,18,True,8.8914,-1.572206,4.053908,-1.788993,-3.207402,-2.23734,double_block,6.5003,1.3678,2,v4,train,0,0.45
train,/root/leo_ws/src/leo_pybullet/worlds/benchmark_v2/train/world_easy_seed_000186.yaml,186,easy,3,4,7,True,8.0488,-3.299233,-4.288529,-0.359754,2.578335,0.494222,,,,,v2,train,0,0.40
train,/root/leo_ws/src/leo_pybullet/worlds/benchmark_v2/train/world_easy_seed_000108.yaml,108,easy,2,4,6,False,6.6272,-3.610922,1.407468,2.953205,1.985991,-1.060233,,,,,v2,train,0,0.40
train,/root/leo_ws/src/leo_pybullet/worlds/benchmark_v2/train/world_hard_seed_000257.yaml,257,hard,10,4,14,True,9.9323,-4.30967,1.965914,2.239695,2.286796,-3.239173,,,,,v2,train,0,0.40
train,/root/leo_ws/src/leo_pybullet/worlds/benchmark_v2/train/world_medium_seed_000133.yaml,133,medium,8,4,12,True,5.2753,-1.545742,1.005632,1.216532,2.364414,3.321505,,,,,v2,train,0,0.40
train,/root/leo_ws/src/leo_pybullet/worlds/benchmark_v3_curriculum/train/world_easy_clear_seed_000027.yaml,27,easy,2,4,6,False,5.6706,2.756188,-1.418933,2.268896,-1.084815,2.676359,clear,5.6147,1.01,,v3,train,0,0.15
train,/root/leo_ws/src/leo_pybullet/worlds/benchmark_v4_hard/train/world_hard_double_block_seed_300440.yaml,300440,hard,13,4,17,True,6.801,-3.356031,2.385238,-0.474827,1.306734,-0.505185,double_block,5.486,1.2397,2,v4,train,0,0.45
train,/root/leo_ws/src/leo_pybullet/worlds/benchmark_v2/train/world_easy_seed_000162.yaml,162,easy,2,4,6,False,9.9688,4.140818,3.989934,-2.403317,-0.434715,-4.123341,,,,,v2,train,general_replay,0.40
train,/root/leo_ws/src/leo_pybullet/worlds/benchmark_v2/train/world_hard_seed_000068.yaml,68,hard,11,4,15,True,6.7129,2.15241,3.55084,-0.42809,-3.384498,0.694027,,,,,v2,train,general_replay,0.40
train,/root/leo_ws/src/leo_pybullet/worlds/benchmark_v2/train/world_easy_seed_000180.yaml,180,easy,2,4,6,True,5.7827,-4.251012,-2.045843,0.625974,0.804804,-0.438474,,,,,v2,train,0,0.40
train,/root/leo_ws/src/leo_pybullet/worlds/benchmark_v4_hard/train/world_hard_clear_seed_300059.yaml,300059,hard,12,4,16,False,7.672,-3.606259,-4.085598,0.033189,3.820439,-3.583241,clear,7.4437,1.0307,0,v4,train,0,0.45
train,/root/leo_ws/src/leo_pybullet/worlds/benchmark_v2/train/world_hard_seed_000077.yaml,77,hard,10,4,14,True,3.8845,-2.257706,2.806236,0.363763,-3.348956,-0.20674,,,,,v2,train,general_replay,0.40
train,/root/leo_ws/src/leo_pybullet/worlds/benchmark_v4_hard/train/world_easy_double_block_seed_300396.yaml,300396,easy,4,4,8,True,6.0227,0.291193,-4.127882,2.252603,-2.989328,-0.47935,double_block,4.9065,1.2275,2,v4,train,0,0.45
train,/root/leo_ws/src/leo_pybullet/worlds/benchmark_v2/train/world_easy_seed_000129.yaml,129,easy,4,4,8,False,7.0718,0.17724,-3.948291,-0.635848,3.588138,1.694441,,,,,v2,train,0,0.40
train,/root/leo_ws/src/leo_pybullet/worlds/benchmark_v4_hard/train/world_medium_direct_block_seed_300334.yaml,300334,medium,7,4,11,True,7.6616,-1.83744,0.539298,0.505852,3.953725,3.602087,direct_block,6.5512,1.1695,1,v4,train,0,0.45
train,/root/leo_ws/src/leo_pybullet/worlds/benchmark_v4_hard/train/world_hard_direct_block_seed_300386.yaml,300386,hard,12,4,16,True,11.4604,-4.094212,2.217938,-1.258433,-2.791234,-2.699095,direct_block,5.0867,2.253,1,v4_focused,train,5,focused_failure
train,/root/leo_ws/src/leo_pybullet/worlds/benchmark_v3_curriculum/train/world_easy_clear_seed_000075.yaml,75,easy,2,4,6,False,6.4057,3.617383,-2.561806,-3.067477,-2.579731,-3.029861,clear,6.2148,1.0307,,v3,train,general_replay,0.15
train,/root/leo_ws/src/leo_pybullet/worlds/benchmark_v4_hard/train/world_hard_double_block_seed_300380.yaml,300380,hard,11,4,15,True,6.409,-3.422224,2.123096,0.069779,1.227689,1.870886,double_block,4.6567,1.3763,2,v4,train,0,0.45
train,/root/leo_ws/src/leo_pybullet/worlds/benchmark_v4_hard/train/world_medium_clear_seed_300403.yaml,300403,medium,6,4,10,False,5.2171,-2.186127,3.563931,-1.894059,-3.398654,-1.193955,clear,4.91,1.0625,0,v4_focused,train,1,focused_failure
train,/root/leo_ws/src/leo_pybullet/worlds/benchmark_v2/train/world_easy_seed_000237.yaml,237,easy,4,4,8,False,4.8947,-2.883595,-2.283267,0.047651,-0.727479,1.71047,,,,,v2,train,0,0.40
train,/root/leo_ws/src/leo_pybullet/worlds/benchmark_v4_hard/train/world_hard_double_block_seed_300377.yaml,300377,hard,14,4,18,True,9.5049,1.499979,-3.56036,1.343737,3.369602,3.502599,double_block,7.3062,1.3009,2,v4_focused,train,1,focused_failure
train,/root/leo_ws/src/leo_pybullet/worlds/benchmark_v3_curriculum/train/world_hard_clear_seed_000299.yaml,299,hard,5,4,9,False,5.6753,-2.027008,-0.551654,-0.309762,2.816434,-2.465314,clear,5.2078,1.0898,,v3,train,general_replay,0.15
train,/root/leo_ws/src/leo_pybullet/worlds/benchmark_v2/train/world_easy_seed_000114.yaml,114,easy,2,4,6,False,9.0272,-1.42375,4.027769,0.11727,1.098706,-3.934801,,,,,v2,train,general_replay,0.40
train,/root/leo_ws/src/leo_pybullet/worlds/benchmark_v3_curriculum/train/world_hard_clear_seed_000071.yaml,71,hard,5,4,9,False,4.8123,2.304885,0.798131,2.370708,-1.205076,3.872443,clear,4.666,1.0314,,v3,train,general_replay,0.15
train,/root/leo_ws/src/leo_pybullet/worlds/benchmark_v2/train/world_medium_seed_000088.yaml,88,medium,8,4,12,False,6.2467,-1.45457,-2.740667,-3.092495,-4.224616,2.335434,,,,,v2,train,general_replay,0.40
train,/root/leo_ws/src/leo_pybullet/worlds/benchmark_v4_hard/train/world_easy_double_block_seed_300177.yaml,300177,easy,3,4,7,True,10.0512,-3.605922,2.064829,-0.684377,3.640698,-2.807691,double_block,8.7324,1.151,2,v4,train,0,0.45
train,/root/leo_ws/src/leo_pybullet/worlds/benchmark_v4_hard/train/world_hard_double_block_seed_300077.yaml,300077,hard,12,4,16,True,6.5027,-2.463709,2.378015,-1.77945,-3.384729,-2.180983,double_block,4.6511,1.3981,2,v4_focused,train,0,focused_failure
train,/root/leo_ws/src/leo_pybullet/worlds/benchmark_v2/train/world_easy_seed_000012.yaml,12,easy,3,4,7,False,6.2102,0.253438,-1.306867,-0.109712,-1.029723,4.320613,,,,,v2,train,0,0.40
train,/root/leo_ws/src/leo_pybullet/worlds/benchmark_v2/train/world_easy_seed_000051.yaml,51,easy,2,4,6,True,6.898,0.454918,-2.209108,-1.534117,4.294414,2.893611,,,,,v2,train,general_replay,0.40
train,/root/leo_ws/src/leo_pybullet/worlds/benchmark_v2/train/world_medium_seed_000250.yaml,250,medium,8,4,12,True,5.529,-2.983063,1.491554,2.72721,1.767834,0.515493,,,,,v2,train,general_replay,0.40
train,/root/leo_ws/src/leo_pybullet/worlds/benchmark_v4_hard/train/world_easy_direct_block_seed_300186.yaml,300186,easy,3,4,7,True,5.9153,-1.087786,-0.38575,-0.089844,4.037151,-1.194607,direct_block,5.1884,1.1401,1,v4,train,0,0.45
train,/root/leo_ws/src/leo_pybullet/worlds/benchmark_v4_hard/train/world_easy_double_block_seed_300261.yaml,300261,easy,3,4,7,True,8.0227,3.244679,-0.590232,2.989496,-3.881715,1.110045,double_block,7.3264,1.095,2,v4,train,0,0.45
train,/root/leo_ws/src/leo_pybullet/worlds/benchmark_v2/train/world_medium_seed_000091.yaml,91,medium,5,4,9,True,5.6753,4.067316,1.553187,1.77318,-0.850424,-0.356864,,,,,v2,train,general_replay,0.40
train,/root/leo_ws/src/leo_pybullet/worlds/benchmark_v2/train/world_medium_seed_000235.yaml,235,medium,7,4,11,False,5.92,2.346567,-2.184435,-2.147761,-3.552861,-2.161491,,,,,v2,train,general_replay,0.40
train,/root/leo_ws/src/leo_pybullet/worlds/benchmark_v2/train/world_easy_seed_000120.yaml,120,easy,4,4,8,False,5.6147,-0.326606,-1.608233,1.400503,-2.489235,3.11328,,,,,v2,train,general_replay,0.40
train,/root/leo_ws/src/leo_pybullet/worlds/benchmark_v2/train/world_hard_seed_000062.yaml,62,hard,12,4,16,True,8.2386,4.094472,-2.278454,-0.906201,-0.306657,3.460526,,,,,v2,train,0,0.40
train,/root/leo_ws/src/leo_pybullet/worlds/benchmark_v2/train/world_hard_seed_000071.yaml,71,hard,10,4,14,True,7.6843,2.598168,-2.045101,-1.889551,-3.003367,2.232962,,,,,v2,train,0,0.40
train,/root/leo_ws/src/leo_pybullet/worlds/benchmark_v4_hard/train/world_medium_direct_block_seed_300442.yaml,300442,medium,6,4,10,True,7.7004,-3.439389,-2.500143,1.54263,-2.94084,4.147867,direct_block,6.6667,1.1551,1,v4_focused,train,2,focused_failure
train,/root/leo_ws/src/leo_pybullet/worlds/benchmark_v4_hard/train/world_medium_double_block_seed_300361.yaml,300361,medium,8,4,12,True,6.9278,-2.571117,-3.718554,0.270467,2.554873,-2.161543,double_block,5.3572,1.2932,2,v4,train,0,0.45
train,/root/leo_ws/src/leo_pybullet/worlds/benchmark_v2/train/world_easy_seed_000258.yaml,258,easy,4,4,8,False,6.9757,3.254466,-4.345072,1.660294,-1.268438,0.738,,,,,v2,train,0,0.40
train,/root/leo_ws/src/leo_pybullet/worlds/benchmark_v2/train/world_easy_seed_000210.yaml,210,easy,3,4,7,True,5.6341,-0.433363,1.354342,1.749695,3.844088,-1.387873,,,,,v2,train,0,0.40
train,/root/leo_ws/src/leo_pybullet/worlds/benchmark_v4_hard/train/world_hard_direct_block_seed_300038.yaml,300038,hard,10,4,14,True,9.2318,0.834868,3.973613,-1.629526,-0.663242,-3.508577,direct_block,7.6307,1.2098,1,v4,train,0,0.45
train,/root/leo_ws/src/leo_pybullet/worlds/benchmark_v2/train/world_medium_seed_000106.yaml,106,medium,8,4,12,True,8.5222,3.84595,2.79273,1.913206,-3.856841,2.66505,,,,,v2,train,0,0.40
train,/root/leo_ws/src/leo_pybullet/worlds/benchmark_v3_curriculum/train/world_easy_direct_block_seed_000264.yaml,264,easy,2,4,6,True,4.5108,0.391364,0.151802,2.159361,-1.522326,3.31775,direct_block,3.6994,1.2193,,v3,train,0,0.15
train,/root/leo_ws/src/leo_pybullet/worlds/benchmark_v2/train/world_easy_seed_000000.yaml,0,easy,3,4,7,False,3.6672,2.469048,-1.711179,2.564249,-0.203606,0.725424,,,,,v2,train,0,0.40
train,/root/leo_ws/src/leo_pybullet/worlds/benchmark_v4_hard/train/world_easy_direct_block_seed_300282.yaml,300282,easy,4,4,8,True,5.9896,-0.859014,3.287406,-2.227939,-3.582554,-0.877991,direct_block,4.9768,1.2035,1,v4,train,0,0.45
train,/root/leo_ws/src/leo_pybullet/worlds/benchmark_v2/train/world_hard_seed_000086.yaml,86,hard,8,4,12,True,4.6102,-4.347275,2.327624,1.778529,-2.500769,-1.163535,,,,,v2,train,0,0.40
train,/root/leo_ws/src/leo_pybullet/worlds/benchmark_v2/train/world_easy_seed_000297.yaml,297,easy,4,4,8,False,4.801,4.31973,-0.846214,-2.538892,1.926515,2.989673,,,,,v2,train,general_replay,0.40
train,/root/leo_ws/src/leo_pybullet/worlds/benchmark_v4_hard/train/world_easy_double_block_seed_300024.yaml,300024,easy,5,4,9,True,9.0798,-0.892852,4.050463,-1.872915,-4.0108,-3.538463,double_block,8.2045,1.1067,2,v4,train,0,0.45
train,/root/leo_ws/src/leo_pybullet/worlds/benchmark_v2/train/world_medium_seed_000016.yaml,16,medium,7,4,11,True,6.4341,-1.871079,-2.378191,1.325761,-4.299074,3.080989,,,,,v2,train,general_replay,0.40
train,/root/leo_ws/src/leo_pybullet/worlds/benchmark_v4_hard/train/world_medium_direct_block_seed_300418.yaml,300418,medium,6,4,10,True,7.9872,2.75741,0.909325,2.777238,-3.570878,3.743192,direct_block,6.9338,1.1519,1,v4_focused,train,2,focused_failure
train,/root/leo_ws/src/leo_pybullet/worlds/benchmark_v4_hard/train/world_easy_double_block_seed_300108.yaml,300108,easy,3,4,7,True,6.481,-1.880327,4.198565,-1.272638,0.106514,-0.828025,double_block,5.405,1.1991,2,v4,train,0,0.45
train,/root/leo_ws/src/leo_pybullet/worlds/benchmark_v2/train/world_medium_seed_000040.yaml,40,medium,8,4,12,False,3.8571,0.208562,-2.215976,-1.845159,1.431655,1.192752,,,,,v2,train,general_replay,0.40
train,/root/leo_ws/src/leo_pybullet/worlds/benchmark_v4_hard/train/world_medium_double_block_seed_300088.yaml,300088,medium,9,4,13,True,5.8925,3.335837,-0.614888,2.022429,1.602172,3.644733,double_block,4.5989,1.2813,2,v4,train,0,0.45
train,/root/leo_ws/src/leo_pybullet/worlds/benchmark_v4_hard/train/world_medium_double_block_seed_300085.yaml,300085,medium,7,4,11,True,7.6261,3.106055,-0.482938,2.976326,-2.355746,0.865207,double_block,5.6257,1.3556,2,v4_focused,train,1,focused_failure
train,/root/leo_ws/src/leo_pybullet/worlds/benchmark_v4_hard/train/world_hard_double_block_seed_300020.yaml,300020,hard,12,4,16,True,8.1804,-1.960542,-1.085359,0.629666,3.186043,3.477221,double_block,6.8778,1.1894,2,v4,train,0,0.45
train,/root/leo_ws/src/leo_pybullet/worlds/benchmark_v4_hard/train/world_medium_direct_block_seed_300130.yaml,300130,medium,6,4,10,True,6.4914,-1.606356,-2.476793,1.814494,-2.716446,3.195543,direct_block,5.7799,1.1231,1,v4,train,0,0.45
train,/root/leo_ws/src/leo_pybullet/worlds/benchmark_v2/train/world_medium_seed_000166.yaml,166,medium,6,4,10,True,6.4067,-0.80859,-4.243942,0.426589,3.011414,-0.110216,,,,,v2,train,general_replay,0.40
train,/root/leo_ws/src/leo_pybullet/worlds/benchmark_v4_hard/train/world_hard_double_block_seed_300320.yaml,300320,hard,10,4,14,True,6.249,-3.188457,3.524792,-1.01564,-0.650338,-0.432942,double_block,4.7017,1.3291,2,v4,train,0,0.45
train,/root/leo_ws/src/leo_pybullet/worlds/benchmark_v2/train/world_hard_seed_000086.yaml,86,hard,8,4,12,True,4.6102,-4.347275,2.327624,1.778529,-2.500769,-1.163535,,,,,v2,train,general_replay,0.40
train,/root/leo_ws/src/leo_pybullet/worlds/benchmark_v4_hard/train/world_hard_double_block_seed_300056.yaml,300056,hard,12,4,16,True,7.6227,-1.630143,4.243983,-1.809857,-3.266632,-1.42817,double_block,5.9035,1.2912,2,v4,train,0,0.45
train,/root/leo_ws/src/leo_pybullet/worlds/benchmark_v4_hard/train/world_hard_double_block_seed_300380.yaml,300380,hard,11,4,15,True,6.409,-3.422224,2.123096,0.069779,1.227689,1.870886,double_block,4.6567,1.3763,2,v4_focused,train,2,focused_failure
train,/root/leo_ws/src/leo_pybullet/worlds/benchmark_v2/train/world_easy_seed_000099.yaml,99,easy,3,4,7,False,4.4971,0.86512,-2.346714,1.439044,-3.190774,-3.596767,,,,,v2,train,general_replay,0.40
train,/root/leo_ws/src/leo_pybullet/worlds/benchmark_v3_curriculum/train/world_hard_direct_block_seed_000158.yaml,158,hard,6,4,10,True,5.6753,0.541218,3.813634,-1.269799,2.200053,-0.3231,direct_block,4.4569,1.2734,,v3,train,general_replay,0.15
train,/root/leo_ws/src/leo_pybullet/worlds/benchmark_v2/train/world_hard_seed_000260.yaml,260,hard,9,4,13,True,5.3884,-0.80594,0.757675,1.582851,-2.510475,-3.832089,,,,,v2,train,general_replay,0.40
train,/root/leo_ws/src/leo_pybullet/worlds/benchmark_v2/train/world_medium_seed_000187.yaml,187,medium,7,4,11,True,5.8594,2.643986,-3.015102,0.308546,2.639655,2.745056,,,,,v2,train,general_replay,0.40
train,/root/leo_ws/src/leo_pybullet/worlds/benchmark_v2/train/world_medium_seed_000019.yaml,19,medium,5,4,9,True,4.7039,0.178056,0.099978,-1.323459,-0.926248,4.322307,,,,,v2,train,0,0.40
train,/root/leo_ws/src/leo_pybullet/worlds/benchmark_v3_curriculum/train/world_easy_direct_block_seed_000138.yaml,138,easy,1,4,5,True,4.3702,-1.003826,3.798751,-1.798169,-1.687372,0.189667,direct_block,3.6732,1.1897,,v3,train,general_replay,0.15
train,/root/leo_ws/src/leo_pybullet/worlds/benchmark_v3_curriculum/train/world_medium_direct_block_seed_000229.yaml,229,medium,4,4,8,True,6.6547,-3.065782,3.47257,-1.124127,-0.596927,-1.992747,direct_block,5.9971,1.1097,,v3,train,0,0.15
train,/root/leo_ws/src/leo_pybullet/worlds/benchmark_v2/train/world_hard_seed_000047.yaml,47,hard,10,4,14,True,3.9645,0.466669,0.615878,0.726093,-2.110377,-0.986954,,,,,v2,train,0,0.40
train,/root/leo_ws/src/leo_pybullet/worlds/benchmark_v2/train/world_hard_seed_000194.yaml,194,hard,12,4,16,True,4.6102,-3.023669,-0.985426,1.496865,-2.159826,2.842189,,,,,v2,train,general_replay,0.40
train,/root/leo_ws/src/leo_pybullet/worlds/benchmark_v4_hard/train/world_medium_double_block_seed_300121.yaml,300121,medium,6,4,10,True,6.009,-3.744695,3.849913,-1.053545,-1.098891,0.105765,double_block,4.5846,1.3107,2,v4_focused,train,1,focused_failure
train,/root/leo_ws/src/leo_pybullet/worlds/benchmark_v2/train/world_hard_seed_000071.yaml,71,hard,10,4,14,True,7.6843,2.598168,-2.045101,-1.889551,-3.003367,2.232962,,,,,v2,train,0,0.40
train,/root/leo_ws/src/leo_pybullet/worlds/benchmark_v4_hard/train/world_hard_direct_block_seed_300410.yaml,300410,hard,14,4,18,True,9.1233,0.329518,1.744139,-2.176957,-3.184785,-4.180367,direct_block,6.8884,1.3244,1,v4,train,0,0.45
train,/root/leo_ws/src/leo_pybullet/worlds/benchmark_v2/train/world_hard_seed_000125.yaml,125,hard,9,4,13,True,6.4171,0.935321,1.000254,-2.169131,-4.312935,1.816216,,,,,v2,train,0,0.40
train,/root/leo_ws/src/leo_pybullet/worlds/benchmark_v2/train/world_easy_seed_000123.yaml,123,easy,2,4,6,False,5.512,2.339921,-2.030982,-0.759484,2.944981,3.260984,,,,,v2,train,general_replay,0.40
train,/root/leo_ws/src/leo_pybullet/worlds/benchmark_v3_curriculum/train/world_hard_direct_block_seed_000002.yaml,2,hard,4,4,8,True,4.7622,-3.471529,-1.181011,1.461223,-2.812789,2.626177,direct_block,3.8638,1.2325,,v3,train,general_replay,0.15
train,/root/leo_ws/src/leo_pybullet/worlds/benchmark_v4_hard/train/world_medium_double_block_seed_300400.yaml,300400,medium,8,4,12,True,9.6706,-3.715244,3.828842,-0.773911,1.710823,-2.648914,double_block,8.4501,1.1444,2,v4,train,0,0.45
train,/root/leo_ws/src/leo_pybullet/worlds/benchmark_v3_curriculum/train/world_hard_direct_block_seed_000140.yaml,140,hard,4,4,8,True,7.369,-2.326425,0.127016,-0.146931,4.241272,-1.005254,direct_block,6.6646,1.1057,,v3,train,0,0.15
train,/root/leo_ws/src/leo_pybullet/worlds/benchmark_v2/train/world_easy_seed_000072.yaml,72,easy,2,4,6,False,3.9725,2.073757,-2.72948,-1.213084,1.730607,1.042169,,,,,v2,train,0,0.40
train,/root/leo_ws/src/leo_pybullet/worlds/benchmark_v4_hard/train/world_easy_clear_seed_300291.yaml,300291,easy,3,4,7,False,8.7929,2.643749,-3.939361,1.818413,-0.196813,3.66172,clear,8.1145,1.0836,0,v4,train,0,0.45
train,/root/leo_ws/src/leo_pybullet/worlds/benchmark_v2/train/world_hard_seed_000107.yaml,107,hard,9,4,13,True,5.0353,3.975527,-0.656382,-1.284205,0.38264,-3.27183,,,,,v2,train,0,0.40
train,/root/leo_ws/src/leo_pybullet/worlds/benchmark_v3_curriculum/train/world_easy_direct_block_seed_000057.yaml,57,easy,1,4,5,True,5.3084,-1.080961,-0.865421,2.085126,-3.324947,3.247105,direct_block,4.6849,1.1331,,v3,train,general_replay,0.15
train,/root/leo_ws/src/leo_pybullet/worlds/benchmark_v2/train/world_easy_seed_000234.yaml,234,easy,3,4,7,True,3.5839,-3.849124,0.69997,2.32611,-0.772041,1.820999,,,,,v2,train,general_replay,0.40
train,/root/leo_ws/src/leo_pybullet/worlds/benchmark_v4_hard/train/world_easy_clear_seed_300243.yaml,300243,easy,4,4,8,False,7.3918,-2.257092,-1.086948,0.584499,3.754915,2.281656,clear,6.8914,1.0726,0,v4,train,0,0.45
train,/root/leo_ws/src/leo_pybullet/worlds/benchmark_v2/train/world_hard_seed_000233.yaml,233,hard,9,4,13,True,6.5529,2.610712,-0.138212,-1.453505,-2.572062,2.897453,,,,,v2,train,0,0.40
train,/root/leo_ws/src/leo_pybullet/worlds/benchmark_v2/train/world_easy_seed_000066.yaml,66,easy,2,4,6,False,6.2159,3.686941,2.496498,1.780012,-1.791842,4.162399,,,,,v2,train,general_replay,0.40
train,/root/leo_ws/src/leo_pybullet/worlds/benchmark_v3_curriculum/train/world_hard_direct_block_seed_000236.yaml,236,hard,6,4,10,True,6.1553,-1.09972,4.166887,-1.660301,-1.249873,-1.010437,direct_block,5.1795,1.1884,,v3,train,0,0.15
train,/root/leo_ws/src/leo_pybullet/worlds/benchmark_v4_hard/train/world_medium_double_block_seed_300037.yaml,300037,medium,8,4,12,True,7.6535,-3.600502,3.222485,-0.535202,1.975346,0.291676,double_block,6.2992,1.215,2,v4_focused,train,1,focused_failure
train,/root/leo_ws/src/leo_pybullet/worlds/benchmark_v4_hard/train/world_hard_direct_block_seed_300398.yaml,300398,hard,10,4,14,True,5.6971,-2.032616,0.426662,0.79411,0.773182,4.011763,direct_block,4.5525,1.2514,1,v4_focused,train,1,focused_failure
train,/root/leo_ws/src/leo_pybullet/worlds/benchmark_v3_curriculum/train/world_medium_direct_block_seed_000253.yaml,253,medium,4,4,8,True,4.8445,0.273507,-0.790444,2.653791,-3.009802,1.325242,direct_block,3.9059,1.2403,,v3,train,general_replay,0.15
train,/root/leo_ws/src/leo_pybullet/worlds/benchmark_v2/train/world_easy_seed_000252.yaml,252,easy,4,4,8,True,5.7472,-0.386063,-2.056472,2.901917,2.738875,2.022757,,,,,v2,train,general_replay,0.40
train,/root/leo_ws/src/leo_pybullet/worlds/benchmark_v3_curriculum/train/world_easy_clear_seed_000099.yaml,99,easy,2,4,6,False,4.4502,-1.013603,0.845232,-1.955197,-2.292767,-3.117423,clear,4.164,1.0687,,v3,train,0,0.15
train,/root/leo_ws/src/leo_pybullet/worlds/benchmark_v4_hard/train/world_medium_double_block_seed_300028.yaml,300028,medium,7,4,11,True,8.9643,-1.410634,2.478793,-0.816045,3.495932,-3.773114,double_block,7.9474,1.128,2,v4_focused,train,2,focused_failure
train,/root/leo_ws/src/leo_pybullet/worlds/benchmark_v2/train/world_hard_seed_000095.yaml,95,hard,12,4,16,True,4.2102,4.324789,0.341223,-0.037864,3.789334,-3.233593,,,,,v2,train,0,0.40
train,/root/leo_ws/src/leo_pybullet/worlds/benchmark_v2/train/world_medium_seed_000196.yaml,196,medium,5,4,9,False,5.1986,-2.530903,-0.665306,2.021573,1.288074,2.610075,,,,,v2,train,0,0.40
train,/root/leo_ws/src/leo_pybullet/worlds/benchmark_v2/train/world_easy_seed_000138.yaml,138,easy,2,4,6,False,3.8125,3.888134,-1.727075,-1.978686,0.19413,-2.003558,,,,,v2,train,general_replay,0.40
train,/root/leo_ws/src/leo_pybullet/worlds/benchmark_v2/train/world_easy_seed_000222.yaml,222,easy,2,4,6,True,6.5382,-1.6867,-4.09602,-0.368796,-2.409919,2.089777,,,,,v2,train,0,0.40
train,/root/leo_ws/src/leo_pybullet/worlds/benchmark_v4_hard/train/world_easy_direct_block_seed_300402.yaml,300402,easy,5,4,9,True,5.6696,-2.618451,3.617085,-0.599557,0.851713,0.520369,direct_block,4.651,1.219,1,v4,train,0,0.45
train,/root/leo_ws/src/leo_pybullet/worlds/benchmark_v3_curriculum/train/world_hard_direct_block_seed_000185.yaml,185,hard,4,4,8,True,5.0571,-2.960555,-1.710586,0.365359,0.786422,-0.202894,direct_block,4.0389,1.2521,,v3,train,0,0.15
train,/root/leo_ws/src/leo_pybullet/worlds/benchmark_v3_curriculum/train/world_easy_direct_block_seed_000153.yaml,153,easy,2,4,6,True,4.9108,0.562305,0.829135,1.012088,2.886158,4.042526,direct_block,3.9656,1.2383,,v3,train,general_replay,0.15
train,/root/leo_ws/src/leo_pybullet/worlds/benchmark_v2/train/world_hard_seed_000077.yaml,77,hard,10,4,14,True,3.8845,-2.257706,2.806236,0.363763,-3.348956,-0.20674,,,,,v2,train,0,0.40
train,/root/leo_ws/src/leo_pybullet/worlds/benchmark_v2/train/world_medium_seed_000082.yaml,82,medium,6,4,10,False,5.9953,-2.897245,-2.082428,-0.178684,2.288573,-4.059666,,,,,v2,train,general_replay,0.40
train,/root/leo_ws/src/leo_pybullet/worlds/benchmark_v4_hard/train/world_easy_direct_block_seed_300234.yaml,300234,easy,4,4,8,True,6.329,-0.422336,3.532081,-1.615588,-0.443276,-2.069824,direct_block,5.6019,1.1298,1,v4,train,0,0.45
train,/root/leo_ws/src/leo_pybullet/worlds/benchmark_v4_hard/train/world_hard_double_block_seed_300269.yaml,300269,hard,11,4,15,True,9.2398,-3.772859,2.682947,0.080632,3.977873,3.438966,double_block,7.7875,1.1865,2,v4_focused,train,2,focused_failure
train,/root/leo_ws/src/leo_pybullet/worlds/benchmark_v2/train/world_hard_seed_000257.yaml,257,hard,10,4,14,True,9.9323,-4.30967,1.965914,2.239695,2.286796,-3.239173,,,,,v2,train,general_replay,0.40
train,/root/leo_ws/src/leo_pybullet/worlds/benchmark_v4_hard/train/world_hard_double_block_seed_300233.yaml,300233,hard,13,4,17,True,7.049,0.080284,1.265958,-0.77763,4.121935,-2.829653,double_block,5.754,1.2251,2,v4_focused,train,2,focused_failure
train,/root/leo_ws/src/leo_pybullet/worlds/benchmark_v3_curriculum/train/world_hard_direct_block_seed_000242.yaml,242,hard,5,4,9,True,6.3759,1.819679,-2.789396,2.47466,-2.524417,0.275328,direct_block,5.3164,1.1993,,v3,train,0,0.15
train,/root/leo_ws/src/leo_pybullet/worlds/benchmark_v3_curriculum/train/world_easy_direct_block_seed_000273.yaml,273,easy,1,4,5,True,5.1176,1.926844,4.207889,-3.01158,-2.243223,3.40625,direct_block,4.2464,1.2052,,v3,train,0,0.15
train,/root/leo_ws/src/leo_pybullet/worlds/benchmark_v4_hard/train/world_easy_double_block_seed_300081.yaml,300081,easy,4,4,8,True,7.2502,4.17009,1.860809,2.945227,-1.933059,3.727606,double_block,6.3823,1.136,2,v4_focused,train,3,focused_failure
train,/root/leo_ws/src/leo_pybullet/worlds/benchmark_v4_hard/train/world_medium_direct_block_seed_300430.yaml,300430,medium,8,4,12,True,7.369,-2.003791,-3.10571,1.588849,-2.172165,3.387613,direct_block,6.4955,1.1345,1,v4,train,0,0.45
train,/root/leo_ws/src/leo_pybullet/worlds/benchmark_v2/train/world_hard_seed_000299.yaml,299,hard,10,4,14,True,4.9496,-2.718305,-0.371137,2.067856,0.186283,2.58416,,,,,v2,train,general_replay,0.40
train,/root/leo_ws/src/leo_pybullet/worlds/benchmark_v2/train/world_hard_seed_000188.yaml,188,hard,9,4,13,True,6.4341,2.842851,-4.003205,1.056305,-0.859019,0.081105,,,,,v2,train,general_replay,0.40
train,/root/leo_ws/src/leo_pybullet/worlds/benchmark_v2/train/world_easy_seed_000213.yaml,213,easy,2,4,6,True,7.1678,-1.87745,-2.7067,-2.13554,0.367938,3.588455,,,,,v2,train,general_replay,0.40
train,/root/leo_ws/src/leo_pybullet/worlds/benchmark_v4_hard/train/world_medium_double_block_seed_300337.yaml,300337,medium,8,4,12,True,8.7622,1.921472,3.291919,-1.249973,3.938429,-4.223527,double_block,7.7814,1.126,2,v4_focused,train,3,focused_failure
train,/root/leo_ws/src/leo_pybullet/worlds/benchmark_v3_curriculum/train/world_easy_direct_block_seed_000165.yaml,165,easy,1,4,5,True,4.5245,-3.72486,1.850885,-0.469868,-0.594675,-0.053675,direct_block,3.6641,1.2348,,v3,train,0,0.15
train,/root/leo_ws/src/leo_pybullet/worlds/benchmark_v4_hard/train/world_hard_double_block_seed_300197.yaml,300197,hard,14,4,18,True,9.4135,-4.081192,-1.123609,0.319067,3.432856,1.620687,double_block,7.9995,1.1768,2,v4_focused,train,4,focused_failure
train,/root/leo_ws/src/leo_pybullet/worlds/benchmark_v4_hard/train/world_easy_clear_seed_300123.yaml,300123,easy,4,4,8,False,4.9667,-1.452935,-4.102731,2.117512,-4.161684,-0.276693,clear,4.6878,1.0595,0,v4,train,0,0.45
train,/root/leo_ws/src/leo_pybullet/worlds/benchmark_v4_hard/train/world_medium_double_block_seed_300124.yaml,300124,medium,8,4,12,True,6.5771,1.749636,-3.357842,2.356307,-2.447112,-0.171617,double_block,5.2692,1.2482,2,v4,train,0,0.45
train,/root/leo_ws/src/leo_pybullet/worlds/benchmark_v4_hard/train/world_hard_double_block_seed_300344.yaml,300344,hard,13,4,17,True,8.8833,3.755199,-0.989608,-2.725941,-3.059585,-3.894395,double_block,7.408,1.1991,2,v4_focused,train,0,focused_failure
train,/root/leo_ws/src/leo_pybullet/worlds/benchmark_v4_hard/train/world_easy_direct_block_seed_300054.yaml,300054,easy,3,4,7,True,6.7872,2.031415,0.306681,2.641012,-3.368701,3.11524,direct_block,6.0868,1.1151,1,v4,train,0,0.45
train,/root/leo_ws/src/leo_pybullet/worlds/benchmark_v2/train/world_easy_seed_000294.yaml,294,easy,2,4,6,True,8.009,3.727268,3.64457,0.431022,-3.55915,1.86193,,,,,v2,train,general_replay,0.40
train,/root/leo_ws/src/leo_pybullet/worlds/benchmark_v3_curriculum/train/world_hard_direct_block_seed_000188.yaml,188,hard,6,4,10,True,6.3872,4.098989,-3.334375,2.008382,1.642713,1.854198,direct_block,5.7406,1.1126,,v3,train,0,0.15
train,/root/leo_ws/src/leo_pybullet/worlds/benchmark_v4_hard/train/world_medium_double_block_seed_300025.yaml,300025,medium,9,4,13,True,7.3472,2.436438,-2.7551,-3.134501,-3.911782,-3.62189,double_block,6.4071,1.1467,2,v4_focused,train,1,focused_failure
train,/root/leo_ws/src/leo_pybullet/worlds/benchmark_v3_curriculum/train/world_hard_direct_block_seed_000134.yaml,134,hard,5,4,9,True,8.7929,4.219601,3.856327,-2.814908,-3.37727,1.952757,direct_block,7.8317,1.1227,,v3,train,general_replay,0.15
train,/root/leo_ws/src/leo_pybullet/worlds/benchmark_v2/train/world_medium_seed_000154.yaml,154,medium,6,4,10,False,5.1063,2.524334,-0.118204,2.422398,-2.542377,0.074345,,,,,v2,train,0,0.40
train,/root/leo_ws/src/leo_pybullet/worlds/benchmark_v2/train/world_easy_seed_000246.yaml,246,easy,2,4,6,False,5.4741,1.919312,-3.778681,-1.043088,-0.516314,0.657509,,,,,v2,train,0,0.40
train,/root/leo_ws/src/leo_pybullet/worlds/benchmark_v2/train/world_easy_seed_000252.yaml,252,easy,4,4,8,True,5.7472,-0.386063,-2.056472,2.901917,2.738875,2.022757,,,,,v2,train,0,0.40
train,/root/leo_ws/src/leo_pybullet/worlds/benchmark_v2/train/world_medium_seed_000010.yaml,10,medium,5,4,9,True,6.409,0.679394,-2.556945,0.964296,2.725895,2.815223,,,,,v2,train,general_replay,0.40
train,/root/leo_ws/src/leo_pybullet/worlds/benchmark_v4_hard/train/world_medium_direct_block_seed_300082.yaml,300082,medium,8,4,12,True,6.4478,-0.510597,3.563425,-1.809948,-1.816752,-1.967238,direct_block,5.6828,1.1346,1,v4,train,0,0.45
train,/root/leo_ws/src/leo_pybullet/worlds/benchmark_v4_hard/train/world_hard_double_block_seed_300377.yaml,300377,hard,14,4,18,True,9.5049,1.499979,-3.56036,1.343737,3.369602,3.502599,double_block,7.3062,1.3009,2,v4_focused,train,0,focused_failure
train,/root/leo_ws/src/leo_pybullet/worlds/benchmark_v4_hard/train/world_hard_double_block_seed_300257.yaml,300257,hard,12,4,16,True,8.7267,-2.235886,-0.347993,0.448119,4.078854,2.90771,double_block,7.1046,1.2283,2,v4_focused,train,4,focused_failure
train,/root/leo_ws/src/leo_pybullet/worlds/benchmark_v2/train/world_hard_seed_000119.yaml,119,hard,10,4,14,True,8.2102,-0.585471,-3.660112,3.08228,-0.625691,4.03592,,,,,v2,train,0,0.40
train,/root/leo_ws/src/leo_pybullet/worlds/benchmark_v3_curriculum/train/world_easy_clear_seed_000003.yaml,3,easy,1,4,5,False,4.1198,0.787448,-3.141406,0.829978,3.535531,-0.220545,clear,4.0104,1.0273,,v3,train,general_replay,0.15
train,/root/leo_ws/src/leo_pybullet/worlds/benchmark_v2/train/world_medium_seed_000265.yaml,265,medium,8,4,12,True,6.0753,4.329512,-1.910575,-2.860778,1.420872,2.35362,,,,,v2,train,0,0.40
train,/root/leo_ws/src/leo_pybullet/worlds/benchmark_v2/train/world_hard_seed_000092.yaml,92,hard,11,4,15,True,7.7416,3.282973,2.281276,-2.143224,-3.528138,0.197222,,,,,v2,train,general_replay,0.40
train,/root/leo_ws/src/leo_pybullet/worlds/benchmark_v4_hard/train/world_medium_double_block_seed_300121.yaml,300121,medium,6,4,10,True,6.009,-3.744695,3.849913,-1.053545,-1.098891,0.105765,double_block,4.5846,1.3107,2,v4_focused,train,0,focused_failure
train,/root/leo_ws/src/leo_pybullet/worlds/benchmark_v2/train/world_medium_seed_000076.yaml,76,medium,7,4,11,True,5.3576,-1.899808,2.19767,-1.038901,-0.537745,-2.340031,,,,,v2,train,general_replay,0.40
train,/root/leo_ws/src/leo_pybullet/worlds/benchmark_v2/train/world_medium_seed_000034.yaml,34,medium,7,4,11,False,4.7725,2.986938,3.468208,2.820148,3.325023,-1.177147,,,,,v2,train,0,0.40
train,/root/leo_ws/src/leo_pybullet/worlds/benchmark_v2/train/world_easy_seed_000168.yaml,168,easy,4,4,8,True,6.0971,0.399348,3.127914,0.732661,-0.001822,-2.452252,,,,,v2,train,0,0.40
train,/root/leo_ws/src/leo_pybullet/worlds/benchmark_v4_hard/train/world_hard_double_block_seed_300176.yaml,300176,hard,11,4,15,True,10.3072,-2.806119,3.500404,-1.564162,-2.265325,-3.253825,double_block,6.7758,1.5212,2,v4,train,0,0.45
train,/root/leo_ws/src/leo_pybullet/worlds/benchmark_v4_hard/train/world_hard_double_block_seed_300056.yaml,300056,hard,12,4,16,True,7.6227,-1.630143,4.243983,-1.809857,-3.266632,-1.42817,double_block,5.9035,1.2912,2,v4_focused,train,2,focused_failure
train,/root/leo_ws/src/leo_pybullet/worlds/benchmark_v4_hard/train/world_hard_direct_block_seed_300386.yaml,300386,hard,12,4,16,True,11.4604,-4.094212,2.217938,-1.258433,-2.791234,-2.699095,direct_block,5.0867,2.253,1,v4_focused,train,2,focused_failure
train,/root/leo_ws/src/leo_pybullet/worlds/benchmark_v2/train/world_hard_seed_000110.yaml,110,hard,11,4,15,True,8.7096,-4.236895,3.412636,-1.688074,3.908494,2.549014,,,,,v2,train,general_replay,0.40
train,/root/leo_ws/src/leo_pybullet/worlds/benchmark_v4_hard/train/world_hard_double_block_seed_300380.yaml,300380,hard,11,4,15,True,6.409,-3.422224,2.123096,0.069779,1.227689,1.870886,double_block,4.6567,1.3763,2,v4_focused,train,6,focused_failure
train,/root/leo_ws/src/leo_pybullet/worlds/benchmark_v2/train/world_hard_seed_000143.yaml,143,hard,9,4,13,False,5.129,-3.951393,-2.383117,-0.031762,-2.222678,2.0279,,,,,v2,train,0,0.40
train,/root/leo_ws/src/leo_pybullet/worlds/benchmark_v3_curriculum/train/world_medium_direct_block_seed_000160.yaml,160,medium,2,4,6,True,4.4227,0.036381,-0.854462,-0.047007,3.565163,-1.262516,direct_block,3.5523,1.245,,v3,train,0,0.15
train,/root/leo_ws/src/leo_pybullet/worlds/benchmark_v4_hard/train/world_hard_direct_block_seed_300074.yaml,300074,hard,11,4,15,True,6.6902,4.098706,-1.829141,2.550945,0.302958,1.322619,direct_block,4.9337,1.356,1,v4,train,0,0.45
train,/root/leo_ws/src/leo_pybullet/worlds/benchmark_v4_hard/train/world_hard_double_block_seed_300308.yaml,300308,hard,12,4,16,True,7.2147,-3.36513,-2.530511,1.611294,-3.933956,2.995847,double_block,5.5556,1.2986,2,v4,train,0,0.45
train,/root/leo_ws/src/leo_pybullet/worlds/benchmark_v4_hard/train/world_easy_double_block_seed_300381.yaml,300381,easy,5,4,9,True,6.1576,0.730153,-3.818305,2.970569,-4.01403,-2.368283,double_block,4.9608,1.2413,2,v4_focused,train,1,focused_failure
train,/root/leo_ws/src/leo_pybullet/worlds/benchmark_v2/train/world_hard_seed_000266.yaml,266,hard,8,4,12,True,4.9165,1.527407,-0.472339,0.582834,-2.654478,-1.022589,,,,,v2,train,0,0.40
train,/root/leo_ws/src/leo_pybullet/worlds/benchmark_v4_hard/train/world_hard_clear_seed_300167.yaml,300167,hard,14,4,18,False,8.1814,1.994743,-1.279584,2.36798,-4.212423,3.617359,clear,7.9063,1.0348,0,v4,train,0,0.45
train,/root/leo_ws/src/leo_pybullet/worlds/benchmark_v3_curriculum/train/world_medium_direct_block_seed_000034.yaml,34,medium,4,4,8,True,6.7541,-1.350362,0.714414,-0.81844,2.741546,-3.429804,direct_block,5.8239,1.1597,,v3,train,0,0.15
train,/root/leo_ws/src/leo_pybullet/worlds/benchmark_v3_curriculum/train/world_hard_clear_seed_000083.yaml,83,hard,5,4,9,False,7.5712,2.922246,-0.34068,-2.526261,-3.161046,-3.957605,clear,7.0773,1.0698,,v3,train,0,0.15
train,/root/leo_ws/src/leo_pybullet/worlds/benchmark_v4_hard/train/world_easy_clear_seed_300339.yaml,300339,easy,4,4,8,False,7.8741,-2.81579,4.008121,-1.242363,-0.400909,-2.838457,clear,7.26,1.0846,0,v4,train,0,0.45
train,/root/leo_ws/src/leo_pybullet/worlds/benchmark_v2/train/world_hard_seed_000062.yaml,62,hard,12,4,16,True,8.2386,4.094472,-2.278454,-0.906201,-0.306657,3.460526,,,,,v2,train,0,0.40
train,/root/leo_ws/src/leo_pybullet/worlds/benchmark_v4_hard/train/world_medium_direct_block_seed_300394.yaml,300394,medium,6,4,10,True,10.0157,-3.940029,2.403539,-0.915322,2.14065,-4.133237,direct_block,8.9277,1.1219,1,v4,train,0,0.45
train,/root/leo_ws/src/leo_pybullet/worlds/benchmark_v4_hard/train/world_hard_direct_block_seed_300122.yaml,300122,hard,12,4,16,True,6.2547,1.419676,1.285263,2.621639,-3.180597,3.778378,direct_block,5.2324,1.1954,1,v4,train,0,0.45
train,/root/leo_ws/src/leo_pybullet/worlds/benchmark_v4_hard/train/world_medium_double_block_seed_300037.yaml,300037,medium,8,4,12,True,7.6535,-3.600502,3.222485,-0.535202,1.975346,0.291676,double_block,6.2992,1.215,2,v4_focused,train,4,focused_failure
train,/root/leo_ws/src/leo_pybullet/worlds/benchmark_v4_hard/train/world_easy_direct_block_seed_300222.yaml,300222,easy,4,4,8,True,5.4959,0.096525,-0.193233,2.096689,-1.871131,4.087507,direct_block,4.7113,1.1665,1,v4_focused,train,1,focused_failure
train,/root/leo_ws/src/leo_pybullet/worlds/benchmark_v2/train/world_easy_seed_000030.yaml,30,easy,4,4,8,False,3.8022,0.965729,1.060322,-2.837009,2.845367,4.149279,,,,,v2,train,0,0.40
train,/root/leo_ws/src/leo_pybullet/worlds/benchmark_v4_hard/train/world_medium_double_block_seed_300337.yaml,300337,medium,8,4,12,True,8.7622,1.921472,3.291919,-1.249973,3.938429,-4.223527,double_block,7.7814,1.126,2,v4,train,0,0.45
train,/root/leo_ws/src/leo_pybullet/worlds/benchmark_v2/train/world_easy_seed_000225.yaml,225,easy,4,4,8,False,6.3574,-2.802599,1.667033,-0.834464,0.948119,-3.176779,,,,,v2,train,general_replay,0.40
train,/root/leo_ws/src/leo_pybullet/worlds/benchmark_v2/train/world_easy_seed_000150.yaml,150,easy,3,4,7,False,3.9896,3.744224,-0.495809,2.045001,2.175399,-3.904291,,,,,v2,train,general_replay,0.40
train,/root/leo_ws/src/leo_pybullet/worlds/benchmark_v3_curriculum/train/world_easy_direct_block_seed_000030.yaml,30,easy,2,4,6,True,4.3645,0.943528,1.035946,0.945343,2.779956,4.053893,direct_block,3.5328,1.2354,,v3,train,0,0.15
train,/root/leo_ws/src/leo_pybullet/worlds/benchmark_v3_curriculum/train/world_medium_direct_block_seed_000052.yaml,52,medium,3,4,7,True,4.9302,-3.786557,1.918125,0.449981,-0.137175,3.754648,direct_block,4.0854,1.2068,,v3,train,0,0.15
train,/root/leo_ws/src/leo_pybullet/worlds/benchmark_v2/train/world_medium_seed_000079.yaml,79,medium,6,4,10,True,6.5108,-3.774422,-4.091301,1.366026,-3.393901,1.964116,,,,,v2,train,0,0.40
train,/root/leo_ws/src/leo_pybullet/worlds/benchmark_v4_hard/train/world_easy_clear_seed_300255.yaml,300255,easy,4,4,8,False,5.0982,4.24227,2.521677,2.948457,-0.534239,3.264519,clear,4.8339,1.0547,0,v4,train,0,0.45
train,/root/leo_ws/src/leo_pybullet/worlds/benchmark_v4_hard/train/world_medium_double_block_seed_300121.yaml,300121,medium,6,4,10,True,6.009,-3.744695,3.849913,-1.053545,-1.098891,0.105765,double_block,4.5846,1.3107,2,v4,train,0,0.45
train,/root/leo_ws/src/leo_pybullet/worlds/benchmark_v2/train/world_medium_seed_000271.yaml,271,medium,8,4,12,False,7.0627,-1.398561,-2.828844,-0.128214,0.233591,3.596233,,,,,v2,train,0,0.40
train,/root/leo_ws/src/leo_pybullet/worlds/benchmark_v2/train/world_hard_seed_000038.yaml,38,hard,11,4,15,True,4.152,0.316565,1.620136,-2.987166,3.996901,0.997567,,,,,v2,train,general_replay,0.40
train,/root/leo_ws/src/leo_pybullet/worlds/benchmark_v3_curriculum/train/world_easy_direct_block_seed_000198.yaml,198,easy,1,4,5,True,5.0822,0.615568,-0.165924,1.371914,1.450641,4.145543,direct_block,4.3916,1.1572,,v3,train,0,0.15
train,/root/leo_ws/src/leo_pybullet/worlds/benchmark_v2/train/world_medium_seed_000013.yaml,13,medium,7,4,11,True,6.5496,1.445814,3.212309,-2.696574,1.226327,-2.719845,,,,,v2,train,0,0.40
train,/root/leo_ws/src/leo_pybullet/worlds/benchmark_v2/train/world_hard_seed_000221.yaml,221,hard,9,4,13,True,4.1439,-0.068592,0.501484,2.452517,2.316278,2.999756,,,,,v2,train,general_replay,0.40
train,/root/leo_ws/src/leo_pybullet/worlds/benchmark_v2/train/world_medium_seed_000292.yaml,292,medium,6,4,10,True,6.5553,0.690147,-1.535084,-0.500174,3.093956,3.723071,,,,,v2,train,general_replay,0.40
train,/root/leo_ws/src/leo_pybullet/worlds/benchmark_v2/train/world_hard_seed_000248.yaml,248,hard,11,4,15,True,5.2559,-1.52567,3.028448,-2.599285,1.655972,-0.064977,,,,,v2,train,general_replay,0.40
train,/root/leo_ws/src/leo_pybullet/worlds/benchmark_v2/train/world_hard_seed_000278.yaml,278,hard,10,4,14,True,6.6078,-3.993465,1.168918,-0.264691,1.575829,-1.213658,,,,,v2,train,general_replay,0.40
train,/root/leo_ws/src/leo_pybullet/worlds/benchmark_v2/train/world_hard_seed_000200.yaml,200,hard,8,4,12,True,7.1508,2.040188,-4.085843,2.616088,1.024083,2.598764,,,,,v2,train,general_replay,0.40
train,/root/leo_ws/src/leo_pybullet/worlds/benchmark_v2/train/world_medium_seed_000148.yaml,148,medium,8,4,12,False,4.392,2.569317,3.322369,-0.94446,3.135368,-0.818855,,,,,v2,train,general_replay,0.40
train,/root/leo_ws/src/leo_pybullet/worlds/benchmark_v3_curriculum/train/world_easy_direct_block_seed_000294.yaml,294,easy,1,4,5,True,6.8672,-2.051938,-0.376386,-0.333757,3.838037,-2.821343,direct_block,6.3773,1.0768,,v3,train,0,0.15
train,/root/leo_ws/src/leo_pybullet/worlds/benchmark_v4_hard/train/world_hard_double_block_seed_300032.yaml,300032,hard,10,4,14,True,6.9714,-1.986578,-2.008566,0.536108,2.973868,0.417735,double_block,5.522,1.2625,2,v4_focused,train,0,focused_failure
train,/root/leo_ws/src/leo_pybullet/worlds/benchmark_v4_hard/train/world_medium_double_block_seed_300433.yaml,300433,medium,7,4,11,True,6.7759,1.904947,3.565704,-3.047219,-3.812288,3.413571,double_block,5.7193,1.1847,2,v4,train,0,0.45
train,/root/leo_ws/src/leo_pybullet/worlds/benchmark_v2/train/world_medium_seed_000028.yaml,28,medium,5,4,9,False,5.5257,2.293819,-2.514982,2.860182,-3.094451,-2.932997,,,,,v2,train,general_replay,0.40
train,/root/leo_ws/src/leo_pybullet/worlds/benchmark_v4_hard/train/world_hard_double_block_seed_300116.yaml,300116,hard,12,4,16,True,6.1027,2.690691,1.215736,-1.292646,3.334631,-3.267894,double_block,4.5296,1.3473,2,v4_focused,train,0,focused_failure
train,/root/leo_ws/src/leo_pybullet/worlds/benchmark_v4_hard/train/world_hard_double_block_seed_300032.yaml,300032,hard,10,4,14,True,6.9714,-1.986578,-2.008566,0.536108,2.973868,0.417735,double_block,5.522,1.2625,2,v4_focused,train,4,focused_failure
train,/root/leo_ws/src/leo_pybullet/worlds/benchmark_v4_hard/train/world_hard_double_block_seed_300068.yaml,300068,hard,14,4,18,True,8.0284,-0.219232,-3.842323,1.253962,1.822653,1.701971,double_block,5.9083,1.3588,2,v4_focused,train,4,focused_failure
train,/root/leo_ws/src/leo_pybullet/worlds/benchmark_v4_hard/train/world_hard_double_block_seed_300032.yaml,300032,hard,10,4,14,True,6.9714,-1.986578,-2.008566,0.536108,2.973868,0.417735,double_block,5.522,1.2625,2,v4,train,0,0.45
train,/root/leo_ws/src/leo_pybullet/worlds/benchmark_v2/train/world_easy_seed_000123.yaml,123,easy,2,4,6,False,5.512,2.339921,-2.030982,-0.759484,2.944981,3.260984,,,,,v2,train,0,0.40
train,/root/leo_ws/src/leo_pybullet/worlds/benchmark_v3_curriculum/train/world_easy_clear_seed_000075.yaml,75,easy,2,4,6,False,6.4057,3.617383,-2.561806,-3.067477,-2.579731,-3.029861,clear,6.2148,1.0307,,v3,train,0,0.15
train,/root/leo_ws/src/leo_pybullet/worlds/benchmark_v2/train/world_medium_seed_000238.yaml,238,medium,7,4,11,True,9.1551,1.908349,-3.778251,-2.098279,-3.082151,3.16527,,,,,v2,train,general_replay,0.40
train,/root/leo_ws/src/leo_pybullet/worlds/benchmark_v2/train/world_hard_seed_000167.yaml,167,hard,9,4,13,True,6.7929,-1.493751,-1.537085,-2.6199,3.165281,2.094388,,,,,v2,train,general_replay,0.40
train,/root/leo_ws/src/leo_pybullet/worlds/benchmark_v2/train/world_medium_seed_000241.yaml,241,medium,5,4,9,True,4.3976,1.753828,1.834346,0.285573,-2.295833,1.300825,,,,,v2,train,general_replay,0.40
train,/root/leo_ws/src/leo_pybullet/worlds/benchmark_v2/train/world_hard_seed_000290.yaml,290,hard,12,4,16,True,8.4682,3.308799,0.81005,-0.054771,-3.196309,-3.989218,,,,,v2,train,general_replay,0.40
train,/root/leo_ws/src/leo_pybullet/worlds/benchmark_v2/train/world_medium_seed_000262.yaml,262,medium,7,4,11,False,5.8774,-0.795978,-1.364991,1.805273,3.032981,2.915347,,,,,v2,train,0,0.40
train,/root/leo_ws/src/leo_pybullet/worlds/benchmark_v4_hard/train/world_hard_clear_seed_300083.yaml,300083,hard,10,4,14,False,4.8857,0.851091,4.08972,-1.801495,0.41608,-0.594457,clear,4.7043,1.0386,0,v4,train,0,0.45
train,/root/leo_ws/src/leo_pybullet/worlds/benchmark_v2/train/world_easy_seed_000279.yaml,279,easy,3,4,7,True,7.8159,-1.723002,-3.044742,-2.551202,-0.043271,4.078771,,,,,v2,train,general_replay,0.40
train,/root/leo_ws/src/leo_pybullet/worlds/benchmark_v4_hard/train/world_medium_double_block_seed_300076.yaml,300076,medium,6,4,10,True,7.4353,4.155262,1.374126,-3.124529,-2.413219,1.796378,double_block,6.582,1.1296,2,v4,train,0,0.45
train,/root/leo_ws/src/leo_pybullet/worlds/benchmark_v2/train/world_hard_seed_000065.yaml,65,hard,11,4,15,True,7.4718,3.713267,2.835236,2.42163,-0.552732,-2.387773,,,,,v2,train,general_replay,0.40
train,/root/leo_ws/src/leo_pybullet/worlds/benchmark_v2/train/world_medium_seed_000163.yaml,163,medium,8,4,12,True,9.0855,-2.845777,3.165698,-1.850375,2.519505,-2.464075,,,,,v2,train,general_replay,0.40
train,/root/leo_ws/src/leo_pybullet/worlds/benchmark_v4_hard/train/world_hard_direct_block_seed_300110.yaml,300110,hard,12,4,16,True,5.7245,0.391462,-3.257272,1.029937,2.312919,1.104611,direct_block,4.7663,1.201,1,v4_focused,train,0,focused_failure
train,/root/leo_ws/src/leo_pybullet/worlds/benchmark_v2/train/world_easy_seed_000243.yaml,243,easy,4,4,8,False,4.2376,-3.893183,0.548871,-2.463682,-2.903361,-3.28588,,,,,v2,train,0,0.40
train,/root/leo_ws/src/leo_pybullet/worlds/benchmark_v4_hard/train/world_hard_clear_seed_300047.yaml,300047,hard,14,4,18,False,5.4651,-2.49379,0.446594,0.189514,2.717432,1.108552,clear,5.2531,1.0404,0,v4,train,0,0.45
train,/root/leo_ws/src/leo_pybullet/worlds/benchmark_v3_curriculum/train/world_hard_direct_block_seed_000005.yaml,5,hard,6,4,10,True,6.7153,-2.078717,-1.202448,0.864145,1.618798,2.902843,direct_block,5.5249,1.2154,,v3,train,general_replay,0.15
train,/root/leo_ws/src/leo_pybullet/worlds/benchmark_v4_hard/train/world_medium_clear_seed_300415.yaml,300415,medium,9,4,13,False,5.9039,1.340575,-1.171277,1.49864,2.412692,4.242221,clear,5.5186,1.0698,0,v4,train,0,0.45
train,/root/leo_ws/src/leo_pybullet/worlds/benchmark_v4_hard/train/world_easy_double_block_seed_300105.yaml,300105,easy,3,4,7,True,7.121,2.433487,-0.728335,-2.917059,-3.709477,-1.285801,double_block,6.1682,1.1545,2,v4,train,0,0.45
train,/root/leo_ws/src/leo_pybullet/worlds/benchmark_v2/train/world_hard_seed_000233.yaml,233,hard,9,4,13,True,6.5529,2.610712,-0.138212,-1.453505,-2.572062,2.897453,,,,,v2,train,general_replay,0.40
train,/root/leo_ws/src/leo_pybullet/worlds/benchmark_v2/train/world_medium_seed_000184.yaml,184,medium,7,4,11,True,6.7129,1.695931,3.740171,2.68544,-1.526414,-1.41152,,,,,v2,train,0,0.40
train,/root/leo_ws/src/leo_pybullet/worlds/benchmark_v3_curriculum/train/world_medium_direct_block_seed_000097.yaml,97,medium,2,4,6,True,5.2502,-0.603804,4.208762,-0.428951,3.54407,2.691962,direct_block,4.4165,1.1888,,v3,train,0,0.15
train,/root/leo_ws/src/leo_pybullet/worlds/benchmark_v2/train/world_easy_seed_000243.yaml,243,easy,4,4,8,False,4.2376,-3.893183,0.548871,-2.463682,-2.903361,-3.28588,,,,,v2,train,general_replay,0.40
train,/root/leo_ws/src/leo_pybullet/worlds/benchmark_v2/train/world_medium_seed_000001.yaml,1,medium,6,4,10,True,9.2351,2.629706,-3.800971,-0.174388,-3.324107,2.270373,,,,,v2,train,0,0.40
train,/root/leo_ws/src/leo_pybullet/worlds/benchmark_v4_hard/train/world_medium_direct_block_seed_300298.yaml,300298,medium,7,4,11,True,6.0753,1.497004,1.169411,-1.659009,1.504907,-3.941314,direct_block,5.1107,1.1887,1,v4,train,0,0.45
train,/root/leo_ws/src/leo_pybullet/worlds/benchmark_v2/train/world_hard_seed_000047.yaml,47,hard,10,4,14,True,3.9645,0.466669,0.615878,0.726093,-2.110377,-0.986954,,,,,v2,train,0,0.40
train,/root/leo_ws/src/leo_pybullet/worlds/benchmark_v4_hard/train/world_medium_direct_block_seed_300094.yaml,300094,medium,9,4,13,True,7.9186,-3.258769,2.682181,0.129422,3.268026,3.921574,direct_block,6.6434,1.1919,1,v4,train,0,0.45
train,/root/leo_ws/src/leo_pybullet/worlds/benchmark_v2/train/world_hard_seed_000113.yaml,113,hard,8,4,12,True,3.9565,-0.552732,-4.078969,-1.269042,-3.758894,-3.251569,,,,,v2,train,0,0.40
train,/root/leo_ws/src/leo_pybullet/worlds/benchmark_v2/train/world_easy_seed_000273.yaml,273,easy,2,4,6,False,4.0616,3.796823,-0.921352,2.596601,1.691135,2.266368,,,,,v2,train,0,0.40
train,/root/leo_ws/src/leo_pybullet/worlds/benchmark_v4_hard/train/world_easy_double_block_seed_300120.yaml,300120,easy,4,4,8,True,5.7302,-1.817651,2.456778,-0.141417,2.831409,2.189643,double_block,4.6567,1.2305,2,v4_focused,train,0,focused_failure
train,/root/leo_ws/src/leo_pybullet/worlds/benchmark_v3_curriculum/train/world_hard_direct_block_seed_000086.yaml,86,hard,4,4,8,True,4.8251,-0.773267,-4.247338,0.511176,2.274115,-2.44328,direct_block,3.5414,1.3625,,v3,train,0,0.15
train,/root/leo_ws/src/leo_pybullet/worlds/benchmark_v4_hard/train/world_hard_double_block_seed_300032.yaml,300032,hard,10,4,14,True,6.9714,-1.986578,-2.008566,0.536108,2.973868,0.417735,double_block,5.522,1.2625,2,v4_focused,train,1,focused_failure
train,/root/leo_ws/src/leo_pybullet/worlds/benchmark_v2/train/world_hard_seed_000245.yaml,245,hard,9,4,13,True,6.8341,-3.741033,-1.481389,-0.229007,2.082973,0.881807,,,,,v2,train,0,0.40
train,/root/leo_ws/src/leo_pybullet/worlds/benchmark_v2/train/world_hard_seed_000110.yaml,110,hard,11,4,15,True,8.7096,-4.236895,3.412636,-1.688074,3.908494,2.549014,,,,,v2,train,0,0.40
train,/root/leo_ws/src/leo_pybullet/worlds/benchmark_v2/train/world_medium_seed_000085.yaml,85,medium,6,4,10,True,7.2786,2.413011,3.016028,-0.775606,-1.3384,-2.414369,,,,,v2,train,0,0.40
train,/root/leo_ws/src/leo_pybullet/worlds/benchmark_v4_hard/train/world_easy_clear_seed_300111.yaml,300111,easy,3,4,7,False,5.7141,-1.990661,1.727081,-0.412112,2.74716,-0.69402,clear,5.3206,1.074,0,v4,train,0,0.45
train,/root/leo_ws/src/leo_pybullet/worlds/benchmark_v2/train/world_medium_seed_000265.yaml,265,medium,8,4,12,True,6.0753,4.329512,-1.910575,-2.860778,1.420872,2.35362,,,,,v2,train,general_replay,0.40
train,/root/leo_ws/src/leo_pybullet/worlds/benchmark_v3_curriculum/train/world_easy_direct_block_seed_000180.yaml,180,easy,1,4,5,True,5.8078,-3.569927,-4.153288,1.254053,-1.998812,0.786302,direct_block,5.1834,1.1205,,v3,train,0,0.15
train,/root/leo_ws/src/leo_pybullet/worlds/benchmark_v2/train/world_easy_seed_000078.yaml,78,easy,2,4,6,True,6.9335,3.692231,2.004672,-2.927045,-2.111142,-0.630891,,,,,v2,train,general_replay,0.40
train,/root/leo_ws/src/leo_pybullet/worlds/benchmark_v2/train/world_easy_seed_000258.yaml,258,easy,4,4,8,False,6.9757,3.254466,-4.345072,1.660294,-1.268438,0.738,,,,,v2,train,0,0.40
train,/root/leo_ws/src/leo_pybullet/worlds/benchmark_v4_hard/train/world_medium_double_block_seed_300229.yaml,300229,medium,6,4,10,True,9.5016,-2.389461,-4.103256,1.592891,-2.979923,4.065994,double_block,8.1906,1.1601,2,v4,train,0,0.45
train,/root/leo_ws/src/leo_pybullet/worlds/benchmark_v3_curriculum/train/world_medium_direct_block_seed_000274.yaml,274,medium,2,4,6,True,5.4902,-0.349437,-0.691092,-0.905059,2.499919,-4.029088,direct_block,4.3887,1.251,,v3,train,general_replay,0.15
train,/root/leo_ws/src/leo_pybullet/worlds/benchmark_v2/train/world_hard_seed_000059.yaml,59,hard,9,4,13,True,5.4765,1.309717,-0.352246,-2.995399,-3.165322,-1.74071,,,,,v2,train,0,0.40
train,/root/leo_ws/src/leo_pybullet/worlds/benchmark_v2/train/world_medium_seed_000178.yaml,178,medium,5,4,9,True,5.3965,2.000322,4.224747,2.179063,-2.739417,3.883069,,,,,v2,train,0,0.40
train,/root/leo_ws/src/leo_pybullet/worlds/benchmark_v2/train/world_easy_seed_000111.yaml,111,easy,2,4,6,False,5.7245,-1.601022,-2.660383,0.815127,-0.722349,2.711521,,,,,v2,train,general_replay,0.40
train,/root/leo_ws/src/leo_pybullet/worlds/benchmark_v4_hard/train/world_hard_direct_block_seed_300206.yaml,300206,hard,12,4,16,True,6.5359,-4.020955,0.663053,-0.964875,-0.969233,-3.822218,direct_block,5.425,1.2048,1,v4,train,0,0.45
train,/root/leo_ws/src/leo_pybullet/worlds/benchmark_v4_hard/train/world_hard_clear_seed_300191.yaml,300191,hard,13,4,17,False,7.3931,-3.184761,-3.090059,-0.046556,4.16093,-2.969209,clear,7.3467,1.0063,0,v4_focused,train,0,focused_failure
train,/root/leo_ws/src/leo_pybullet/worlds/benchmark_v4_hard/train/world_hard_double_block_seed_300029.yaml,300029,hard,14,4,18,True,8.2902,-1.060901,2.550226,-1.227911,0.67107,-2.333685,double_block,5.1819,1.5998,2,v4_focused,train,1,focused_failure
train,/root/leo_ws/src/leo_pybullet/worlds/benchmark_v3_curriculum/train/world_medium_direct_block_seed_000184.yaml,184,medium,3,4,7,True,5.6914,-1.379071,3.632909,-0.370429,2.979525,1.911512,direct_block,4.6862,1.2145,,v3,train,general_replay,0.15
train,/root/leo_ws/src/leo_pybullet/worlds/benchmark_v3_curriculum/train/world_easy_direct_block_seed_000129.yaml,129,easy,2,4,6,True,7.9655,-3.857526,3.505652,-0.71784,1.655488,-0.860186,direct_block,7.0323,1.1327,,v3,train,0,0.15
train,/root/leo_ws/src/leo_pybullet/worlds/benchmark_v2/train/world_medium_seed_000019.yaml,19,medium,5,4,9,True,4.7039,0.178056,0.099978,-1.323459,-0.926248,4.322307,,,,,v2,train,0,0.40
train,/root/leo_ws/src/leo_pybullet/worlds/benchmark_v2/train/world_medium_seed_000130.yaml,130,medium,8,4,12,True,7.2502,2.094949,2.590202,-1.633546,1.281031,-4.15915,,,,,v2,train,general_replay,0.40
train,/root/leo_ws/src/leo_pybullet/worlds/benchmark_v2/train/world_hard_seed_000107.yaml,107,hard,9,4,13,True,5.0353,3.975527,-0.656382,-1.284205,0.38264,-3.27183,,,,,v2,train,0,0.40
train,/root/leo_ws/src/leo_pybullet/worlds/benchmark_v3_curriculum/train/world_hard_direct_block_seed_000056.yaml,56,hard,6,4,10,True,7.9816,3.663228,1.762355,-3.063836,-3.446679,1.004837,direct_block,7.1501,1.1163,,v3,train,general_replay,0.15
train,/root/leo_ws/src/leo_pybullet/worlds/benchmark_v2/train/world_hard_seed_000014.yaml,14,hard,8,4,12,True,5.2947,2.220286,0.235874,-1.313085,-2.201663,2.045647,,,,,v2,train,general_replay,0.40
train,/root/leo_ws/src/leo_pybullet/worlds/benchmark_v2/train/world_hard_seed_000020.yaml,20,hard,9,4,13,True,4.6182,1.180815,3.523028,-2.077359,3.237534,0.634584,,,,,v2,train,general_replay,0.40
train,/root/leo_ws/src/leo_pybullet/worlds/benchmark_v2/train/world_medium_seed_000160.yaml,160,medium,5,4,9,True,5.4684,-0.063087,3.544982,-3.050798,-2.499169,-0.614758,,,,,v2,train,general_replay,0.40
train,/root/leo_ws/src/leo_pybullet/worlds/benchmark_v3_curriculum/train/world_easy_clear_seed_000243.yaml,243,easy,2,4,6,False,3.7335,-4.218555,-1.135979,0.733823,-1.581024,1.495154,clear,3.7255,1.0022,,v3,train,0,0.15
train,/root/leo_ws/src/leo_pybullet/worlds/benchmark_v4_hard/train/world_hard_double_block_seed_300269.yaml,300269,hard,11,4,15,True,9.2398,-3.772859,2.682947,0.080632,3.977873,3.438966,double_block,7.7875,1.1865,2,v4_focused,train,0,focused_failure
train,/root/leo_ws/src/leo_pybullet/worlds/benchmark_v2/train/world_medium_seed_000157.yaml,157,medium,8,4,12,True,4.8422,-4.207135,-1.310165,-2.572701,-2.337191,2.751007,,,,,v2,train,general_replay,0.40
train,/root/leo_ws/src/leo_pybullet/worlds/benchmark_v2/train/world_medium_seed_000253.yaml,253,medium,8,4,12,True,9.9163,-3.080621,1.356425,-0.339145,4.217598,-3.799525,,,,,v2,train,0,0.40
train,/root/leo_ws/src/leo_pybullet/worlds/benchmark_v4_hard/train/world_hard_double_block_seed_300416.yaml,300416,hard,11,4,15,True,6.0365,1.219382,-3.248094,-3.11144,-3.253832,-3.749835,double_block,4.5013,1.3411,2,v4_focused,train,0,focused_failure
train,/root/leo_ws/src/leo_pybullet/worlds/benchmark_v4_hard/train/world_medium_direct_block_seed_300118.yaml,300118,medium,7,4,11,True,8.1861,-2.775109,0.183679,-0.624216,3.590486,-3.400875,direct_block,7.3055,1.1205,1,v4,train,0,0.45
train,/root/leo_ws/src/leo_pybullet/worlds/benchmark_v4_hard/train/world_medium_double_block_seed_300325.yaml,300325,medium,9,4,13,True,8.9586,3.376912,0.414353,-3.009321,-4.177778,-1.689108,double_block,7.8421,1.1424,2,v4_focused,train,3,focused_failure
train,/root/leo_ws/src/leo_pybullet/worlds/benchmark_v4_hard/train/world_hard_direct_block_seed_300062.yaml,300062,hard,14,4,18,True,8.1998,3.226089,-2.455293,3.035823,-3.464815,-1.050806,direct_block,6.8367,1.1994,1,v4_focused,train,2,focused_failure
train,/root/leo_ws/src/leo_pybullet/worlds/benchmark_v3_curriculum/train/world_hard_direct_block_seed_000269.yaml,269,hard,4,4,8,True,6.3153,-3.046502,-1.272626,0.567937,1.328597,1.76888,direct_block,5.3284,1.1852,,v3,train,general_replay,0.15
train,/root/leo_ws/src/leo_pybullet/worlds/benchmark_v4_hard/train/world_medium_double_block_seed_300085.yaml,300085,medium,7,4,11,True,7.6261,3.106055,-0.482938,2.976326,-2.355746,0.865207,double_block,5.6257,1.3556,2,v4,train,0,0.45
train,/root/leo_ws/src/leo_pybullet/worlds/benchmark_v3_curriculum/train/world_hard_direct_block_seed_000233.yaml,233,hard,6,4,10,True,8.6249,2.570954,-2.768044,2.28174,-2.288144,2.976584,direct_block,7.5241,1.1463,,v3,train,0,0.15
train,/root/leo_ws/src/leo_pybullet/worlds/benchmark_v2/train/world_hard_seed_000293.yaml,293,hard,11,4,15,True,7.4216,3.84937,3.090786,2.074978,3.879508,-3.47526,,,,,v2,train,general_replay,0.40
train,/root/leo_ws/src/leo_pybullet/worlds/benchmark_v4_hard/train/world_hard_double_block_seed_300341.yaml,300341,hard,14,4,18,True,8.5084,-0.691329,-3.790402,1.573118,-0.415863,1.768754,double_block,5.566,1.5286,2,v4_focused,train,6,focused_failure
train,/root/leo_ws/src/leo_pybullet/worlds/benchmark_v2/train/world_hard_seed_000296.yaml,296,hard,8,4,12,False,3.8022,-2.144129,0.013719,0.446912,-3.948517,3.077865,,,,,v2,train,0,0.40
train,/root/leo_ws/src/leo_pybullet/worlds/benchmark_v4_hard/train/world_hard_direct_block_seed_300086.yaml,300086,hard,14,4,18,True,8.9861,-2.955551,1.304524,-0.763291,2.917755,-3.59771,direct_block,7.6503,1.1746,1,v4,train,0,0.45
train,/root/leo_ws/src/leo_pybullet/worlds/benchmark_v2/train/world_easy_seed_000297.yaml,297,easy,4,4,8,False,4.801,4.31973,-0.846214,-2.538892,1.926515,2.989673,,,,,v2,train,general_replay,0.40
train,/root/leo_ws/src/leo_pybullet/worlds/benchmark_v4_hard/train/world_hard_double_block_seed_300308.yaml,300308,hard,12,4,16,True,7.2147,-3.36513,-2.530511,1.611294,-3.933956,2.995847,double_block,5.5556,1.2986,2,v4_focused,train,1,focused_failure
train,/root/leo_ws/src/leo_pybullet/worlds/benchmark_v2/train/world_medium_seed_000100.yaml,100,medium,6,4,10,True,5.5096,3.929944,-2.829697,0.043134,-0.930607,-1.307289,,,,,v2,train,0,0.40
train,/root/leo_ws/src/leo_pybullet/worlds/benchmark_v2/train/world_hard_seed_000173.yaml,173,hard,10,4,14,True,5.9096,2.894124,1.588067,0.426106,2.020505,-3.687949,,,,,v2,train,general_replay,0.40
train,/root/leo_ws/src/leo_pybullet/worlds/benchmark_v2/train/world_hard_seed_000224.yaml,224,hard,8,4,12,True,9.5825,-0.306759,4.277723,2.585408,4.103563,-3.479896,,,,,v2,train,0,0.40
train,/root/leo_ws/src/leo_pybullet/worlds/benchmark_v3_curriculum/train/world_hard_direct_block_seed_000152.yaml,152,hard,5,4,9,True,5.3302,1.084416,-1.003871,-2.620962,-2.548487,-3.515378,direct_block,4.4165,1.2069,,v3,train,0,0.15
train,/root/leo_ws/src/leo_pybullet/worlds/benchmark_v3_curriculum/train/world_hard_clear_seed_000047.yaml,47,hard,5,4,9,False,3.8959,1.175754,3.840054,-1.14949,2.801,0.653827,clear,3.5768,1.0892,,v3,train,general_replay,0.15
train,/root/leo_ws/src/leo_pybullet/worlds/benchmark_v3_curriculum/train/world_hard_direct_block_seed_000194.yaml,194,hard,6,4,10,True,4.952,4.179354,-1.066038,2.545969,1.156233,1.124087,direct_block,3.7331,1.3265,,v3,train,general_replay,0.15
train,/root/leo_ws/src/leo_pybullet/worlds/benchmark_v4_hard/train/world_hard_double_block_seed_300212.yaml,300212,hard,13,4,17,True,6.6765,-2.304133,-2.620304,1.602368,-3.04473,1.904929,double_block,4.5854,1.456,2,v4_focused,train,3,focused_failure
train,/root/leo_ws/src/leo_pybullet/worlds/benchmark_v4_hard/train/world_medium_direct_block_seed_300154.yaml,300154,medium,7,4,11,True,8.6353,4.197254,-4.159694,1.612438,2.944155,3.061059,direct_block,7.3287,1.1783,1,v4,train,0,0.45
train,/root/leo_ws/src/leo_pybullet/worlds/benchmark_v2/train/world_hard_seed_000206.yaml,206,hard,8,4,12,True,7.9565,4.129003,-2.40051,-1.584888,-3.239905,-2.443097,,,,,v2,train,0,0.40
train,/root/leo_ws/src/leo_pybullet/worlds/benchmark_v2/train/world_medium_seed_000226.yaml,226,medium,8,4,12,True,5.0902,1.231772,0.771686,-0.985322,3.458949,-2.851403,,,,,v2,train,0,0.40
train,/root/leo_ws/src/leo_pybullet/worlds/benchmark_v2/train/world_medium_seed_000070.yaml,70,medium,5,4,9,True,5.2365,-0.352925,-3.163679,1.092894,4.307028,-3.004597,,,,,v2,train,general_replay,0.40
train,/root/leo_ws/src/leo_pybullet/worlds/benchmark_v4_hard/train/world_medium_double_block_seed_300244.yaml,300244,medium,7,4,11,True,6.4639,3.949575,-0.22169,-2.234925,0.853225,-4.176404,double_block,5.0227,1.287,2,v4_focused,train,0,focused_failure
train,/root/leo_ws/src/leo_pybullet/worlds/benchmark_v4_hard/train/world_easy_double_block_seed_300417.yaml,300417,easy,3,4,7,True,5.9371,-3.532599,-2.644085,0.748881,-0.022319,0.438434,double_block,4.6716,1.2709,2,v4,train,0,0.45
train,/root/leo_ws/src/leo_pybullet/worlds/benchmark_v2/train/world_easy_seed_000054.yaml,54,easy,2,4,6,False,6.5027,-1.758046,3.391583,-1.067692,-0.108458,-2.444687,,,,,v2,train,general_replay,0.40
train,/root/leo_ws/src/leo_pybullet/worlds/benchmark_v4_hard/train/world_hard_double_block_seed_300080.yaml,300080,hard,11,4,15,True,6.6935,3.284973,-2.121477,1.951863,1.7073,2.910959,double_block,5.2739,1.2692,2,v4,train,0,0.45
train,/root/leo_ws/src/leo_pybullet/worlds/benchmark_v4_hard/train/world_hard_double_block_seed_300164.yaml,300164,hard,12,4,16,True,10.3404,-3.291093,3.71797,-1.611516,-4.094842,-2.543565,double_block,6.3129,1.638,2,v4,train,0,0.45
train,/root/leo_ws/src/leo_pybullet/worlds/benchmark_v2/train/world_hard_seed_000098.yaml,98,hard,10,4,14,True,8.7759,-3.975201,-0.711905,1.992826,4.106007,-1.897463,,,,,v2,train,general_replay,0.40
train,/root/leo_ws/src/leo_pybullet/worlds/benchmark_v4_hard/train/world_hard_direct_block_seed_300242.yaml,300242,hard,11,4,15,True,6.1084,1.222312,3.852395,-1.619962,0.343282,-1.104122,direct_block,5.0339,1.2135,1,v4,train,0,0.45
train,/root/leo_ws/src/leo_pybullet/worlds/benchmark_v4_hard/train/world_medium_double_block_seed_300364.yaml,300364,medium,6,4,10,True,6.3816,-3.637546,3.134859,-1.226372,-1.364582,-1.412673,double_block,5.0839,1.2552,2,v4,train,0,0.45
train,/root/leo_ws/src/leo_pybullet/worlds/benchmark_v2/train/world_easy_seed_000243.yaml,243,easy,4,4,8,False,4.2376,-3.893183,0.548871,-2.463682,-2.903361,-3.28588,,,,,v2,train,general_replay,0.40
train,/root/leo_ws/src/leo_pybullet/worlds/benchmark_v3_curriculum/train/world_easy_direct_block_seed_000048.yaml,48,easy,2,4,6,True,6.6992,0.098603,2.977637,-2.158263,-2.933218,-2.404612,direct_block,6.1774,1.0845,,v3,train,general_replay,0.15
train,/root/leo_ws/src/leo_pybullet/worlds/benchmark_v2/train/world_medium_seed_000055.yaml,55,medium,5,4,9,False,8.3976,-2.642653,4.340332,-1.986936,-1.716614,-3.656927,,,,,v2,train,general_replay,0.40
train,/root/leo_ws/src/leo_pybullet/worlds/benchmark_v2/train/world_medium_seed_000277.yaml,277,medium,5,4,9,False,5.7278,-2.463068,-4.004226,0.759679,-0.223675,0.769808,,,,,v2,train,0,0.40
train,/root/leo_ws/src/leo_pybullet/worlds/benchmark_v4_hard/train/world_medium_double_block_seed_300352.yaml,300352,medium,9,4,13,True,7.1702,2.885641,-1.927617,2.92958,-2.857453,-1.395655,double_block,5.7677,1.2432,2,v4,train,0,0.45
train,/root/leo_ws/src/leo_pybullet/worlds/benchmark_v4_hard/train/world_easy_double_block_seed_300156.yaml,300156,easy,3,4,7,True,5.9039,0.382878,-1.513993,2.151028,-2.232248,2.499852,double_block,4.7906,1.2324,2,v4,train,0,0.45
train,/root/leo_ws/src/leo_pybullet/worlds/benchmark_v2/train/world_medium_seed_000085.yaml,85,medium,6,4,10,True,7.2786,2.413011,3.016028,-0.775606,-1.3384,-2.414369,,,,,v2,train,general_replay,0.40
train,/root/leo_ws/src/leo_pybullet/worlds/benchmark_v4_hard/train/world_medium_double_block_seed_300268.yaml,300268,medium,9,4,13,True,7.4878,-2.866725,-0.311816,-0.469331,3.104949,-2.655499,double_block,6.4151,1.1672,2,v4,train,0,0.45
train,/root/leo_ws/src/leo_pybullet/worlds/benchmark_v2/train/world_hard_seed_000023.yaml,23,hard,10,4,14,False,3.192,-3.623109,0.800637,-2.322875,-0.663398,0.261766,,,,,v2,train,0,0.40
train,/root/leo_ws/src/leo_pybullet/worlds/benchmark_v3_curriculum/train/world_medium_direct_block_seed_000124.yaml,124,medium,3,4,7,True,4.9908,0.41017,-2.744824,0.570576,3.956666,-0.712393,direct_block,4.0876,1.221,,v3,train,general_replay,0.15
train,/root/leo_ws/src/leo_pybullet/worlds/benchmark_v2/train/world_easy_seed_000183.yaml,183,easy,2,4,6,True,5.5371,3.069425,-1.240578,-2.589718,2.539161,3.809524,,,,,v2,train,0,0.40
train,/root/leo_ws/src/leo_pybullet/worlds/benchmark_v4_hard/train/world_easy_direct_block_seed_300282.yaml,300282,easy,4,4,8,True,5.9896,-0.859014,3.287406,-2.227939,-3.582554,-0.877991,direct_block,4.9768,1.2035,1,v4,train,0,0.45
train,/root/leo_ws/src/leo_pybullet/worlds/benchmark_v2/train/world_easy_seed_000087.yaml,87,easy,2,4,6,False,6.952,3.26359,2.725093,0.90923,-3.460967,2.211008,,,,,v2,train,general_replay,0.40
train,/root/leo_ws/src/leo_pybullet/worlds/benchmark_v4_hard/train/world_hard_clear_seed_300227.yaml,300227,hard,12,4,16,False,4.889,1.189133,-1.32633,1.970405,-0.5806,2.864465,clear,4.5491,1.0747,0,v4,train,0,0.45
train,/root/leo_ws/src/leo_pybullet/worlds/benchmark_v2/train/world_medium_seed_000175.yaml,175,medium,8,4,12,True,4.9165,1.952418,1.644936,-1.524391,1.648558,-2.652588,,,,,v2,train,0,0.40
train,/root/leo_ws/src/leo_pybullet/worlds/benchmark_v4_hard/train/world_medium_double_block_seed_300016.yaml,300016,medium,8,4,12,True,6.6878,4.023159,1.934829,-2.03571,1.573176,-2.763879,double_block,5.2991,1.2621,2,v4,train,0,0.45
train,/root/leo_ws/src/leo_pybullet/worlds/benchmark_v4_hard/train/world_hard_direct_block_seed_300350.yaml,300350,hard,13,4,17,True,7.6147,0.697796,-2.353788,2.059779,-2.516427,3.340831,direct_block,6.5391,1.1645,1,v4_focused,train,1,focused_failure
train,/root/leo_ws/src/leo_pybullet/worlds/benchmark_v2/train/world_easy_seed_000105.yaml,105,easy,4,4,8,False,4.8227,2.529296,3.928811,-1.038619,-1.633697,2.334401,,,,,v2,train,0,0.40
train,/root/leo_ws/src/leo_pybullet/worlds/benchmark_v4_hard/train/world_hard_direct_block_seed_300182.yaml,300182,hard,10,4,14,True,5.6502,1.477945,2.469756,-2.186706,-1.312292,-1.12887,direct_block,4.5536,1.2408,1,v4_focused,train,1,focused_failure
train,/root/leo_ws/src/leo_pybullet/worlds/benchmark_v4_hard/train/world_medium_direct_block_seed_300106.yaml,300106,medium,6,4,10,True,6.6902,2.514042,3.038998,-2.778231,-2.815989,0.907191,direct_block,5.7405,1.1654,1,v4,train,0,0.45
train,/root/leo_ws/src/leo_pybullet/worlds/benchmark_v3_curriculum/train/world_medium_direct_block_seed_000001.yaml,1,medium,2,4,6,True,8.2386,0.588233,2.569253,-2.162019,-3.713592,-3.247691,direct_block,7.2348,1.1387,,v3,train,general_replay,0.15
train,/root/leo_ws/src/leo_pybullet/worlds/benchmark_v4_hard/train/world_easy_double_block_seed_300408.yaml,300408,easy,3,4,7,True,8.8592,3.669859,2.972077,-2.624524,-3.396674,-0.56618,double_block,7.9029,1.121,2,v4,train,0,0.45
train,/root/leo_ws/src/leo_pybullet/worlds/benchmark_v4_hard/train/world_hard_double_block_seed_300029.yaml,300029,hard,14,4,18,True,8.2902,-1.060901,2.550226,-1.227911,0.67107,-2.333685,double_block,5.1819,1.5998,2,v4,train,0,0.45
train,/root/leo_ws/src/leo_pybullet/worlds/benchmark_v3_curriculum/train/world_hard_direct_block_seed_000092.yaml,92,hard,5,4,9,True,7.4822,2.581544,3.207502,-1.619793,2.228833,-3.447032,direct_block,6.6639,1.1228,,v3,train,0,0.15
train,/root/leo_ws/src/leo_pybullet/worlds/benchmark_v4_hard/train/world_hard_double_block_seed_300044.yaml,300044,hard,14,4,18,True,6.6627,3.541367,1.347357,-1.871635,2.686285,-3.610421,double_block,5.031,1.3243,2,v4,train,0,0.45
train,/root/leo_ws/src/leo_pybullet/worlds/benchmark_v4_hard/train/world_medium_double_block_seed_300256.yaml,300256,medium,7,4,11,True,6.9965,-3.564839,-2.298797,0.673072,1.330581,0.707369,double_block,5.7448,1.2179,2,v4,train,0,0.45
train,/root/leo_ws/src/leo_pybullet/worlds/benchmark_v3_curriculum/train/world_medium_direct_block_seed_000133.yaml,133,medium,3,4,7,True,5.4022,-1.236869,-1.510208,1.111136,0.982514,2.31006,direct_block,4.4182,1.2227,,v3,train,general_replay,0.15
train,/root/leo_ws/src/leo_pybullet/worlds/benchmark_v3_curriculum/train/world_hard_clear_seed_000191.yaml,191,hard,6,4,10,False,7.121,2.440057,3.157015,-1.948115,0.113096,-3.017626,clear,6.5986,1.0792,,v3,train,0,0.15
train,/root/leo_ws/src/leo_pybullet/worlds/benchmark_v3_curriculum/train/world_easy_clear_seed_000207.yaml,207,easy,1,4,5,False,3.9896,-3.691514,0.594051,-0.375608,-0.335356,-0.951481,clear,3.6949,1.0798,,v3,train,general_replay,0.15
train,/root/leo_ws/src/leo_pybullet/worlds/benchmark_v4_hard/train/world_hard_double_block_seed_300269.yaml,300269,hard,11,4,15,True,9.2398,-3.772859,2.682947,0.080632,3.977873,3.438966,double_block,7.7875,1.1865,2,v4_focused,train,1,focused_failure
train,/root/leo_ws/src/leo_pybullet/worlds/benchmark_v4_hard/train/world_easy_double_block_seed_300249.yaml,300249,easy,5,4,9,True,6.0616,-1.542749,2.398846,0.000272,3.520803,2.604689,double_block,5.0677,1.1961,2,v4_focused,train,0,focused_failure
train,/root/leo_ws/src/leo_pybullet/worlds/benchmark_v4_hard/train/world_medium_double_block_seed_300052.yaml,300052,medium,8,4,12,True,8.1884,3.114891,3.649562,-3.074782,-2.878421,3.521524,double_block,5.9947,1.3659,2,v4,train,0,0.45
train,/root/leo_ws/src/leo_pybullet/worlds/benchmark_v2/train/world_medium_seed_000262.yaml,262,medium,7,4,11,False,5.8774,-0.795978,-1.364991,1.805273,3.032981,2.915347,,,,,v2,train,0,0.40
train,/root/leo_ws/src/leo_pybullet/worlds/benchmark_v2/train/world_medium_seed_000064.yaml,64,medium,8,4,12,True,4.1439,-2.012758,3.590402,1.248202,1.153195,2.301398,,,,,v2,train,general_replay,0.40
train,/root/leo_ws/src/leo_pybullet/worlds/benchmark_v2/train/world_hard_seed_000224.yaml,224,hard,8,4,12,True,9.5825,-0.306759,4.277723,2.585408,4.103563,-3.479896,,,,,v2,train,general_replay,0.40
train,/root/leo_ws/src/leo_pybullet/worlds/benchmark_v4_hard/train/world_hard_double_block_seed_300068.yaml,300068,hard,14,4,18,True,8.0284,-0.219232,-3.842323,1.253962,1.822653,1.701971,double_block,5.9083,1.3588,2,v4_focused,train,3,focused_failure
train,/root/leo_ws/src/leo_pybullet/worlds/benchmark_v3_curriculum/train/world_hard_direct_block_seed_000221.yaml,221,hard,4,4,8,True,6.4422,3.319634,2.275372,-1.487305,3.707567,-3.360004,direct_block,5.6487,1.1405,,v3,train,0,0.15
train,/root/leo_ws/src/leo_pybullet/worlds/benchmark_v2/train/world_medium_seed_000256.yaml,256,medium,8,4,12,True,3.9896,-1.165797,2.673138,3.090293,-0.372305,-0.586772,,,,,v2,train,general_replay,0.40
train,/root/leo_ws/src/leo_pybullet/worlds/benchmark_v3_curriculum/train/world_hard_clear_seed_000047.yaml,47,hard,5,4,9,False,3.8959,1.175754,3.840054,-1.14949,2.801,0.653827,clear,3.5768,1.0892,,v3,train,0,0.15
train,/root/leo_ws/src/leo_pybullet/worlds/benchmark_v4_hard/train/world_medium_double_block_seed_300112.yaml,300112,medium,7,4,11,True,7.0822,4.100033,-1.235248,2.239057,0.222128,3.000519,double_block,5.7428,1.2332,2,v4,train,0,0.45
train,/root/leo_ws/src/leo_pybullet/worlds/benchmark_v4_hard/train/world_easy_double_block_seed_300132.yaml,300132,easy,3,4,7,True,7.361,2.433481,1.98369,-2.338691,-2.202621,-2.111073,double_block,6.1855,1.19,2,v4,train,0,0.45
train,/root/leo_ws/src/leo_pybullet/worlds/benchmark_v4_hard/train/world_hard_double_block_seed_300413.yaml,300413,hard,11,4,15,True,6.1359,0.197244,-2.220359,0.506408,4.07385,0.401714,double_block,4.6801,1.3111,2,v4,train,0,0.45
train,/root/leo_ws/src/leo_pybullet/worlds/benchmark_v2/train/world_medium_seed_000073.yaml,73,medium,7,4,11,True,4.9222,-0.832895,0.004404,-0.55546,-0.42729,-4.157723,,,,,v2,train,general_replay,0.40
train,/root/leo_ws/src/leo_pybullet/worlds/benchmark_v4_hard/train/world_medium_double_block_seed_300280.yaml,300280,medium,6,4,10,True,6.4365,2.398837,-1.146951,2.320261,-1.077363,2.7139,double_block,5.1952,1.2389,2,v4,train,0,0.45
train,/root/leo_ws/src/leo_pybullet/worlds/benchmark_v4_hard/train/world_hard_clear_seed_300095.yaml,300095,hard,10,4,14,False,5.1782,-1.212551,2.431262,-1.419829,-0.536529,-2.475499,clear,4.9531,1.0455,0,v4,train,0,0.45
train,/root/leo_ws/src/leo_pybullet/worlds/benchmark_v4_hard/train/world_medium_clear_seed_300247.yaml,300247,medium,7,4,11,False,6.5804,-3.639838,-1.168106,-0.479949,1.900335,-3.697965,clear,6.0905,1.0804,0,v4,train,0,0.45
train,/root/leo_ws/src/leo_pybullet/worlds/benchmark_v2/train/world_hard_seed_000161.yaml,161,hard,12,4,16,True,8.2604,-2.888182,3.727905,-2.926443,3.899794,0.784377,,,,,v2,train,general_replay,0.40
train,/root/leo_ws/src/leo_pybullet/worlds/benchmark_v3_curriculum/train/world_hard_direct_block_seed_000008.yaml,8,hard,4,4,8,True,5.8433,-3.086834,2.645744,-0.919935,0.054063,-0.843963,direct_block,4.695,1.2446,,v3,train,general_replay,0.15
train,/root/leo_ws/src/leo_pybullet/worlds/benchmark_v4_hard/train/world_hard_clear_seed_300191.yaml,300191,hard,13,4,17,False,7.3931,-3.184761,-3.090059,-0.046556,4.16093,-2.969209,clear,7.3467,1.0063,0,v4,train,0,0.45
train,/root/leo_ws/src/leo_pybullet/worlds/benchmark_v4_hard/train/world_hard_double_block_seed_300224.yaml,300224,hard,14,4,18,True,6.3176,-3.532611,-3.058598,-0.059266,0.953477,-3.532984,double_block,4.5111,1.4005,2,v4_focused,train,6,focused_failure
train,/root/leo_ws/src/leo_pybullet/worlds/benchmark_v2/train/world_easy_seed_000165.yaml,165,easy,2,4,6,True,5.1953,1.894435,-0.608667,-0.444664,-0.054938,3.82536,,,,,v2,train,0,0.40
train,/root/leo_ws/src/leo_pybullet/worlds/benchmark_v2/train/world_medium_seed_000211.yaml,211,medium,7,4,11,False,6.1884,-4.167324,3.334008,2.170076,1.149161,1.323251,,,,,v2,train,general_replay,0.40
train,/root/leo_ws/src/leo_pybullet/worlds/benchmark_v2/train/world_medium_seed_000265.yaml,265,medium,8,4,12,True,6.0753,4.329512,-1.910575,-2.860778,1.420872,2.35362,,,,,v2,train,general_replay,0.40
train,/root/leo_ws/src/leo_pybullet/worlds/benchmark_v3_curriculum/train/world_easy_direct_block_seed_000042.yaml,42,easy,1,4,5,True,4.881,-4.037409,-1.912251,1.195941,-2.352709,2.010005,direct_block,4.2688,1.1434,,v3,train,general_replay,0.15
train,/root/leo_ws/src/leo_pybullet/worlds/benchmark_v2/train/world_medium_seed_000094.yaml,94,medium,6,4,10,True,5.0708,3.93266,-0.621534,-3.013397,2.906024,4.002229,,,,,v2,train,0,0.40
train,/root/leo_ws/src/leo_pybullet/worlds/benchmark_v4_hard/train/world_hard_double_block_seed_300356.yaml,300356,hard,14,4,18,True,9.6947,1.899594,2.986804,-1.53034,1.999842,-2.88513,double_block,5.8728,1.6508,2,v4_focused,train,2,focused_failure
train,/root/leo_ws/src/leo_pybullet/worlds/benchmark_v2/train/world_easy_seed_000141.yaml,141,easy,4,4,8,False,9.1929,3.69841,1.313602,-0.987425,-4.240753,4.179001,,,,,v2,train,0,0.40
train,/root/leo_ws/src/leo_pybullet/worlds/benchmark_v3_curriculum/train/world_hard_clear_seed_000203.yaml,203,hard,4,4,8,False,5.8045,4.030479,-3.981948,2.949653,-1.419298,-3.074994,clear,5.5247,1.0506,,v3,train,general_replay,0.15
train,/root/leo_ws/src/leo_pybullet/worlds/benchmark_v4_hard/train/world_medium_double_block_seed_300301.yaml,300301,medium,8,4,12,True,6.7702,-1.779314,2.201229,-1.038715,0.88522,-2.406854,double_block,5.323,1.2719,2,v4_focused,train,3,focused_failure
train,/root/leo_ws/src/leo_pybullet/worlds/benchmark_v4_hard/train/world_hard_direct_block_seed_300182.yaml,300182,hard,10,4,14,True,5.6502,1.477945,2.469756,-2.186706,-1.312292,-1.12887,direct_block,4.5536,1.2408,1,v4_focused,train,2,focused_failure
train,/root/leo_ws/src/leo_pybullet/worlds/benchmark_v2/train/world_easy_seed_000033.yaml,33,easy,4,4,8,True,5.3118,0.284279,0.238038,2.786636,4.169306,3.525242,,,,,v2,train,0,0.40
train,/root/leo_ws/src/leo_pybullet/worlds/benchmark_v4_hard/train/world_medium_double_block_seed_300313.yaml,300313,medium,6,4,10,True,6.721,1.668459,-1.690455,2.717684,-3.03479,0.60592,double_block,5.2339,1.2841,2,v4,train,0,0.45
train,/root/leo_ws/src/leo_pybullet/worlds/benchmark_v3_curriculum/train/world_easy_direct_block_seed_000033.yaml,33,easy,1,4,5,True,6.8947,3.321893,3.475042,-2.771136,-2.664643,1.28968,direct_block,6.3729,1.0819,,v3,train,0,0.15
train,/root/leo_ws/src/leo_pybullet/worlds/benchmark_v2/train/world_easy_seed_000201.yaml,201,easy,2,4,6,False,4.0171,1.585062,1.050246,0.37179,-1.994877,-0.154908,,,,,v2,train,general_replay,0.40
train,/root/leo_ws/src/leo_pybullet/worlds/benchmark_v2/train/world_easy_seed_000081.yaml,81,easy,4,4,8,False,4.9771,-1.408636,0.274322,-2.206339,-0.183364,-4.199041,,,,,v2,train,0,0.40
train,/root/leo_ws/src/leo_pybullet/worlds/benchmark_v4_hard/train/world_easy_clear_seed_300195.yaml,300195,easy,5,4,9,False,5.7643,0.139242,0.04431,-0.834748,3.816676,-4.221479,clear,5.6321,1.0235,0,v4,train,0,0.45
train,/root/leo_ws/src/leo_pybullet/worlds/benchmark_v2/train/world_medium_seed_000259.yaml,259,medium,5,4,9,False,4.0502,-3.56417,0.840036,1.749601,-0.051709,2.141584,,,,,v2,train,0,0.40
train,/root/leo_ws/src/leo_pybullet/worlds/benchmark_v4_hard/train/world_hard_double_block_seed_300212.yaml,300212,hard,13,4,17,True,6.6765,-2.304133,-2.620304,1.602368,-3.04473,1.904929,double_block,4.5854,1.456,2,v4_focused,train,6,focused_failure
train,/root/leo_ws/src/leo_pybullet/worlds/benchmark_v4_hard/train/world_easy_double_block_seed_300405.yaml,300405,easy,4,4,8,True,6.3896,2.694858,2.802942,3.017794,-2.879941,3.191451,double_block,5.5883,1.1434,2,v4,train,0,0.45
train,/root/leo_ws/src/leo_pybullet/worlds/benchmark_v4_hard/train/world_hard_double_block_seed_300416.yaml,300416,hard,11,4,15,True,6.0365,1.219382,-3.248094,-3.11144,-3.253832,-3.749835,double_block,4.5013,1.3411,2,v4,train,0,0.45
train,/root/leo_ws/src/leo_pybullet/worlds/benchmark_v4_hard/train/world_easy_direct_block_seed_300294.yaml,300294,easy,4,4,8,True,8.1061,-3.753598,-2.705033,0.653452,1.597701,1.901759,direct_block,7.0611,1.148,1,v4,train,0,0.45
train,/root/leo_ws/src/leo_pybullet/worlds/benchmark_v4_hard/train/world_hard_double_block_seed_300140.yaml,300140,hard,14,4,18,True,8.8914,-1.572206,4.053908,-1.788993,-3.207402,-2.23734,double_block,6.5003,1.3678,2,v4_focused,train,4,focused_failure
train,/root/leo_ws/src/leo_pybullet/worlds/benchmark_v2/train/world_medium_seed_000001.yaml,1,medium,6,4,10,True,9.2351,2.629706,-3.800971,-0.174388,-3.324107,2.270373,,,,,v2,train,general_replay,0.40
train,/root/leo_ws/src/leo_pybullet/worlds/benchmark_v2/train/world_hard_seed_000275.yaml,275,hard,8,4,12,True,5.0959,1.101998,3.174025,-0.378204,1.037706,-1.241987,,,,,v2,train,general_replay,0.40
train,/root/leo_ws/src/leo_pybullet/worlds/benchmark_v2/train/world_hard_seed_000134.yaml,134,hard,11,4,15,True,4.9965,-3.24732,1.351018,-1.735316,-0.121459,4.068363,,,,,v2,train,0,0.40
train,/root/leo_ws/src/leo_pybullet/worlds/benchmark_v3_curriculum/train/world_medium_direct_block_seed_000157.yaml,157,medium,4,4,8,True,5.0078,-0.077331,-2.884833,2.726477,-3.997607,-1.304053,direct_block,4.227,1.1847,,v3,train,0,0.15
train,/root/leo_ws/src/leo_pybullet/worlds/benchmark_v2/train/world_medium_seed_000220.yaml,220,medium,6,4,10,False,4.4857,-0.393711,1.917141,-1.092394,-0.745004,-2.448148,,,,,v2,train,0,0.40
train,/root/leo_ws/src/leo_pybullet/worlds/benchmark_v4_hard/train/world_hard_clear_seed_300251.yaml,300251,hard,14,4,18,False,5.4708,0.880359,3.091679,-2.905698,-4.152386,2.04839,clear,5.1397,1.0644,0,v4,train,0,0.45
train,/root/leo_ws/src/leo_pybullet/worlds/benchmark_v4_hard/train/world_hard_double_block_seed_300320.yaml,300320,hard,10,4,14,True,6.249,-3.188457,3.524792,-1.01564,-0.650338,-0.432942,double_block,4.7017,1.3291,2,v4_focused,train,6,focused_failure
train,/root/leo_ws/src/leo_pybullet/worlds/benchmark_v2/train/world_hard_seed_000179.yaml,179,hard,9,4,13,True,5.9347,-2.232135,-1.630961,-1.067864,-0.010125,3.436591,,,,,v2,train,0,0.40
train,/root/leo_ws/src/leo_pybullet/worlds/benchmark_v4_hard/train/world_hard_direct_block_seed_300422.yaml,300422,hard,14,4,18,True,9.6308,3.641206,-1.554605,2.349412,-1.751244,2.711283,direct_block,6.8758,1.4007,1,v4,train,0,0.45
train,/root/leo_ws/src/leo_pybullet/worlds/benchmark_v2/train/world_easy_seed_000027.yaml,27,easy,4,4,8,False,6.7163,-2.193802,-2.263481,0.864345,2.795674,1.998724,,,,,v2,train,general_replay,0.40
train,/root/leo_ws/src/leo_pybullet/worlds/benchmark_v2/train/world_medium_seed_000031.yaml,31,medium,5,4,9,True,10.1402,2.296599,-3.124559,0.221244,-3.973567,3.917327,,,,,v2,train,general_replay,0.40
train,/root/leo_ws/src/leo_pybullet/worlds/benchmark_v2/train/world_medium_seed_000268.yaml,268,medium,7,4,11,True,5.0822,-0.693183,-3.295781,2.574473,-2.831802,0.655443,,,,,v2,train,0,0.40
train,/root/leo_ws/src/leo_pybullet/worlds/benchmark_v2/train/world_easy_seed_000096.yaml,96,easy,3,4,7,False,7.1745,1.508394,3.69109,-2.851836,-3.514779,-1.384522,,,,,v2,train,general_replay,0.40
train,/root/leo_ws/src/leo_pybullet/worlds/benchmark_v2/train/world_hard_seed_000080.yaml,80,hard,10,4,14,True,6.7461,3.467619,3.157216,-0.620241,-0.689089,-1.173293,,,,,v2,train,general_replay,0.40
train,/root/leo_ws/src/leo_pybullet/worlds/benchmark_v3_curriculum/train/world_easy_direct_block_seed_000261.yaml,261,easy,2,4,6,True,4.9165,4.135881,-3.992595,1.673955,3.826771,0.391674,direct_block,4.3952,1.1186,,v3,train,general_replay,0.15
train,/root/leo_ws/src/leo_pybullet/worlds/benchmark_v4_hard/train/world_medium_clear_seed_300067.yaml,300067,medium,7,4,11,False,5.3974,1.915596,0.264267,2.347427,-1.936107,4.013569,clear,5.3752,1.0041,0,v4,train,0,0.45
train,/root/leo_ws/src/leo_pybullet/worlds/benchmark_v4_hard/train/world_hard_clear_seed_300311.yaml,300311,hard,11,4,15,False,7.5427,-2.759396,3.617037,-1.317604,-1.182775,-3.271478,clear,7.0666,1.0674,0,v4,train,0,0.45
train,/root/leo_ws/src/leo_pybullet/worlds/benchmark_v2/train/world_medium_seed_000208.yaml,208,medium,7,4,11,True,4.8559,-2.643234,0.629658,0.768749,0.550331,3.076166,,,,,v2,train,0,0.40
train,/root/leo_ws/src/leo_pybullet/worlds/benchmark_v2/train/world_hard_seed_000008.yaml,8,hard,9,4,13,True,6.4616,2.707997,0.055335,-0.079155,-0.863821,-4.086445,,,,,v2,train,0,0.40
train,/root/leo_ws/src/leo_pybullet/worlds/benchmark_v3_curriculum/train/world_medium_direct_block_seed_000076.yaml,76,medium,3,4,7,True,5.7027,-0.312309,-0.938038,-0.587891,3.473233,-3.80149,direct_block,4.7465,1.2015,,v3,train,0,0.15
train,/root/leo_ws/src/leo_pybullet/worlds/benchmark_v3_curriculum/train/world_easy_direct_block_seed_000114.yaml,114,easy,1,4,5,True,5.1233,0.53311,-1.391021,0.54798,3.935177,1.073448,direct_block,4.2009,1.2196,,v3,train,general_replay,0.15
train,/root/leo_ws/src/leo_pybullet/worlds/benchmark_v2/train/world_easy_seed_000084.yaml,84,easy,4,4,8,False,7.0945,-1.159163,-3.042575,0.161006,3.888866,1.890364,,,,,v2,train,general_replay,0.40
train,/root/leo_ws/src/leo_pybullet/worlds/benchmark_v4_hard/train/world_hard_direct_block_seed_300062.yaml,300062,hard,14,4,18,True,8.1998,3.226089,-2.455293,3.035823,-3.464815,-1.050806,direct_block,6.8367,1.1994,1,v4_focused,train,5,focused_failure
train,/root/leo_ws/src/leo_pybullet/worlds/benchmark_v2/train/world_easy_seed_000186.yaml,186,easy,3,4,7,True,8.0488,-3.299233,-4.288529,-0.359754,2.578335,0.494222,,,,,v2,train,general_replay,0.40
train,/root/leo_ws/src/leo_pybullet/worlds/benchmark_v4_hard/train/world_medium_double_block_seed_300373.yaml,300373,medium,6,4,10,True,6.0639,-0.267749,3.563597,-0.906892,2.828484,-0.043933,double_block,4.754,1.2755,2,v4,train,0,0.45
train,/root/leo_ws/src/leo_pybullet/worlds/benchmark_v4_hard/train/world_hard_double_block_seed_300365.yaml,300365,hard,10,4,14,True,11.5622,3.932271,3.229698,-2.43294,-1.549961,-1.761724,double_block,7.4141,1.5595,2,v4_focused,train,6,focused_failure
train,/root/leo_ws/src/leo_pybullet/worlds/benchmark_v4_hard/train/world_hard_direct_block_seed_300326.yaml,300326,hard,12,4,16,True,6.8582,-2.31268,-0.168579,0.339471,3.100244,1.692078,direct_block,5.7238,1.1982,1,v4,train,0,0.45
train,/root/leo_ws/src/leo_pybullet/worlds/benchmark_v2/train/world_easy_seed_000105.yaml,105,easy,4,4,8,False,4.8227,2.529296,3.928811,-1.038619,-1.633697,2.334401,,,,,v2,train,0,0.40
train,/root/leo_ws/src/leo_pybullet/worlds/benchmark_v4_hard/train/world_easy_clear_seed_300171.yaml,300171,easy,4,4,8,False,6.0251,-2.479622,3.003366,-1.57019,-1.809663,-2.72526,clear,5.7677,1.0446,0,v4,train,0,0.45
train,/root/leo_ws/src/leo_pybullet/worlds/benchmark_v2/train/world_hard_seed_000059.yaml,59,hard,9,4,13,True,5.4765,1.309717,-0.352246,-2.995399,-3.165322,-1.74071,,,,,v2,train,general_replay,0.40
train,/root/leo_ws/src/leo_pybullet/worlds/benchmark_v2/train/world_medium_seed_000109.yaml,109,medium,7,4,11,True,4.8696,-0.434619,-3.847454,-1.264372,-2.369369,-0.017047,,,,,v2,train,0,0.40
train,/root/leo_ws/src/leo_pybullet/worlds/benchmark_v2/train/world_easy_seed_000255.yaml,255,easy,2,4,6,False,3.2422,1.184621,0.738517,1.583047,3.667237,-1.110971,,,,,v2,train,0,0.40
train,/root/leo_ws/src/leo_pybullet/worlds/benchmark_v2/train/world_medium_seed_000124.yaml,124,medium,7,4,11,True,10.7608,-4.075171,-2.910367,-3.004902,4.072002,2.745089,,,,,v2,train,general_replay,0.40
train,/root/leo_ws/src/leo_pybullet/worlds/benchmark_v2/train/world_easy_seed_000270.yaml,270,easy,2,4,6,False,3.769,1.247615,-3.131133,-1.304682,3.008514,-0.143246,,,,,v2,train,0,0.40
train,/root/leo_ws/src/leo_pybullet/worlds/benchmark_v4_hard/train/world_medium_double_block_seed_300421.yaml,300421,medium,8,4,12,True,7.3553,-2.424302,3.314838,-0.149507,4.01391,3.084346,double_block,6.4423,1.1417,2,v4_focused,train,2,focused_failure
train,/root/leo_ws/src/leo_pybullet/worlds/benchmark_v2/train/world_hard_seed_000185.yaml,185,hard,8,4,12,True,8.881,-4.33732,0.709114,-1.477668,3.584258,3.011092,,,,,v2,train,0,0.40
train,/root/leo_ws/src/leo_pybullet/worlds/benchmark_v2/train/world_easy_seed_000030.yaml,30,easy,4,4,8,False,3.8022,0.965729,1.060322,-2.837009,2.845367,4.149279,,,,,v2,train,general_replay,0.40
train,/root/leo_ws/src/leo_pybullet/worlds/benchmark_v4_hard/train/world_medium_direct_block_seed_300082.yaml,300082,medium,8,4,12,True,6.4478,-0.510597,3.563425,-1.809948,-1.816752,-1.967238,direct_block,5.6828,1.1346,1,v4_focused,train,0,focused_failure
train,/root/leo_ws/src/leo_pybullet/worlds/benchmark_v2/train/world_hard_seed_000218.yaml,218,hard,10,4,14,True,5.2033,2.288419,0.875333,2.768021,-1.492981,3.092206,,,,,v2,train,general_replay,0.40
train,/root/leo_ws/src/leo_pybullet/worlds/benchmark_v2/train/world_medium_seed_000178.yaml,178,medium,5,4,9,True,5.3965,2.000322,4.224747,2.179063,-2.739417,3.883069,,,,,v2,train,general_replay,0.40
train,/root/leo_ws/src/leo_pybullet/worlds/benchmark_v4_hard/train/world_hard_direct_block_seed_300194.yaml,300194,hard,11,4,15,True,7.1678,-2.618032,3.69064,-1.00545,1.01696,-1.120092,direct_block,6.0296,1.1888,1,v4,train,0,0.45
train,/root/leo_ws/src/leo_pybullet/worlds/benchmark_v2/train/world_hard_seed_000281.yaml,281,hard,8,4,12,True,4.6959,-3.331458,-0.488244,2.861884,0.060982,-2.185812,,,,,v2,train,general_replay,0.40
train,/root/leo_ws/src/leo_pybullet/worlds/benchmark_v4_hard/train/world_hard_clear_seed_300431.yaml,300431,hard,14,4,18,False,6.9359,1.665472,-3.722341,1.971314,-0.040645,2.532407,clear,6.4833,1.0698,0,v4,train,0,0.45
train,/root/leo_ws/src/leo_pybullet/worlds/benchmark_v4_hard/train/world_medium_direct_block_seed_300322.yaml,300322,medium,8,4,12,True,7.6535,1.445663,-1.289717,2.423425,-3.054472,3.348762,direct_block,6.4627,1.1843,1,v4,train,0,0.45
train,/root/leo_ws/src/leo_pybullet/worlds/benchmark_v4_hard/train/world_medium_double_block_seed_300244.yaml,300244,medium,7,4,11,True,6.4639,3.949575,-0.22169,-2.234925,0.853225,-4.176404,double_block,5.0227,1.287,2,v4_focused,train,2,focused_failure
train,/root/leo_ws/src/leo_pybullet/worlds/benchmark_v2/train/world_hard_seed_000020.yaml,20,hard,9,4,13,True,4.6182,1.180815,3.523028,-2.077359,3.237534,0.634584,,,,,v2,train,0,0.40
train,/root/leo_ws/src/leo_pybullet/worlds/benchmark_v4_hard/train/world_easy_clear_seed_300279.yaml,300279,easy,5,4,9,False,5.0788,-1.050696,-2.734027,0.005207,3.831944,-3.27733,clear,4.9128,1.0338,0,v4,train,0,0.45
train,/root/leo_ws/src/leo_pybullet/worlds/benchmark_v2/train/world_hard_seed_000104.yaml,104,hard,8,4,12,True,6.2135,2.017576,-2.369685,1.927112,-1.473412,1.860152,,,,,v2,train,0,0.40
train,/root/leo_ws/src/leo_pybullet/worlds/benchmark_v2/train/world_hard_seed_000209.yaml,209,hard,12,4,16,True,5.7416,-2.854436,-1.890732,-2.661728,-0.783148,2.99602,,,,,v2,train,0,0.40
train,/root/leo_ws/src/leo_pybullet/worlds/benchmark_v4_hard/train/world_hard_clear_seed_300275.yaml,300275,hard,14,4,18,False,6.4639,2.000643,-2.694157,2.884035,-3.951689,-1.531014,clear,6.0649,1.0658,0,v4,train,0,0.45
train,/root/leo_ws/src/leo_pybullet/worlds/benchmark_v2/train/world_medium_seed_000202.yaml,202,medium,8,4,12,False,7.681,-0.787889,-2.626639,-0.453978,1.537293,4.082787,,,,,v2,train,general_replay,0.40
train,/root/leo_ws/src/leo_pybullet/worlds/benchmark_v3_curriculum/train/world_hard_direct_block_seed_000029.yaml,29,hard,6,4,10,True,7.3804,-3.603014,0.837514,-0.693713,0.898786,-3.512779,direct_block,6.2603,1.1789,,v3,train,general_replay,0.15
train,/root/leo_ws/src/leo_pybullet/worlds/benchmark_v4_hard/train/world_hard_double_block_seed_300008.yaml,300008,hard,12,4,16,True,7.0651,1.457265,-1.605115,1.302586,3.044504,3.857637,double_block,5.6887,1.242,2,v4_focused,train,4,focused_failure
train,/root/leo_ws/src/leo_pybullet/worlds/benchmark_v2/train/world_easy_seed_000045.yaml,45,easy,3,4,7,False,7.4457,-3.350908,2.676646,0.938105,3.970123,3.092154,,,,,v2,train,0,0.40
train,/root/leo_ws/src/leo_pybullet/worlds/benchmark_v3_curriculum/train/world_hard_direct_block_seed_000113.yaml,113,hard,4,4,8,True,5.4239,1.307826,2.651139,-2.446773,-1.915481,-0.183768,direct_block,4.2926,1.2636,,v3,train,general_replay,0.15
train,/root/leo_ws/src/leo_pybullet/worlds/benchmark_v2/train/world_medium_seed_000178.yaml,178,medium,5,4,9,True,5.3965,2.000322,4.224747,2.179063,-2.739417,3.883069,,,,,v2,train,0,0.40
train,/root/leo_ws/src/leo_pybullet/worlds/benchmark_v4_hard/train/world_hard_direct_block_seed_300374.yaml,300374,hard,13,4,17,True,6.7176,2.181369,2.284328,2.795766,-3.255267,4.104153,direct_block,5.7331,1.1717,1,v4,train,0,0.45
train,/root/leo_ws/src/leo_pybullet/worlds/benchmark_v2/train/world_easy_seed_000111.yaml,111,easy,2,4,6,False,5.7245,-1.601022,-2.660383,0.815127,-0.722349,2.711521,,,,,v2,train,0,0.40
train,/root/leo_ws/src/leo_pybullet/worlds/benchmark_v4_hard/train/world_hard_double_block_seed_300272.yaml,300272,hard,11,4,15,True,6.4422,3.978327,-0.554369,-2.41831,-0.100943,-3.495779,double_block,5.0291,1.281,2,v4,train,0,0.45
train,/root/leo_ws/src/leo_pybullet/worlds/benchmark_v3_curriculum/train/world_easy_direct_block_seed_000216.yaml,216,easy,1,4,5,True,4.6845,0.654461,-2.036966,0.755213,3.491128,0.345087,direct_block,3.7042,1.2647,,v3,train,general_replay,0.15
train,/root/leo_ws/src/leo_pybullet/worlds/benchmark_v2/train/world_hard_seed_000293.yaml,293,hard,11,4,15,True,7.4216,3.84937,3.090786,2.074978,3.879508,-3.47526,,,,,v2,train,0,0.40
train,/root/leo_ws/src/leo_pybullet/worlds/benchmark_v2/train/world_hard_seed_000170.yaml,170,hard,10,4,14,False,3.2057,0.753217,-1.612997,-2.377469,-2.242617,-2.040745,,,,,v2,train,general_replay,0.40
train,/root/leo_ws/src/leo_pybullet/worlds/benchmark_v4_hard/train/world_hard_clear_seed_300047.yaml,300047,hard,14,4,18,False,5.4651,-2.49379,0.446594,0.189514,2.717432,1.108552,clear,5.2531,1.0404,0,v4,train,0,0.45
train,/root/leo_ws/src/leo_pybullet/worlds/benchmark_v4_hard/train/world_medium_double_block_seed_300112.yaml,300112,medium,7,4,11,True,7.0822,4.100033,-1.235248,2.239057,0.222128,3.000519,double_block,5.7428,1.2332,2,v4_focused,train,1,focused_failure
train,/root/leo_ws/src/leo_pybullet/worlds/benchmark_v2/train/world_medium_seed_000256.yaml,256,medium,8,4,12,True,3.9896,-1.165797,2.673138,3.090293,-0.372305,-0.586772,,,,,v2,train,general_replay,0.40
train,/root/leo_ws/src/leo_pybullet/worlds/benchmark_v2/train/world_hard_seed_000164.yaml,164,hard,8,4,12,True,5.6171,4.300053,-2.12788,-2.602688,-0.091833,-1.005866,,,,,v2,train,general_replay,0.40
train,/root/leo_ws/src/leo_pybullet/worlds/benchmark_v4_hard/train/world_easy_clear_seed_300423.yaml,300423,easy,5,4,9,False,8.1014,2.192211,3.31078,-2.492055,-3.868836,-1.588612,clear,7.7936,1.0395,0,v4,train,0,0.45
train,/root/leo_ws/src/leo_pybullet/worlds/benchmark_v2/train/world_easy_seed_000198.yaml,198,easy,2,4,6,True,5.2422,-0.169828,1.484774,0.190295,4.243085,-0.377086,,,,,v2,train,0,0.40
train,/root/leo_ws/src/leo_pybullet/worlds/benchmark_v2/train/world_easy_seed_000219.yaml,219,easy,4,4,8,True,4.6822,0.237998,-1.49046,-0.397937,2.027581,2.448867,,,,,v2,train,general_replay,0.40
train,/root/leo_ws/src/leo_pybullet/worlds/benchmark_v4_hard/train/world_hard_double_block_seed_300101.yaml,300101,hard,12,4,16,True,8.978,-2.10262,2.888181,-0.717418,2.8159,-2.031099,double_block,6.9564,1.2906,2,v4,train,0,0.45
train,/root/leo_ws/src/leo_pybullet/worlds/benchmark_v3_curriculum/train/world_easy_direct_block_seed_000240.yaml,240,easy,1,4,5,True,7.4765,3.785916,2.620391,-1.708925,2.398364,-4.240667,direct_block,7.0,1.0681,,v3,train,general_replay,0.15
train,/root/leo_ws/src/leo_pybullet/worlds/benchmark_v2/train/world_medium_seed_000298.yaml,298,medium,6,4,10,True,3.8571,-0.334908,3.648232,-3.059032,1.056042,0.5281,,,,,v2,train,general_replay,0.40
train,/root/leo_ws/src/leo_pybullet/worlds/benchmark_v3_curriculum/train/world_easy_direct_block_seed_000042.yaml,42,easy,1,4,5,True,4.881,-4.037409,-1.912251,1.195941,-2.352709,2.010005,direct_block,4.2688,1.1434,,v3,train,0,0.15
train,/root/leo_ws/src/leo_pybullet/worlds/benchmark_v2/train/world_medium_seed_000043.yaml,43,medium,5,4,9,True,4.8833,2.285353,3.996835,-2.53662,-1.132069,1.726416,,,,,v2,train,0,0.40
train,/root/leo_ws/src/leo_pybullet/worlds/benchmark_v2/train/world_hard_seed_000119.yaml,119,hard,10,4,14,True,8.2102,-0.585471,-3.660112,3.08228,-0.625691,4.03592,,,,,v2,train,general_replay,0.40
train,/root/leo_ws/src/leo_pybullet/worlds/benchmark_v3_curriculum/train/world_hard_direct_block_seed_000110.yaml,110,hard,5,4,9,True,5.4514,2.490416,-2.283655,2.817135,-1.796593,-1.161276,direct_block,4.4315,1.2301,,v3,train,general_replay,0.15
train,/root/leo_ws/src/leo_pybullet/worlds/benchmark_v4_hard/train/world_medium_clear_seed_300031.yaml,300031,medium,8,4,12,False,7.0627,3.183729,-3.544146,2.787507,-3.275073,-1.95278,clear,6.652,1.0618,0,v4,train,0,0.45
train,/root/leo_ws/src/leo_pybullet/worlds/benchmark_v2/train/world_medium_seed_000286.yaml,286,medium,8,4,12,True,4.6433,1.677095,-3.663675,-2.228648,-0.778365,-0.573012,,,,,v2,train,0,0.40
train,/root/leo_ws/src/leo_pybullet/worlds/benchmark_v4_hard/train/world_medium_clear_seed_300091.yaml,300091,medium,9,4,13,False,8.2296,4.227869,-1.726539,2.858278,-3.383402,-0.168644,clear,7.7691,1.0593,0,v4,train,0,0.45
train,/root/leo_ws/src/leo_pybullet/worlds/benchmark_v4_hard/train/world_hard_direct_block_seed_300398.yaml,300398,hard,10,4,14,True,5.6971,-2.032616,0.426662,0.79411,0.773182,4.011763,direct_block,4.5525,1.2514,1,v4_focused,train,6,focused_failure
train,/root/leo_ws/src/leo_pybullet/worlds/benchmark_v2/train/world_hard_seed_000194.yaml,194,hard,12,4,16,True,4.6102,-3.023669,-0.985426,1.496865,-2.159826,2.842189,,,,,v2,train,0,0.40
train,/root/leo_ws/src/leo_pybullet/worlds/benchmark_v2/train/world_easy_seed_000204.yaml,204,easy,3,4,7,False,7.5357,3.698518,-2.527869,-2.472284,-0.769244,3.149736,,,,,v2,train,0,0.40
train,/root/leo_ws/src/leo_pybullet/worlds/benchmark_v4_hard/train/world_easy_direct_block_seed_300414.yaml,300414,easy,3,4,7,True,7.5461,-3.589263,-0.530405,0.724027,1.360294,3.773647,direct_block,6.5592,1.1505,1,v4_focused,train,0,focused_failure
train,/root/leo_ws/src/leo_pybullet/worlds/benchmark_v2/train/world_hard_seed_000179.yaml,179,hard,9,4,13,True,5.9347,-2.232135,-1.630961,-1.067864,-0.010125,3.436591,,,,,v2,train,general_replay,0.40
train,/root/leo_ws/src/leo_pybullet/worlds/benchmark_v3_curriculum/train/world_medium_clear_seed_000175.yaml,175,medium,3,4,7,False,4.0194,-2.255548,1.907535,-0.129921,1.607121,1.61066,clear,3.8741,1.0375,,v3,train,general_replay,0.15
train,/root/leo_ws/src/leo_pybullet/worlds/benchmark_v4_hard/train/world_easy_double_block_seed_300252.yaml,300252,easy,5,4,9,True,7.9986,2.829246,-2.598053,2.529349,-2.908633,1.587007,double_block,7.102,1.1263,2,v4,train,0,0.45
train,/root/leo_ws/src/leo_pybullet/worlds/benchmark_v4_hard/train/world_medium_direct_block_seed_300418.yaml,300418,medium,6,4,10,True,7.9872,2.75741,0.909325,2.777238,-3.570878,3.743192,direct_block,6.9338,1.1519,1,v4_focused,train,4,focused_failure
train,/root/leo_ws/src/leo_pybullet/worlds/benchmark_v2/train/world_hard_seed_000266.yaml,266,hard,8,4,12,True,4.9165,1.527407,-0.472339,0.582834,-2.654478,-1.022589,,,,,v2,train,general_replay,0.40
train,/root/leo_ws/src/leo_pybullet/worlds/benchmark_v3_curriculum/train/world_medium_clear_seed_000163.yaml,163,medium,4,4,8,False,3.9257,1.030722,3.466305,-2.993387,-2.780356,3.092923,clear,3.8293,1.0252,,v3,train,0,0.15
train,/root/leo_ws/src/leo_pybullet/worlds/benchmark_v4_hard/train/world_medium_double_block_seed_300397.yaml,300397,medium,8,4,12,True,7.7084,3.321509,2.785508,-2.258122,-0.360017,-2.438922,double_block,6.3913,1.2061,2,v4,train,0,0.45
train,/root/leo_ws/src/leo_pybullet/worlds/benchmark_v2/train/world_easy_seed_000291.yaml,291,easy,4,4,8,True,5.5427,1.157736,0.019849,0.287558,-3.553909,1.134961,,,,,v2,train,0,0.40
train,/root/leo_ws/src/leo_pybullet/worlds/benchmark_v3_curriculum/train/world_medium_clear_seed_000259.yaml,259,medium,2,4,6,False,4.169,2.583897,-3.482235,2.088376,0.820725,-0.05052,clear,3.8582,1.0806,,v3,train,general_replay,0.15
train,/root/leo_ws/src/leo_pybullet/worlds/benchmark_v4_hard/train/world_hard_double_block_seed_300269.yaml,300269,hard,11,4,15,True,9.2398,-3.772859,2.682947,0.080632,3.977873,3.438966,double_block,7.7875,1.1865,2,v4,train,0,0.45
train,/root/leo_ws/src/leo_pybullet/worlds/benchmark_v4_hard/train/world_hard_double_block_seed_300344.yaml,300344,hard,13,4,17,True,8.8833,3.755199,-0.989608,-2.725941,-3.059585,-3.894395,double_block,7.408,1.1991,2,v4_focused,train,2,focused_failure
train,/root/leo_ws/src/leo_pybullet/worlds/benchmark_v2/train/world_easy_seed_000084.yaml,84,easy,4,4,8,False,7.0945,-1.159163,-3.042575,0.161006,3.888866,1.890364,,,,,v2,train,0,0.40
train,/root/leo_ws/src/leo_pybullet/worlds/benchmark_v2/train/world_medium_seed_000037.yaml,37,medium,5,4,9,False,6.2594,1.439266,2.147214,3.039356,1.169516,-4.041655,,,,,v2,train,0,0.40
train,/root/leo_ws/src/leo_pybullet/worlds/benchmark_v4_hard/train/world_medium_double_block_seed_300097.yaml,300097,medium,7,4,11,True,8.9771,-4.024735,-3.218049,1.433895,-3.56849,1.292012,double_block,4.5331,1.9803,2,v4_focused,train,1,focused_failure
train,/root/leo_ws/src/leo_pybullet/worlds/benchmark_v3_curriculum/train/world_easy_direct_block_seed_000198.yaml,198,easy,1,4,5,True,5.0822,0.615568,-0.165924,1.371914,1.450641,4.145543,direct_block,4.3916,1.1572,,v3,train,general_replay,0.15
train,/root/leo_ws/src/leo_pybullet/worlds/benchmark_v4_hard/train/world_easy_direct_block_seed_300414.yaml,300414,easy,3,4,7,True,7.5461,-3.589263,-0.530405,0.724027,1.360294,3.773647,direct_block,6.5592,1.1505,1,v4_focused,train,2,focused_failure
train,/root/leo_ws/src/leo_pybullet/worlds/benchmark_v2/train/world_easy_seed_000231.yaml,231,easy,2,4,6,False,3.4571,3.663174,-2.336882,-1.202418,2.410094,0.604179,,,,,v2,train,general_replay,0.40
train,/root/leo_ws/src/leo_pybullet/worlds/benchmark_v4_hard/train/world_medium_clear_seed_300415.yaml,300415,medium,9,4,13,False,5.9039,1.340575,-1.171277,1.49864,2.412692,4.242221,clear,5.5186,1.0698,0,v4,train,0,0.45
train,/root/leo_ws/src/leo_pybullet/worlds/benchmark_v2/train/world_hard_seed_000257.yaml,257,hard,10,4,14,True,9.9323,-4.30967,1.965914,2.239695,2.286796,-3.239173,,,,,v2,train,0,0.40
train,/root/leo_ws/src/leo_pybullet/worlds/benchmark_v2/train/world_medium_seed_000061.yaml,61,medium,8,4,12,True,9.1565,4.12496,-1.43851,-2.564884,-4.295015,0.024961,,,,,v2,train,general_replay,0.40
train,/root/leo_ws/src/leo_pybullet/worlds/benchmark_v4_hard/train/world_hard_direct_block_seed_300374.yaml,300374,hard,13,4,17,True,6.7176,2.181369,2.284328,2.795766,-3.255267,4.104153,direct_block,5.7331,1.1717,1,v4_focused,train,4,focused_failure
train,/root/leo_ws/src/leo_pybullet/worlds/benchmark_v2/train/world_hard_seed_000068.yaml,68,hard,11,4,15,True,6.7129,2.15241,3.55084,-0.42809,-3.384498,0.694027,,,,,v2,train,0,0.40
train,/root/leo_ws/src/leo_pybullet/worlds/benchmark_v4_hard/train/world_easy_clear_seed_300063.yaml,300063,easy,5,4,9,False,6.7953,1.665696,-3.110964,1.270275,3.57796,2.936814,clear,6.3429,1.0713,0,v4_focused,train,1,focused_failure
train,/root/leo_ws/src/leo_pybullet/worlds/benchmark_v2/train/world_hard_seed_000023.yaml,23,hard,10,4,14,False,3.192,-3.623109,0.800637,-2.322875,-0.663398,0.261766,,,,,v2,train,0,0.40
train,/root/leo_ws/src/leo_pybullet/worlds/benchmark_v4_hard/train/world_easy_double_block_seed_300249.yaml,300249,easy,5,4,9,True,6.0616,-1.542749,2.398846,0.000272,3.520803,2.604689,double_block,5.0677,1.1961,2,v4_focused,train,1,focused_failure
train,/root/leo_ws/src/leo_pybullet/worlds/benchmark_v4_hard/train/world_hard_double_block_seed_300053.yaml,300053,hard,11,4,15,True,8.7759,-2.306043,3.864686,-1.21197,0.385045,-3.066089,double_block,7.4349,1.1804,2,v4,train,0,0.45
train,/root/leo_ws/src/leo_pybullet/worlds/benchmark_v2/train/world_medium_seed_000241.yaml,241,medium,5,4,9,True,4.3976,1.753828,1.834346,0.285573,-2.295833,1.300825,,,,,v2,train,general_replay,0.40
train,/root/leo_ws/src/leo_pybullet/worlds/benchmark_v2/train/world_medium_seed_000061.yaml,61,medium,8,4,12,True,9.1565,4.12496,-1.43851,-2.564884,-4.295015,0.024961,,,,,v2,train,general_replay,0.40
train,/root/leo_ws/src/leo_pybullet/worlds/benchmark_v4_hard/train/world_medium_double_block_seed_300037.yaml,300037,medium,8,4,12,True,7.6535,-3.600502,3.222485,-0.535202,1.975346,0.291676,double_block,6.2992,1.215,2,v4_focused,train,0,focused_failure
train,/root/leo_ws/src/leo_pybullet/worlds/benchmark_v3_curriculum/train/world_medium_direct_block_seed_000256.yaml,256,medium,3,4,7,True,4.969,-1.612039,-1.138997,0.169755,2.611686,-0.363746,direct_block,4.2943,1.1571,,v3,train,general_replay,0.15
train,/root/leo_ws/src/leo_pybullet/worlds/benchmark_v4_hard/train/world_medium_double_block_seed_300181.yaml,300181,medium,9,4,13,True,5.8982,-0.353764,-0.328898,2.005819,-1.831678,4.06008,double_block,4.6311,1.2736,2,v4,train,0,0.45
train,/root/leo_ws/src/leo_pybullet/worlds/benchmark_v3_curriculum/train/world_hard_clear_seed_000155.yaml,155,hard,6,4,10,False,4.2547,-1.329691,0.586534,-0.657224,2.064509,-1.592035,clear,4.0332,1.0549,,v3,train,general_replay,0.15
train,/root/leo_ws/src/leo_pybullet/worlds/benchmark_v2/train/world_easy_seed_000036.yaml,36,easy,3,4,7,True,9.6157,-4.168609,2.621908,-2.64777,3.561661,-1.875034,,,,,v2,train,general_replay,0.40
train,/root/leo_ws/src/leo_pybullet/worlds/benchmark_v2/train/world_medium_seed_000283.yaml,283,medium,5,4,9,True,7.1267,0.248389,-2.061981,0.796513,2.991344,3.984328,,,,,v2,train,general_replay,0.40
train,/root/leo_ws/src/leo_pybullet/worlds/benchmark_v4_hard/train/world_easy_direct_block_seed_300354.yaml,300354,easy,4,4,8,True,6.5472,-0.456094,3.09823,-2.194427,-3.489757,-1.856084,direct_block,5.8093,1.127,1,v4,train,0,0.45
train,/root/leo_ws/src/leo_pybullet/worlds/benchmark_v3_curriculum/train/world_easy_clear_seed_000147.yaml,147,easy,1,4,5,False,4.6182,2.987637,2.654527,-2.956972,-1.321326,1.921505,clear,4.3709,1.0566,,v3,train,general_replay,0.15
train,/root/leo_ws/src/leo_pybullet/worlds/benchmark_v3_curriculum/train/world_hard_clear_seed_000155.yaml,155,hard,6,4,10,False,4.2547,-1.329691,0.586534,-0.657224,2.064509,-1.592035,clear,4.0332,1.0549,,v3,train,0,0.15
train,/root/leo_ws/src/leo_pybullet/worlds/benchmark_v4_hard/train/world_easy_direct_block_seed_300030.yaml,300030,easy,3,4,7,True,6.3541,3.987129,-4.062492,1.911957,2.060799,1.347446,direct_block,5.7427,1.1065,1,v4,train,0,0.45
train,/root/leo_ws/src/leo_pybullet/worlds/benchmark_v2/train/world_medium_seed_000052.yaml,52,medium,7,4,11,True,5.281,-2.756608,-1.338938,-0.708844,1.137924,-4.05251,,,,,v2,train,general_replay,0.40
train,/root/leo_ws/src/leo_pybullet/worlds/benchmark_v4_hard/train/world_medium_double_block_seed_300025.yaml,300025,medium,9,4,13,True,7.3472,2.436438,-2.7551,-3.134501,-3.911782,-3.62189,double_block,6.4071,1.1467,2,v4,train,0,0.45
train,/root/leo_ws/src/leo_pybullet/worlds/benchmark_v2/train/world_medium_seed_000151.yaml,151,medium,8,4,12,True,7.7861,3.921835,1.155262,2.626404,-2.569891,4.117918,,,,,v2,train,0,0.40
train,/root/leo_ws/src/leo_pybullet/worlds/benchmark_v3_curriculum/train/world_hard_direct_block_seed_000086.yaml,86,hard,4,4,8,True,4.8251,-0.773267,-4.247338,0.511176,2.274115,-2.44328,direct_block,3.5414,1.3625,,v3,train,general_replay,0.15
train,/root/leo_ws/src/leo_pybullet/worlds/benchmark_v3_curriculum/train/world_medium_direct_block_seed_000196.yaml,196,medium,4,4,8,True,5.8239,0.063474,1.263697,2.653929,-4.002571,3.675438,direct_block,4.7275,1.2319,,v3,train,0,0.15
train,/root/leo_ws/src/leo_pybullet/worlds/benchmark_v2/train/world_medium_seed_000064.yaml,64,medium,8,4,12,True,4.1439,-2.012758,3.590402,1.248202,1.153195,2.301398,,,,,v2,train,0,0.40
train,/root/leo_ws/src/leo_pybullet/worlds/benchmark_v2/train/world_easy_seed_000054.yaml,54,easy,2,4,6,False,6.5027,-1.758046,3.391583,-1.067692,-0.108458,-2.444687,,,,,v2,train,0,0.40
train,/root/leo_ws/src/leo_pybullet/worlds/benchmark_v4_hard/train/world_medium_double_block_seed_300001.yaml,300001,medium,8,4,12,True,8.6031,3.7686,-3.520276,1.520223,3.464521,3.332377,double_block,6.8594,1.2542,2,v4,train,0,0.45
train,/root/leo_ws/src/leo_pybullet/worlds/benchmark_v2/train/world_easy_seed_000144.yaml,144,easy,3,4,7,True,4.2514,-3.640861,3.008268,1.030556,-2.873506,-0.898208,,,,,v2,train,general_replay,0.40
train,/root/leo_ws/src/leo_pybullet/worlds/benchmark_v3_curriculum/train/world_easy_clear_seed_000123.yaml,123,easy,1,4,5,False,6.5894,-3.808836,-3.102012,0.780186,0.518177,1.714363,clear,6.4746,1.0177,,v3,train,0,0.15
train,/root/leo_ws/src/leo_pybullet/worlds/benchmark_v4_hard/train/world_hard_double_block_seed_300092.yaml,300092,hard,11,4,15,True,10.0341,2.405601,4.167901,-1.60232,1.932252,-0.342622,double_block,4.5353,2.2125,2,v4,train,0,0.45
train,/root/leo_ws/src/leo_pybullet/worlds/benchmark_v2/train/world_easy_seed_000039.yaml,39,easy,2,4,6,False,6.8422,-4.124328,-2.431295,1.878193,1.990795,-4.303668,,,,,v2,train,general_replay,0.40
train,/root/leo_ws/src/leo_pybullet/worlds/benchmark_v4_hard/train/world_hard_direct_block_seed_300038.yaml,300038,hard,10,4,14,True,9.2318,0.834868,3.973613,-1.629526,-0.663242,-3.508577,direct_block,7.6307,1.2098,1,v4_focused,train,6,focused_failure
train,/root/leo_ws/src/leo_pybullet/worlds/benchmark_v4_hard/train/world_hard_clear_seed_300119.yaml,300119,hard,10,4,14,False,6.4971,-3.075478,4.067837,-1.246055,-1.873045,-1.962515,clear,6.1491,1.0566,0,v4_focused,train,1,focused_failure
train,/root/leo_ws/src/leo_pybullet/worlds/benchmark_v2/train/world_hard_seed_000206.yaml,206,hard,8,4,12,True,7.9565,4.129003,-2.40051,-1.584888,-3.239905,-2.443097,,,,,v2,train,0,0.40
train,/root/leo_ws/src/leo_pybullet/worlds/benchmark_v3_curriculum/train/world_easy_clear_seed_000219.yaml,219,easy,2,4,6,False,8.2467,3.065412,-1.117272,-2.845844,-4.062264,-3.810847,clear,7.6197,1.0823,,v3,train,0,0.15
train,/root/leo_ws/src/leo_pybullet/worlds/benchmark_v2/train/world_easy_seed_000243.yaml,243,easy,4,4,8,False,4.2376,-3.893183,0.548871,-2.463682,-2.903361,-3.28588,,,,,v2,train,general_replay,0.40
train,/root/leo_ws/src/leo_pybullet/worlds/benchmark_v2/train/world_hard_seed_000209.yaml,209,hard,12,4,16,True,5.7416,-2.854436,-1.890732,-2.661728,-0.783148,2.99602,,,,,v2,train,general_replay,0.40
train,/root/leo_ws/src/leo_pybullet/worlds/benchmark_v4_hard/train/world_medium_direct_block_seed_300418.yaml,300418,medium,6,4,10,True,7.9872,2.75741,0.909325,2.777238,-3.570878,3.743192,direct_block,6.9338,1.1519,1,v4_focused,train,3,focused_failure
train,/root/leo_ws/src/leo_pybullet/worlds/benchmark_v2/train/world_hard_seed_000173.yaml,173,hard,10,4,14,True,5.9096,2.894124,1.588067,0.426106,2.020505,-3.687949,,,,,v2,train,general_replay,0.40
train,/root/leo_ws/src/leo_pybullet/worlds/benchmark_v2/train/world_medium_seed_000208.yaml,208,medium,7,4,11,True,4.8559,-2.643234,0.629658,0.768749,0.550331,3.076166,,,,,v2,train,0,0.40
train,/root/leo_ws/src/leo_pybullet/worlds/benchmark_v3_curriculum/train/world_easy_direct_block_seed_000012.yaml,12,easy,2,4,6,True,6.169,4.063344,-1.124929,-2.886538,-1.362718,-2.462861,direct_block,5.5886,1.1039,,v3,train,general_replay,0.15
train,/root/leo_ws/src/leo_pybullet/worlds/benchmark_v2/train/world_easy_seed_000270.yaml,270,easy,2,4,6,False,3.769,1.247615,-3.131133,-1.304682,3.008514,-0.143246,,,,,v2,train,general_replay,0.40
train,/root/leo_ws/src/leo_pybullet/worlds/benchmark_v2/train/world_easy_seed_000075.yaml,75,easy,3,4,7,False,7.6639,2.797744,-3.47966,1.617252,1.67298,3.714122,,,,,v2,train,0,0.40
train,/root/leo_ws/src/leo_pybullet/worlds/benchmark_v4_hard/train/world_easy_direct_block_seed_300006.yaml,300006,easy,5,4,9,True,5.929,1.948213,-1.528555,1.247454,3.109686,3.631191,direct_block,5.2889,1.121,1,v4,train,0,0.45
train,/root/leo_ws/src/leo_pybullet/worlds/benchmark_v4_hard/train/world_hard_double_block_seed_300008.yaml,300008,hard,12,4,16,True,7.0651,1.457265,-1.605115,1.302586,3.044504,3.857637,double_block,5.6887,1.242,2,v4,train,0,0.45
train,/root/leo_ws/src/leo_pybullet/worlds/benchmark_v2/train/world_hard_seed_000119.yaml,119,hard,10,4,14,True,8.2102,-0.585471,-3.660112,3.08228,-0.625691,4.03592,,,,,v2,train,0,0.40
train,/root/leo_ws/src/leo_pybullet/worlds/benchmark_v2/train/world_medium_seed_000187.yaml,187,medium,7,4,11,True,5.8594,2.643986,-3.015102,0.308546,2.639655,2.745056,,,,,v2,train,general_replay,0.40
train,/root/leo_ws/src/leo_pybullet/worlds/benchmark_v3_curriculum/train/world_hard_clear_seed_000143.yaml,143,hard,4,4,8,False,4.1278,0.089651,3.82306,-0.98111,2.352556,0.620083,clear,3.9217,1.0526,,v3,train,general_replay,0.15
train,/root/leo_ws/src/leo_pybullet/worlds/benchmark_v2/train/world_hard_seed_000107.yaml,107,hard,9,4,13,True,5.0353,3.975527,-0.656382,-1.284205,0.38264,-3.27183,,,,,v2,train,general_replay,0.40
train,/root/leo_ws/src/leo_pybullet/worlds/benchmark_v4_hard/train/world_easy_double_block_seed_300288.yaml,300288,easy,5,4,9,True,9.1849,-4.010236,-2.412256,0.700082,2.268769,2.417856,double_block,7.9219,1.1594,2,v4,train,0,0.45
train,/root/leo_ws/src/leo_pybullet/worlds/benchmark_v4_hard/train/world_medium_double_block_seed_300052.yaml,300052,medium,8,4,12,True,8.1884,3.114891,3.649562,-3.074782,-2.878421,3.521524,double_block,5.9947,1.3659,2,v4,train,0,0.45
train,/root/leo_ws/src/leo_pybullet/worlds/benchmark_v3_curriculum/train/world_easy_direct_block_seed_000237.yaml,237,easy,2,4,6,True,8.409,3.443026,3.996743,-1.74833,2.501677,-3.731534,direct_block,7.7854,1.0801,,v3,train,0,0.15
train,/root/leo_ws/src/leo_pybullet/worlds/benchmark_v4_hard/train/world_hard_direct_block_seed_300014.yaml,300014,hard,12,4,16,True,7.8239,-1.483921,-3.582866,1.75184,-2.614877,2.509943,direct_block,6.1969,1.2626,1,v4_focused,train,8,focused_failure
train,/root/leo_ws/src/leo_pybullet/worlds/benchmark_v2/train/world_hard_seed_000110.yaml,110,hard,11,4,15,True,8.7096,-4.236895,3.412636,-1.688074,3.908494,2.549014,,,,,v2,train,general_replay,0.40
train,/root/leo_ws/src/leo_pybullet/worlds/benchmark_v2/train/world_hard_seed_000095.yaml,95,hard,12,4,16,True,4.2102,4.324789,0.341223,-0.037864,3.789334,-3.233593,,,,,v2,train,0,0.40
train,/root/leo_ws/src/leo_pybullet/worlds/benchmark_v2/train/world_hard_seed_000128.yaml,128,hard,9,4,13,True,6.3896,-1.183412,-0.146179,0.248272,4.221428,-1.578017,,,,,v2,train,0,0.40
train,/root/leo_ws/src/leo_pybullet/worlds/benchmark_v2/train/world_hard_seed_000152.yaml,152,hard,11,4,15,True,3.7851,-1.027492,-2.608452,-2.366887,-3.598093,-4.199541,,,,,v2,train,0,0.40
train,/root/leo_ws/src/leo_pybullet/worlds/benchmark_v3_curriculum/train/world_easy_direct_block_seed_000084.yaml,84,easy,2,4,6,True,6.3016,-2.028738,-0.277276,0.407185,3.323512,1.917797,direct_block,5.7849,1.0893,,v3,train,general_replay,0.15
train,/root/leo_ws/src/leo_pybullet/worlds/benchmark_v2/train/world_medium_seed_000046.yaml,46,medium,5,4,9,True,5.129,0.770996,3.130144,0.526094,-2.361709,0.13674,,,,,v2,train,general_replay,0.40
train,/root/leo_ws/src/leo_pybullet/worlds/benchmark_v3_curriculum/train/world_hard_direct_block_seed_000284.yaml,284,hard,4,4,8,True,8.2386,-1.453668,-3.134898,0.808951,3.25134,2.292879,direct_block,7.1832,1.1469,,v3,train,general_replay,0.15
train,/root/leo_ws/src/leo_pybullet/worlds/benchmark_v4_hard/train/world_hard_double_block_seed_300380.yaml,300380,hard,11,4,15,True,6.409,-3.422224,2.123096,0.069779,1.227689,1.870886,double_block,4.6567,1.3763,2,v4_focused,train,3,focused_failure
train,/root/leo_ws/src/leo_pybullet/worlds/benchmark_v3_curriculum/train/world_hard_direct_block_seed_000161.yaml,161,hard,6,4,10,True,7.3941,0.766345,-3.958942,1.121598,3.609908,1.989966,direct_block,6.5936,1.1214,,v3,train,0,0.15
train,/root/leo_ws/src/leo_pybullet/worlds/benchmark_v4_hard/train/world_easy_double_block_seed_300324.yaml,300324,easy,3,4,7,True,6.7404,-1.932744,3.898807,-1.953897,-3.404311,-1.801706,double_block,5.8874,1.1449,2,v4,train,0,0.45
train,/root/leo_ws/src/leo_pybullet/worlds/benchmark_v2/train/world_hard_seed_000236.yaml,236,hard,10,4,14,True,6.2708,2.020682,-3.656579,-1.240893,1.814623,2.199378,,,,,v2,train,0,0.40
train,/root/leo_ws/src/leo_pybullet/worlds/benchmark_v4_hard/train/world_easy_double_block_seed_300117.yaml,300117,easy,5,4,9,True,8.5747,0.138597,-3.656667,1.803471,-1.390484,4.020615,double_block,7.8281,1.0954,2,v4_focused,train,0,focused_failure
train,/root/leo_ws/src/leo_pybullet/worlds/benchmark_v2/train/world_easy_seed_000228.yaml,228,easy,4,4,8,False,3.3931,0.642568,-2.446148,2.908768,0.578913,0.899642,,,,,v2,train,general_replay,0.40
train,/root/leo_ws/src/leo_pybullet/worlds/benchmark_v4_hard/train/world_medium_clear_seed_300043.yaml,300043,medium,7,4,11,False,7.192,-1.775045,-3.675418,1.61821,-2.332722,3.325905,clear,7.0235,1.024,0,v4,train,0,0.45
train,/root/leo_ws/src/leo_pybullet/worlds/benchmark_v2/train/world_easy_seed_000036.yaml,36,easy,3,4,7,True,9.6157,-4.168609,2.621908,-2.64777,3.561661,-1.875034,,,,,v2,train,general_replay,0.40
train,/root/leo_ws/src/leo_pybullet/worlds/benchmark_v3_curriculum/train/world_medium_direct_block_seed_000169.yaml,169,medium,3,4,7,True,5.0433,2.813603,2.812618,-2.311021,0.289836,-0.248774,direct_block,3.9676,1.2711,,v3,train,general_replay,0.15
train,/root/leo_ws/src/leo_pybullet/worlds/benchmark_v4_hard/train/world_hard_clear_seed_300335.yaml,300335,hard,10,4,14,False,4.6925,0.752569,2.399786,-1.578146,1.064232,-2.225187,clear,4.6355,1.0123,0,v4,train,0,0.45
train,/root/leo_ws/src/leo_pybullet/worlds/benchmark_v4_hard/train/world_hard_direct_block_seed_300350.yaml,300350,hard,13,4,17,True,7.6147,0.697796,-2.353788,2.059779,-2.516427,3.340831,direct_block,6.5391,1.1645,1,v4_focused,train,5,focused_failure
train,/root/leo_ws/src/leo_pybullet/worlds/benchmark_v2/train/world_hard_seed_000026.yaml,26,hard,9,4,13,True,5.3027,-0.587617,0.382925,-0.142918,-3.23751,3.925183,,,,,v2,train,general_replay,0.40
train,/root/leo_ws/src/leo_pybullet/worlds/benchmark_v4_hard/train/world_medium_double_block_seed_300049.yaml,300049,medium,8,4,12,True,6.7735,0.935965,2.795232,-1.402978,1.170654,-1.978176,double_block,4.7792,1.4173,2,v4,train,0,0.45
train,/root/leo_ws/src/leo_pybullet/worlds/benchmark_v4_hard/train/world_medium_double_block_seed_300037.yaml,300037,medium,8,4,12,True,7.6535,-3.600502,3.222485,-0.535202,1.975346,0.291676,double_block,6.2992,1.215,2,v4_focused,train,3,focused_failure
train,/root/leo_ws/src/leo_pybullet/worlds/benchmark_v2/train/world_medium_seed_000082.yaml,82,medium,6,4,10,False,5.9953,-2.897245,-2.082428,-0.178684,2.288573,-4.059666,,,,,v2,train,general_replay,0.40
train,/root/leo_ws/src/leo_pybullet/worlds/benchmark_v4_hard/train/world_hard_double_block_seed_300056.yaml,300056,hard,12,4,16,True,7.6227,-1.630143,4.243983,-1.809857,-3.266632,-1.42817,double_block,5.9035,1.2912,2,v4,train,0,0.45
train,/root/leo_ws/src/leo_pybullet/worlds/benchmark_v2/train/world_hard_seed_000158.yaml,158,hard,9,4,13,True,6.1714,-3.459031,-0.709458,0.835152,2.35727,-1.483241,,,,,v2,train,general_replay,0.40
train,/root/leo_ws/src/leo_pybullet/worlds/benchmark_v3_curriculum/train/world_medium_direct_block_seed_000286.yaml,286,medium,3,4,7,True,6.6353,-0.559839,-3.014953,1.302117,1.428736,2.837955,direct_block,6.1815,1.0734,,v3,train,general_replay,0.15
train,/root/leo_ws/src/leo_pybullet/worlds/benchmark_v4_hard/train/world_hard_direct_block_seed_300302.yaml,300302,hard,14,4,18,True,6.4171,-0.725517,-1.175308,0.543925,3.625572,1.066701,direct_block,4.8948,1.311,1,v4,train,0,0.45
train,/root/leo_ws/src/leo_pybullet/worlds/benchmark_v4_hard/train/world_medium_double_block_seed_300376.yaml,300376,medium,9,4,13,True,6.6878,3.152727,2.518584,-3.039894,-2.522914,2.564029,double_block,5.6758,1.1783,2,v4,train,0,0.45
train,/root/leo_ws/src/leo_pybullet/worlds/benchmark_v2/train/world_hard_seed_000251.yaml,251,hard,11,4,15,True,4.9051,2.036276,0.754467,-2.55532,-2.201248,1.831626,,,,,v2,train,0,0.40
train,/root/leo_ws/src/leo_pybullet/worlds/benchmark_v4_hard/train/world_hard_direct_block_seed_300026.yaml,300026,hard,12,4,16,True,9.1025,1.687163,-4.182527,1.98101,-1.033548,1.718623,direct_block,6.4981,1.4008,1,v4,train,0,0.45
train,/root/leo_ws/src/leo_pybullet/worlds/benchmark_v4_hard/train/world_medium_direct_block_seed_300382.yaml,300382,medium,8,4,12,True,9.2043,1.920518,-3.500334,2.413201,-3.842622,2.006926,direct_block,7.9714,1.1547,1,v4,train,0,0.45
train,/root/leo_ws/src/leo_pybullet/worlds/benchmark_v3_curriculum/train/world_medium_direct_block_seed_000208.yaml,208,medium,3,4,7,True,4.6651,3.00545,1.039977,2.726225,-0.360787,2.695913,direct_block,3.7515,1.2435,,v3,train,0,0.15
train,/root/leo_ws/src/leo_pybullet/worlds/benchmark_v2/train/world_medium_seed_000112.yaml,112,medium,8,4,12,False,3.4571,1.422933,-1.196323,0.599417,0.228713,-4.113796,,,,,v2,train,general_replay,0.40
train,/root/leo_ws/src/leo_pybullet/worlds/benchmark_v2/train/world_hard_seed_000137.yaml,137,hard,8,4,12,True,4.7371,-0.827522,3.188725,2.076768,-1.547364,-0.890174,,,,,v2,train,general_replay,0.40
train,/root/leo_ws/src/leo_pybullet/worlds/benchmark_v4_hard/train/world_easy_double_block_seed_300264.yaml,300264,easy,5,4,9,True,6.7267,4.170995,1.385466,-1.933721,2.806012,-4.09408,double_block,5.647,1.1912,2,v4,train,0,0.45
train,/root/leo_ws/src/leo_pybullet/worlds/benchmark_v2/train/world_medium_seed_000139.yaml,139,medium,5,4,9,False,3.1678,1.010876,0.937869,-1.235179,3.274156,3.158557,,,,,v2,train,0,0.40
train,/root/leo_ws/src/leo_pybullet/worlds/benchmark_v3_curriculum/train/world_easy_direct_block_seed_000186.yaml,186,easy,2,4,6,True,7.8386,-0.230873,-3.223388,2.184314,-4.189942,2.519063,direct_block,6.975,1.1238,,v3,train,0,0.15
train,/root/leo_ws/src/leo_pybullet/worlds/benchmark_v4_hard/train/world_medium_clear_seed_300307.yaml,300307,medium,6,4,10,False,6.5416,-1.009945,-3.000093,1.348868,1.083556,2.683439,clear,6.0568,1.08,0,v4,train,0,0.45
train,/root/leo_ws/src/leo_pybullet/worlds/benchmark_v2/train/world_hard_seed_000299.yaml,299,hard,10,4,14,True,4.9496,-2.718305,-0.371137,2.067856,0.186283,2.58416,,,,,v2,train,general_replay,0.40
train,/root/leo_ws/src/leo_pybullet/worlds/benchmark_v2/train/world_medium_seed_000145.yaml,145,medium,8,4,12,False,7.7998,-4.33537,-4.137072,1.172658,-1.558807,2.559037,,,,,v2,train,0,0.40
train,/root/leo_ws/src/leo_pybullet/worlds/benchmark_v3_curriculum/train/world_easy_clear_seed_000207.yaml,207,easy,1,4,5,False,3.9896,-3.691514,0.594051,-0.375608,-0.335356,-0.951481,clear,3.6949,1.0798,,v3,train,0,0.15
train,/root/leo_ws/src/leo_pybullet/worlds/benchmark_v2/train/world_easy_seed_000150.yaml,150,easy,3,4,7,False,3.9896,3.744224,-0.495809,2.045001,2.175399,-3.904291,,,,,v2,train,0,0.40
train,/root/leo_ws/src/leo_pybullet/worlds/benchmark_v4_hard/train/world_easy_double_block_seed_300129.yaml,300129,easy,4,4,8,True,7.2204,0.037128,3.572846,-0.842736,3.707956,-1.463601,double_block,6.2322,1.1586,2,v4_focused,train,1,focused_failure
train,/root/leo_ws/src/leo_pybullet/worlds/benchmark_v3_curriculum/train/world_easy_direct_block_seed_000228.yaml,228,easy,1,4,5,True,5.3027,-3.495869,0.631214,-0.220391,1.139976,-0.052547,direct_block,4.686,1.1316,,v3,train,0,0.15
train,/root/leo_ws/src/leo_pybullet/worlds/benchmark_v4_hard/train/world_medium_double_block_seed_300229.yaml,300229,medium,6,4,10,True,9.5016,-2.389461,-4.103256,1.592891,-2.979923,4.065994,double_block,8.1906,1.1601,2,v4_focused,train,2,focused_failure
train,/root/leo_ws/src/leo_pybullet/worlds/benchmark_v2/train/world_hard_seed_000050.yaml,50,hard,11,4,15,True,3.3439,-1.182351,3.400077,-1.067835,1.675125,2.322052,,,,,v2,train,0,0.40
train,/root/leo_ws/src/leo_pybullet/worlds/benchmark_v2/train/world_hard_seed_000287.yaml,287,hard,12,4,16,True,4.872,-2.055992,3.905086,-1.728696,-0.721458,0.562311,,,,,v2,train,0,0.40
train,/root/leo_ws/src/leo_pybullet/worlds/benchmark_v4_hard/train/world_easy_direct_block_seed_300210.yaml,300210,easy,4,4,8,True,6.4672,-3.575795,-0.081271,0.470325,1.85838,2.189115,direct_block,5.8894,1.0981,1,v4,train,0,0.45
train,/root/leo_ws/src/leo_pybullet/worlds/benchmark_v2/train/world_easy_seed_000186.yaml,186,easy,3,4,7,True,8.0488,-3.299233,-4.288529,-0.359754,2.578335,0.494222,,,,,v2,train,0,0.40
train,/root/leo_ws/src/leo_pybullet/worlds/benchmark_v2/train/world_hard_seed_000176.yaml,176,hard,8,4,12,True,4.2925,3.86149,2.413438,-1.147815,2.877269,-1.001516,,,,,v2,train,0,0.40
train,/root/leo_ws/src/leo_pybullet/worlds/benchmark_v2/train/world_medium_seed_000229.yaml,229,medium,6,4,10,True,6.1245,0.992449,3.654673,0.046328,-0.051133,-1.777398,,,,,v2,train,0,0.40
train,/root/leo_ws/src/leo_pybullet/worlds/benchmark_v4_hard/train/world_hard_direct_block_seed_300386.yaml,300386,hard,12,4,16,True,11.4604,-4.094212,2.217938,-1.258433,-2.791234,-2.699095,direct_block,5.0867,2.253,1,v4,train,0,0.45
train,/root/leo_ws/src/leo_pybullet/worlds/benchmark_v2/train/world_medium_seed_000106.yaml,106,medium,8,4,12,True,8.5222,3.84595,2.79273,1.913206,-3.856841,2.66505,,,,,v2,train,0,0.40
train,/root/leo_ws/src/leo_pybullet/worlds/benchmark_v2/train/world_hard_seed_000125.yaml,125,hard,9,4,13,True,6.4171,0.935321,1.000254,-2.169131,-4.312935,1.816216,,,,,v2,train,general_replay,0.40
train,/root/leo_ws/src/leo_pybullet/worlds/benchmark_v2/train/world_medium_seed_000118.yaml,118,medium,6,4,10,True,6.8422,1.762792,-1.792831,-2.976257,-4.193487,-1.461864,,,,,v2,train,0,0.40
train,/root/leo_ws/src/leo_pybullet/worlds/benchmark_v3_curriculum/train/world_medium_direct_block_seed_000181.yaml,181,medium,4,4,8,True,7.4353,1.689628,-3.760294,1.325725,3.656385,2.852854,direct_block,6.8994,1.0777,,v3,train,0,0.15
train,/root/leo_ws/src/leo_pybullet/worlds/benchmark_v3_curriculum/train/world_hard_direct_block_seed_000116.yaml,116,hard,6,4,10,True,5.9565,0.848344,1.888139,-2.972462,-4.175795,1.243262,direct_block,5.0654,1.1759,,v3,train,general_replay,0.15
train,/root/leo_ws/src/leo_pybullet/worlds/benchmark_v4_hard/train/world_hard_direct_block_seed_300326.yaml,300326,hard,12,4,16,True,6.8582,-2.31268,-0.168579,0.339471,3.100244,1.692078,direct_block,5.7238,1.1982,1,v4,train,0,0.45
train,/root/leo_ws/src/leo_pybullet/worlds/benchmark_v2/train/world_medium_seed_000040.yaml,40,medium,8,4,12,False,3.8571,0.208562,-2.215976,-1.845159,1.431655,1.192752,,,,,v2,train,general_replay,0.40
train,/root/leo_ws/src/leo_pybullet/worlds/benchmark_v4_hard/train/world_easy_double_block_seed_300432.yaml,300432,easy,4,4,8,True,7.8935,2.562015,-2.618233,2.13716,-1.759468,2.53383,double_block,6.7245,1.1738,2,v4,train,0,0.45
train,/root/leo_ws/src/leo_pybullet/worlds/benchmark_v4_hard/train/world_easy_double_block_seed_300117.yaml,300117,easy,5,4,9,True,8.5747,0.138597,-3.656667,1.803471,-1.390484,4.020615,double_block,7.8281,1.0954,2,v4,train,0,0.45
train,/root/leo_ws/src/leo_pybullet/worlds/benchmark_v2/train/world_hard_seed_000065.yaml,65,hard,11,4,15,True,7.4718,3.713267,2.835236,2.42163,-0.552732,-2.387773,,,,,v2,train,0,0.40
train,/root/leo_ws/src/leo_pybullet/worlds/benchmark_v4_hard/train/world_easy_double_block_seed_300276.yaml,300276,easy,5,4,9,True,7.2204,1.664541,1.517938,-2.550748,-3.327126,-2.258267,double_block,6.2591,1.1536,2,v4,train,0,0.45
train,/root/leo_ws/src/leo_pybullet/worlds/benchmark_v2/train/world_hard_seed_000005.yaml,5,hard,12,4,16,True,5.0433,-1.230741,1.656888,0.188746,2.971145,1.322676,,,,,v2,train,0,0.40
train,/root/leo_ws/src/leo_pybullet/worlds/benchmark_v2/train/world_hard_seed_000140.yaml,140,hard,8,4,12,True,8.098,-4.191674,2.016642,0.09389,1.561003,-2.381164,,,,,v2,train,0,0.40
train,/root/leo_ws/src/leo_pybullet/worlds/benchmark_v2/train/world_hard_seed_000014.yaml,14,hard,8,4,12,True,5.2947,2.220286,0.235874,-1.313085,-2.201663,2.045647,,,,,v2,train,0,0.40
train,/root/leo_ws/src/leo_pybullet/worlds/benchmark_v3_curriculum/train/world_medium_direct_block_seed_000181.yaml,181,medium,4,4,8,True,7.4353,1.689628,-3.760294,1.325725,3.656385,2.852854,direct_block,6.8994,1.0777,,v3,train,general_replay,0.15
train,/root/leo_ws/src/leo_pybullet/worlds/benchmark_v2/train/world_hard_seed_000107.yaml,107,hard,9,4,13,True,5.0353,3.975527,-0.656382,-1.284205,0.38264,-3.27183,,,,,v2,train,0,0.40
train,/root/leo_ws/src/leo_pybullet/worlds/benchmark_v3_curriculum/train/world_hard_direct_block_seed_000290.yaml,290,hard,6,4,10,True,7.7667,3.758569,3.232735,-2.087609,0.791428,-3.122831,direct_block,7.0141,1.1073,,v3,train,0,0.15
train,/root/leo_ws/src/leo_pybullet/worlds/benchmark_v2/train/world_medium_seed_000103.yaml,103,medium,8,4,12,False,3.7472,2.080541,1.342656,1.101397,-0.33784,-1.408267,,,,,v2,train,0,0.40
train,/root/leo_ws/src/leo_pybullet/worlds/benchmark_v4_hard/train/world_hard_double_block_seed_300020.yaml,300020,hard,12,4,16,True,8.1804,-1.960542,-1.085359,0.629666,3.186043,3.477221,double_block,6.8778,1.1894,2,v4_focused,train,1,focused_failure
train,/root/leo_ws/src/leo_pybullet/worlds/benchmark_v2/train/world_medium_seed_000052.yaml,52,medium,7,4,11,True,5.281,-2.756608,-1.338938,-0.708844,1.137924,-4.05251,,,,,v2,train,0,0.40
train,/root/leo_ws/src/leo_pybullet/worlds/benchmark_v2/train/world_easy_seed_000291.yaml,291,easy,4,4,8,True,5.5427,1.157736,0.019849,0.287558,-3.553909,1.134961,,,,,v2,train,general_replay,0.40
train,/root/leo_ws/src/leo_pybullet/worlds/benchmark_v3_curriculum/train/world_hard_clear_seed_000227.yaml,227,hard,5,4,9,False,7.6857,3.366657,-1.192294,-3.103895,-4.120558,-1.576783,clear,7.4971,1.0252,,v3,train,0,0.15
train,/root/leo_ws/src/leo_pybullet/worlds/benchmark_v3_curriculum/train/world_easy_direct_block_seed_000150.yaml,150,easy,2,4,6,True,6.2216,3.359278,-2.653119,2.626232,-1.667199,-0.184463,direct_block,5.6,1.111,,v3,train,0,0.15
train,/root/leo_ws/src/leo_pybullet/worlds/benchmark_v4_hard/train/world_hard_double_block_seed_300212.yaml,300212,hard,13,4,17,True,6.6765,-2.304133,-2.620304,1.602368,-3.04473,1.904929,double_block,4.5854,1.456,2,v4,train,0,0.45
train,/root/leo_ws/src/leo_pybullet/worlds/benchmark_v2/train/world_medium_seed_000238.yaml,238,medium,7,4,11,True,9.1551,1.908349,-3.778251,-2.098279,-3.082151,3.16527,,,,,v2,train,general_replay,0.40
train,/root/leo_ws/src/leo_pybullet/worlds/benchmark_v2/train/world_hard_seed_000026.yaml,26,hard,9,4,13,True,5.3027,-0.587617,0.382925,-0.142918,-3.23751,3.925183,,,,,v2,train,0,0.40
train,/root/leo_ws/src/leo_pybullet/worlds/benchmark_v2/train/world_easy_seed_000060.yaml,60,easy,3,4,7,True,6.8729,-3.00901,-2.352035,2.986363,-0.143489,3.351789,,,,,v2,train,0,0.40
train,/root/leo_ws/src/leo_pybullet/worlds/benchmark_v2/train/world_easy_seed_000024.yaml,24,easy,4,4,8,False,3.8457,0.720175,-2.451067,1.141348,-2.894232,-2.876449,,,,,v2,train,general_replay,0.40
train,/root/leo_ws/src/leo_pybullet/worlds/benchmark_v2/train/world_hard_seed_000251.yaml,251,hard,11,4,15,True,4.9051,2.036276,0.754467,-2.55532,-2.201248,1.831626,,,,,v2,train,general_replay,0.40
train,/root/leo_ws/src/leo_pybullet/worlds/benchmark_v4_hard/train/world_hard_direct_block_seed_300350.yaml,300350,hard,13,4,17,True,7.6147,0.697796,-2.353788,2.059779,-2.516427,3.340831,direct_block,6.5391,1.1645,1,v4_focused,train,8,focused_failure
train,/root/leo_ws/src/leo_pybullet/worlds/benchmark_v2/train/world_hard_seed_000215.yaml,215,hard,8,4,12,True,5.0765,0.380008,-1.772748,1.423077,-4.078617,-3.352366,,,,,v2,train,general_replay,0.40
train,/root/leo_ws/src/leo_pybullet/worlds/benchmark_v4_hard/train/world_medium_direct_block_seed_300118.yaml,300118,medium,7,4,11,True,8.1861,-2.775109,0.183679,-0.624216,3.590486,-3.400875,direct_block,7.3055,1.1205,1,v4_focused,train,0,focused_failure
train,/root/leo_ws/src/leo_pybullet/worlds/benchmark_v2/train/world_medium_seed_000283.yaml,283,medium,5,4,9,True,7.1267,0.248389,-2.061981,0.796513,2.991344,3.984328,,,,,v2,train,0,0.40
train,/root/leo_ws/src/leo_pybullet/worlds/benchmark_v2/train/world_hard_seed_000224.yaml,224,hard,8,4,12,True,9.5825,-0.306759,4.277723,2.585408,4.103563,-3.479896,,,,,v2,train,general_replay,0.40
train,/root/leo_ws/src/leo_pybullet/worlds/benchmark_v4_hard/train/world_medium_double_block_seed_300100.yaml,300100,medium,6,4,10,True,7.5872,-1.317023,1.923084,-0.867312,3.149786,-2.636031,double_block,6.3826,1.1887,2,v4,train,0,0.45
train,/root/leo_ws/src/leo_pybullet/worlds/benchmark_v2/train/world_medium_seed_000046.yaml,46,medium,5,4,9,True,5.129,0.770996,3.130144,0.526094,-2.361709,0.13674,,,,,v2,train,0,0.40
train,/root/leo_ws/src/leo_pybullet/worlds/benchmark_v2/train/world_medium_seed_000214.yaml,214,medium,7,4,11,True,4.5496,1.22413,2.378138,-1.561168,3.55464,-0.79091,,,,,v2,train,general_replay,0.40
train,/root/leo_ws/src/leo_pybullet/worlds/benchmark_v3_curriculum/train/world_medium_direct_block_seed_000166.yaml,166,medium,2,4,6,True,7.2729,1.125503,-0.790002,2.523345,-4.146381,2.942186,direct_block,6.4593,1.126,,v3,train,0,0.15
train,/root/leo_ws/src/leo_pybullet/worlds/benchmark_v4_hard/train/world_easy_double_block_seed_300093.yaml,300093,easy,5,4,9,True,5.9508,-3.615083,-0.606543,1.093115,-1.236721,3.556865,double_block,4.7948,1.2411,2,v4,train,0,0.45
train,/root/leo_ws/src/leo_pybullet/worlds/benchmark_v4_hard/train/world_hard_double_block_seed_300005.yaml,300005,hard,10,4,14,True,7.281,0.372493,-4.108539,2.274237,-2.809325,0.371876,double_block,5.4953,1.325,2,v4,train,0,0.45
train,/root/leo_ws/src/leo_pybullet/worlds/benchmark_v2/train/world_medium_seed_000058.yaml,58,medium,6,4,10,True,7.5049,1.235133,3.884423,-0.920829,-3.991504,-0.440223,,,,,v2,train,general_replay,0.40
train,/root/leo_ws/src/leo_pybullet/worlds/benchmark_v4_hard/train/world_medium_double_block_seed_300349.yaml,300349,medium,9,4,13,True,8.2855,2.364528,-3.726752,2.155872,-2.206974,1.882797,double_block,7.2364,1.145,2,v4,train,0,0.45
train,/root/leo_ws/src/leo_pybullet/worlds/benchmark_v2/train/world_hard_seed_000149.yaml,149,hard,8,4,12,True,3.5839,-1.068243,-3.172008,-2.894717,-4.162981,-2.804286,,,,,v2,train,0,0.40
train,/root/leo_ws/src/leo_pybullet/worlds/benchmark_v2/train/world_easy_seed_000216.yaml,216,easy,2,4,6,False,3.2445,1.809956,-0.207607,-1.505721,-1.065878,0.66986,,,,,v2,train,0,0.40
train,/root/leo_ws/src/leo_pybullet/worlds/benchmark_v4_hard/train/world_easy_double_block_seed_300069.yaml,300069,easy,5,4,9,True,6.641,3.950011,2.513994,-2.142614,1.305072,-2.485675,double_block,5.6562,1.1741,2,v4,train,0,0.45
train,/root/leo_ws/src/leo_pybullet/worlds/benchmark_v3_curriculum/train/world_easy_direct_block_seed_000288.yaml,288,easy,2,4,6,True,8.2443,3.77651,2.507034,-2.139048,-0.169894,-3.844409,direct_block,7.4776,1.1025,,v3,train,0,0.15
train,/root/leo_ws/src/leo_pybullet/worlds/benchmark_v4_hard/train/world_medium_double_block_seed_300217.yaml,300217,medium,9,4,13,True,7.3051,4.207654,3.583556,-1.911421,2.784389,-1.226065,double_block,5.0158,1.4564,2,v4_focused,train,3,focused_failure
train,/root/leo_ws/src/leo_pybullet/worlds/benchmark_v2/train/world_medium_seed_000175.yaml,175,medium,8,4,12,True,4.9165,1.952418,1.644936,-1.524391,1.648558,-2.652588,,,,,v2,train,general_replay,0.40
train,/root/leo_ws/src/leo_pybullet/worlds/benchmark_v4_hard/train/world_hard_double_block_seed_300185.yaml,300185,hard,13,4,17,True,6.7678,2.124098,-2.524737,1.505628,2.833823,2.636366,double_block,5.2097,1.2991,2,v4_focused,train,0,focused_failure
train,/root/leo_ws/src/leo_pybullet/worlds/benchmark_v4_hard/train/world_medium_clear_seed_300019.yaml,300019,medium,8,4,12,False,5.76,1.508358,-3.41878,1.510614,1.496662,2.368237,clear,5.787,0.9953,0,v4,train,0,0.45
train,/root/leo_ws/src/leo_pybullet/worlds/benchmark_v4_hard/train/world_medium_double_block_seed_300325.yaml,300325,medium,9,4,13,True,8.9586,3.376912,0.414353,-3.009321,-4.177778,-1.689108,double_block,7.8421,1.1424,2,v4_focused,train,1,focused_failure
train,/root/leo_ws/src/leo_pybullet/worlds/benchmark_v4_hard/train/world_medium_clear_seed_300187.yaml,300187,medium,9,4,13,False,5.2318,2.161473,-0.227691,-2.375802,-1.620629,-3.525113,clear,5.0177,1.0427,0,v4,train,0,0.45
train,/root/leo_ws/src/leo_pybullet/worlds/benchmark_v4_hard/train/world_easy_clear_seed_300399.yaml,300399,easy,3,4,7,False,5.1267,-3.56105,-1.377099,-0.587177,0.439169,-4.138316,clear,4.8607,1.0547,0,v4,train,0,0.45
train,/root/leo_ws/src/leo_pybullet/worlds/benchmark_v4_hard/train/world_medium_direct_block_seed_300370.yaml,300370,medium,6,4,10,True,6.2353,2.315556,-2.032815,2.719639,-2.622758,0.474199,direct_block,5.5382,1.1259,1,v4,train,0,0.45
train,/root/leo_ws/src/leo_pybullet/worlds/benchmark_v3_curriculum/train/world_hard_direct_block_seed_000041.yaml,41,hard,5,4,9,True,8.2192,-1.426089,4.187106,-0.747805,3.417048,-0.972147,direct_block,7.0763,1.1615,,v3,train,general_replay,0.15
train,/root/leo_ws/src/leo_pybullet/worlds/benchmark_v4_hard/train/world_medium_double_block_seed_300244.yaml,300244,medium,7,4,11,True,6.4639,3.949575,-0.22169,-2.234925,0.853225,-4.176404,double_block,5.0227,1.287,2,v4,train,0,0.45
train,/root/leo_ws/src/leo_pybullet/worlds/benchmark_v2/train/world_hard_seed_000053.yaml,53,hard,12,4,16,False,5.2398,-1.21186,-0.394614,2.584388,-4.078423,3.733042,,,,,v2,train,general_replay,0.40
train,/root/leo_ws/src/leo_pybullet/worlds/benchmark_v4_hard/train/world_easy_clear_seed_300327.yaml,300327,easy,4,4,8,False,5.4547,-1.582746,-0.498711,0.418171,2.999248,1.638315,clear,5.0558,1.0789,0,v4,train,0,0.45
train,/root/leo_ws/src/leo_pybullet/worlds/benchmark_v2/train/world_hard_seed_000143.yaml,143,hard,9,4,13,False,5.129,-3.951393,-2.383117,-0.031762,-2.222678,2.0279,,,,,v2,train,general_replay,0.40
train,/root/leo_ws/src/leo_pybullet/worlds/benchmark_v3_curriculum/train/world_hard_direct_block_seed_000053.yaml,53,hard,6,4,10,True,4.8582,3.002251,-2.413546,2.530161,0.017542,-0.147085,direct_block,3.7477,1.2963,,v3,train,0,0.15
train,/root/leo_ws/src/leo_pybullet/worlds/benchmark_v4_hard/train/world_hard_double_block_seed_300344.yaml,300344,hard,13,4,17,True,8.8833,3.755199,-0.989608,-2.725941,-3.059585,-3.894395,double_block,7.408,1.1991,2,v4,train,0,0.45
train,/root/leo_ws/src/leo_pybullet/worlds/benchmark_v4_hard/train/world_hard_double_block_seed_300161.yaml,300161,hard,13,4,17,True,6.6627,1.929088,0.264825,-2.508265,-2.162257,-2.870725,double_block,5.1547,1.2926,2,v4,train,0,0.45
train,/root/leo_ws/src/leo_pybullet/worlds/benchmark_v2/train/world_medium_seed_000148.yaml,148,medium,8,4,12,False,4.392,2.569317,3.322369,-0.94446,3.135368,-0.818855,,,,,v2,train,general_replay,0.40
train,/root/leo_ws/src/leo_pybullet/worlds/benchmark_v4_hard/train/world_hard_clear_seed_300203.yaml,300203,hard,12,4,16,False,6.4729,-2.174669,-1.557276,1.094346,0.65936,3.756858,clear,6.0226,1.0748,0,v4,train,0,0.45
train,/root/leo_ws/src/leo_pybullet/worlds/benchmark_v2/train/world_medium_seed_000220.yaml,220,medium,6,4,10,False,4.4857,-0.393711,1.917141,-1.092394,-0.745004,-2.448148,,,,,v2,train,general_replay,0.40
train,/root/leo_ws/src/leo_pybullet/worlds/benchmark_v3_curriculum/train/world_hard_direct_block_seed_000068.yaml,68,hard,6,4,10,True,6.9416,0.907004,-2.181387,1.88216,-0.261529,1.870249,direct_block,4.2168,1.6462,,v3,train,general_replay,0.15
train,/root/leo_ws/src/leo_pybullet/worlds/benchmark_v2/train/world_medium_seed_000163.yaml,163,medium,8,4,12,True,9.0855,-2.845777,3.165698,-1.850375,2.519505,-2.464075,,,,,v2,train,general_replay,0.40
train,/root/leo_ws/src/leo_pybullet/worlds/benchmark_v4_hard/train/world_easy_double_block_seed_300393.yaml,300393,easy,4,4,8,True,9.1735,3.808378,4.100573,-1.831722,0.907181,-3.746456,double_block,8.3662,1.0965,2,v4,train,0,0.45
train,/root/leo_ws/src/leo_pybullet/worlds/benchmark_v3_curriculum/train/world_easy_clear_seed_000291.yaml,291,easy,2,4,6,False,5.2914,1.98786,4.055445,-1.383113,2.792398,-0.932924,clear,5.0528,1.0472,,v3,train,0,0.15
train,/root/leo_ws/src/leo_pybullet/worlds/benchmark_v3_curriculum/train/world_easy_direct_block_seed_000276.yaml,276,easy,2,4,6,True,6.7233,-3.656414,3.738366,-0.259653,2.514103,2.358956,direct_block,6.3228,1.0633,,v3,train,0,0.15
train,/root/leo_ws/src/leo_pybullet/worlds/benchmark_v2/train/world_hard_seed_000158.yaml,158,hard,9,4,13,True,6.1714,-3.459031,-0.709458,0.835152,2.35727,-1.483241,,,,,v2,train,general_replay,0.40
train,/root/leo_ws/src/leo_pybullet/worlds/benchmark_v2/train/world_medium_seed_000190.yaml,190,medium,5,4,9,True,9.0888,-3.705083,-3.606889,0.186935,1.795743,2.57749,,,,,v2,train,0,0.40
train,/root/leo_ws/src/leo_pybullet/worlds/benchmark_v3_curriculum/train/world_medium_direct_block_seed_000061.yaml,61,medium,3,4,7,True,6.8559,-2.705506,-2.407429,0.158207,3.459802,-1.756731,direct_block,6.1996,1.1059,,v3,train,general_replay,0.15
train,/root/leo_ws/src/leo_pybullet/worlds/benchmark_v2/train/world_medium_seed_000247.yaml,247,medium,8,4,12,True,6.2822,-1.318661,-0.238381,-0.893607,2.373193,-3.895154,,,,,v2,train,general_replay,0.40
train,/root/leo_ws/src/leo_pybullet/worlds/benchmark_v4_hard/train/world_medium_clear_seed_300115.yaml,300115,medium,8,4,12,False,6.1998,2.821348,-2.256033,2.510089,-2.219249,0.49555,clear,5.7427,1.0796,0,v4,train,0,0.45
train,/root/leo_ws/src/leo_pybullet/worlds/benchmark_v2/train/world_easy_seed_000024.yaml,24,easy,4,4,8,False,3.8457,0.720175,-2.451067,1.141348,-2.894232,-2.876449,,,,,v2,train,0,0.40
train,/root/leo_ws/src/leo_pybullet/worlds/benchmark_v3_curriculum/train/world_hard_direct_block_seed_000284.yaml,284,hard,4,4,8,True,8.2386,-1.453668,-3.134898,0.808951,3.25134,2.292879,direct_block,7.1832,1.1469,,v3,train,0,0.15
train,/root/leo_ws/src/leo_pybullet/worlds/benchmark_v2/train/world_hard_seed_000155.yaml,155,hard,12,4,16,True,6.9278,4.188425,-1.868273,0.24909,1.622,3.837712,,,,,v2,train,general_replay,0.40
train,/root/leo_ws/src/leo_pybullet/worlds/benchmark_v2/train/world_medium_seed_000166.yaml,166,medium,6,4,10,True,6.4067,-0.80859,-4.243942,0.426589,3.011414,-0.110216,,,,,v2,train,0,0.40
train,/root/leo_ws/src/leo_pybullet/worlds/benchmark_v2/train/world_medium_seed_000019.yaml,19,medium,5,4,9,True,4.7039,0.178056,0.099978,-1.323459,-0.926248,4.322307,,,,,v2,train,0,0.40
train,/root/leo_ws/src/leo_pybullet/worlds/benchmark_v2/train/world_hard_seed_000152.yaml,152,hard,11,4,15,True,3.7851,-1.027492,-2.608452,-2.366887,-3.598093,-4.199541,,,,,v2,train,general_replay,0.40
train,/root/leo_ws/src/leo_pybullet/worlds/benchmark_v2/train/world_medium_seed_000049.yaml,49,medium,5,4,9,True,6.2878,3.769902,-1.535592,1.130102,0.472891,2.677341,,,,,v2,train,general_replay,0.40
train,/root/leo_ws/src/leo_pybullet/worlds/benchmark_v2/train/world_easy_seed_000279.yaml,279,easy,3,4,7,True,7.8159,-1.723002,-3.044742,-2.551202,-0.043271,4.078771,,,,,v2,train,0,0.40
train,/root/leo_ws/src/leo_pybullet/worlds/benchmark_v4_hard/train/world_easy_double_block_seed_300216.yaml,300216,easy,4,4,8,True,6.3096,3.049363,2.993162,-1.508449,3.825138,-2.530096,double_block,5.5775,1.1313,2,v4,train,0,0.45
train,/root/leo_ws/src/leo_pybullet/worlds/benchmark_v4_hard/train/world_hard_direct_block_seed_300182.yaml,300182,hard,10,4,14,True,5.6502,1.477945,2.469756,-2.186706,-1.312292,-1.12887,direct_block,4.5536,1.2408,1,v4_focused,train,3,focused_failure
train,/root/leo_ws/src/leo_pybullet/worlds/benchmark_v2/train/world_medium_seed_000163.yaml,163,medium,8,4,12,True,9.0855,-2.845777,3.165698,-1.850375,2.519505,-2.464075,,,,,v2,train,0,0.40
train,/root/leo_ws/src/leo_pybullet/worlds/benchmark_v3_curriculum/train/world_medium_direct_block_seed_000025.yaml,25,medium,3,4,7,True,7.1896,2.282136,2.920066,2.991938,-4.119625,3.663279,direct_block,6.4448,1.1156,,v3,train,0,0.15
train,/root/leo_ws/src/leo_pybullet/worlds/benchmark_v4_hard/train/world_medium_double_block_seed_300220.yaml,300220,medium,9,4,13,True,7.6923,-1.648672,-4.140481,1.072012,1.273295,1.563831,double_block,6.4091,1.2002,2,v4,train,0,0.45
train,/root/leo_ws/src/leo_pybullet/worlds/benchmark_v4_hard/train/world_easy_direct_block_seed_300174.yaml,300174,easy,4,4,8,True,8.3153,0.75673,3.94722,-1.393545,2.228646,-3.56995,direct_block,7.6599,1.0856,1,v4,train,0,0.45
train,/root/leo_ws/src/leo_pybullet/worlds/benchmark_v4_hard/train/world_easy_direct_block_seed_300102.yaml,300102,easy,4,4,8,True,5.9565,-1.679698,2.246928,0.233162,3.523761,3.39373,direct_block,5.3283,1.1179,1,v4,train,0,0.45
train,/root/leo_ws/src/leo_pybullet/worlds/benchmark_v3_curriculum/train/world_easy_direct_block_seed_000192.yaml,192,easy,2,4,6,True,5.921,2.826906,-3.509735,2.64151,-1.640329,-0.64044,direct_block,5.3093,1.1152,,v3,train,0,0.15
train,/root/leo_ws/src/leo_pybullet/worlds/benchmark_v4_hard/train/world_hard_double_block_seed_300224.yaml,300224,hard,14,4,18,True,6.3176,-3.532611,-3.058598,-0.059266,0.953477,-3.532984,double_block,4.5111,1.4005,2,v4_focused,train,4,focused_failure
train,/root/leo_ws/src/leo_pybullet/worlds/benchmark_v2/train/world_easy_seed_000108.yaml,108,easy,2,4,6,False,6.6272,-3.610922,1.407468,2.953205,1.985991,-1.060233,,,,,v2,train,general_replay,0.40
train,/root/leo_ws/src/leo_pybullet/worlds/benchmark_v2/train/world_hard_seed_000125.yaml,125,hard,9,4,13,True,6.4171,0.935321,1.000254,-2.169131,-4.312935,1.816216,,,,,v2,train,general_replay,0.40
train,/root/leo_ws/src/leo_pybullet/worlds/benchmark_v2/train/world_hard_seed_000263.yaml,263,hard,11,4,15,True,5.4239,2.870208,-1.06747,2.371949,-2.155065,-0.311294,,,,,v2,train,general_replay,0.40
train,/root/leo_ws/src/leo_pybullet/worlds/benchmark_v2/train/world_medium_seed_000202.yaml,202,medium,8,4,12,False,7.681,-0.787889,-2.626639,-0.453978,1.537293,4.082787,,,,,v2,train,0,0.40
train,/root/leo_ws/src/leo_pybullet/worlds/benchmark_v2/train/world_easy_seed_000126.yaml,126,easy,4,4,8,True,7.1849,0.830641,-2.196814,-1.702829,-2.825208,3.308068,,,,,v2,train,general_replay,0.40
train,/root/leo_ws/src/leo_pybullet/worlds/benchmark_v4_hard/train/world_hard_double_block_seed_300197.yaml,300197,hard,14,4,18,True,9.4135,-4.081192,-1.123609,0.319067,3.432856,1.620687,double_block,7.9995,1.1768,2,v4,train,0,0.45
train,/root/leo_ws/src/leo_pybullet/worlds/benchmark_v2/train/world_medium_seed_000250.yaml,250,medium,8,4,12,True,5.529,-2.983063,1.491554,2.72721,1.767834,0.515493,,,,,v2,train,general_replay,0.40
train,/root/leo_ws/src/leo_pybullet/worlds/benchmark_v3_curriculum/train/world_medium_clear_seed_000019.yaml,19,medium,4,4,8,False,7.0055,2.334889,0.651092,-2.68979,-3.334398,-2.487726,clear,6.4802,1.0811,,v3,train,general_replay,0.15
train,/root/leo_ws/src/leo_pybullet/worlds/benchmark_v4_hard/train/world_medium_direct_block_seed_300262.yaml,300262,medium,6,4,10,True,10.1288,1.974959,4.022088,-1.377907,2.674977,-4.181859,direct_block,8.2338,1.2302,1,v4_focused,train,4,focused_failure
train,/root/leo_ws/src/leo_pybullet/worlds/benchmark_v4_hard/train/world_hard_double_block_seed_300284.yaml,300284,hard,12,4,16,True,7.1541,-1.91737,-2.043467,1.835561,-3.195499,3.462046,double_block,5.6519,1.2658,2,v4_focused,train,4,focused_failure
train,/root/leo_ws/src/leo_pybullet/worlds/benchmark_v4_hard/train/world_hard_direct_block_seed_300446.yaml,300446,hard,13,4,17,True,9.0135,-4.007741,-0.436226,0.599462,2.580806,3.50856,direct_block,7.6792,1.1738,1,v4_focused,train,2,focused_failure
train,/root/leo_ws/src/leo_pybullet/worlds/benchmark_v3_curriculum/train/world_easy_direct_block_seed_000201.yaml,201,easy,1,4,5,True,4.3371,1.695678,1.548624,-1.763052,1.026103,-1.949018,direct_block,3.5612,1.2179,,v3,train,general_replay,0.15
train,/root/leo_ws/src/leo_pybullet/worlds/benchmark_v3_curriculum/train/world_medium_direct_block_seed_000226.yaml,226,medium,3,4,7,True,5.8684,-3.979214,1.203455,0.373714,0.753946,3.379433,direct_block,5.2094,1.1265,,v3,train,0,0.15
train,/root/leo_ws/src/leo_pybullet/worlds/benchmark_v3_curriculum/train/world_medium_direct_block_seed_000028.yaml,28,medium,2,4,6,True,7.2867,1.172442,2.241088,-2.233255,-2.457166,-3.023314,direct_block,6.3944,1.1395,,v3,train,0,0.15
train,/root/leo_ws/src/leo_pybullet/worlds/benchmark_v4_hard/train/world_hard_double_block_seed_300092.yaml,300092,hard,11,4,15,True,10.0341,2.405601,4.167901,-1.60232,1.932252,-0.342622,double_block,4.5353,2.2125,2,v4_focused,train,1,focused_failure
train,/root/leo_ws/src/leo_pybullet/worlds/benchmark_v4_hard/train/world_easy_double_block_seed_300249.yaml,300249,easy,5,4,9,True,6.0616,-1.542749,2.398846,0.000272,3.520803,2.604689,double_block,5.0677,1.1961,2,v4,train,0,0.45
train,/root/leo_ws/src/leo_pybullet/worlds/benchmark_v2/train/world_medium_seed_000247.yaml,247,medium,8,4,12,True,6.2822,-1.318661,-0.238381,-0.893607,2.373193,-3.895154,,,,,v2,train,general_replay,0.40
train,/root/leo_ws/src/leo_pybullet/worlds/benchmark_v2/train/world_hard_seed_000050.yaml,50,hard,11,4,15,True,3.3439,-1.182351,3.400077,-1.067835,1.675125,2.322052,,,,,v2,train,general_replay,0.40
train,/root/leo_ws/src/leo_pybullet/worlds/benchmark_v4_hard/train/world_hard_direct_block_seed_300350.yaml,300350,hard,13,4,17,True,7.6147,0.697796,-2.353788,2.059779,-2.516427,3.340831,direct_block,6.5391,1.1645,1,v4_focused,train,2,focused_failure
train,/root/leo_ws/src/leo_pybullet/worlds/benchmark_v2/train/world_medium_seed_000154.yaml,154,medium,6,4,10,False,5.1063,2.524334,-0.118204,2.422398,-2.542377,0.074345,,,,,v2,train,general_replay,0.40
train,/root/leo_ws/src/leo_pybullet/worlds/benchmark_v4_hard/train/world_easy_direct_block_seed_300042.yaml,300042,easy,3,4,7,True,7.9541,-3.038621,-3.569561,0.430416,3.824323,-1.006692,direct_block,7.3259,1.0858,1,v4,train,0,0.45
train,/root/leo_ws/src/leo_pybullet/worlds/benchmark_v2/train/world_medium_seed_000133.yaml,133,medium,8,4,12,True,5.2753,-1.545742,1.005632,1.216532,2.364414,3.321505,,,,,v2,train,general_replay,0.40
train,/root/leo_ws/src/leo_pybullet/worlds/benchmark_v2/train/world_easy_seed_000015.yaml,15,easy,2,4,6,True,4.809,-2.264478,-1.408724,-1.48714,1.811291,-1.908939,,,,,v2,train,general_replay,0.40
train,/root/leo_ws/src/leo_pybullet/worlds/benchmark_v3_curriculum/train/world_medium_direct_block_seed_000064.yaml,64,medium,3,4,7,True,4.5027,-3.188767,0.96041,0.125958,0.307339,1.588308,direct_block,3.552,1.2676,,v3,train,0,0.15
train,/root/leo_ws/src/leo_pybullet/worlds/benchmark_v2/train/world_medium_seed_000103.yaml,103,medium,8,4,12,False,3.7472,2.080541,1.342656,1.101397,-0.33784,-1.408267,,,,,v2,train,general_replay,0.40
train,/root/leo_ws/src/leo_pybullet/worlds/benchmark_v3_curriculum/train/world_hard_direct_block_seed_000218.yaml,218,hard,5,4,9,True,6.2627,-2.664389,2.235812,-0.7476,0.85521,-1.458659,direct_block,5.1026,1.2274,,v3,train,general_replay,0.15
train,/root/leo_ws/src/leo_pybullet/worlds/benchmark_v2/train/world_easy_seed_000261.yaml,261,easy,3,4,7,False,5.4878,-4.086538,3.916812,-1.487602,0.400889,1.633547,,,,,v2,train,general_replay,0.40
train,/root/leo_ws/src/leo_pybullet/worlds/benchmark_v4_hard/train/world_hard_double_block_seed_300356.yaml,300356,hard,14,4,18,True,9.6947,1.899594,2.986804,-1.53034,1.999842,-2.88513,double_block,5.8728,1.6508,2,v4_focused,train,0,focused_failure
train,/root/leo_ws/src/leo_pybullet/worlds/benchmark_v3_curriculum/train/world_easy_direct_block_seed_000072.yaml,72,easy,1,4,5,True,5.769,2.398779,2.026084,-3.054597,-2.666733,1.690823,direct_block,5.0766,1.1364,,v3,train,0,0.15
train,/root/leo_ws/src/leo_pybullet/worlds/benchmark_v4_hard/train/world_hard_double_block_seed_300017.yaml,300017,hard,10,4,14,True,6.712,2.808877,-1.111764,2.849212,-2.206812,0.783005,double_block,5.3616,1.2518,2,v4,train,0,0.45
train,/root/leo_ws/src/leo_pybullet/worlds/benchmark_v2/train/world_hard_seed_000062.yaml,62,hard,12,4,16,True,8.2386,4.094472,-2.278454,-0.906201,-0.306657,3.460526,,,,,v2,train,general_replay,0.40
train,/root/leo_ws/src/leo_pybullet/worlds/benchmark_v4_hard/train/world_medium_clear_seed_300271.yaml,300271,medium,8,4,12,False,5.3312,-2.675592,0.57942,0.82244,1.165202,4.227154,clear,5.2969,1.0065,0,v4,train,0,0.45
train,/root/leo_ws/src/leo_pybullet/worlds/benchmark_v4_hard/train/world_medium_double_block_seed_300229.yaml,300229,medium,6,4,10,True,9.5016,-2.389461,-4.103256,1.592891,-2.979923,4.065994,double_block,8.1906,1.1601,2,v4_focused,train,3,focused_failure
train,/root/leo_ws/src/leo_pybullet/worlds/benchmark_v4_hard/train/world_easy_clear_seed_300303.yaml,300303,easy,5,4,9,False,6.2135,2.702937,0.008734,-2.658019,-2.431505,-2.627178,clear,5.7715,1.0766,0,v4,train,0,0.45
train,/root/leo_ws/src/leo_pybullet/worlds/benchmark_v4_hard/train/world_medium_double_block_seed_300340.yaml,300340,medium,6,4,10,True,6.9633,-1.348981,-3.210317,1.79442,-3.136766,2.041093,double_block,5.5474,1.2552,2,v4,train,0,0.45
train,/root/leo_ws/src/leo_pybullet/worlds/benchmark_v2/train/world_easy_seed_000129.yaml,129,easy,4,4,8,False,7.0718,0.17724,-3.948291,-0.635848,3.588138,1.694441,,,,,v2,train,general_replay,0.40
train,/root/leo_ws/src/leo_pybullet/worlds/benchmark_v4_hard/train/world_medium_double_block_seed_300340.yaml,300340,medium,6,4,10,True,6.9633,-1.348981,-3.210317,1.79442,-3.136766,2.041093,double_block,5.5474,1.2552,2,v4_focused,train,1,focused_failure
train,/root/leo_ws/src/leo_pybullet/worlds/benchmark_v3_curriculum/train/world_easy_direct_block_seed_000078.yaml,78,easy,1,4,5,True,8.65,-3.433805,3.607352,-0.823141,1.958588,-2.06261,direct_block,7.8247,1.1055,,v3,train,general_replay,0.15
train,/root/leo_ws/src/leo_pybullet/worlds/benchmark_v4_hard/train/world_hard_double_block_seed_300392.yaml,300392,hard,12,4,16,True,6.2022,-3.191597,2.280619,-0.580908,1.010483,0.090192,double_block,4.7387,1.3088,2,v4_focused,train,6,focused_failure
train,/root/leo_ws/src/leo_pybullet/worlds/benchmark_v2/train/world_hard_seed_000260.yaml,260,hard,9,4,13,True,5.3884,-0.80594,0.757675,1.582851,-2.510475,-3.832089,,,,,v2,train,general_replay,0.40
train,/root/leo_ws/src/leo_pybullet/worlds/benchmark_v4_hard/train/world_hard_double_block_seed_300449.yaml,300449,hard,12,4,16,True,8.5027,1.44954,-2.716499,2.151127,-1.792532,2.491355,double_block,6.1346,1.386,2,v4_focused,train,5,focused_failure
train,/root/leo_ws/src/leo_pybullet/worlds/benchmark_v4_hard/train/world_easy_direct_block_seed_300198.yaml,300198,easy,3,4,7,True,7.5953,-3.135846,3.3247,-0.054791,3.645335,2.873349,direct_block,6.7962,1.1176,1,v4_focused,train,1,focused_failure
train,/root/leo_ws/src/leo_pybullet/worlds/benchmark_v4_hard/train/world_easy_double_block_seed_300093.yaml,300093,easy,5,4,9,True,5.9508,-3.615083,-0.606543,1.093115,-1.236721,3.556865,double_block,4.7948,1.2411,2,v4_focused,train,1,focused_failure
train,/root/leo_ws/src/leo_pybullet/worlds/benchmark_v2/train/world_medium_seed_000283.yaml,283,medium,5,4,9,True,7.1267,0.248389,-2.061981,0.796513,2.991344,3.984328,,,,,v2,train,0,0.40
train,/root/leo_ws/src/leo_pybullet/worlds/benchmark_v2/train/world_easy_seed_000213.yaml,213,easy,2,4,6,True,7.1678,-1.87745,-2.7067,-2.13554,0.367938,3.588455,,,,,v2,train,general_replay,0.40
train,/root/leo_ws/src/leo_pybullet/worlds/benchmark_v2/train/world_hard_seed_000044.yaml,44,hard,11,4,15,True,3.8514,1.754044,-3.335098,-1.729846,-1.047751,-1.830758,,,,,v2,train,general_replay,0.40
train,/root/leo_ws/src/leo_pybullet/worlds/benchmark_v2/train/world_medium_seed_000268.yaml,268,medium,7,4,11,True,5.0822,-0.693183,-3.295781,2.574473,-2.831802,0.655443,,,,,v2,train,general_replay,0.40
train,/root/leo_ws/src/leo_pybullet/worlds/benchmark_v4_hard/train/world_medium_direct_block_seed_300250.yaml,300250,medium,7,4,11,True,5.6171,2.32183,3.005892,-1.974917,0.464682,-1.420098,direct_block,4.7998,1.1703,1,v4_focused,train,0,focused_failure
train,/root/leo_ws/src/leo_pybullet/worlds/benchmark_v3_curriculum/train/world_hard_direct_block_seed_000257.yaml,257,hard,5,4,9,True,7.1953,0.985523,-4.210597,1.361712,1.920721,2.234226,direct_block,6.5123,1.1049,,v3,train,general_replay,0.15
train,/root/leo_ws/src/leo_pybullet/worlds/benchmark_v4_hard/train/world_hard_double_block_seed_300332.yaml,300332,hard,12,4,16,True,8.2135,1.364998,2.959518,-2.523912,-3.246403,-0.932568,double_block,6.0343,1.3611,2,v4,train,0,0.45
train,/root/leo_ws/src/leo_pybullet/worlds/benchmark_v4_hard/train/world_hard_double_block_seed_300209.yaml,300209,hard,13,4,17,True,7.7416,1.292087,-2.40234,1.715044,0.544807,3.491727,double_block,5.9413,1.303,2,v4,train,0,0.45
train,/root/leo_ws/src/leo_pybullet/worlds/benchmark_v3_curriculum/train/world_easy_direct_block_seed_000069.yaml,69,easy,1,4,5,True,5.1565,-3.435383,-2.831224,0.378769,0.893553,-1.461694,direct_block,4.5404,1.1357,,v3,train,0,0.15
train,/root/leo_ws/src/leo_pybullet/worlds/benchmark_v2/train/world_medium_seed_000193.yaml,193,medium,8,4,12,False,4.649,2.292012,4.103263,-1.720006,0.506214,0.226483,,,,,v2,train,general_replay,0.40
train,/root/leo_ws/src/leo_pybullet/worlds/benchmark_v2/train/world_hard_seed_000143.yaml,143,hard,9,4,13,False,5.129,-3.951393,-2.383117,-0.031762,-2.222678,2.0279,,,,,v2,train,general_replay,0.40
train,/root/leo_ws/src/leo_pybullet/worlds/benchmark_v2/train/world_easy_seed_000276.yaml,276,easy,3,4,7,True,5.1233,3.826328,2.573258,-3.116715,2.414461,-1.979969,,,,,v2,train,general_replay,0.40
train,/root/leo_ws/src/leo_pybullet/worlds/benchmark_v2/train/world_easy_seed_000111.yaml,111,easy,2,4,6,False,5.7245,-1.601022,-2.660383,0.815127,-0.722349,2.711521,,,,,v2,train,general_replay,0.40
train,/root/leo_ws/src/leo_pybullet/worlds/benchmark_v4_hard/train/world_hard_direct_block_seed_300062.yaml,300062,hard,14,4,18,True,8.1998,3.226089,-2.455293,3.035823,-3.464815,-1.050806,direct_block,6.8367,1.1994,1,v4,train,0,0.45
train,/root/leo_ws/src/leo_pybullet/worlds/benchmark_v2/train/world_medium_seed_000181.yaml,181,medium,5,4,9,True,6.7655,-2.336114,-0.380055,2.791652,2.915384,-3.759744,,,,,v2,train,0,0.40
train,/root/leo_ws/src/leo_pybullet/worlds/benchmark_v4_hard/train/world_hard_double_block_seed_300044.yaml,300044,hard,14,4,18,True,6.6627,3.541367,1.347357,-1.871635,2.686285,-3.610421,double_block,5.031,1.3243,2,v4,train,0,0.45
train,/root/leo_ws/src/leo_pybullet/worlds/benchmark_v4_hard/train/world_hard_double_block_seed_300236.yaml,300236,hard,12,4,16,True,6.7953,-2.105065,-0.049541,0.451461,2.347047,2.761912,double_block,5.2655,1.2905,2,v4,train,0,0.45
train,/root/leo_ws/src/leo_pybullet/worlds/benchmark_v2/train/world_hard_seed_000272.yaml,272,hard,11,4,15,True,7.2729,-1.967071,0.961375,1.996445,3.800033,4.02328,,,,,v2,train,general_replay,0.40
train,/root/leo_ws/src/leo_pybullet/worlds/benchmark_v3_curriculum/train/world_easy_direct_block_seed_000045.yaml,45,easy,2,4,6,True,8.2467,-0.133825,-3.273875,1.265912,2.615114,3.878856,direct_block,7.6628,1.0762,,v3,train,general_replay,0.15
train,/root/leo_ws/src/leo_pybullet/worlds/benchmark_v3_curriculum/train/world_hard_direct_block_seed_000029.yaml,29,hard,6,4,10,True,7.3804,-3.603014,0.837514,-0.693713,0.898786,-3.512779,direct_block,6.2603,1.1789,,v3,train,0,0.15
train,/root/leo_ws/src/leo_pybullet/worlds/benchmark_v2/train/world_hard_seed_000242.yaml,242,hard,10,4,14,True,3.9314,-2.855029,-2.583815,1.407141,0.281807,-2.61849,,,,,v2,train,general_replay,0.40
train,/root/leo_ws/src/leo_pybullet/worlds/benchmark_v4_hard/train/world_hard_clear_seed_300107.yaml,300107,hard,12,4,16,False,5.2114,-3.966674,2.43023,-1.442479,-3.125256,-2.45888,clear,4.961,1.0505,0,v4_focused,train,0,focused_failure
train,/root/leo_ws/src/leo_pybullet/worlds/benchmark_v3_curriculum/train/world_hard_clear_seed_000239.yaml,239,hard,4,4,8,False,4.9222,-1.790108,2.228761,0.414992,2.370568,4.021251,clear,4.5304,1.0865,,v3,train,0,0.15
train,/root/leo_ws/src/leo_pybullet/worlds/benchmark_v4_hard/train/world_medium_double_block_seed_300301.yaml,300301,medium,8,4,12,True,6.7702,-1.779314,2.201229,-1.038715,0.88522,-2.406854,double_block,5.323,1.2719,2,v4_focused,train,0,focused_failure
train,/root/leo_ws/src/leo_pybullet/worlds/benchmark_v4_hard/train/world_easy_double_block_seed_300249.yaml,300249,easy,5,4,9,True,6.0616,-1.542749,2.398846,0.000272,3.520803,2.604689,double_block,5.0677,1.1961,2,v4,train,0,0.45
train,/root/leo_ws/src/leo_pybullet/worlds/benchmark_v2/train/world_hard_seed_000206.yaml,206,hard,8,4,12,True,7.9565,4.129003,-2.40051,-1.584888,-3.239905,-2.443097,,,,,v2,train,general_replay,0.40
train,/root/leo_ws/src/leo_pybullet/worlds/benchmark_v2/train/world_easy_seed_000027.yaml,27,easy,4,4,8,False,6.7163,-2.193802,-2.263481,0.864345,2.795674,1.998724,,,,,v2,train,0,0.40
train,/root/leo_ws/src/leo_pybullet/worlds/benchmark_v3_curriculum/train/world_hard_direct_block_seed_000248.yaml,248,hard,5,4,9,True,5.6171,1.521047,-2.166212,2.47803,-1.887908,0.660192,direct_block,4.4283,1.2685,,v3,train,0,0.15
train,/root/leo_ws/src/leo_pybullet/worlds/benchmark_v4_hard/train/world_hard_clear_seed_300215.yaml,300215,hard,14,4,18,False,7.0878,-2.928737,0.162575,0.322446,3.201833,2.435888,clear,6.5385,1.084,0,v4,train,0,0.45
train,/root/leo_ws/src/leo_pybullet/worlds/benchmark_v2/train/world_easy_seed_000183.yaml,183,easy,2,4,6,True,5.5371,3.069425,-1.240578,-2.589718,2.539161,3.809524,,,,,v2,train,0,0.40
train,/root/leo_ws/src/leo_pybullet/worlds/benchmark_v2/train/world_medium_seed_000196.yaml,196,medium,5,4,9,False,5.1986,-2.530903,-0.665306,2.021573,1.288074,2.610075,,,,,v2,train,general_replay,0.40
train,/root/leo_ws/src/leo_pybullet/worlds/benchmark_v3_curriculum/train/world_easy_direct_block_seed_000204.yaml,204,easy,2,4,6,True,7.9049,3.06178,3.613494,-2.410333,-2.469757,-0.75156,direct_block,7.0464,1.1218,,v3,train,0,0.15
train,/root/leo_ws/src/leo_pybullet/worlds/benchmark_v4_hard/train/world_easy_double_block_seed_300168.yaml,300168,easy,4,4,8,True,6.0445,-0.755177,-3.427253,0.228102,3.955072,-1.758102,double_block,4.9973,1.2096,2,v4,train,0,0.45
train,/root/leo_ws/src/leo_pybullet/worlds/benchmark_v4_hard/train/world_easy_clear_seed_300159.yaml,300159,easy,3,4,7,False,5.7084,-0.000162,-3.874979,1.120136,1.942378,1.000754,clear,5.2485,1.0876,0,v4,train,0,0.45
train,/root/leo_ws/src/leo_pybullet/worlds/benchmark_v3_curriculum/train/world_hard_direct_block_seed_000278.yaml,278,hard,5,4,9,True,6.401,-0.019663,-3.901661,1.336107,1.142047,1.539603,direct_block,5.5639,1.1504,,v3,train,general_replay,0.15
train,/root/leo_ws/src/leo_pybullet/worlds/benchmark_v2/train/world_medium_seed_000085.yaml,85,medium,6,4,10,True,7.2786,2.413011,3.016028,-0.775606,-1.3384,-2.414369,,,,,v2,train,0,0.40
train,/root/leo_ws/src/leo_pybullet/worlds/benchmark_v2/train/world_medium_seed_000136.yaml,136,medium,8,4,12,True,5.9371,-0.581539,2.299482,0.863734,-0.672589,-3.133106,,,,,v2,train,general_replay,0.40
train,/root/leo_ws/src/leo_pybullet/worlds/benchmark_v2/train/world_hard_seed_000122.yaml,122,hard,12,4,16,True,9.3837,3.235751,3.563017,-1.758003,-3.732437,-1.161008,,,,,v2,train,general_replay,0.40
train,/root/leo_ws/src/leo_pybullet/worlds/benchmark_v3_curriculum/train/world_easy_direct_block_seed_000138.yaml,138,easy,1,4,5,True,4.3702,-1.003826,3.798751,-1.798169,-1.687372,0.189667,direct_block,3.6732,1.1897,,v3,train,0,0.15
train,/root/leo_ws/src/leo_pybullet/worlds/benchmark_v4_hard/train/world_hard_clear_seed_300407.yaml,300407,hard,13,4,17,False,5.9725,-1.951008,-3.281618,-0.032498,3.909413,-3.637771,clear,5.8712,1.0173,0,v4,train,0,0.45
train,/root/leo_ws/src/leo_pybullet/worlds/benchmark_v2/train/world_easy_seed_000015.yaml,15,easy,2,4,6,True,4.809,-2.264478,-1.408724,-1.48714,1.811291,-1.908939,,,,,v2,train,general_replay,0.40
train,/root/leo_ws/src/leo_pybullet/worlds/benchmark_v2/train/world_hard_seed_000056.yaml,56,hard,12,4,16,True,6.0365,1.331993,-1.730073,1.302729,0.371721,3.749422,,,,,v2,train,general_replay,0.40
train,/root/leo_ws/src/leo_pybullet/worlds/benchmark_v4_hard/train/world_hard_double_block_seed_300308.yaml,300308,hard,12,4,16,True,7.2147,-3.36513,-2.530511,1.611294,-3.933956,2.995847,double_block,5.5556,1.2986,2,v4_focused,train,0,focused_failure
train,/root/leo_ws/src/leo_pybullet/worlds/benchmark_v2/train/world_medium_seed_000187.yaml,187,medium,7,4,11,True,5.8594,2.643986,-3.015102,0.308546,2.639655,2.745056,,,,,v2,train,general_replay,0.40
train,/root/leo_ws/src/leo_pybullet/worlds/benchmark_v2/train/world_hard_seed_000119.yaml,119,hard,10,4,14,True,8.2102,-0.585471,-3.660112,3.08228,-0.625691,4.03592,,,,,v2,train,general_replay,0.40
train,/root/leo_ws/src/leo_pybullet/worlds/benchmark_v3_curriculum/train/world_easy_direct_block_seed_000216.yaml,216,easy,1,4,5,True,4.6845,0.654461,-2.036966,0.755213,3.491128,0.345087,direct_block,3.7042,1.2647,,v3,train,0,0.15
train,/root/leo_ws/src/leo_pybullet/worlds/benchmark_v2/train/world_medium_seed_000259.yaml,259,medium,5,4,9,False,4.0502,-3.56417,0.840036,1.749601,-0.051709,2.141584,,,,,v2,train,general_replay,0.40
train,/root/leo_ws/src/leo_pybullet/worlds/benchmark_v2/train/world_hard_seed_000200.yaml,200,hard,8,4,12,True,7.1508,2.040188,-4.085843,2.616088,1.024083,2.598764,,,,,v2,train,0,0.40
train,/root/leo_ws/src/leo_pybullet/worlds/benchmark_v2/train/world_easy_seed_000129.yaml,129,easy,4,4,8,False,7.0718,0.17724,-3.948291,-0.635848,3.588138,1.694441,,,,,v2,train,0,0.40
train,/root/leo_ws/src/leo_pybullet/worlds/benchmark_v4_hard/train/world_easy_clear_seed_300111.yaml,300111,easy,3,4,7,False,5.7141,-1.990661,1.727081,-0.412112,2.74716,-0.69402,clear,5.3206,1.074,0,v4,train,0,0.45
train,/root/leo_ws/src/leo_pybullet/worlds/benchmark_v4_hard/train/world_medium_direct_block_seed_300082.yaml,300082,medium,8,4,12,True,6.4478,-0.510597,3.563425,-1.809948,-1.816752,-1.967238,direct_block,5.6828,1.1346,1,v4_focused,train,1,focused_failure
train,/root/leo_ws/src/leo_pybullet/worlds/benchmark_v4_hard/train/world_easy_clear_seed_300315.yaml,300315,easy,4,4,8,False,4.9439,2.379772,-3.486288,1.9511,1.265349,0.968106,clear,4.5917,1.0767,0,v4,train,0,0.45
train,/root/leo_ws/src/leo_pybullet/worlds/benchmark_v2/train/world_hard_seed_000161.yaml,161,hard,12,4,16,True,8.2604,-2.888182,3.727905,-2.926443,3.899794,0.784377,,,,,v2,train,general_replay,0.40
train,/root/leo_ws/src/leo_pybullet/worlds/benchmark_v4_hard/train/world_easy_double_block_seed_300036.yaml,300036,easy,3,4,7,True,8.5312,3.586043,-0.814897,2.590871,-2.514003,3.759896,double_block,7.6249,1.1189,2,v4,train,0,0.45
train,/root/leo_ws/src/leo_pybullet/worlds/benchmark_v3_curriculum/train/world_hard_direct_block_seed_000170.yaml,170,hard,5,4,9,True,6.7816,3.484209,0.735902,-2.658119,-1.575917,-2.191063,direct_block,5.8457,1.1601,,v3,train,0,0.15
train,/root/leo_ws/src/leo_pybullet/worlds/benchmark_v2/train/world_hard_seed_000197.yaml,197,hard,12,4,16,True,7.6729,-2.929133,1.661703,-0.096705,0.72338,-4.010067,,,,,v2,train,general_replay,0.40
train,/root/leo_ws/src/leo_pybullet/worlds/benchmark_v2/train/world_easy_seed_000147.yaml,147,easy,4,4,8,True,3.8765,3.714834,-0.919736,2.362326,0.989361,-2.759886,,,,,v2,train,general_replay,0.40
train,/root/leo_ws/src/leo_pybullet/worlds/benchmark_v3_curriculum/train/world_medium_direct_block_seed_000088.yaml,88,medium,3,4,7,True,8.081,4.026643,-1.421131,-2.71107,-2.677663,-4.127499,direct_block,7.2299,1.1177,,v3,train,0,0.15
train,/root/leo_ws/src/leo_pybullet/worlds/benchmark_v3_curriculum/train/world_hard_direct_block_seed_000128.yaml,128,hard,4,4,8,True,6.1084,-0.801866,-1.156207,1.414976,-0.142818,4.124384,direct_block,5.3216,1.1479,,v3,train,general_replay,0.15
train,/root/leo_ws/src/leo_pybullet/worlds/benchmark_v2/train/world_medium_seed_000169.yaml,169,medium,7,4,11,True,4.9027,-2.82644,0.09207,2.079083,0.269337,2.879806,,,,,v2,train,0,0.40
train,/root/leo_ws/src/leo_pybullet/worlds/benchmark_v2/train/world_easy_seed_000120.yaml,120,easy,4,4,8,False,5.6147,-0.326606,-1.608233,1.400503,-2.489235,3.11328,,,,,v2,train,0,0.40
train,/root/leo_ws/src/leo_pybullet/worlds/benchmark_v4_hard/train/world_medium_clear_seed_300355.yaml,300355,medium,6,4,10,False,8.8261,-3.737027,1.850798,-0.392599,3.861714,-1.0735,clear,8.142,1.084,0,v4,train,0,0.45
train,/root/leo_ws/src/leo_pybullet/worlds/benchmark_v4_hard/train/world_hard_double_block_seed_300317.yaml,300317,hard,10,4,14,True,8.6078,-3.952848,-4.216404,0.652083,2.213321,-0.475218,double_block,7.2124,1.1935,2,v4,train,0,0.45
train,/root/leo_ws/src/leo_pybullet/worlds/benchmark_v3_curriculum/train/world_easy_direct_block_seed_000192.yaml,192,easy,2,4,6,True,5.921,2.826906,-3.509735,2.64151,-1.640329,-0.64044,direct_block,5.3093,1.1152,,v3,train,general_replay,0.15
train,/root/leo_ws/src/leo_pybullet/worlds/benchmark_v4_hard/train/world_hard_double_block_seed_300380.yaml,300380,hard,11,4,15,True,6.409,-3.422224,2.123096,0.069779,1.227689,1.870886,double_block,4.6567,1.3763,2,v4_focused,train,4,focused_failure
train,/root/leo_ws/src/leo_pybullet/worlds/benchmark_v2/train/world_hard_seed_000017.yaml,17,hard,12,4,16,True,3.8102,-1.710216,-1.169076,0.252492,-2.830212,1.78474,,,,,v2,train,0,0.40
train,/root/leo_ws/src/leo_pybullet/worlds/benchmark_v4_hard/train/world_hard_double_block_seed_300329.yaml,300329,hard,13,4,17,True,9.5849,2.506359,-3.808141,2.500245,-3.493024,1.786187,double_block,8.203,1.1685,2,v4,train,0,0.45
train,/root/leo_ws/src/leo_pybullet/worlds/benchmark_v4_hard/train/world_hard_double_block_seed_300221.yaml,300221,hard,11,4,15,True,7.0627,-3.565511,1.575113,-0.78019,0.730646,-2.128951,double_block,5.6725,1.2451,2,v4,train,0,0.45
train,/root/leo_ws/src/leo_pybullet/worlds/benchmark_v2/train/world_easy_seed_000246.yaml,246,easy,2,4,6,False,5.4741,1.919312,-3.778681,-1.043088,-0.516314,0.657509,,,,,v2,train,general_replay,0.40
train,/root/leo_ws/src/leo_pybullet/worlds/benchmark_v2/train/world_hard_seed_000083.yaml,83,hard,11,4,15,True,8.7243,-0.348696,-3.235424,-1.808217,-4.050725,3.933775,,,,,v2,train,general_replay,0.40
train,/root/leo_ws/src/leo_pybullet/worlds/benchmark_v2/train/world_easy_seed_000051.yaml,51,easy,2,4,6,True,6.898,0.454918,-2.209108,-1.534117,4.294414,2.893611,,,,,v2,train,general_replay,0.40
train,/root/leo_ws/src/leo_pybullet/worlds/benchmark_v3_curriculum/train/world_easy_clear_seed_000195.yaml,195,easy,2,4,6,False,7.8202,-3.891792,-2.555535,0.790719,1.480629,3.072278,clear,7.7804,1.0051,,v3,train,general_replay,0.15
train,/root/leo_ws/src/leo_pybullet/worlds/benchmark_v2/train/world_medium_seed_000271.yaml,271,medium,8,4,12,False,7.0627,-1.398561,-2.828844,-0.128214,0.233591,3.596233,,,,,v2,train,0,0.40
train,/root/leo_ws/src/leo_pybullet/worlds/benchmark_v4_hard/train/world_hard_direct_block_seed_300038.yaml,300038,hard,10,4,14,True,9.2318,0.834868,3.973613,-1.629526,-0.663242,-3.508577,direct_block,7.6307,1.2098,1,v4_focused,train,4,focused_failure
train,/root/leo_ws/src/leo_pybullet/worlds/benchmark_v2/train/world_hard_seed_000137.yaml,137,hard,8,4,12,True,4.7371,-0.827522,3.188725,2.076768,-1.547364,-0.890174,,,,,v2,train,general_replay,0.40
train,/root/leo_ws/src/leo_pybullet/worlds/benchmark_v2/train/world_hard_seed_000176.yaml,176,hard,8,4,12,True,4.2925,3.86149,2.413438,-1.147815,2.877269,-1.001516,,,,,v2,train,general_replay,0.40
train,/root/leo_ws/src/leo_pybullet/worlds/benchmark_v4_hard/train/world_medium_clear_seed_300235.yaml,300235,medium,9,4,13,False,8.392,3.033642,-3.979665,1.582192,2.410162,4.214072,clear,8.2174,1.0212,0,v4,train,0,0.45
train,/root/leo_ws/src/leo_pybullet/worlds/benchmark_v4_hard/train/world_easy_direct_block_seed_300270.yaml,300270,easy,3,4,7,True,5.5508,0.853604,3.864252,-2.067087,-1.433951,-0.047312,direct_block,4.5314,1.225,1,v4_focused,train,4,focused_failure
train,/root/leo_ws/src/leo_pybullet/worlds/benchmark_v3_curriculum/train/world_hard_clear_seed_000023.yaml,23,hard,5,4,9,False,3.9404,3.335683,-3.539819,2.299411,0.782231,-0.648147,clear,3.8577,1.0214,,v3,train,0,0.15
train,/root/leo_ws/src/leo_pybullet/worlds/benchmark_v3_curriculum/train/world_easy_clear_seed_000183.yaml,183,easy,1,4,5,False,6.41,3.44226,-3.969617,2.304652,-0.606807,0.741593,clear,6.2121,1.0319,,v3,train,0,0.15
train,/root/leo_ws/src/leo_pybullet/worlds/benchmark_v2/train/world_hard_seed_000170.yaml,170,hard,10,4,14,False,3.2057,0.753217,-1.612997,-2.377469,-2.242617,-2.040745,,,,,v2,train,0,0.40
train,/root/leo_ws/src/leo_pybullet/worlds/benchmark_v2/train/world_easy_seed_000159.yaml,159,easy,3,4,7,False,3.6947,-0.446435,0.148137,1.580983,-2.63484,-2.661073,,,,,v2,train,0,0.40
train,/root/leo_ws/src/leo_pybullet/worlds/benchmark_v4_hard/train/world_hard_direct_block_seed_300026.yaml,300026,hard,12,4,16,True,9.1025,1.687163,-4.182527,1.98101,-1.033548,1.718623,direct_block,6.4981,1.4008,1,v4_focused,train,4,focused_failure
train,/root/leo_ws/src/leo_pybullet/worlds/benchmark_v2/train/world_medium_seed_000283.yaml,283,medium,5,4,9,True,7.1267,0.248389,-2.061981,0.796513,2.991344,3.984328,,,,,v2,train,general_replay,0.40
train,/root/leo_ws/src/leo_pybullet/worlds/benchmark_v3_curriculum/train/world_medium_direct_block_seed_000292.yaml,292,medium,2,4,6,True,6.2353,3.536956,0.674281,2.77997,-1.499795,3.022831,direct_block,5.5574,1.122,,v3,train,0,0.15
train,/root/leo_ws/src/leo_pybullet/worlds/benchmark_v4_hard/train/world_hard_double_block_seed_300065.yaml,300065,hard,14,4,18,True,8.3096,-3.589928,-2.524051,0.652105,1.813146,1.323968,double_block,6.6333,1.2527,2,v4_focused,train,0,focused_failure
train,/root/leo_ws/src/leo_pybullet/worlds/benchmark_v2/train/world_hard_seed_000047.yaml,47,hard,10,4,14,True,3.9645,0.466669,0.615878,0.726093,-2.110377,-0.986954,,,,,v2,train,general_replay,0.40
train,/root/leo_ws/src/leo_pybullet/worlds/benchmark_v3_curriculum/train/world_easy_direct_block_seed_000285.yaml,285,easy,2,4,6,True,4.6376,1.166628,1.120014,2.483483,-1.929575,3.203591,direct_block,3.732,1.2427,,v3,train,general_replay,0.15
train,/root/leo_ws/src/leo_pybullet/worlds/benchmark_v3_curriculum/train/world_easy_clear_seed_000051.yaml,51,easy,1,4,5,False,5.921,-1.889582,1.676459,-1.997624,-4.185375,-3.28191,clear,5.4641,1.0836,,v3,train,0,0.15
train,/root/leo_ws/src/leo_pybullet/worlds/benchmark_v2/train/world_medium_seed_000208.yaml,208,medium,7,4,11,True,4.8559,-2.643234,0.629658,0.768749,0.550331,3.076166,,,,,v2,train,general_replay,0.40
train,/root/leo_ws/src/leo_pybullet/worlds/benchmark_v4_hard/train/world_hard_double_block_seed_300377.yaml,300377,hard,14,4,18,True,9.5049,1.499979,-3.56036,1.343737,3.369602,3.502599,double_block,7.3062,1.3009,2,v4_focused,train,4,focused_failure
train,/root/leo_ws/src/leo_pybullet/worlds/benchmark_v2/train/world_easy_seed_000258.yaml,258,easy,4,4,8,False,6.9757,3.254466,-4.345072,1.660294,-1.268438,0.738,,,,,v2,train,general_replay,0.40
train,/root/leo_ws/src/leo_pybullet/worlds/benchmark_v4_hard/train/world_hard_direct_block_seed_300086.yaml,300086,hard,14,4,18,True,8.9861,-2.955551,1.304524,-0.763291,2.917755,-3.59771,direct_block,7.6503,1.1746,1,v4,train,0,0.45
train,/root/leo_ws/src/leo_pybullet/worlds/benchmark_v2/train/world_hard_seed_000296.yaml,296,hard,8,4,12,False,3.8022,-2.144129,0.013719,0.446912,-3.948517,3.077865,,,,,v2,train,general_replay,0.40
train,/root/leo_ws/src/leo_pybullet/worlds/benchmark_v3_curriculum/train/world_medium_direct_block_seed_000220.yaml,220,medium,4,4,8,True,5.4959,-2.856729,-1.160071,-0.608931,0.767136,-4.045007,direct_block,4.632,1.1865,,v3,train,general_replay,0.15
train,/root/leo_ws/src/leo_pybullet/worlds/benchmark_v4_hard/train/world_easy_double_block_seed_300156.yaml,300156,easy,3,4,7,True,5.9039,0.382878,-1.513993,2.151028,-2.232248,2.499852,double_block,4.7906,1.2324,2,v4,train,0,0.45
train,/root/leo_ws/src/leo_pybullet/worlds/benchmark_v4_hard/train/world_medium_double_block_seed_300376.yaml,300376,medium,9,4,13,True,6.6878,3.152727,2.518584,-3.039894,-2.522914,2.564029,double_block,5.6758,1.1783,2,v4,train,0,0.45
train,/root/leo_ws/src/leo_pybullet/worlds/benchmark_v4_hard/train/world_medium_double_block_seed_300196.yaml,300196,medium,8,4,12,True,6.5084,1.551293,-1.150223,1.92339,-0.830124,3.498276,double_block,5.223,1.2461,2,v4,train,0,0.45
train,/root/leo_ws/src/leo_pybullet/worlds/benchmark_v4_hard/train/world_hard_direct_block_seed_300398.yaml,300398,hard,10,4,14,True,5.6971,-2.032616,0.426662,0.79411,0.773182,4.011763,direct_block,4.5525,1.2514,1,v4_focused,train,2,focused_failure
train,/root/leo_ws/src/leo_pybullet/worlds/benchmark_v2/train/world_medium_seed_000103.yaml,103,medium,8,4,12,False,3.7472,2.080541,1.342656,1.101397,-0.33784,-1.408267,,,,,v2,train,general_replay,0.40
train,/root/leo_ws/src/leo_pybullet/worlds/benchmark_v4_hard/train/world_hard_direct_block_seed_300446.yaml,300446,hard,13,4,17,True,9.0135,-4.007741,-0.436226,0.599462,2.580806,3.50856,direct_block,7.6792,1.1738,1,v4_focused,train,3,focused_failure
train,/root/leo_ws/src/leo_pybullet/worlds/benchmark_v2/train/world_hard_seed_000083.yaml,83,hard,11,4,15,True,8.7243,-0.348696,-3.235424,-1.808217,-4.050725,3.933775,,,,,v2,train,0,0.40
train,/root/leo_ws/src/leo_pybullet/worlds/benchmark_v4_hard/train/world_hard_direct_block_seed_300062.yaml,300062,hard,14,4,18,True,8.1998,3.226089,-2.455293,3.035823,-3.464815,-1.050806,direct_block,6.8367,1.1994,1,v4,train,0,0.45
train,/root/leo_ws/src/leo_pybullet/worlds/benchmark_v4_hard/train/world_medium_double_block_seed_300181.yaml,300181,medium,9,4,13,True,5.8982,-0.353764,-0.328898,2.005819,-1.831678,4.06008,double_block,4.6311,1.2736,2,v4_focused,train,1,focused_failure
train,/root/leo_ws/src/leo_pybullet/worlds/benchmark_v3_curriculum/train/world_medium_direct_block_seed_000130.yaml,130,medium,4,4,8,True,4.632,-0.633553,2.41839,-0.979678,1.361681,-0.508727,direct_block,3.5425,1.3076,,v3,train,0,0.15
train,/root/leo_ws/src/leo_pybullet/worlds/benchmark_v2/train/world_medium_seed_000046.yaml,46,medium,5,4,9,True,5.129,0.770996,3.130144,0.526094,-2.361709,0.13674,,,,,v2,train,general_replay,0.40
train,/root/leo_ws/src/leo_pybullet/worlds/benchmark_v4_hard/train/world_hard_clear_seed_300227.yaml,300227,hard,12,4,16,False,4.889,1.189133,-1.32633,1.970405,-0.5806,2.864465,clear,4.5491,1.0747,0,v4,train,0,0.45
train,/root/leo_ws/src/leo_pybullet/worlds/benchmark_v4_hard/train/world_hard_double_block_seed_300212.yaml,300212,hard,13,4,17,True,6.6765,-2.304133,-2.620304,1.602368,-3.04473,1.904929,double_block,4.5854,1.456,2,v4_focused,train,2,focused_failure
train,/root/leo_ws/src/leo_pybullet/worlds/benchmark_v4_hard/train/world_medium_double_block_seed_300064.yaml,300064,medium,6,4,10,True,7.9371,-1.963248,-3.677975,1.224573,0.773765,2.262341,double_block,6.5405,1.2135,2,v4,train,0,0.45
train,/root/leo_ws/src/leo_pybullet/worlds/benchmark_v4_hard/train/world_hard_double_block_seed_300212.yaml,300212,hard,13,4,17,True,6.6765,-2.304133,-2.620304,1.602368,-3.04473,1.904929,double_block,4.5854,1.456,2,v4_focused,train,4,focused_failure
train,/root/leo_ws/src/leo_pybullet/worlds/benchmark_v4_hard/train/world_easy_double_block_seed_300213.yaml,300213,easy,4,4,8,True,8.2523,1.163293,-3.140165,2.384254,-3.703534,2.008633,double_block,7.0849,1.1648,2,v4,train,0,0.45
train,/root/leo_ws/src/leo_pybullet/worlds/benchmark_v2/train/world_medium_seed_000121.yaml,121,medium,5,4,9,True,6.7096,3.248229,1.09372,-2.027613,-2.814889,2.601902,,,,,v2,train,general_replay,0.40
train,/root/leo_ws/src/leo_pybullet/worlds/benchmark_v3_curriculum/train/world_easy_direct_block_seed_000288.yaml,288,easy,2,4,6,True,8.2443,3.77651,2.507034,-2.139048,-0.169894,-3.844409,direct_block,7.4776,1.1025,,v3,train,general_replay,0.15
train,/root/leo_ws/src/leo_pybullet/worlds/benchmark_v3_curriculum/train/world_hard_direct_block_seed_000038.yaml,38,hard,6,4,10,True,5.4239,-0.67042,2.163322,-2.266025,-3.386684,-1.135621,direct_block,4.2733,1.2693,,v3,train,general_replay,0.15
train,/root/leo_ws/src/leo_pybullet/worlds/benchmark_v2/train/world_medium_seed_000286.yaml,286,medium,8,4,12,True,4.6433,1.677095,-3.663675,-2.228648,-0.778365,-0.573012,,,,,v2,train,general_replay,0.40
train,/root/leo_ws/src/leo_pybullet/worlds/benchmark_v2/train/world_easy_seed_000117.yaml,117,easy,2,4,6,False,3.5702,-2.524861,2.984889,1.356749,0.509375,1.755128,,,,,v2,train,0,0.40
train,/root/leo_ws/src/leo_pybullet/worlds/benchmark_v3_curriculum/train/world_medium_clear_seed_000091.yaml,91,medium,2,4,6,False,5.0982,0.770187,3.973815,-1.423657,1.517482,-0.830874,clear,4.8625,1.0485,,v3,train,0,0.15
train,/root/leo_ws/src/leo_pybullet/worlds/benchmark_v4_hard/train/world_easy_double_block_seed_300180.yaml,300180,easy,5,4,9,True,6.9222,-2.747012,-2.821338,0.091922,3.229805,-2.952511,double_block,5.9783,1.1579,2,v4,train,0,0.45
train,/root/leo_ws/src/leo_pybullet/worlds/benchmark_v2/train/world_hard_seed_000047.yaml,47,hard,10,4,14,True,3.9645,0.466669,0.615878,0.726093,-2.110377,-0.986954,,,,,v2,train,0,0.40
train,/root/leo_ws/src/leo_pybullet/worlds/benchmark_v3_curriculum/train/world_medium_clear_seed_000259.yaml,259,medium,2,4,6,False,4.169,2.583897,-3.482235,2.088376,0.820725,-0.05052,clear,3.8582,1.0806,,v3,train,0,0.15
train,/root/leo_ws/src/leo_pybullet/worlds/benchmark_v3_curriculum/train/world_easy_direct_block_seed_000144.yaml,144,easy,2,4,6,True,7.5759,-3.950111,-3.557163,0.090379,2.939112,-2.807448,direct_block,6.9299,1.0932,,v3,train,0,0.15
train,/root/leo_ws/src/leo_pybullet/worlds/benchmark_v2/train/world_hard_seed_000125.yaml,125,hard,9,4,13,True,6.4171,0.935321,1.000254,-2.169131,-4.312935,1.816216,,,,,v2,train,general_replay,0.40
train,/root/leo_ws/src/leo_pybullet/worlds/benchmark_v3_curriculum/train/world_medium_clear_seed_000127.yaml,127,medium,2,4,6,False,5.0182,3.505102,0.684223,-1.771215,2.741321,-4.049683,clear,4.7951,1.0465,,v3,train,general_replay,0.15
train,/root/leo_ws/src/leo_pybullet/worlds/benchmark_v2/train/world_medium_seed_000217.yaml,217,medium,7,4,11,True,8.3437,1.869878,-2.510475,-1.33469,-3.636295,2.631522,,,,,v2,train,general_replay,0.40
train,/root/leo_ws/src/leo_pybullet/worlds/benchmark_v4_hard/train/world_medium_double_block_seed_300385.yaml,300385,medium,7,4,11,True,7.6227,0.38935,-2.412402,1.990069,-2.900115,2.84833,double_block,6.2045,1.2286,2,v4,train,0,0.45
train,/root/leo_ws/src/leo_pybullet/worlds/benchmark_v2/train/world_easy_seed_000261.yaml,261,easy,3,4,7,False,5.4878,-4.086538,3.916812,-1.487602,0.400889,1.633547,,,,,v2,train,0,0.40
train,/root/leo_ws/src/leo_pybullet/worlds/benchmark_v2/train/world_easy_seed_000003.yaml,3,easy,2,4,6,True,4.3129,-3.215322,3.61872,0.663501,-0.225734,0.703413,,,,,v2,train,0,0.40
train,/root/leo_ws/src/leo_pybullet/worlds/benchmark_v4_hard/train/world_easy_direct_block_seed_300150.yaml,300150,easy,5,4,9,True,9.0637,-2.498338,-3.07992,0.814267,3.408179,2.336439,direct_block,8.014,1.131,1,v4,train,0,0.45
train,/root/leo_ws/src/leo_pybullet/worlds/benchmark_v4_hard/train/world_medium_double_block_seed_300040.yaml,300040,medium,9,4,13,True,10.1586,4.094061,1.742832,-2.777481,-3.731806,-2.53301,double_block,8.9178,1.1391,2,v4,train,0,0.45
train,/root/leo_ws/src/leo_pybullet/worlds/benchmark_v2/train/world_hard_seed_000263.yaml,263,hard,11,4,15,True,5.4239,2.870208,-1.06747,2.371949,-2.155065,-0.311294,,,,,v2,train,general_replay,0.40
train,/root/leo_ws/src/leo_pybullet/worlds/benchmark_v2/train/world_easy_seed_000114.yaml,114,easy,2,4,6,False,9.0272,-1.42375,4.027769,0.11727,1.098706,-3.934801,,,,,v2,train,general_replay,0.40
train,/root/leo_ws/src/leo_pybullet/worlds/benchmark_v2/train/world_hard_seed_000254.yaml,254,hard,10,4,14,True,4.3508,-0.782329,-1.392463,2.991331,-4.319162,0.002568,,,,,v2,train,0,0.40
train,/root/leo_ws/src/leo_pybullet/worlds/benchmark_v2/train/world_easy_seed_000015.yaml,15,easy,2,4,6,True,4.809,-2.264478,-1.408724,-1.48714,1.811291,-1.908939,,,,,v2,train,0,0.40
train,/root/leo_ws/src/leo_pybullet/worlds/benchmark_v2/train/world_hard_seed_000284.yaml,284,hard,8,4,12,True,3.7051,-1.137015,3.220841,-2.25536,-1.753965,0.021991,,,,,v2,train,general_replay,0.40
train,/root/leo_ws/src/leo_pybullet/worlds/benchmark_v3_curriculum/train/world_medium_clear_seed_000079.yaml,79,medium,2,4,6,False,4.0857,-0.047017,-3.687654,3.087157,-3.997248,-3.315881,clear,3.9677,1.0297,,v3,train,general_replay,0.15
train,/root/leo_ws/src/leo_pybullet/worlds/benchmark_v3_curriculum/train/world_hard_direct_block_seed_000050.yaml,50,hard,5,4,9,True,7.6867,-3.206015,1.549916,0.285778,3.314954,3.948971,direct_block,6.9483,1.1063,,v3,train,0,0.15
train,/root/leo_ws/src/leo_pybullet/worlds/benchmark_v2/train/world_medium_seed_000223.yaml,223,medium,7,4,11,True,4.4033,-2.709827,3.050086,-2.388158,1.123513,2.338315,,,,,v2,train,0,0.40
train,/root/leo_ws/src/leo_pybullet/worlds/benchmark_v4_hard/train/world_medium_double_block_seed_300292.yaml,300292,medium,7,4,11,True,6.721,-3.562232,-1.119545,0.754328,0.742082,2.346039,double_block,5.5261,1.2162,2,v4,train,0,0.45
train,/root/leo_ws/src/leo_pybullet/worlds/benchmark_v2/train/world_easy_seed_000075.yaml,75,easy,3,4,7,False,7.6639,2.797744,-3.47966,1.617252,1.67298,3.714122,,,,,v2,train,general_replay,0.40
train,/root/leo_ws/src/leo_pybullet/worlds/benchmark_v2/train/world_easy_seed_000174.yaml,174,easy,2,4,6,False,6.3508,1.718609,1.438591,-2.411015,-4.206655,2.428574,,,,,v2,train,0,0.40
train,/root/leo_ws/src/leo_pybullet/worlds/benchmark_v3_curriculum/train/world_hard_direct_block_seed_000068.yaml,68,hard,6,4,10,True,6.9416,0.907004,-2.181387,1.88216,-0.261529,1.870249,direct_block,4.2168,1.6462,,v3,train,0,0.15
train,/root/leo_ws/src/leo_pybullet/worlds/benchmark_v2/train/world_medium_seed_000070.yaml,70,medium,5,4,9,True,5.2365,-0.352925,-3.163679,1.092894,4.307028,-3.004597,,,,,v2,train,0,0.40
train,/root/leo_ws/src/leo_pybullet/worlds/benchmark_v3_curriculum/train/world_medium_direct_block_seed_000061.yaml,61,medium,3,4,7,True,6.8559,-2.705506,-2.407429,0.158207,3.459802,-1.756731,direct_block,6.1996,1.1059,,v3,train,0,0.15
train,/root/leo_ws/src/leo_pybullet/worlds/benchmark_v4_hard/train/world_medium_direct_block_seed_300310.yaml,300310,medium,9,4,13,True,5.7747,2.495899,3.965796,-1.511424,3.39066,-0.943031,direct_block,4.9897,1.1573,1,v4,train,0,0.45
train,/root/leo_ws/src/leo_pybullet/worlds/benchmark_v2/train/world_hard_seed_000275.yaml,275,hard,8,4,12,True,5.0959,1.101998,3.174025,-0.378204,1.037706,-1.241987,,,,,v2,train,general_replay,0.40
train,/root/leo_ws/src/leo_pybullet/worlds/benchmark_v2/train/world_hard_seed_000191.yaml,191,hard,12,4,16,True,6.9827,3.231298,0.115757,0.876334,-3.088629,-0.843437,,,,,v2,train,general_replay,0.40
train,/root/leo_ws/src/leo_pybullet/worlds/benchmark_v4_hard/train/world_medium_double_block_seed_300025.yaml,300025,medium,9,4,13,True,7.3472,2.436438,-2.7551,-3.134501,-3.911782,-3.62189,double_block,6.4071,1.1467,2,v4_focused,train,2,focused_failure
train,/root/leo_ws/src/leo_pybullet/worlds/benchmark_v2/train/world_medium_seed_000067.yaml,67,medium,5,4,9,True,5.5016,-0.106238,-1.931175,1.039256,3.386712,1.251051,,,,,v2,train,general_replay,0.40
train,/root/leo_ws/src/leo_pybullet/worlds/benchmark_v4_hard/train/world_hard_double_block_seed_300233.yaml,300233,hard,13,4,17,True,7.049,0.080284,1.265958,-0.77763,4.121935,-2.829653,double_block,5.754,1.2251,2,v4_focused,train,4,focused_failure
train,/root/leo_ws/src/leo_pybullet/worlds/benchmark_v2/train/world_easy_seed_000228.yaml,228,easy,4,4,8,False,3.3931,0.642568,-2.446148,2.908768,0.578913,0.899642,,,,,v2,train,0,0.40
train,/root/leo_ws/src/leo_pybullet/worlds/benchmark_v2/train/world_hard_seed_000128.yaml,128,hard,9,4,13,True,6.3896,-1.183412,-0.146179,0.248272,4.221428,-1.578017,,,,,v2,train,0,0.40
train,/root/leo_ws/src/leo_pybullet/worlds/benchmark_v4_hard/train/world_hard_direct_block_seed_300038.yaml,300038,hard,10,4,14,True,9.2318,0.834868,3.973613,-1.629526,-0.663242,-3.508577,direct_block,7.6307,1.2098,1,v4_focused,train,0,focused_failure
train,/root/leo_ws/src/leo_pybullet/worlds/benchmark_v3_curriculum/train/world_medium_clear_seed_000019.yaml,19,medium,4,4,8,False,7.0055,2.334889,0.651092,-2.68979,-3.334398,-2.487726,clear,6.4802,1.0811,,v3,train,0,0.15
train,/root/leo_ws/src/leo_pybullet/worlds/benchmark_v4_hard/train/world_medium_double_block_seed_300337.yaml,300337,medium,8,4,12,True,8.7622,1.921472,3.291919,-1.249973,3.938429,-4.223527,double_block,7.7814,1.126,2,v4_focused,train,2,focused_failure
train,/root/leo_ws/src/leo_pybullet/worlds/benchmark_v4_hard/train/world_easy_direct_block_seed_300258.yaml,300258,easy,4,4,8,True,6.6239,-3.573493,-1.731173,1.25198,-2.426498,4.152867,direct_block,5.9948,1.1049,1,v4_focused,train,2,focused_failure
train,/root/leo_ws/src/leo_pybullet/worlds/benchmark_v3_curriculum/train/world_medium_clear_seed_000271.yaml,271,medium,3,4,7,False,4.7427,1.317015,-1.36641,2.841221,-2.763813,0.228221,clear,4.3813,1.0825,,v3,train,general_replay,0.15
train,/root/leo_ws/src/leo_pybullet/worlds/benchmark_v4_hard/train/world_medium_direct_block_seed_300406.yaml,300406,medium,7,4,11,True,8.0729,2.032058,-4.133719,2.437405,-2.888681,0.664255,direct_block,6.8727,1.1746,1,v4,train,0,0.45
train,/root/leo_ws/src/leo_pybullet/worlds/benchmark_v3_curriculum/train/world_medium_direct_block_seed_000088.yaml,88,medium,3,4,7,True,8.081,4.026643,-1.421131,-2.71107,-2.677663,-4.127499,direct_block,7.2299,1.1177,,v3,train,general_replay,0.15
train,/root/leo_ws/src/leo_pybullet/worlds/benchmark_v2/train/world_easy_seed_000261.yaml,261,easy,3,4,7,False,5.4878,-4.086538,3.916812,-1.487602,0.400889,1.633547,,,,,v2,train,0,0.40
train,/root/leo_ws/src/leo_pybullet/worlds/benchmark_v4_hard/train/world_easy_direct_block_seed_300126.yaml,300126,easy,3,4,7,True,7.369,0.247838,3.312787,-1.9321,-1.471822,-3.28197,direct_block,6.8153,1.0812,1,v4,train,0,0.45
train,/root/leo_ws/src/leo_pybullet/worlds/benchmark_v4_hard/train/world_hard_direct_block_seed_300278.yaml,300278,hard,11,4,15,True,6.0147,-1.517609,4.040211,-1.840779,-2.21994,-1.084197,direct_block,5.1723,1.1629,1,v4,train,0,0.45
train,/root/leo_ws/src/leo_pybullet/worlds/benchmark_v4_hard/train/world_hard_clear_seed_300287.yaml,300287,hard,11,4,15,False,4.6125,-3.034346,3.064624,0.017435,1.463255,3.363611,clear,4.5075,1.0233,0,v4,train,0,0.45
train,/root/leo_ws/src/leo_pybullet/worlds/benchmark_v4_hard/train/world_easy_double_block_seed_300129.yaml,300129,easy,4,4,8,True,7.2204,0.037128,3.572846,-0.842736,3.707956,-1.463601,double_block,6.2322,1.1586,2,v4_focused,train,2,focused_failure
train,/root/leo_ws/src/leo_pybullet/worlds/benchmark_v2/train/world_hard_seed_000260.yaml,260,hard,9,4,13,True,5.3884,-0.80594,0.757675,1.582851,-2.510475,-3.832089,,,,,v2,train,0,0.40
train,/root/leo_ws/src/leo_pybullet/worlds/benchmark_v2/train/world_medium_seed_000094.yaml,94,medium,6,4,10,True,5.0708,3.93266,-0.621534,-3.013397,2.906024,4.002229,,,,,v2,train,general_replay,0.40
train,/root/leo_ws/src/leo_pybullet/worlds/benchmark_v2/train/world_medium_seed_000232.yaml,232,medium,7,4,11,True,6.9771,3.261476,-3.705716,2.93871,3.940105,2.787728,,,,,v2,train,0,0.40
train,/root/leo_ws/src/leo_pybullet/worlds/benchmark_v4_hard/train/world_easy_direct_block_seed_300222.yaml,300222,easy,4,4,8,True,5.4959,0.096525,-0.193233,2.096689,-1.871131,4.087507,direct_block,4.7113,1.1665,1,v4_focused,train,2,focused_failure
train,/root/leo_ws/src/leo_pybullet/worlds/benchmark_v2/train/world_medium_seed_000064.yaml,64,medium,8,4,12,True,4.1439,-2.012758,3.590402,1.248202,1.153195,2.301398,,,,,v2,train,0,0.40
train,/root/leo_ws/src/leo_pybullet/worlds/benchmark_v2/train/world_easy_seed_000198.yaml,198,easy,2,4,6,True,5.2422,-0.169828,1.484774,0.190295,4.243085,-0.377086,,,,,v2,train,0,0.40
train,/root/leo_ws/src/leo_pybullet/worlds/benchmark_v2/train/world_easy_seed_000288.yaml,288,easy,3,4,7,False,6.7257,2.566023,-0.173892,1.329447,-3.934866,-0.612579,,,,,v2,train,general_replay,0.40
train,/root/leo_ws/src/leo_pybullet/worlds/benchmark_v4_hard/train/world_medium_double_block_seed_300025.yaml,300025,medium,9,4,13,True,7.3472,2.436438,-2.7551,-3.134501,-3.911782,-3.62189,double_block,6.4071,1.1467,2,v4_focused,train,3,focused_failure
train,/root/leo_ws/src/leo_pybullet/worlds/benchmark_v3_curriculum/train/world_medium_direct_block_seed_000085.yaml,85,medium,2,4,6,True,7.4135,-2.358569,2.357539,-0.652998,2.946694,-1.307633,direct_block,6.4482,1.1497,,v3,train,general_replay,0.15
train,/root/leo_ws/src/leo_pybullet/worlds/benchmark_v2/train/world_easy_seed_000240.yaml,240,easy,4,4,8,True,4.4251,3.952491,-1.601714,0.899178,1.03117,0.237881,,,,,v2,train,general_replay,0.40
train,/root/leo_ws/src/leo_pybullet/worlds/benchmark_v2/train/world_medium_seed_000058.yaml,58,medium,6,4,10,True,7.5049,1.235133,3.884423,-0.920829,-3.991504,-0.440223,,,,,v2,train,general_replay,0.40
train,/root/leo_ws/src/leo_pybullet/worlds/benchmark_v4_hard/train/world_hard_direct_block_seed_300170.yaml,300170,hard,10,4,14,True,8.9037,2.519967,-2.361354,2.476764,-2.935104,1.765274,direct_block,6.8401,1.3017,1,v4,train,0,0.45
train,/root/leo_ws/src/leo_pybullet/worlds/benchmark_v4_hard/train/world_hard_clear_seed_300155.yaml,300155,hard,13,4,17,False,7.3463,3.943936,2.749142,-3.029843,-3.282096,2.913237,clear,7.2279,1.0164,0,v4,train,0,0.45
train,/root/leo_ws/src/leo_pybullet/worlds/benchmark_v4_hard/train/world_easy_double_block_seed_300141.yaml,300141,easy,3,4,7,True,7.5016,1.589586,-3.579156,1.53223,1.736056,3.105833,double_block,6.6866,1.1219,2,v4,train,0,0.45
train,/root/leo_ws/src/leo_pybullet/worlds/benchmark_v4_hard/train/world_medium_direct_block_seed_300118.yaml,300118,medium,7,4,11,True,8.1861,-2.775109,0.183679,-0.624216,3.590486,-3.400875,direct_block,7.3055,1.1205,1,v4,train,0,0.45
train,/root/leo_ws/src/leo_pybullet/worlds/benchmark_v4_hard/train/world_medium_clear_seed_300235.yaml,300235,medium,9,4,13,False,8.392,3.033642,-3.979665,1.582192,2.410162,4.214072,clear,8.2174,1.0212,0,v4,train,0,0.45
train,/root/leo_ws/src/leo_pybullet/worlds/benchmark_v4_hard/train/world_medium_double_block_seed_300265.yaml,300265,medium,9,4,13,True,6.6708,-0.193388,2.742383,-0.99506,2.684054,-1.642679,double_block,5.2448,1.2719,2,v4,train,0,0.45
train,/root/leo_ws/src/leo_pybullet/worlds/benchmark_v3_curriculum/train/world_medium_direct_block_seed_000058.yaml,58,medium,4,4,8,True,7.9655,-2.614513,-0.804103,0.447592,3.768794,2.595989,direct_block,7.2324,1.1014,,v3,train,0,0.15
train,/root/leo_ws/src/leo_pybullet/worlds/benchmark_v4_hard/train/world_medium_double_block_seed_300145.yaml,300145,medium,9,4,13,True,6.9198,1.441243,-1.635225,-3.012195,-3.836573,-2.205088,double_block,5.3085,1.3035,2,v4_focused,train,0,focused_failure
train,/root/leo_ws/src/leo_pybullet/worlds/benchmark_v3_curriculum/train/world_hard_direct_block_seed_000293.yaml,293,hard,5,4,9,True,5.8102,-1.481405,3.760878,-0.063176,3.019734,3.790324,direct_block,4.5012,1.2908,,v3,train,0,0.15
train,/root/leo_ws/src/leo_pybullet/worlds/benchmark_v2/train/world_easy_seed_000219.yaml,219,easy,4,4,8,True,4.6822,0.237998,-1.49046,-0.397937,2.027581,2.448867,,,,,v2,train,general_replay,0.40
train,/root/leo_ws/src/leo_pybullet/worlds/benchmark_v2/train/world_medium_seed_000079.yaml,79,medium,6,4,10,True,6.5108,-3.774422,-4.091301,1.366026,-3.393901,1.964116,,,,,v2,train,general_replay,0.40
train,/root/leo_ws/src/leo_pybullet/worlds/benchmark_v2/train/world_hard_seed_000284.yaml,284,hard,8,4,12,True,3.7051,-1.137015,3.220841,-2.25536,-1.753965,0.021991,,,,,v2,train,0,0.40
train,/root/leo_ws/src/leo_pybullet/worlds/benchmark_v2/train/world_easy_seed_000171.yaml,171,easy,4,4,8,False,6.2112,-0.7494,4.321343,1.106538,2.835939,-0.328503,,,,,v2,train,general_replay,0.40
train,/root/leo_ws/src/leo_pybullet/worlds/benchmark_v3_curriculum/train/world_hard_direct_block_seed_000122.yaml,122,hard,6,4,10,True,7.3198,-1.134319,-2.378257,0.719582,4.026298,1.437361,direct_block,6.418,1.1405,,v3,train,0,0.15
train,/root/leo_ws/src/leo_pybullet/worlds/benchmark_v2/train/world_easy_seed_000264.yaml,264,easy,4,4,8,False,3.9404,1.730357,0.385401,-3.085719,-1.159174,2.930504,,,,,v2,train,general_replay,0.40
train,/root/leo_ws/src/leo_pybullet/worlds/benchmark_v4_hard/train/world_medium_direct_block_seed_300046.yaml,300046,medium,9,4,13,True,6.2547,1.983699,2.431363,-3.026859,-3.371171,1.725961,direct_block,5.4011,1.158,1,v4,train,0,0.45
train,/root/leo_ws/src/leo_pybullet/worlds/benchmark_v3_curriculum/train/world_hard_direct_block_seed_000278.yaml,278,hard,5,4,9,True,6.401,-0.019663,-3.901661,1.336107,1.142047,1.539603,direct_block,5.5639,1.1504,,v3,train,0,0.15
train,/root/leo_ws/src/leo_pybullet/worlds/benchmark_v4_hard/train/world_easy_double_block_seed_300120.yaml,300120,easy,4,4,8,True,5.7302,-1.817651,2.456778,-0.141417,2.831409,2.189643,double_block,4.6567,1.2305,2,v4,train,0,0.45
train,/root/leo_ws/src/leo_pybullet/worlds/benchmark_v2/train/world_medium_seed_000022.yaml,22,medium,6,4,10,True,9.1769,3.294041,2.545418,-2.829561,-3.65698,-2.007387,,,,,v2,train,general_replay,0.40
train,/root/leo_ws/src/leo_pybullet/worlds/benchmark_v3_curriculum/train/world_hard_direct_block_seed_000014.yaml,14,hard,4,4,8,True,5.1816,0.984968,2.169245,-1.702659,0.230451,-2.15105,direct_block,4.3857,1.1815,,v3,train,0,0.15
train,/root/leo_ws/src/leo_pybullet/worlds/benchmark_v2/train/world_hard_seed_000161.yaml,161,hard,12,4,16,True,8.2604,-2.888182,3.727905,-2.926443,3.899794,0.784377,,,,,v2,train,general_replay,0.40
train,/root/leo_ws/src/leo_pybullet/worlds/benchmark_v3_curriculum/train/world_medium_direct_block_seed_000100.yaml,100,medium,2,4,6,True,6.0422,-0.344005,3.8396,-2.068428,-2.764646,-0.909214,direct_block,5.3302,1.1336,,v3,train,general_replay,0.15
train,/root/leo_ws/src/leo_pybullet/worlds/benchmark_v4_hard/train/world_medium_direct_block_seed_300082.yaml,300082,medium,8,4,12,True,6.4478,-0.510597,3.563425,-1.809948,-1.816752,-1.967238,direct_block,5.6828,1.1346,1,v4_focused,train,4,focused_failure
train,/root/leo_ws/src/leo_pybullet/worlds/benchmark_v2/train/world_hard_seed_000176.yaml,176,hard,8,4,12,True,4.2925,3.86149,2.413438,-1.147815,2.877269,-1.001516,,,,,v2,train,general_replay,0.40
train,/root/leo_ws/src/leo_pybullet/worlds/benchmark_v2/train/world_hard_seed_000233.yaml,233,hard,9,4,13,True,6.5529,2.610712,-0.138212,-1.453505,-2.572062,2.897453,,,,,v2,train,general_replay,0.40
train,/root/leo_ws/src/leo_pybullet/worlds/benchmark_v4_hard/train/world_hard_clear_seed_300431.yaml,300431,hard,14,4,18,False,6.9359,1.665472,-3.722341,1.971314,-0.040645,2.532407,clear,6.4833,1.0698,0,v4_focused,train,1,focused_failure
train,/root/leo_ws/src/leo_pybullet/worlds/benchmark_v2/train/world_hard_seed_000182.yaml,182,hard,11,4,15,True,6.6353,-2.319145,-1.568877,1.332882,3.438873,-3.677271,,,,,v2,train,general_replay,0.40
train,/root/leo_ws/src/leo_pybullet/worlds/benchmark_v4_hard/train/world_hard_double_block_seed_300365.yaml,300365,hard,10,4,14,True,11.5622,3.932271,3.229698,-2.43294,-1.549961,-1.761724,double_block,7.4141,1.5595,2,v4_focused,train,2,focused_failure
train,/root/leo_ws/src/leo_pybullet/worlds/benchmark_v3_curriculum/train/world_hard_clear_seed_000059.yaml,59,hard,4,4,8,False,5.6455,-3.530821,1.279608,-0.975887,-0.344148,-3.092556,clear,5.4102,1.0435,,v3,train,general_replay,0.15
train,/root/leo_ws/src/leo_pybullet/worlds/benchmark_v3_curriculum/train/world_medium_clear_seed_000247.yaml,247,medium,3,4,7,False,4.0971,-1.376824,-1.288347,1.185547,-0.232901,2.318637,clear,3.784,1.0827,,v3,train,general_replay,0.15
train,/root/leo_ws/src/leo_pybullet/worlds/benchmark_v2/train/world_hard_seed_000068.yaml,68,hard,11,4,15,True,6.7129,2.15241,3.55084,-0.42809,-3.384498,0.694027,,,,,v2,train,0,0.40
train,/root/leo_ws/src/leo_pybullet/worlds/benchmark_v3_curriculum/train/world_easy_direct_block_seed_000222.yaml,222,easy,1,4,5,True,7.4055,2.041736,-0.498914,-2.496782,-3.611845,-4.111887,direct_block,6.7094,1.1037,,v3,train,general_replay,0.15
train,/root/leo_ws/src/leo_pybullet/worlds/benchmark_v4_hard/train/world_medium_double_block_seed_300097.yaml,300097,medium,7,4,11,True,8.9771,-4.024735,-3.218049,1.433895,-3.56849,1.292012,double_block,4.5331,1.9803,2,v4_focused,train,3,focused_failure
train,/root/leo_ws/src/leo_pybullet/worlds/benchmark_v3_curriculum/train/world_medium_direct_block_seed_000070.yaml,70,medium,2,4,6,True,5.6308,-1.750328,-0.344812,1.796886,-3.090951,4.208016,direct_block,4.7461,1.1864,,v3,train,0,0.15
train,/root/leo_ws/src/leo_pybullet/worlds/benchmark_v4_hard/train/world_medium_direct_block_seed_300130.yaml,300130,medium,6,4,10,True,6.4914,-1.606356,-2.476793,1.814494,-2.716446,3.195543,direct_block,5.7799,1.1231,1,v4_focused,train,1,focused_failure
train,/root/leo_ws/src/leo_pybullet/worlds/benchmark_v2/train/world_easy_seed_000060.yaml,60,easy,3,4,7,True,6.8729,-3.00901,-2.352035,2.986363,-0.143489,3.351789,,,,,v2,train,general_replay,0.40
train,/root/leo_ws/src/leo_pybullet/worlds/benchmark_v4_hard/train/world_hard_double_block_seed_300392.yaml,300392,hard,12,4,16,True,6.2022,-3.191597,2.280619,-0.580908,1.010483,0.090192,double_block,4.7387,1.3088,2,v4_focused,train,1,focused_failure
train,/root/leo_ws/src/leo_pybullet/worlds/benchmark_v4_hard/train/world_medium_double_block_seed_300436.yaml,300436,medium,7,4,11,True,7.5233,4.14762,2.485508,-2.935473,-2.16044,1.483668,double_block,6.3871,1.1779,2,v4,train,0,0.45
train,/root/leo_ws/src/leo_pybullet/worlds/benchmark_v2/train/world_hard_seed_000005.yaml,5,hard,12,4,16,True,5.0433,-1.230741,1.656888,0.188746,2.971145,1.322676,,,,,v2,train,general_replay,0.40
train,/root/leo_ws/src/leo_pybullet/worlds/benchmark_v4_hard/train/world_easy_double_block_seed_300393.yaml,300393,easy,4,4,8,True,9.1735,3.808378,4.100573,-1.831722,0.907181,-3.746456,double_block,8.3662,1.0965,2,v4_focused,train,0,focused_failure
train,/root/leo_ws/src/leo_pybullet/worlds/benchmark_v2/train/world_easy_seed_000111.yaml,111,easy,2,4,6,False,5.7245,-1.601022,-2.660383,0.815127,-0.722349,2.711521,,,,,v2,train,general_replay,0.40
train,/root/leo_ws/src/leo_pybullet/worlds/benchmark_v4_hard/train/world_easy_clear_seed_300135.yaml,300135,easy,3,4,7,False,6.1908,2.685732,3.372539,-2.967841,-3.116665,2.381871,clear,5.8864,1.0517,0,v4,train,0,0.45
train,/root/leo_ws/src/leo_pybullet/worlds/benchmark_v4_hard/train/world_medium_direct_block_seed_300250.yaml,300250,medium,7,4,11,True,5.6171,2.32183,3.005892,-1.974917,0.464682,-1.420098,direct_block,4.7998,1.1703,1,v4_focused,train,4,focused_failure
train,/root/leo_ws/src/leo_pybullet/worlds/benchmark_v4_hard/train/world_easy_double_block_seed_300237.yaml,300237,easy,4,4,8,True,8.8123,-3.853882,-3.198992,1.024384,0.611274,2.960696,double_block,7.6078,1.1583,2,v4,train,0,0.45
train,/root/leo_ws/src/leo_pybullet/worlds/benchmark_v3_curriculum/train/world_hard_direct_block_seed_000218.yaml,218,hard,5,4,9,True,6.2627,-2.664389,2.235812,-0.7476,0.85521,-1.458659,direct_block,5.1026,1.2274,,v3,train,0,0.15
train,/root/leo_ws/src/leo_pybullet/worlds/benchmark_v4_hard/train/world_hard_direct_block_seed_300338.yaml,300338,hard,12,4,16,True,6.4308,1.378325,-1.277649,2.009917,-0.30268,3.657343,direct_block,5.2134,1.2335,1,v4_focused,train,7,focused_failure
train,/root/leo_ws/src/leo_pybullet/worlds/benchmark_v4_hard/train/world_medium_double_block_seed_300133.yaml,300133,medium,8,4,12,True,7.6867,-2.017493,2.647148,-0.917309,2.052528,-2.500844,double_block,6.5625,1.1713,2,v4,train,0,0.45
train,/root/leo_ws/src/leo_pybullet/worlds/benchmark_v2/train/world_hard_seed_000065.yaml,65,hard,11,4,15,True,7.4718,3.713267,2.835236,2.42163,-0.552732,-2.387773,,,,,v2,train,general_replay,0.40
train,/root/leo_ws/src/leo_pybullet/worlds/benchmark_v4_hard/train/world_medium_double_block_seed_300193.yaml,300193,medium,9,4,13,True,7.9176,-3.5697,-2.118308,0.577086,1.593508,0.738195,double_block,5.9007,1.3418,2,v4,train,0,0.45
train,/root/leo_ws/src/leo_pybullet/worlds/benchmark_v3_curriculum/train/world_hard_direct_block_seed_000101.yaml,101,hard,6,4,10,True,6.2022,2.9505,3.471213,-2.160161,0.33343,-1.201265,direct_block,5.3555,1.1581,,v3,train,general_replay,0.15
train,/root/leo_ws/src/leo_pybullet/worlds/benchmark_v4_hard/train/world_easy_double_block_seed_300009.yaml,300009,easy,4,4,8,True,6.0639,1.018159,4.113386,-2.569224,-3.012815,1.404847,double_block,4.8564,1.2486,2,v4,train,0,0.45
train,/root/leo_ws/src/leo_pybullet/worlds/benchmark_v2/train/world_easy_seed_000120.yaml,120,easy,4,4,8,False,5.6147,-0.326606,-1.608233,1.400503,-2.489235,3.11328,,,,,v2,train,general_replay,0.40
train,/root/leo_ws/src/leo_pybullet/worlds/benchmark_v3_curriculum/train/world_hard_direct_block_seed_000257.yaml,257,hard,5,4,9,True,7.1953,0.985523,-4.210597,1.361712,1.920721,2.234226,direct_block,6.5123,1.1049,,v3,train,0,0.15
train,/root/leo_ws/src/leo_pybullet/worlds/benchmark_v2/train/world_hard_seed_000197.yaml,197,hard,12,4,16,True,7.6729,-2.929133,1.661703,-0.096705,0.72338,-4.010067,,,,,v2,train,0,0.40
train,/root/leo_ws/src/leo_pybullet/worlds/benchmark_v4_hard/train/world_hard_clear_seed_300023.yaml,300023,hard,10,4,14,False,5.8604,1.62066,-0.97773,-2.598925,-3.124119,-3.532143,clear,5.3887,1.0875,0,v4,train,0,0.45
train,/root/leo_ws/src/leo_pybullet/worlds/benchmark_v2/train/world_medium_seed_000046.yaml,46,medium,5,4,9,True,5.129,0.770996,3.130144,0.526094,-2.361709,0.13674,,,,,v2,train,0,0.40
train,/root/leo_ws/src/leo_pybullet/worlds/benchmark_v4_hard/train/world_easy_double_block_seed_300240.yaml,300240,easy,3,4,7,True,6.9804,2.203318,-2.652727,2.337151,-1.409184,2.230884,double_block,6.0745,1.1491,2,v4,train,0,0.45
train,/root/leo_ws/src/leo_pybullet/worlds/benchmark_v2/train/world_easy_seed_000216.yaml,216,easy,2,4,6,False,3.2445,1.809956,-0.207607,-1.505721,-1.065878,0.66986,,,,,v2,train,general_replay,0.40
train,/root/leo_ws/src/leo_pybullet/worlds/benchmark_v3_curriculum/train/world_hard_direct_block_seed_000065.yaml,65,hard,5,4,9,True,6.3622,-0.48367,3.627905,-0.955863,2.770058,-0.540025,direct_block,5.2876,1.2032,,v3,train,0,0.15
train,/root/leo_ws/src/leo_pybullet/worlds/benchmark_v3_curriculum/train/world_medium_direct_block_seed_000193.yaml,193,medium,4,4,8,True,6.401,-0.324494,3.66755,-2.037759,-2.777951,-1.725872,direct_block,5.9252,1.0803,,v3,train,general_replay,0.15
train,/root/leo_ws/src/leo_pybullet/worlds/benchmark_v3_curriculum/train/world_hard_direct_block_seed_000230.yaml,230,hard,6,4,10,True,5.5427,-2.87447,2.765346,-0.34177,1.911833,1.505272,direct_block,4.9494,1.1199,,v3,train,general_replay,0.15
train,/root/leo_ws/src/leo_pybullet/worlds/benchmark_v4_hard/train/world_hard_double_block_seed_300320.yaml,300320,hard,10,4,14,True,6.249,-3.188457,3.524792,-1.01564,-0.650338,-0.432942,double_block,4.7017,1.3291,2,v4_focused,train,0,focused_failure
train,/root/leo_ws/src/leo_pybullet/worlds/benchmark_v2/train/world_medium_seed_000049.yaml,49,medium,5,4,9,True,6.2878,3.769902,-1.535592,1.130102,0.472891,2.677341,,,,,v2,train,general_replay,0.40
train,/root/leo_ws/src/leo_pybullet/worlds/benchmark_v3_curriculum/train/world_hard_direct_block_seed_000137.yaml,137,hard,4,4,8,True,8.0753,-4.164201,-0.808499,-0.11417,3.115421,-1.511792,direct_block,7.3135,1.1042,,v3,train,general_replay,0.15
train,/root/leo_ws/src/leo_pybullet/worlds/benchmark_v4_hard/train/world_medium_double_block_seed_300361.yaml,300361,medium,8,4,12,True,6.9278,-2.571117,-3.718554,0.270467,2.554873,-2.161543,double_block,5.3572,1.2932,2,v4_focused,train,3,focused_failure
train,/root/leo_ws/src/leo_pybullet/worlds/benchmark_v3_curriculum/train/world_hard_clear_seed_000059.yaml,59,hard,4,4,8,False,5.6455,-3.530821,1.279608,-0.975887,-0.344148,-3.092556,clear,5.4102,1.0435,,v3,train,0,0.15
train,/root/leo_ws/src/leo_pybullet/worlds/benchmark_v2/train/world_hard_seed_000251.yaml,251,hard,11,4,15,True,4.9051,2.036276,0.754467,-2.55532,-2.201248,1.831626,,,,,v2,train,0,0.40
train,/root/leo_ws/src/leo_pybullet/worlds/benchmark_v2/train/world_hard_seed_000227.yaml,227,hard,11,4,15,True,4.8639,3.972772,-1.135145,-0.532796,-0.470946,-2.245637,,,,,v2,train,general_replay,0.40
train,/root/leo_ws/src/leo_pybullet/worlds/benchmark_v2/train/world_medium_seed_000082.yaml,82,medium,6,4,10,False,5.9953,-2.897245,-2.082428,-0.178684,2.288573,-4.059666,,,,,v2,train,0,0.40
train,/root/leo_ws/src/leo_pybullet/worlds/benchmark_v2/train/world_hard_seed_000131.yaml,131,hard,10,4,14,True,6.3347,0.069589,-0.93177,-2.367582,-4.20238,2.428311,,,,,v2,train,general_replay,0.40
train,/root/leo_ws/src/leo_pybullet/worlds/benchmark_v4_hard/train/world_hard_double_block_seed_300284.yaml,300284,hard,12,4,16,True,7.1541,-1.91737,-2.043467,1.835561,-3.195499,3.462046,double_block,5.6519,1.2658,2,v4_focused,train,0,focused_failure
train,/root/leo_ws/src/leo_pybullet/worlds/benchmark_v2/train/world_easy_seed_000036.yaml,36,easy,3,4,7,True,9.6157,-4.168609,2.621908,-2.64777,3.561661,-1.875034,,,,,v2,train,general_replay,0.40
train,/root/leo_ws/src/leo_pybullet/worlds/benchmark_v2/train/world_easy_seed_000003.yaml,3,easy,2,4,6,True,4.3129,-3.215322,3.61872,0.663501,-0.225734,0.703413,,,,,v2,train,general_replay,0.40
train,/root/leo_ws/src/leo_pybullet/worlds/benchmark_v2/train/world_hard_seed_000158.yaml,158,hard,9,4,13,True,6.1714,-3.459031,-0.709458,0.835152,2.35727,-1.483241,,,,,v2,train,general_replay,0.40
train,/root/leo_ws/src/leo_pybullet/worlds/benchmark_v4_hard/train/world_hard_direct_block_seed_300218.yaml,300218,hard,11,4,15,True,6.4639,-2.628526,3.928482,-0.582664,1.554273,0.966147,direct_block,5.1255,1.2611,1,v4,train,0,0.45
train,/root/leo_ws/src/leo_pybullet/worlds/benchmark_v2/train/world_medium_seed_000079.yaml,79,medium,6,4,10,True,6.5108,-3.774422,-4.091301,1.366026,-3.393901,1.964116,,,,,v2,train,general_replay,0.40
train,/root/leo_ws/src/leo_pybullet/worlds/benchmark_v3_curriculum/train/world_easy_clear_seed_000087.yaml,87,easy,1,4,5,False,6.8251,2.022278,3.188565,-1.429309,2.662447,-3.381404,clear,6.6011,1.0339,,v3,train,0,0.15
train,/root/leo_ws/src/leo_pybullet/worlds/benchmark_v3_curriculum/train/world_hard_clear_seed_000263.yaml,263,hard,6,4,10,False,5.0925,-1.377494,2.804227,-1.509004,-1.04293,-2.105523,clear,4.9211,1.0348,,v3,train,general_replay,0.15
train,/root/leo_ws/src/leo_pybullet/worlds/benchmark_v4_hard/train/world_hard_double_block_seed_300197.yaml,300197,hard,14,4,18,True,9.4135,-4.081192,-1.123609,0.319067,3.432856,1.620687,double_block,7.9995,1.1768,2,v4_focused,train,1,focused_failure
train,/root/leo_ws/src/leo_pybullet/worlds/benchmark_v4_hard/train/world_hard_double_block_seed_300269.yaml,300269,hard,11,4,15,True,9.2398,-3.772859,2.682947,0.080632,3.977873,3.438966,double_block,7.7875,1.1865,2,v4_focused,train,3,focused_failure
train,/root/leo_ws/src/leo_pybullet/worlds/benchmark_v2/train/world_easy_seed_000141.yaml,141,easy,4,4,8,False,9.1929,3.69841,1.313602,-0.987425,-4.240753,4.179001,,,,,v2,train,0,0.40
train,/root/leo_ws/src/leo_pybullet/worlds/benchmark_v4_hard/train/world_hard_direct_block_seed_300194.yaml,300194,hard,11,4,15,True,7.1678,-2.618032,3.69064,-1.00545,1.01696,-1.120092,direct_block,6.0296,1.1888,1,v4_focused,train,0,focused_failure
train,/root/leo_ws/src/leo_pybullet/worlds/benchmark_v4_hard/train/world_hard_direct_block_seed_300338.yaml,300338,hard,12,4,16,True,6.4308,1.378325,-1.277649,2.009917,-0.30268,3.657343,direct_block,5.2134,1.2335,1,v4_focused,train,0,focused_failure
train,/root/leo_ws/src/leo_pybullet/worlds/benchmark_v4_hard/train/world_hard_direct_block_seed_300194.yaml,300194,hard,11,4,15,True,7.1678,-2.618032,3.69064,-1.00545,1.01696,-1.120092,direct_block,6.0296,1.1888,1,v4_focused,train,6,focused_failure
train,/root/leo_ws/src/leo_pybullet/worlds/benchmark_v2/train/world_hard_seed_000002.yaml,2,hard,8,4,12,True,8.2467,-1.2088,-2.878973,-1.560848,2.68797,3.078359,,,,,v2,train,general_replay,0.40
train,/root/leo_ws/src/leo_pybullet/worlds/benchmark_v2/train/world_easy_seed_000201.yaml,201,easy,2,4,6,False,4.0171,1.585062,1.050246,0.37179,-1.994877,-0.154908,,,,,v2,train,0,0.40
train,/root/leo_ws/src/leo_pybullet/worlds/benchmark_v4_hard/train/world_medium_double_block_seed_300061.yaml,300061,medium,6,4,10,True,6.2765,3.805869,3.36133,-1.561784,4.044949,-1.399561,double_block,4.7669,1.3167,2,v4,train,0,0.45
train,/root/leo_ws/src/leo_pybullet/worlds/benchmark_v2/train/world_medium_seed_000172.yaml,172,medium,7,4,11,True,4.9576,0.535862,2.824259,2.153289,-2.525626,2.094718,,,,,v2,train,general_replay,0.40
train,/root/leo_ws/src/leo_pybullet/worlds/benchmark_v4_hard/train/world_easy_clear_seed_300123.yaml,300123,easy,4,4,8,False,4.9667,-1.452935,-4.102731,2.117512,-4.161684,-0.276693,clear,4.6878,1.0595,0,v4_focused,train,0,focused_failure
train,/root/leo_ws/src/leo_pybullet/worlds/benchmark_v4_hard/train/world_medium_double_block_seed_300160.yaml,300160,medium,9,4,13,True,8.641,-3.531832,3.870221,-0.891112,0.643093,-1.872958,double_block,7.1003,1.217,2,v4,train,0,0.45
train,/root/leo_ws/src/leo_pybullet/worlds/benchmark_v2/train/world_easy_seed_000174.yaml,174,easy,2,4,6,False,6.3508,1.718609,1.438591,-2.411015,-4.206655,2.428574,,,,,v2,train,general_replay,0.40
train,/root/leo_ws/src/leo_pybullet/worlds/benchmark_v4_hard/train/world_hard_direct_block_seed_300026.yaml,300026,hard,12,4,16,True,9.1025,1.687163,-4.182527,1.98101,-1.033548,1.718623,direct_block,6.4981,1.4008,1,v4_focused,train,0,focused_failure
train,/root/leo_ws/src/leo_pybullet/worlds/benchmark_v4_hard/train/world_easy_double_block_seed_300324.yaml,300324,easy,3,4,7,True,6.7404,-1.932744,3.898807,-1.953897,-3.404311,-1.801706,double_block,5.8874,1.1449,2,v4_focused,train,1,focused_failure
train,/root/leo_ws/src/leo_pybullet/worlds/benchmark_v2/train/world_medium_seed_000154.yaml,154,medium,6,4,10,False,5.1063,2.524334,-0.118204,2.422398,-2.542377,0.074345,,,,,v2,train,0,0.40
train,/root/leo_ws/src/leo_pybullet/worlds/benchmark_v2/train/world_hard_seed_000212.yaml,212,hard,11,4,15,True,5.3027,-3.991337,0.723495,2.689119,-1.737189,-3.214541,,,,,v2,train,general_replay,0.40
train,/root/leo_ws/src/leo_pybullet/worlds/benchmark_v2/train/world_easy_seed_000147.yaml,147,easy,4,4,8,True,3.8765,3.714834,-0.919736,2.362326,0.989361,-2.759886,,,,,v2,train,0,0.40
train,/root/leo_ws/src/leo_pybullet/worlds/benchmark_v2/train/world_easy_seed_000048.yaml,48,easy,4,4,8,True,6.3929,1.860648,-0.558039,0.988752,-3.004616,2.669248,,,,,v2,train,general_replay,0.40
train,/root/leo_ws/src/leo_pybullet/worlds/benchmark_v2/train/world_easy_seed_000042.yaml,42,easy,4,4,8,True,5.8102,2.101489,-2.219441,1.51216,-3.13602,-3.458292,,,,,v2,train,0,0.40
train,/root/leo_ws/src/leo_pybullet/worlds/benchmark_v2/train/world_easy_seed_000078.yaml,78,easy,2,4,6,True,6.9335,3.692231,2.004672,-2.927045,-2.111142,-0.630891,,,,,v2,train,general_replay,0.40
train,/root/leo_ws/src/leo_pybullet/worlds/benchmark_v4_hard/train/world_hard_direct_block_seed_300350.yaml,300350,hard,13,4,17,True,7.6147,0.697796,-2.353788,2.059779,-2.516427,3.340831,direct_block,6.5391,1.1645,1,v4,train,0,0.45
train,/root/leo_ws/src/leo_pybullet/worlds/benchmark_v2/train/world_medium_seed_000094.yaml,94,medium,6,4,10,True,5.0708,3.93266,-0.621534,-3.013397,2.906024,4.002229,,,,,v2,train,general_replay,0.40
train,/root/leo_ws/src/leo_pybullet/worlds/benchmark_v4_hard/train/world_easy_double_block_seed_300321.yaml,300321,easy,5,4,9,True,6.5335,-1.14505,2.474241,-0.514326,3.523579,0.020013,double_block,5.2744,1.2387,2,v4_focused,train,1,focused_failure
train,/root/leo_ws/src/leo_pybullet/worlds/benchmark_v4_hard/train/world_easy_double_block_seed_300129.yaml,300129,easy,4,4,8,True,7.2204,0.037128,3.572846,-0.842736,3.707956,-1.463601,double_block,6.2322,1.1586,2,v4_focused,train,0,focused_failure
train,/root/leo_ws/src/leo_pybullet/worlds/benchmark_v2/train/world_medium_seed_000163.yaml,163,medium,8,4,12,True,9.0855,-2.845777,3.165698,-1.850375,2.519505,-2.464075,,,,,v2,train,0,0.40
train,/root/leo_ws/src/leo_pybullet/worlds/benchmark_v3_curriculum/train/world_hard_direct_block_seed_000272.yaml,272,hard,5,4,9,True,6.6571,1.61485,-1.921851,1.770838,0.939274,3.712676,direct_block,5.6749,1.1731,,v3,train,0,0.15
train,/root/leo_ws/src/leo_pybullet/worlds/benchmark_v2/train/world_easy_seed_000081.yaml,81,easy,4,4,8,False,4.9771,-1.408636,0.274322,-2.206339,-0.183364,-4.199041,,,,,v2,train,0,0.40
train,/root/leo_ws/src/leo_pybullet/worlds/benchmark_v4_hard/train/world_hard_double_block_seed_300320.yaml,300320,hard,10,4,14,True,6.249,-3.188457,3.524792,-1.01564,-0.650338,-0.432942,double_block,4.7017,1.3291,2,v4_focused,train,5,focused_failure
train,/root/leo_ws/src/leo_pybullet/worlds/benchmark_v2/train/world_easy_seed_000003.yaml,3,easy,2,4,6,True,4.3129,-3.215322,3.61872,0.663501,-0.225734,0.703413,,,,,v2,train,general_replay,0.40
train,/root/leo_ws/src/leo_pybullet/worlds/benchmark_v4_hard/train/world_easy_direct_block_seed_300222.yaml,300222,easy,4,4,8,True,5.4959,0.096525,-0.193233,2.096689,-1.871131,4.087507,direct_block,4.7113,1.1665,1,v4_focused,train,0,focused_failure
train,/root/leo_ws/src/leo_pybullet/worlds/benchmark_v3_curriculum/train/world_medium_direct_block_seed_000190.yaml,190,medium,2,4,6,True,6.6878,-0.89898,-3.619909,2.076851,-3.523972,1.754462,direct_block,5.9812,1.1181,,v3,train,general_replay,0.15
train,/root/leo_ws/src/leo_pybullet/worlds/benchmark_v2/train/world_medium_seed_000229.yaml,229,medium,6,4,10,True,6.1245,0.992449,3.654673,0.046328,-0.051133,-1.777398,,,,,v2,train,general_replay,0.40
train,/root/leo_ws/src/leo_pybullet/worlds/benchmark_v2/train/world_medium_seed_000142.yaml,142,medium,8,4,12,True,5.7004,-1.865897,-1.236594,-1.302312,2.549067,-4.013581,,,,,v2,train,0,0.40
train,/root/leo_ws/src/leo_pybullet/worlds/benchmark_v2/train/world_medium_seed_000217.yaml,217,medium,7,4,11,True,8.3437,1.869878,-2.510475,-1.33469,-3.636295,2.631522,,,,,v2,train,general_replay,0.40
train,/root/leo_ws/src/leo_pybullet/worlds/benchmark_v4_hard/train/world_medium_double_block_seed_300277.yaml,300277,medium,7,4,11,True,7.6833,-2.181021,3.473982,-0.4642,3.573162,0.745729,double_block,6.3682,1.2065,2,v4,train,0,0.45
train,/root/leo_ws/src/leo_pybullet/worlds/benchmark_v4_hard/train/world_easy_direct_block_seed_300426.yaml,300426,easy,5,4,9,True,9.0822,3.955319,4.227407,-1.478812,4.035495,-4.152436,direct_block,8.3802,1.0838,1,v4,train,0,0.45
train,/root/leo_ws/src/leo_pybullet/worlds/benchmark_v4_hard/train/world_medium_double_block_seed_300148.yaml,300148,medium,7,4,11,True,6.9941,3.313466,-1.509438,-2.600922,-1.843421,-3.88709,double_block,5.6786,1.2317,2,v4,train,0,0.45
train,/root/leo_ws/src/leo_pybullet/worlds/benchmark_v2/train/world_medium_seed_000049.yaml,49,medium,5,4,9,True,6.2878,3.769902,-1.535592,1.130102,0.472891,2.677341,,,,,v2,train,0,0.40
train,/root/leo_ws/src/leo_pybullet/worlds/benchmark_v2/train/world_hard_seed_000248.yaml,248,hard,11,4,15,True,5.2559,-1.52567,3.028448,-2.599285,1.655972,-0.064977,,,,,v2,train,0,0.40
train,/root/leo_ws/src/leo_pybullet/worlds/benchmark_v4_hard/train/world_medium_double_block_seed_300073.yaml,300073,medium,8,4,12,True,7.1622,-0.384273,3.28942,-0.763686,3.781939,-0.777667,double_block,5.8222,1.2301,2,v4,train,0,0.45
train,/root/leo_ws/src/leo_pybullet/worlds/benchmark_v2/train/world_medium_seed_000016.yaml,16,medium,7,4,11,True,6.4341,-1.871079,-2.378191,1.325761,-4.299074,3.080989,,,,,v2,train,general_replay,0.40
train,/root/leo_ws/src/leo_pybullet/worlds/benchmark_v2/train/world_easy_seed_000282.yaml,282,easy,4,4,8,True,3.8571,1.440073,1.902614,-1.170973,3.116001,-1.069508,,,,,v2,train,general_replay,0.40
train,/root/leo_ws/src/leo_pybullet/worlds/benchmark_v2/train/world_medium_seed_000247.yaml,247,medium,8,4,12,True,6.2822,-1.318661,-0.238381,-0.893607,2.373193,-3.895154,,,,,v2,train,0,0.40
train,/root/leo_ws/src/leo_pybullet/worlds/benchmark_v4_hard/train/world_hard_clear_seed_300107.yaml,300107,hard,12,4,16,False,5.2114,-3.966674,2.43023,-1.442479,-3.125256,-2.45888,clear,4.961,1.0505,0,v4,train,0,0.45
train,/root/leo_ws/src/leo_pybullet/worlds/benchmark_v2/train/world_hard_seed_000011.yaml,11,hard,11,4,15,False,3.7851,3.104708,2.446597,-1.948403,-0.419059,3.088897,,,,,v2,train,general_replay,0.40
train,/root/leo_ws/src/leo_pybullet/worlds/benchmark_v2/train/world_hard_seed_000086.yaml,86,hard,8,4,12,True,4.6102,-4.347275,2.327624,1.778529,-2.500769,-1.163535,,,,,v2,train,0,0.40
train,/root/leo_ws/src/leo_pybullet/worlds/benchmark_v4_hard/train/world_hard_double_block_seed_300224.yaml,300224,hard,14,4,18,True,6.3176,-3.532611,-3.058598,-0.059266,0.953477,-3.532984,double_block,4.5111,1.4005,2,v4_focused,train,2,focused_failure
train,/root/leo_ws/src/leo_pybullet/worlds/benchmark_v3_curriculum/train/world_easy_direct_block_seed_000234.yaml,234,easy,2,4,6,True,5.0239,-1.999539,-3.760638,0.878625,0.683879,-0.754293,direct_block,4.0297,1.2467,,v3,train,general_replay,0.15
train,/root/leo_ws/src/leo_pybullet/worlds/benchmark_v3_curriculum/train/world_hard_direct_block_seed_000281.yaml,281,hard,4,4,8,True,4.7451,-1.644833,-3.254873,1.188188,-0.47702,0.05958,direct_block,3.5142,1.3503,,v3,train,0,0.15
train,/root/leo_ws/src/leo_pybullet/worlds/benchmark_v3_curriculum/train/world_hard_direct_block_seed_000005.yaml,5,hard,6,4,10,True,6.7153,-2.078717,-1.202448,0.864145,1.618798,2.902843,direct_block,5.5249,1.2154,,v3,train,0,0.15
train,/root/leo_ws/src/leo_pybullet/worlds/benchmark_v3_curriculum/train/world_easy_direct_block_seed_000177.yaml,177,easy,1,4,5,True,7.769,-3.881825,2.799754,-0.231969,2.888377,0.799311,direct_block,7.0596,1.1005,,v3,train,general_replay,0.15
train,/root/leo_ws/src/leo_pybullet/worlds/benchmark_v2/train/world_easy_seed_000018.yaml,18,easy,2,4,6,True,6.1198,-0.445218,-2.266383,-1.991932,3.931642,1.115233,,,,,v2,train,general_replay,0.40
train,/root/leo_ws/src/leo_pybullet/worlds/benchmark_v3_curriculum/train/world_medium_direct_block_seed_000013.yaml,13,medium,3,4,7,True,5.3827,-1.77856,3.481091,-0.011676,2.56704,3.314981,direct_block,4.3488,1.2378,,v3,train,0,0.15
train,/root/leo_ws/src/leo_pybullet/worlds/benchmark_v2/train/world_medium_seed_000091.yaml,91,medium,5,4,9,True,5.6753,4.067316,1.553187,1.77318,-0.850424,-0.356864,,,,,v2,train,0,0.40
train,/root/leo_ws/src/leo_pybullet/worlds/benchmark_v2/train/world_easy_seed_000075.yaml,75,easy,3,4,7,False,7.6639,2.797744,-3.47966,1.617252,1.67298,3.714122,,,,,v2,train,0,0.40
train,/root/leo_ws/src/leo_pybullet/worlds/benchmark_v4_hard/train/world_hard_double_block_seed_300077.yaml,300077,hard,12,4,16,True,6.5027,-2.463709,2.378015,-1.77945,-3.384729,-2.180983,double_block,4.6511,1.3981,2,v4_focused,train,3,focused_failure
train,/root/leo_ws/src/leo_pybullet/worlds/benchmark_v4_hard/train/world_easy_double_block_seed_300225.yaml,300225,easy,4,4,8,True,7.5598,-3.412781,1.605783,-0.945077,0.666803,-3.480892,double_block,6.5205,1.1594,2,v4,train,0,0.45
train,/root/leo_ws/src/leo_pybullet/worlds/benchmark_v3_curriculum/train/world_medium_direct_block_seed_000238.yaml,238,medium,3,4,7,True,5.7359,-3.4856,1.864479,-1.549479,-3.691394,-3.011297,direct_block,4.8801,1.1754,,v3,train,0,0.15
train,/root/leo_ws/src/leo_pybullet/worlds/benchmark_v3_curriculum/train/world_hard_clear_seed_000227.yaml,227,hard,5,4,9,False,7.6857,3.366657,-1.192294,-3.103895,-4.120558,-1.576783,clear,7.4971,1.0252,,v3,train,general_replay,0.15
train,/root/leo_ws/src/leo_pybullet/worlds/benchmark_v4_hard/train/world_hard_double_block_seed_300041.yaml,300041,hard,14,4,18,True,6.5439,-1.502138,-1.940295,0.210878,3.237448,-0.566677,double_block,4.9346,1.3261,2,v4,train,0,0.45
train,/root/leo_ws/src/leo_pybullet/worlds/benchmark_v4_hard/train/world_hard_double_block_seed_300056.yaml,300056,hard,12,4,16,True,7.6227,-1.630143,4.243983,-1.809857,-3.266632,-1.42817,double_block,5.9035,1.2912,2,v4_focused,train,0,focused_failure
train,/root/leo_ws/src/leo_pybullet/worlds/benchmark_v4_hard/train/world_medium_double_block_seed_300340.yaml,300340,medium,6,4,10,True,6.9633,-1.348981,-3.210317,1.79442,-3.136766,2.041093,double_block,5.5474,1.2552,2,v4_focused,train,3,focused_failure
train,/root/leo_ws/src/leo_pybullet/worlds/benchmark_v4_hard/train/world_easy_clear_seed_300387.yaml,300387,easy,5,4,9,False,6.3049,2.714853,-2.488111,2.666198,-2.179376,0.90338,clear,5.9545,1.0589,0,v4,train,0,0.45
train,/root/leo_ws/src/leo_pybullet/worlds/benchmark_v4_hard/train/world_hard_clear_seed_300371.yaml,300371,hard,14,4,18,False,6.2192,3.014673,1.882389,-2.721277,-1.993959,-1.139002,clear,5.8494,1.0632,0,v4,train,0,0.45
train,/root/leo_ws/src/leo_pybullet/worlds/benchmark_v2/train/world_easy_seed_000207.yaml,207,easy,4,4,8,True,8.4971,0.929381,3.856156,2.84212,2.106419,-4.138942,,,,,v2,train,general_replay,0.40
train,/root/leo_ws/src/leo_pybullet/worlds/benchmark_v2/train/world_easy_seed_000297.yaml,297,easy,4,4,8,False,4.801,4.31973,-0.846214,-2.538892,1.926515,2.989673,,,,,v2,train,0,0.40
train,/root/leo_ws/src/leo_pybullet/worlds/benchmark_v2/train/world_hard_seed_000266.yaml,266,hard,8,4,12,True,4.9165,1.527407,-0.472339,0.582834,-2.654478,-1.022589,,,,,v2,train,0,0.40
train,/root/leo_ws/src/leo_pybullet/worlds/benchmark_v4_hard/train/world_hard_clear_seed_300107.yaml,300107,hard,12,4,16,False,5.2114,-3.966674,2.43023,-1.442479,-3.125256,-2.45888,clear,4.961,1.0505,0,v4_focused,train,1,focused_failure
train,/root/leo_ws/src/leo_pybullet/worlds/benchmark_v4_hard/train/world_hard_direct_block_seed_300038.yaml,300038,hard,10,4,14,True,9.2318,0.834868,3.973613,-1.629526,-0.663242,-3.508577,direct_block,7.6307,1.2098,1,v4_focused,train,1,focused_failure
train,/root/leo_ws/src/leo_pybullet/worlds/benchmark_v2/train/world_hard_seed_000119.yaml,119,hard,10,4,14,True,8.2102,-0.585471,-3.660112,3.08228,-0.625691,4.03592,,,,,v2,train,0,0.40
train,/root/leo_ws/src/leo_pybullet/worlds/benchmark_v4_hard/train/world_hard_double_block_seed_300137.yaml,300137,hard,12,4,16,True,6.9747,-1.375568,3.688127,-2.033559,-4.053762,-1.27849,double_block,5.6427,1.2361,2,v4,train,0,0.45
train,/root/leo_ws/src/leo_pybullet/worlds/benchmark_v4_hard/train/world_easy_direct_block_seed_300174.yaml,300174,easy,4,4,8,True,8.3153,0.75673,3.94722,-1.393545,2.228646,-3.56995,direct_block,7.6599,1.0856,1,v4_focused,train,0,focused_failure
train,/root/leo_ws/src/leo_pybullet/worlds/benchmark_v4_hard/train/world_medium_double_block_seed_300193.yaml,300193,medium,9,4,13,True,7.9176,-3.5697,-2.118308,0.577086,1.593508,0.738195,double_block,5.9007,1.3418,2,v4_focused,train,2,focused_failure
train,/root/leo_ws/src/leo_pybullet/worlds/benchmark_v4_hard/train/world_easy_double_block_seed_300429.yaml,300429,easy,4,4,8,True,8.9174,3.816219,-3.710433,2.492365,-1.866902,1.716332,double_block,7.858,1.1348,2,v4,train,0,0.45
train,/root/leo_ws/src/leo_pybullet/worlds/benchmark_v2/train/world_medium_seed_000088.yaml,88,medium,8,4,12,False,6.2467,-1.45457,-2.740667,-3.092495,-4.224616,2.335434,,,,,v2,train,general_replay,0.40
train,/root/leo_ws/src/leo_pybullet/worlds/benchmark_v2/train/world_hard_seed_000017.yaml,17,hard,12,4,16,True,3.8102,-1.710216,-1.169076,0.252492,-2.830212,1.78474,,,,,v2,train,general_replay,0.40
train,/root/leo_ws/src/leo_pybullet/worlds/benchmark_v3_curriculum/train/world_easy_direct_block_seed_000012.yaml,12,easy,2,4,6,True,6.169,4.063344,-1.124929,-2.886538,-1.362718,-2.462861,direct_block,5.5886,1.1039,,v3,train,0,0.15
train,/root/leo_ws/src/leo_pybullet/worlds/benchmark_v4_hard/train/world_medium_double_block_seed_300385.yaml,300385,medium,7,4,11,True,7.6227,0.38935,-2.412402,1.990069,-2.900115,2.84833,double_block,6.2045,1.2286,2,v4,train,0,0.45
train,/root/leo_ws/src/leo_pybullet/worlds/benchmark_v2/train/world_medium_seed_000145.yaml,145,medium,8,4,12,False,7.7998,-4.33537,-4.137072,1.172658,-1.558807,2.559037,,,,,v2,train,general_replay,0.40
train,/root/leo_ws/src/leo_pybullet/worlds/benchmark_v4_hard/train/world_hard_double_block_seed_300296.yaml,300296,hard,12,4,16,True,6.2982,-2.428421,0.988799,-1.835347,-3.552471,-3.653375,double_block,4.7763,1.3186,2,v4,train,0,0.45
train,/root/leo_ws/src/leo_pybullet/worlds/benchmark_v2/train/world_easy_seed_000117.yaml,117,easy,2,4,6,False,3.5702,-2.524861,2.984889,1.356749,0.509375,1.755128,,,,,v2,train,0,0.40
train,/root/leo_ws/src/leo_pybullet/worlds/benchmark_v4_hard/train/world_medium_double_block_seed_300085.yaml,300085,medium,7,4,11,True,7.6261,3.106055,-0.482938,2.976326,-2.355746,0.865207,double_block,5.6257,1.3556,2,v4_focused,train,3,focused_failure
train,/root/leo_ws/src/leo_pybullet/worlds/benchmark_v4_hard/train/world_easy_double_block_seed_300300.yaml,300300,easy,3,4,7,True,5.6365,-0.272243,0.353256,2.355569,-3.848844,3.213282,double_block,4.5795,1.2308,2,v4,train,0,0.45
train,/root/leo_ws/src/leo_pybullet/worlds/benchmark_v2/train/world_easy_seed_000033.yaml,33,easy,4,4,8,True,5.3118,0.284279,0.238038,2.786636,4.169306,3.525242,,,,,v2,train,general_replay,0.40
train,/root/leo_ws/src/leo_pybullet/worlds/benchmark_v2/train/world_easy_seed_000237.yaml,237,easy,4,4,8,False,4.8947,-2.883595,-2.283267,0.047651,-0.727479,1.71047,,,,,v2,train,general_replay,0.40
train,/root/leo_ws/src/leo_pybullet/worlds/benchmark_v4_hard/train/world_hard_double_block_seed_300005.yaml,300005,hard,10,4,14,True,7.281,0.372493,-4.108539,2.274237,-2.809325,0.371876,double_block,5.4953,1.325,2,v4,train,0,0.45
train,/root/leo_ws/src/leo_pybullet/worlds/benchmark_v2/train/world_hard_seed_000032.yaml,32,hard,8,4,12,False,6.1714,-3.091588,1.72568,-2.899374,-2.281184,-4.138402,,,,,v2,train,0,0.40
train,/root/leo_ws/src/leo_pybullet/worlds/benchmark_v4_hard/train/world_easy_clear_seed_300363.yaml,300363,easy,4,4,8,False,4.9278,-3.009576,2.778063,-1.067911,-0.780358,-1.215907,clear,4.574,1.0774,0,v4,train,0,0.45
train,/root/leo_ws/src/leo_pybullet/worlds/benchmark_v3_curriculum/train/world_easy_clear_seed_000279.yaml,279,easy,2,4,6,False,7.6753,3.985006,-3.451309,2.815962,-2.910766,-1.54885,clear,7.1534,1.073,,v3,train,0,0.15
train,/root/leo_ws/src/leo_pybullet/worlds/benchmark_v2/train/world_hard_seed_000140.yaml,140,hard,8,4,12,True,8.098,-4.191674,2.016642,0.09389,1.561003,-2.381164,,,,,v2,train,general_replay,0.40
train,/root/leo_ws/src/leo_pybullet/worlds/benchmark_v4_hard/train/world_easy_double_block_seed_300012.yaml,300012,easy,5,4,9,True,7.2947,-3.173361,-3.90972,0.722001,1.561122,-0.00506,double_block,6.1369,1.1887,2,v4,train,0,0.45
train,/root/leo_ws/src/leo_pybullet/worlds/benchmark_v2/train/world_hard_seed_000137.yaml,137,hard,8,4,12,True,4.7371,-0.827522,3.188725,2.076768,-1.547364,-0.890174,,,,,v2,train,general_replay,0.40
train,/root/leo_ws/src/leo_pybullet/worlds/benchmark_v4_hard/train/world_hard_double_block_seed_300380.yaml,300380,hard,11,4,15,True,6.409,-3.422224,2.123096,0.069779,1.227689,1.870886,double_block,4.6567,1.3763,2,v4,train,0,0.45
train,/root/leo_ws/src/leo_pybullet/worlds/benchmark_v3_curriculum/train/world_hard_direct_block_seed_000260.yaml,260,hard,4,4,8,True,5.6422,-3.642198,-0.787413,-0.440027,0.740257,-2.452763,direct_block,4.6882,1.2035,,v3,train,0,0.15
train,/root/leo_ws/src/leo_pybullet/worlds/benchmark_v4_hard/train/world_easy_double_block_seed_300312.yaml,300312,easy,4,4,8,True,5.5039,2.760827,4.072485,-1.686461,1.72707,-0.46322,double_block,4.652,1.1831,2,v4,train,0,0.45
train,/root/leo_ws/src/leo_pybullet/worlds/benchmark_v2/train/world_easy_seed_000096.yaml,96,easy,3,4,7,False,7.1745,1.508394,3.69109,-2.851836,-3.514779,-1.384522,,,,,v2,train,general_replay,0.40
train,/root/leo_ws/src/leo_pybullet/worlds/benchmark_v3_curriculum/train/world_medium_direct_block_seed_000022.yaml,22,medium,2,4,6,True,7.4627,2.036543,3.218316,-1.544849,2.486903,-3.572912,direct_block,6.8061,1.0965,,v3,train,general_replay,0.15
train,/root/leo_ws/src/leo_pybullet/worlds/benchmark_v4_hard/train/world_medium_double_block_seed_300181.yaml,300181,medium,9,4,13,True,5.8982,-0.353764,-0.328898,2.005819,-1.831678,4.06008,double_block,4.6311,1.2736,2,v4_focused,train,3,focused_failure
train,/root/leo_ws/src/leo_pybullet/worlds/benchmark_v4_hard/train/world_hard_direct_block_seed_300194.yaml,300194,hard,11,4,15,True,7.1678,-2.618032,3.69064,-1.00545,1.01696,-1.120092,direct_block,6.0296,1.1888,1,v4_focused,train,4,focused_failure
train,/root/leo_ws/src/leo_pybullet/worlds/benchmark_v2/train/world_easy_seed_000225.yaml,225,easy,4,4,8,False,6.3574,-2.802599,1.667033,-0.834464,0.948119,-3.176779,,,,,v2,train,general_replay,0.40
train,/root/leo_ws/src/leo_pybullet/worlds/benchmark_v2/train/world_easy_seed_000132.yaml,132,easy,3,4,7,True,5.8296,2.405797,2.545428,-0.315336,0.403893,-2.191034,,,,,v2,train,0,0.40
train,/root/leo_ws/src/leo_pybullet/worlds/benchmark_v3_curriculum/train/world_easy_direct_block_seed_000093.yaml,93,easy,2,4,6,True,6.0227,3.570017,1.895119,-1.690611,3.256641,-3.469626,direct_block,5.3739,1.1207,,v3,train,general_replay,0.15
train,/root/leo_ws/src/leo_pybullet/worlds/benchmark_v2/train/world_medium_seed_000121.yaml,121,medium,5,4,9,True,6.7096,3.248229,1.09372,-2.027613,-2.814889,2.601902,,,,,v2,train,0,0.40
train,/root/leo_ws/src/leo_pybullet/worlds/benchmark_v4_hard/train/world_easy_clear_seed_300447.yaml,300447,easy,5,4,9,False,4.7782,2.577622,3.2926,-2.960963,-1.916448,2.629248,clear,4.5428,1.0518,0,v4,train,0,0.45
train,/root/leo_ws/src/leo_pybullet/worlds/benchmark_v4_hard/train/world_easy_direct_block_seed_300246.yaml,300246,easy,5,4,9,True,6.9861,0.655784,-4.05187,2.1829,-2.677294,1.355783,direct_block,6.3523,1.0998,1,v4,train,0,0.45
train,/root/leo_ws/src/leo_pybullet/worlds/benchmark_v2/train/world_hard_seed_000257.yaml,257,hard,10,4,14,True,9.9323,-4.30967,1.965914,2.239695,2.286796,-3.239173,,,,,v2,train,0,0.40
train,/root/leo_ws/src/leo_pybullet/worlds/benchmark_v2/train/world_easy_seed_000051.yaml,51,easy,2,4,6,True,6.898,0.454918,-2.209108,-1.534117,4.294414,2.893611,,,,,v2,train,0,0.40
train,/root/leo_ws/src/leo_pybullet/worlds/benchmark_v4_hard/train/world_hard_direct_block_seed_300110.yaml,300110,hard,12,4,16,True,5.7245,0.391462,-3.257272,1.029937,2.312919,1.104611,direct_block,4.7663,1.201,1,v4_focused,train,7,focused_failure
train,/root/leo_ws/src/leo_pybullet/worlds/benchmark_v4_hard/train/world_hard_double_block_seed_300029.yaml,300029,hard,14,4,18,True,8.2902,-1.060901,2.550226,-1.227911,0.67107,-2.333685,double_block,5.1819,1.5998,2,v4_focused,train,3,focused_failure
train,/root/leo_ws/src/leo_pybullet/worlds/benchmark_v4_hard/train/world_hard_direct_block_seed_300218.yaml,300218,hard,11,4,15,True,6.4639,-2.628526,3.928482,-0.582664,1.554273,0.966147,direct_block,5.1255,1.2611,1,v4_focused,train,7,focused_failure
train,/root/leo_ws/src/leo_pybullet/worlds/benchmark_v3_curriculum/train/world_hard_direct_block_seed_000200.yaml,200,hard,4,4,8,True,5.2696,-3.687612,3.969053,-1.091931,-2.062608,0.124574,direct_block,4.1738,1.2625,,v3,train,general_replay,0.15
train,/root/leo_ws/src/leo_pybullet/worlds/benchmark_v3_curriculum/train/world_easy_direct_block_seed_000201.yaml,201,easy,1,4,5,True,4.3371,1.695678,1.548624,-1.763052,1.026103,-1.949018,direct_block,3.5612,1.2179,,v3,train,0,0.15
train,/root/leo_ws/src/leo_pybullet/worlds/benchmark_v2/train/world_medium_seed_000136.yaml,136,medium,8,4,12,True,5.9371,-0.581539,2.299482,0.863734,-0.672589,-3.133106,,,,,v2,train,general_replay,0.40
train,/root/leo_ws/src/leo_pybullet/worlds/benchmark_v2/train/world_medium_seed_000163.yaml,163,medium,8,4,12,True,9.0855,-2.845777,3.165698,-1.850375,2.519505,-2.464075,,,,,v2,train,0,0.40
train,/root/leo_ws/src/leo_pybullet/worlds/benchmark_v2/train/world_easy_seed_000297.yaml,297,easy,4,4,8,False,4.801,4.31973,-0.846214,-2.538892,1.926515,2.989673,,,,,v2,train,0,0.40
train,/root/leo_ws/src/leo_pybullet/worlds/benchmark_v4_hard/train/world_medium_double_block_seed_300421.yaml,300421,medium,8,4,12,True,7.3553,-2.424302,3.314838,-0.149507,4.01391,3.084346,double_block,6.4423,1.1417,2,v4_focused,train,3,focused_failure
train,/root/leo_ws/src/leo_pybullet/worlds/benchmark_v4_hard/train/world_medium_clear_seed_300031.yaml,300031,medium,8,4,12,False,7.0627,3.183729,-3.544146,2.787507,-3.275073,-1.95278,clear,6.652,1.0618,0,v4,train,0,0.45
train,/root/leo_ws/src/leo_pybullet/worlds/benchmark_v4_hard/train/world_hard_direct_block_seed_300386.yaml,300386,hard,12,4,16,True,11.4604,-4.094212,2.217938,-1.258433,-2.791234,-2.699095,direct_block,5.0867,2.253,1,v4_focused,train,6,focused_failure
train,/root/leo_ws/src/leo_pybullet/worlds/benchmark_v2/train/world_easy_seed_000066.yaml,66,easy,2,4,6,False,6.2159,3.686941,2.496498,1.780012,-1.791842,4.162399,,,,,v2,train,general_replay,0.40
train,/root/leo_ws/src/leo_pybullet/worlds/benchmark_v4_hard/train/world_easy_clear_seed_300075.yaml,300075,easy,5,4,9,False,6.7243,4.196825,-0.403368,-2.413252,-1.032101,-4.112565,clear,6.4109,1.0489,0,v4,train,0,0.45
train,/root/leo_ws/src/leo_pybullet/worlds/benchmark_v3_curriculum/train/world_easy_direct_block_seed_000297.yaml,297,easy,2,4,6,True,4.8502,0.450395,0.393319,1.123476,2.141834,4.140054,direct_block,4.1108,1.1799,,v3,train,general_replay,0.15
train,/root/leo_ws/src/leo_pybullet/worlds/benchmark_v4_hard/train/world_easy_direct_block_seed_300114.yaml,300114,easy,5,4,9,True,9.2753,-0.277073,-3.715742,1.895685,-2.832422,4.123087,direct_block,8.2448,1.125,1,v4_focused,train,4,focused_failure
train,/root/leo_ws/src/leo_pybullet/worlds/benchmark_v4_hard/train/world_medium_direct_block_seed_300226.yaml,300226,medium,6,4,10,True,5.6776,0.401098,-3.190899,2.252527,-2.057511,0.627771,direct_block,4.5417,1.2501,1,v4,train,0,0.45
train,/root/leo_ws/src/leo_pybullet/worlds/benchmark_v4_hard/train/world_hard_double_block_seed_300392.yaml,300392,hard,12,4,16,True,6.2022,-3.191597,2.280619,-0.580908,1.010483,0.090192,double_block,4.7387,1.3088,2,v4_focused,train,2,focused_failure
train,/root/leo_ws/src/leo_pybullet/worlds/benchmark_v4_hard/train/world_medium_double_block_seed_300061.yaml,300061,medium,6,4,10,True,6.2765,3.805869,3.36133,-1.561784,4.044949,-1.399561,double_block,4.7669,1.3167,2,v4_focused,train,0,focused_failure
train,/root/leo_ws/src/leo_pybullet/worlds/benchmark_v2/train/world_medium_seed_000154.yaml,154,medium,6,4,10,False,5.1063,2.524334,-0.118204,2.422398,-2.542377,0.074345,,,,,v2,train,0,0.40
train,/root/leo_ws/src/leo_pybullet/worlds/benchmark_v4_hard/train/world_hard_direct_block_seed_300098.yaml,300098,hard,13,4,17,True,6.4971,-2.45126,-2.139854,0.103157,2.75574,-1.72121,direct_block,5.2238,1.2437,1,v4_focused,train,6,focused_failure
train,/root/leo_ws/src/leo_pybullet/worlds/benchmark_v4_hard/train/world_hard_direct_block_seed_300026.yaml,300026,hard,12,4,16,True,9.1025,1.687163,-4.182527,1.98101,-1.033548,1.718623,direct_block,6.4981,1.4008,1,v4_focused,train,3,focused_failure
train,/root/leo_ws/src/leo_pybullet/worlds/benchmark_v4_hard/train/world_medium_clear_seed_300139.yaml,300139,medium,6,4,10,False,5.8959,-0.478914,2.985183,-1.159851,1.269001,-2.180023,clear,5.4529,1.0812,0,v4,train,0,0.45
train,/root/leo_ws/src/leo_pybullet/worlds/benchmark_v4_hard/train/world_easy_double_block_seed_300393.yaml,300393,easy,4,4,8,True,9.1735,3.808378,4.100573,-1.831722,0.907181,-3.746456,double_block,8.3662,1.0965,2,v4_focused,train,1,focused_failure
train,/root/leo_ws/src/leo_pybullet/worlds/benchmark_v2/train/world_hard_seed_000131.yaml,131,hard,10,4,14,True,6.3347,0.069589,-0.93177,-2.367582,-4.20238,2.428311,,,,,v2,train,0,0.40
train,/root/leo_ws/src/leo_pybullet/worlds/benchmark_v3_curriculum/train/world_medium_direct_block_seed_000208.yaml,208,medium,3,4,7,True,4.6651,3.00545,1.039977,2.726225,-0.360787,2.695913,direct_block,3.7515,1.2435,,v3,train,general_replay,0.15
train,/root/leo_ws/src/leo_pybullet/worlds/benchmark_v2/train/world_easy_seed_000153.yaml,153,easy,3,4,7,True,6.721,-2.087909,3.058477,0.612895,3.442317,0.575536,,,,,v2,train,0,0.40
train,/root/leo_ws/src/leo_pybullet/worlds/benchmark_v2/train/world_easy_seed_000108.yaml,108,easy,2,4,6,False,6.6272,-3.610922,1.407468,2.953205,1.985991,-1.060233,,,,,v2,train,general_replay,0.40
train,/root/leo_ws/src/leo_pybullet/worlds/benchmark_v2/train/world_medium_seed_000250.yaml,250,medium,8,4,12,True,5.529,-2.983063,1.491554,2.72721,1.767834,0.515493,,,,,v2,train,0,0.40
train,/root/leo_ws/src/leo_pybullet/worlds/benchmark_v4_hard/train/world_easy_direct_block_seed_300006.yaml,300006,easy,5,4,9,True,5.929,1.948213,-1.528555,1.247454,3.109686,3.631191,direct_block,5.2889,1.121,1,v4,train,0,0.45
train,/root/leo_ws/src/leo_pybullet/worlds/benchmark_v2/train/world_medium_seed_000196.yaml,196,medium,5,4,9,False,5.1986,-2.530903,-0.665306,2.021573,1.288074,2.610075,,,,,v2,train,0,0.40
train,/root/leo_ws/src/leo_pybullet/worlds/benchmark_v2/train/world_hard_seed_000041.yaml,41,hard,11,4,15,True,5.8765,4.285626,3.497449,-1.360575,-0.995021,3.448787,,,,,v2,train,general_replay,0.40
train,/root/leo_ws/src/leo_pybullet/worlds/benchmark_v2/train/world_medium_seed_000211.yaml,211,medium,7,4,11,False,6.1884,-4.167324,3.334008,2.170076,1.149161,1.323251,,,,,v2,train,general_replay,0.40
train,/root/leo_ws/src/leo_pybullet/worlds/benchmark_v2/train/world_easy_seed_000297.yaml,297,easy,4,4,8,False,4.801,4.31973,-0.846214,-2.538892,1.926515,2.989673,,,,,v2,train,0,0.40
train,/root/leo_ws/src/leo_pybullet/worlds/benchmark_v2/train/world_medium_seed_000124.yaml,124,medium,7,4,11,True,10.7608,-4.075171,-2.910367,-3.004902,4.072002,2.745089,,,,,v2,train,0,0.40
train,/root/leo_ws/src/leo_pybullet/worlds/benchmark_v3_curriculum/train/world_medium_clear_seed_000235.yaml,235,medium,3,4,7,False,7.4169,1.913035,2.292623,-2.226349,-2.134218,-3.471186,clear,7.0429,1.0531,,v3,train,0,0.15
train,/root/leo_ws/src/leo_pybullet/worlds/benchmark_v4_hard/train/world_hard_direct_block_seed_300182.yaml,300182,hard,10,4,14,True,5.6502,1.477945,2.469756,-2.186706,-1.312292,-1.12887,direct_block,4.5536,1.2408,1,v4,train,0,0.45
train,/root/leo_ws/src/leo_pybullet/worlds/benchmark_v4_hard/train/world_hard_direct_block_seed_300134.yaml,300134,hard,11,4,15,True,7.4741,1.685136,-0.685068,2.368103,-2.986901,3.488965,direct_block,6.265,1.193,1,v4,train,0,0.45
train,/root/leo_ws/src/leo_pybullet/worlds/benchmark_v4_hard/train/world_hard_direct_block_seed_300338.yaml,300338,hard,12,4,16,True,6.4308,1.378325,-1.277649,2.009917,-0.30268,3.657343,direct_block,5.2134,1.2335,1,v4_focused,train,4,focused_failure
train,/root/leo_ws/src/leo_pybullet/worlds/benchmark_v4_hard/train/world_medium_clear_seed_300403.yaml,300403,medium,6,4,10,False,5.2171,-2.186127,3.563931,-1.894059,-3.398654,-1.193955,clear,4.91,1.0625,0,v4,train,0,0.45
train,/root/leo_ws/src/leo_pybullet/worlds/benchmark_v3_curriculum/train/world_hard_direct_block_seed_000260.yaml,260,hard,4,4,8,True,5.6422,-3.642198,-0.787413,-0.440027,0.740257,-2.452763,direct_block,4.6882,1.2035,,v3,train,general_replay,0.15
train,/root/leo_ws/src/leo_pybullet/worlds/benchmark_v2/train/world_hard_seed_000161.yaml,161,hard,12,4,16,True,8.2604,-2.888182,3.727905,-2.926443,3.899794,0.784377,,,,,v2,train,0,0.40
train,/root/leo_ws/src/leo_pybullet/worlds/benchmark_v3_curriculum/train/world_hard_direct_block_seed_000206.yaml,206,hard,4,4,8,True,5.0182,-0.207549,0.133964,0.918997,2.171635,3.1871,direct_block,3.8707,1.2965,,v3,train,0,0.15
train,/root/leo_ws/src/leo_pybullet/worlds/benchmark_v4_hard/train/world_medium_double_block_seed_300361.yaml,300361,medium,8,4,12,True,6.9278,-2.571117,-3.718554,0.270467,2.554873,-2.161543,double_block,5.3572,1.2932,2,v4_focused,train,2,focused_failure
train,/root/leo_ws/src/leo_pybullet/worlds/benchmark_v4_hard/train/world_hard_double_block_seed_300068.yaml,300068,hard,14,4,18,True,8.0284,-0.219232,-3.842323,1.253962,1.822653,1.701971,double_block,5.9083,1.3588,2,v4_focused,train,1,focused_failure
train,/root/leo_ws/src/leo_pybullet/worlds/benchmark_v4_hard/train/world_hard_direct_block_seed_300446.yaml,300446,hard,13,4,17,True,9.0135,-4.007741,-0.436226,0.599462,2.580806,3.50856,direct_block,7.6792,1.1738,1,v4_focused,train,1,focused_failure
train,/root/leo_ws/src/leo_pybullet/worlds/benchmark_v2/train/world_easy_seed_000054.yaml,54,easy,2,4,6,False,6.5027,-1.758046,3.391583,-1.067692,-0.108458,-2.444687,,,,,v2,train,0,0.40
train,/root/leo_ws/src/leo_pybullet/worlds/benchmark_v2/train/world_easy_seed_000213.yaml,213,easy,2,4,6,True,7.1678,-1.87745,-2.7067,-2.13554,0.367938,3.588455,,,,,v2,train,0,0.40
train,/root/leo_ws/src/leo_pybullet/worlds/benchmark_v4_hard/train/world_easy_double_block_seed_300120.yaml,300120,easy,4,4,8,True,5.7302,-1.817651,2.456778,-0.141417,2.831409,2.189643,double_block,4.6567,1.2305,2,v4,train,0,0.45
train,/root/leo_ws/src/leo_pybullet/worlds/benchmark_v4_hard/train/world_easy_double_block_seed_300024.yaml,300024,easy,5,4,9,True,9.0798,-0.892852,4.050463,-1.872915,-4.0108,-3.538463,double_block,8.2045,1.1067,2,v4,train,0,0.45
train,/root/leo_ws/src/leo_pybullet/worlds/benchmark_v4_hard/train/world_medium_double_block_seed_300436.yaml,300436,medium,7,4,11,True,7.5233,4.14762,2.485508,-2.935473,-2.16044,1.483668,double_block,6.3871,1.1779,2,v4,train,0,0.45
train,/root/leo_ws/src/leo_pybullet/worlds/benchmark_v2/train/world_hard_seed_000149.yaml,149,hard,8,4,12,True,3.5839,-1.068243,-3.172008,-2.894717,-4.162981,-2.804286,,,,,v2,train,general_replay,0.40
train,/root/leo_ws/src/leo_pybullet/worlds/benchmark_v2/train/world_easy_seed_000246.yaml,246,easy,2,4,6,False,5.4741,1.919312,-3.778681,-1.043088,-0.516314,0.657509,,,,,v2,train,general_replay,0.40
train,/root/leo_ws/src/leo_pybullet/worlds/benchmark_v2/train/world_easy_seed_000153.yaml,153,easy,3,4,7,True,6.721,-2.087909,3.058477,0.612895,3.442317,0.575536,,,,,v2,train,general_replay,0.40
train,/root/leo_ws/src/leo_pybullet/worlds/benchmark_v2/train/world_medium_seed_000043.yaml,43,medium,5,4,9,True,4.8833,2.285353,3.996835,-2.53662,-1.132069,1.726416,,,,,v2,train,0,0.40
train,/root/leo_ws/src/leo_pybullet/worlds/benchmark_v4_hard/train/world_medium_double_block_seed_300304.yaml,300304,medium,6,4,10,True,7.6478,2.42906,2.170791,3.045458,-4.05597,2.112401,double_block,6.4853,1.1793,2,v4,train,0,0.45
train,/root/leo_ws/src/leo_pybullet/worlds/benchmark_v4_hard/train/world_medium_double_block_seed_300304.yaml,300304,medium,6,4,10,True,7.6478,2.42906,2.170791,3.045458,-4.05597,2.112401,double_block,6.4853,1.1793,2,v4,train,0,0.45
train,/root/leo_ws/src/leo_pybullet/worlds/benchmark_v4_hard/train/world_hard_double_block_seed_300248.yaml,300248,hard,11,4,15,True,6.1108,2.880507,-4.179953,1.499698,3.805678,0.517273,double_block,4.7875,1.2764,2,v4,train,0,0.45
train,/root/leo_ws/src/leo_pybullet/worlds/benchmark_v2/train/world_medium_seed_000091.yaml,91,medium,5,4,9,True,5.6753,4.067316,1.553187,1.77318,-0.850424,-0.356864,,,,,v2,train,general_replay,0.40
train,/root/leo_ws/src/leo_pybullet/worlds/benchmark_v2/train/world_easy_seed_000102.yaml,102,easy,2,4,6,False,4.2935,-1.233325,0.473417,-1.301856,1.399969,-2.762387,,,,,v2,train,general_replay,0.40
train,/root/leo_ws/src/leo_pybullet/worlds/benchmark_v4_hard/train/world_easy_direct_block_seed_300222.yaml,300222,easy,4,4,8,True,5.4959,0.096525,-0.193233,2.096689,-1.871131,4.087507,direct_block,4.7113,1.1665,1,v4_focused,train,3,focused_failure
train,/root/leo_ws/src/leo_pybullet/worlds/benchmark_v2/train/world_easy_seed_000204.yaml,204,easy,3,4,7,False,7.5357,3.698518,-2.527869,-2.472284,-0.769244,3.149736,,,,,v2,train,general_replay,0.40
train,/root/leo_ws/src/leo_pybullet/worlds/benchmark_v4_hard/train/world_easy_double_block_seed_300105.yaml,300105,easy,3,4,7,True,7.121,2.433487,-0.728335,-2.917059,-3.709477,-1.285801,double_block,6.1682,1.1545,2,v4_focused,train,1,focused_failure
train,/root/leo_ws/src/leo_pybullet/worlds/benchmark_v2/train/world_medium_seed_000202.yaml,202,medium,8,4,12,False,7.681,-0.787889,-2.626639,-0.453978,1.537293,4.082787,,,,,v2,train,0,0.40
train,/root/leo_ws/src/leo_pybullet/worlds/benchmark_v2/train/world_easy_seed_000000.yaml,0,easy,3,4,7,False,3.6672,2.469048,-1.711179,2.564249,-0.203606,0.725424,,,,,v2,train,0,0.40
train,/root/leo_ws/src/leo_pybullet/worlds/benchmark_v4_hard/train/world_easy_clear_seed_300279.yaml,300279,easy,5,4,9,False,5.0788,-1.050696,-2.734027,0.005207,3.831944,-3.27733,clear,4.9128,1.0338,0,v4,train,0,0.45
train,/root/leo_ws/src/leo_pybullet/worlds/benchmark_v2/train/world_easy_seed_000237.yaml,237,easy,4,4,8,False,4.8947,-2.883595,-2.283267,0.047651,-0.727479,1.71047,,,,,v2,train,0,0.40
train,/root/leo_ws/src/leo_pybullet/worlds/benchmark_v2/train/world_easy_seed_000027.yaml,27,easy,4,4,8,False,6.7163,-2.193802,-2.263481,0.864345,2.795674,1.998724,,,,,v2,train,0,0.40
train,/root/leo_ws/src/leo_pybullet/worlds/benchmark_v4_hard/train/world_hard_double_block_seed_300272.yaml,300272,hard,11,4,15,True,6.4422,3.978327,-0.554369,-2.41831,-0.100943,-3.495779,double_block,5.0291,1.281,2,v4,train,0,0.45
train,/root/leo_ws/src/leo_pybullet/worlds/benchmark_v4_hard/train/world_easy_double_block_seed_300084.yaml,300084,easy,5,4,9,True,6.0559,3.785942,-3.666887,1.765292,2.353544,0.694331,double_block,4.5904,1.3192,2,v4,train,0,0.45
train,/root/leo_ws/src/leo_pybullet/worlds/benchmark_v2/train/world_medium_seed_000010.yaml,10,medium,5,4,9,True,6.409,0.679394,-2.556945,0.964296,2.725895,2.815223,,,,,v2,train,0,0.40
train,/root/leo_ws/src/leo_pybullet/worlds/benchmark_v2/train/world_easy_seed_000114.yaml,114,easy,2,4,6,False,9.0272,-1.42375,4.027769,0.11727,1.098706,-3.934801,,,,,v2,train,general_replay,0.40
train,/root/leo_ws/src/leo_pybullet/worlds/benchmark_v2/train/world_medium_seed_000205.yaml,205,medium,8,4,12,True,4.0251,-3.492753,3.008678,2.961053,-0.274374,1.780458,,,,,v2,train,general_replay,0.40
train,/root/leo_ws/src/leo_pybullet/worlds/benchmark_v3_curriculum/train/world_easy_direct_block_seed_000168.yaml,168,easy,1,4,5,True,7.4022,3.341417,1.436198,2.859752,-3.283133,3.254126,direct_block,6.8695,1.0775,,v3,train,0,0.15
train,/root/leo_ws/src/leo_pybullet/worlds/benchmark_v4_hard/train/world_easy_double_block_seed_300060.yaml,300060,easy,4,4,8,True,7.6398,1.595191,-2.577262,2.274719,-2.967035,2.159114,double_block,6.5763,1.1617,2,v4,train,0,0.45
train,/root/leo_ws/src/leo_pybullet/worlds/benchmark_v4_hard/train/world_medium_double_block_seed_300157.yaml,300157,medium,9,4,13,True,7.2365,-0.159971,-1.524641,1.242062,2.273659,4.082175,double_block,6.1122,1.1839,2,v4,train,0,0.45
train,/root/leo_ws/src/leo_pybullet/worlds/benchmark_v4_hard/train/world_medium_direct_block_seed_300298.yaml,300298,medium,7,4,11,True,6.0753,1.497004,1.169411,-1.659009,1.504907,-3.941314,direct_block,5.1107,1.1887,1,v4,train,0,0.45
train,/root/leo_ws/src/leo_pybullet/worlds/benchmark_v4_hard/train/world_hard_clear_seed_300347.yaml,300347,hard,13,4,17,False,5.9427,0.200576,1.911248,-2.004645,-1.418215,-3.386018,clear,5.5391,1.0729,0,v4,train,0,0.45
train,/root/leo_ws/src/leo_pybullet/worlds/benchmark_v2/train/world_easy_seed_000171.yaml,171,easy,4,4,8,False,6.2112,-0.7494,4.321343,1.106538,2.835939,-0.328503,,,,,v2,train,general_replay,0.40
train,/root/leo_ws/src/leo_pybullet/worlds/benchmark_v2/train/world_hard_seed_000068.yaml,68,hard,11,4,15,True,6.7129,2.15241,3.55084,-0.42809,-3.384498,0.694027,,,,,v2,train,general_replay,0.40
train,/root/leo_ws/src/leo_pybullet/worlds/benchmark_v2/train/world_easy_seed_000096.yaml,96,easy,3,4,7,False,7.1745,1.508394,3.69109,-2.851836,-3.514779,-1.384522,,,,,v2,train,0,0.40
train,/root/leo_ws/src/leo_pybullet/worlds/benchmark_v2/train/world_easy_seed_000138.yaml,138,easy,2,4,6,False,3.8125,3.888134,-1.727075,-1.978686,0.19413,-2.003558,,,,,v2,train,general_replay,0.40
train,/root/leo_ws/src/leo_pybullet/worlds/benchmark_v2/train/world_hard_seed_000158.yaml,158,hard,9,4,13,True,6.1714,-3.459031,-0.709458,0.835152,2.35727,-1.483241,,,,,v2,train,0,0.40
train,/root/leo_ws/src/leo_pybullet/worlds/benchmark_v4_hard/train/world_medium_double_block_seed_300064.yaml,300064,medium,6,4,10,True,7.9371,-1.963248,-3.677975,1.224573,0.773765,2.262341,double_block,6.5405,1.2135,2,v4,train,0,0.45
train,/root/leo_ws/src/leo_pybullet/worlds/benchmark_v4_hard/train/world_easy_clear_seed_300015.yaml,300015,easy,5,4,9,False,5.8798,1.050833,-2.880979,1.147524,3.897318,1.766115,clear,5.4496,1.0789,0,v4_focused,train,0,focused_failure
train,/root/leo_ws/src/leo_pybullet/worlds/benchmark_v2/train/world_hard_seed_000068.yaml,68,hard,11,4,15,True,6.7129,2.15241,3.55084,-0.42809,-3.384498,0.694027,,,,,v2,train,0,0.40
train,/root/leo_ws/src/leo_pybullet/worlds/benchmark_v4_hard/train/world_medium_direct_block_seed_300418.yaml,300418,medium,6,4,10,True,7.9872,2.75741,0.909325,2.777238,-3.570878,3.743192,direct_block,6.9338,1.1519,1,v4_focused,train,1,focused_failure
train,/root/leo_ws/src/leo_pybullet/worlds/benchmark_v2/train/world_medium_seed_000031.yaml,31,medium,5,4,9,True,10.1402,2.296599,-3.124559,0.221244,-3.973567,3.917327,,,,,v2,train,general_replay,0.40
train,/root/leo_ws/src/leo_pybullet/worlds/benchmark_v4_hard/train/world_medium_direct_block_seed_300166.yaml,300166,medium,7,4,11,True,6.9302,-3.736561,-2.144614,-0.345629,1.992306,-4.106181,direct_block,6.0554,1.1445,1,v4,train,0,0.45
train,/root/leo_ws/src/leo_pybullet/worlds/benchmark_v4_hard/train/world_hard_direct_block_seed_300386.yaml,300386,hard,12,4,16,True,11.4604,-4.094212,2.217938,-1.258433,-2.791234,-2.699095,direct_block,5.0867,2.253,1,v4_focused,train,4,focused_failure
train,/root/leo_ws/src/leo_pybullet/worlds/benchmark_v2/train/world_hard_seed_000140.yaml,140,hard,8,4,12,True,8.098,-4.191674,2.016642,0.09389,1.561003,-2.381164,,,,,v2,train,0,0.40
train,/root/leo_ws/src/leo_pybullet/worlds/benchmark_v2/train/world_hard_seed_000161.yaml,161,hard,12,4,16,True,8.2604,-2.888182,3.727905,-2.926443,3.899794,0.784377,,,,,v2,train,0,0.40
train,/root/leo_ws/src/leo_pybullet/worlds/benchmark_v3_curriculum/train/world_medium_clear_seed_000187.yaml,187,medium,3,4,7,False,3.6663,1.142008,0.887779,-1.56141,1.009648,-2.712684,clear,3.6029,1.0176,,v3,train,0,0.15
train,/root/leo_ws/src/leo_pybullet/worlds/benchmark_v4_hard/train/world_hard_double_block_seed_300260.yaml,300260,hard,12,4,16,True,6.5771,2.406301,-3.928157,2.290169,-1.388469,-0.497805,double_block,5.1154,1.2857,2,v4_focused,train,4,focused_failure
train,/root/leo_ws/src/leo_pybullet/worlds/benchmark_v3_curriculum/train/world_easy_direct_block_seed_000156.yaml,156,easy,2,4,6,True,6.561,-0.700334,2.042397,-0.954279,2.27401,-2.958306,direct_block,5.8184,1.1276,,v3,train,0,0.15
train,/root/leo_ws/src/leo_pybullet/worlds/benchmark_v4_hard/train/world_easy_direct_block_seed_300114.yaml,300114,easy,5,4,9,True,9.2753,-0.277073,-3.715742,1.895685,-2.832422,4.123087,direct_block,8.2448,1.125,1,v4_focused,train,3,focused_failure
train,/root/leo_ws/src/leo_pybullet/worlds/benchmark_v4_hard/train/world_medium_direct_block_seed_300226.yaml,300226,medium,6,4,10,True,5.6776,0.401098,-3.190899,2.252527,-2.057511,0.627771,direct_block,4.5417,1.2501,1,v4,train,0,0.45
train,/root/leo_ws/src/leo_pybullet/worlds/benchmark_v2/train/world_medium_seed_000220.yaml,220,medium,6,4,10,False,4.4857,-0.393711,1.917141,-1.092394,-0.745004,-2.448148,,,,,v2,train,0,0.40
train,/root/leo_ws/src/leo_pybullet/worlds/benchmark_v2/train/world_easy_seed_000234.yaml,234,easy,3,4,7,True,3.5839,-3.849124,0.69997,2.32611,-0.772041,1.820999,,,,,v2,train,general_replay,0.40
train,/root/leo_ws/src/leo_pybullet/worlds/benchmark_v2/train/world_easy_seed_000258.yaml,258,easy,4,4,8,False,6.9757,3.254466,-4.345072,1.660294,-1.268438,0.738,,,,,v2,train,general_replay,0.40
train,/root/leo_ws/src/leo_pybullet/worlds/benchmark_v3_curriculum/train/world_hard_direct_block_seed_000236.yaml,236,hard,6,4,10,True,6.1553,-1.09972,4.166887,-1.660301,-1.249873,-1.010437,direct_block,5.1795,1.1884,,v3,train,general_replay,0.15
train,/root/leo_ws/src/leo_pybullet/worlds/benchmark_v3_curriculum/train/world_easy_clear_seed_000243.yaml,243,easy,2,4,6,False,3.7335,-4.218555,-1.135979,0.733823,-1.581024,1.495154,clear,3.7255,1.0022,,v3,train,general_replay,0.15
train,/root/leo_ws/src/leo_pybullet/worlds/benchmark_v2/train/world_medium_seed_000298.yaml,298,medium,6,4,10,True,3.8571,-0.334908,3.648232,-3.059032,1.056042,0.5281,,,,,v2,train,0,0.40
train,/root/leo_ws/src/leo_pybullet/worlds/benchmark_v4_hard/train/world_medium_double_block_seed_300037.yaml,300037,medium,8,4,12,True,7.6535,-3.600502,3.222485,-0.535202,1.975346,0.291676,double_block,6.2992,1.215,2,v4_focused,train,5,focused_failure
train,/root/leo_ws/src/leo_pybullet/worlds/benchmark_v2/train/world_hard_seed_000146.yaml,146,hard,9,4,13,True,5.2833,-1.495084,2.674681,-2.611186,-2.966938,-1.895264,,,,,v2,train,general_replay,0.40
train,/root/leo_ws/src/leo_pybullet/worlds/benchmark_v4_hard/train/world_medium_direct_block_seed_300262.yaml,300262,medium,6,4,10,True,10.1288,1.974959,4.022088,-1.377907,2.674977,-4.181859,direct_block,8.2338,1.2302,1,v4_focused,train,0,focused_failure
train,/root/leo_ws/src/leo_pybullet/worlds/benchmark_v3_curriculum/train/world_easy_clear_seed_000255.yaml,255,easy,1,4,5,False,5.9849,3.850414,-0.286823,-2.561949,-0.697961,-3.682903,clear,5.6764,1.0544,,v3,train,general_replay,0.15
train,/root/leo_ws/src/leo_pybullet/worlds/benchmark_v4_hard/train/world_hard_direct_block_seed_300386.yaml,300386,hard,12,4,16,True,11.4604,-4.094212,2.217938,-1.258433,-2.791234,-2.699095,direct_block,5.0867,2.253,1,v4_focused,train,1,focused_failure
train,/root/leo_ws/src/leo_pybullet/worlds/benchmark_v4_hard/train/world_hard_direct_block_seed_300446.yaml,300446,hard,13,4,17,True,9.0135,-4.007741,-0.436226,0.599462,2.580806,3.50856,direct_block,7.6792,1.1738,1,v4,train,0,0.45
train,/root/leo_ws/src/leo_pybullet/worlds/benchmark_v3_curriculum/train/world_medium_direct_block_seed_000010.yaml,10,medium,4,4,8,True,7.8386,-0.084273,-3.603241,0.942188,3.845393,2.087147,direct_block,6.9154,1.1335,,v3,train,0,0.15
train,/root/leo_ws/src/leo_pybullet/worlds/benchmark_v2/train/world_medium_seed_000154.yaml,154,medium,6,4,10,False,5.1063,2.524334,-0.118204,2.422398,-2.542377,0.074345,,,,,v2,train,general_replay,0.40
train,/root/leo_ws/src/leo_pybullet/worlds/benchmark_v4_hard/train/world_hard_double_block_seed_300308.yaml,300308,hard,12,4,16,True,7.2147,-3.36513,-2.530511,1.611294,-3.933956,2.995847,double_block,5.5556,1.2986,2,v4_focused,train,5,focused_failure
train,/root/leo_ws/src/leo_pybullet/worlds/benchmark_v4_hard/train/world_hard_double_block_seed_300428.yaml,300428,hard,10,4,14,True,7.8935,-0.68913,-3.532512,1.700054,-1.081193,3.215711,double_block,6.7596,1.1677,2,v4_focused,train,4,focused_failure
train,/root/leo_ws/src/leo_pybullet/worlds/benchmark_v2/train/world_hard_seed_000116.yaml,116,hard,12,4,16,True,6.1027,-1.756132,2.199757,2.937442,-3.302221,-3.200022,,,,,v2,train,general_replay,0.40
train,/root/leo_ws/src/leo_pybullet/worlds/benchmark_v2/train/world_easy_seed_000165.yaml,165,easy,2,4,6,True,5.1953,1.894435,-0.608667,-0.444664,-0.054938,3.82536,,,,,v2,train,general_replay,0.40
train,/root/leo_ws/src/leo_pybullet/worlds/benchmark_v2/train/world_hard_seed_000146.yaml,146,hard,9,4,13,True,5.2833,-1.495084,2.674681,-2.611186,-2.966938,-1.895264,,,,,v2,train,0,0.40
train,/root/leo_ws/src/leo_pybullet/worlds/benchmark_v4_hard/train/world_medium_double_block_seed_300280.yaml,300280,medium,6,4,10,True,6.4365,2.398837,-1.146951,2.320261,-1.077363,2.7139,double_block,5.1952,1.2389,2,v4,train,0,0.45
train,/root/leo_ws/src/leo_pybullet/worlds/benchmark_v4_hard/train/world_easy_double_block_seed_300276.yaml,300276,easy,5,4,9,True,7.2204,1.664541,1.517938,-2.550748,-3.327126,-2.258267,double_block,6.2591,1.1536,2,v4,train,0,0.45
train,/root/leo_ws/src/leo_pybullet/worlds/benchmark_v3_curriculum/train/world_medium_direct_block_seed_000121.yaml,121,medium,2,4,6,True,7.6261,-2.39571,3.173557,-0.98942,1.068577,-2.750179,direct_block,6.8624,1.1113,,v3,train,0,0.15
train,/root/leo_ws/src/leo_pybullet/worlds/benchmark_v2/train/world_hard_seed_000281.yaml,281,hard,8,4,12,True,4.6959,-3.331458,-0.488244,2.861884,0.060982,-2.185812,,,,,v2,train,general_replay,0.40
train,/root/leo_ws/src/leo_pybullet/worlds/benchmark_v4_hard/train/world_hard_direct_block_seed_300110.yaml,300110,hard,12,4,16,True,5.7245,0.391462,-3.257272,1.029937,2.312919,1.104611,direct_block,4.7663,1.201,1,v4_focused,train,8,focused_failure
train,/root/leo_ws/src/leo_pybullet/worlds/benchmark_v3_curriculum/train/world_hard_direct_block_seed_000146.yaml,146,hard,4,4,8,True,6.7096,-3.061398,-1.460714,-0.28621,2.613194,-2.898733,direct_block,5.854,1.1462,,v3,train,0,0.15
train,/root/leo_ws/src/leo_pybullet/worlds/benchmark_v2/train/world_medium_seed_000280.yaml,280,medium,7,4,11,True,4.2182,2.16386,-3.632354,-1.033826,3.612136,-0.417923,,,,,v2,train,0,0.40
train,/root/leo_ws/src/leo_pybullet/worlds/benchmark_v2/train/world_easy_seed_000207.yaml,207,easy,4,4,8,True,8.4971,0.929381,3.856156,2.84212,2.106419,-4.138942,,,,,v2,train,general_replay,0.40
train,/root/leo_ws/src/leo_pybullet/worlds/benchmark_v4_hard/train/world_easy_double_block_seed_300345.yaml,300345,easy,4,4,8,True,7.2227,2.123388,2.618871,-2.593335,-2.675872,-0.723184,double_block,5.8483,1.235,2,v4,train,0,0.45
train,/root/leo_ws/src/leo_pybullet/worlds/benchmark_v3_curriculum/train/world_easy_direct_block_seed_000096.yaml,96,easy,2,4,6,True,8.018,-1.575366,1.473718,-0.786032,3.606237,-3.43398,direct_block,7.1368,1.1235,,v3,train,0,0.15
train,/root/leo_ws/src/leo_pybullet/worlds/benchmark_v4_hard/train/world_medium_double_block_seed_300208.yaml,300208,medium,6,4,10,True,6.7371,-1.024706,1.656192,-0.45048,3.533657,-1.26008,double_block,5.4114,1.245,2,v4,train,0,0.45
train,/root/leo_ws/src/leo_pybullet/worlds/benchmark_v4_hard/train/world_hard_direct_block_seed_300290.yaml,300290,hard,10,4,14,True,5.9645,1.287921,0.359346,2.650384,-2.60384,2.883821,direct_block,4.6388,1.2858,1,v4,train,0,0.45
train,/root/leo_ws/src/leo_pybullet/worlds/benchmark_v3_curriculum/train/world_easy_direct_block_seed_000153.yaml,153,easy,2,4,6,True,4.9108,0.562305,0.829135,1.012088,2.886158,4.042526,direct_block,3.9656,1.2383,,v3,train,0,0.15
train,/root/leo_ws/src/leo_pybullet/worlds/benchmark_v2/train/world_hard_seed_000206.yaml,206,hard,8,4,12,True,7.9565,4.129003,-2.40051,-1.584888,-3.239905,-2.443097,,,,,v2,train,0,0.40
train,/root/leo_ws/src/leo_pybullet/worlds/benchmark_v4_hard/train/world_hard_direct_block_seed_300398.yaml,300398,hard,10,4,14,True,5.6971,-2.032616,0.426662,0.79411,0.773182,4.011763,direct_block,4.5525,1.2514,1,v4_focused,train,3,focused_failure
train,/root/leo_ws/src/leo_pybullet/worlds/benchmark_v2/train/world_hard_seed_000251.yaml,251,hard,11,4,15,True,4.9051,2.036276,0.754467,-2.55532,-2.201248,1.831626,,,,,v2,train,0,0.40
train,/root/leo_ws/src/leo_pybullet/worlds/benchmark_v2/train/world_easy_seed_000123.yaml,123,easy,2,4,6,False,5.512,2.339921,-2.030982,-0.759484,2.944981,3.260984,,,,,v2,train,general_replay,0.40
train,/root/leo_ws/src/leo_pybullet/worlds/benchmark_v2/train/world_hard_seed_000086.yaml,86,hard,8,4,12,True,4.6102,-4.347275,2.327624,1.778529,-2.500769,-1.163535,,,,,v2,train,0,0.40
train,/root/leo_ws/src/leo_pybullet/worlds/benchmark_v4_hard/train/world_hard_direct_block_seed_300182.yaml,300182,hard,10,4,14,True,5.6502,1.477945,2.469756,-2.186706,-1.312292,-1.12887,direct_block,4.5536,1.2408,1,v4,train,0,0.45
train,/root/leo_ws/src/leo_pybullet/worlds/benchmark_v2/train/world_hard_seed_000089.yaml,89,hard,8,4,12,True,4.2376,1.768099,-2.098461,2.180634,-1.35475,-3.787288,,,,,v2,train,general_replay,0.40
train,/root/leo_ws/src/leo_pybullet/worlds/benchmark_v4_hard/train/world_hard_double_block_seed_300164.yaml,300164,hard,12,4,16,True,10.3404,-3.291093,3.71797,-1.611516,-4.094842,-2.543565,double_block,6.3129,1.638,2,v4_focused,train,4,focused_failure
train,/root/leo_ws/src/leo_pybullet/worlds/benchmark_v4_hard/train/world_easy_double_block_seed_300144.yaml,300144,easy,3,4,7,True,9.7369,3.030562,2.411515,-2.350334,-2.942616,-3.718873,double_block,8.5592,1.1376,2,v4,train,0,0.45
train,/root/leo_ws/src/leo_pybullet/worlds/benchmark_v4_hard/train/world_hard_double_block_seed_300356.yaml,300356,hard,14,4,18,True,9.6947,1.899594,2.986804,-1.53034,1.999842,-2.88513,double_block,5.8728,1.6508,2,v4,train,0,0.45
train,/root/leo_ws/src/leo_pybullet/worlds/benchmark_v4_hard/train/world_easy_double_block_seed_300129.yaml,300129,easy,4,4,8,True,7.2204,0.037128,3.572846,-0.842736,3.707956,-1.463601,double_block,6.2322,1.1586,2,v4,train,0,0.45
train,/root/leo_ws/src/leo_pybullet/worlds/benchmark_v2/train/world_hard_seed_000107.yaml,107,hard,9,4,13,True,5.0353,3.975527,-0.656382,-1.284205,0.38264,-3.27183,,,,,v2,train,general_replay,0.40
train,/root/leo_ws/src/leo_pybullet/worlds/benchmark_v2/train/world_hard_seed_000020.yaml,20,hard,9,4,13,True,4.6182,1.180815,3.523028,-2.077359,3.237534,0.634584,,,,,v2,train,general_replay,0.40
train,/root/leo_ws/src/leo_pybullet/worlds/benchmark_v3_curriculum/train/world_medium_direct_block_seed_000157.yaml,157,medium,4,4,8,True,5.0078,-0.077331,-2.884833,2.726477,-3.997607,-1.304053,direct_block,4.227,1.1847,,v3,train,general_replay,0.15
train,/root/leo_ws/src/leo_pybullet/worlds/benchmark_v4_hard/train/world_hard_direct_block_seed_300122.yaml,300122,hard,12,4,16,True,6.2547,1.419676,1.285263,2.621639,-3.180597,3.778378,direct_block,5.2324,1.1954,1,v4,train,0,0.45
train,/root/leo_ws/src/leo_pybullet/worlds/benchmark_v4_hard/train/world_easy_double_block_seed_300081.yaml,300081,easy,4,4,8,True,7.2502,4.17009,1.860809,2.945227,-1.933059,3.727606,double_block,6.3823,1.136,2,v4,train,0,0.45
train,/root/leo_ws/src/leo_pybullet/worlds/benchmark_v4_hard/train/world_easy_clear_seed_300267.yaml,300267,easy,3,4,7,False,5.7586,-4.248715,-1.632166,1.025612,-1.006798,2.749735,clear,5.4508,1.0565,0,v4,train,0,0.45
train,/root/leo_ws/src/leo_pybullet/worlds/benchmark_v4_hard/train/world_easy_double_block_seed_300132.yaml,300132,easy,3,4,7,True,7.361,2.433481,1.98369,-2.338691,-2.202621,-2.111073,double_block,6.1855,1.19,2,v4,train,0,0.45
train,/root/leo_ws/src/leo_pybullet/worlds/benchmark_v4_hard/train/world_medium_double_block_seed_300244.yaml,300244,medium,7,4,11,True,6.4639,3.949575,-0.22169,-2.234925,0.853225,-4.176404,double_block,5.0227,1.287,2,v4,train,0,0.45
train,/root/leo_ws/src/leo_pybullet/worlds/benchmark_v4_hard/train/world_hard_double_block_seed_300308.yaml,300308,hard,12,4,16,True,7.2147,-3.36513,-2.530511,1.611294,-3.933956,2.995847,double_block,5.5556,1.2986,2,v4_focused,train,3,focused_failure
train,/root/leo_ws/src/leo_pybullet/worlds/benchmark_v4_hard/train/world_hard_double_block_seed_300065.yaml,300065,hard,14,4,18,True,8.3096,-3.589928,-2.524051,0.652105,1.813146,1.323968,double_block,6.6333,1.2527,2,v4_focused,train,3,focused_failure
train,/root/leo_ws/src/leo_pybullet/worlds/benchmark_v2/train/world_hard_seed_000152.yaml,152,hard,11,4,15,True,3.7851,-1.027492,-2.608452,-2.366887,-3.598093,-4.199541,,,,,v2,train,general_replay,0.40
train,/root/leo_ws/src/leo_pybullet/worlds/benchmark_v3_curriculum/train/world_easy_direct_block_seed_000009.yaml,9,easy,2,4,6,True,5.9953,0.962329,-1.979357,2.348965,-2.667768,1.50147,direct_block,5.0293,1.1921,,v3,train,0,0.15
train,/root/leo_ws/src/leo_pybullet/worlds/benchmark_v4_hard/train/world_medium_double_block_seed_300145.yaml,300145,medium,9,4,13,True,6.9198,1.441243,-1.635225,-3.012195,-3.836573,-2.205088,double_block,5.3085,1.3035,2,v4,train,0,0.45
train,/root/leo_ws/src/leo_pybullet/worlds/benchmark_v4_hard/train/world_medium_double_block_seed_300412.yaml,300412,medium,9,4,13,True,8.0729,2.099374,1.100667,2.691644,-2.221624,2.992708,double_block,4.7171,1.7114,2,v4,train,0,0.45
train,/root/leo_ws/src/leo_pybullet/worlds/benchmark_v4_hard/train/world_hard_double_block_seed_300284.yaml,300284,hard,12,4,16,True,7.1541,-1.91737,-2.043467,1.835561,-3.195499,3.462046,double_block,5.6519,1.2658,2,v4,train,0,0.45
train,/root/leo_ws/src/leo_pybullet/worlds/benchmark_v4_hard/train/world_hard_double_block_seed_300341.yaml,300341,hard,14,4,18,True,8.5084,-0.691329,-3.790402,1.573118,-0.415863,1.768754,double_block,5.566,1.5286,2,v4_focused,train,3,focused_failure
train,/root/leo_ws/src/leo_pybullet/worlds/benchmark_v4_hard/train/world_easy_direct_block_seed_300378.yaml,300378,easy,4,4,8,True,7.1735,-0.62947,3.670819,-1.837029,-2.787172,-2.436024,direct_block,6.4768,1.1076,1,v4,train,0,0.45
train,/root/leo_ws/src/leo_pybullet/worlds/benchmark_v3_curriculum/train/world_hard_clear_seed_000263.yaml,263,hard,6,4,10,False,5.0925,-1.377494,2.804227,-1.509004,-1.04293,-2.105523,clear,4.9211,1.0348,,v3,train,0,0.15
train,/root/leo_ws/src/leo_pybullet/worlds/benchmark_v2/train/world_hard_seed_000284.yaml,284,hard,8,4,12,True,3.7051,-1.137015,3.220841,-2.25536,-1.753965,0.021991,,,,,v2,train,general_replay,0.40
train,/root/leo_ws/src/leo_pybullet/worlds/benchmark_v2/train/world_easy_seed_000012.yaml,12,easy,3,4,7,False,6.2102,0.253438,-1.306867,-0.109712,-1.029723,4.320613,,,,,v2,train,general_replay,0.40
train,/root/leo_ws/src/leo_pybullet/worlds/benchmark_v4_hard/train/world_easy_direct_block_seed_300210.yaml,300210,easy,4,4,8,True,6.4672,-3.575795,-0.081271,0.470325,1.85838,2.189115,direct_block,5.8894,1.0981,1,v4,train,0,0.45
train,/root/leo_ws/src/leo_pybullet/worlds/benchmark_v4_hard/train/world_hard_clear_seed_300059.yaml,300059,hard,12,4,16,False,7.672,-3.606259,-4.085598,0.033189,3.820439,-3.583241,clear,7.4437,1.0307,0,v4,train,0,0.45
train,/root/leo_ws/src/leo_pybullet/worlds/benchmark_v3_curriculum/train/world_easy_clear_seed_000111.yaml,111,easy,1,4,5,False,6.5245,3.57976,-1.564217,3.057938,-2.599225,-0.705743,clear,6.2383,1.0459,,v3,train,0,0.15
train,/root/leo_ws/src/leo_pybullet/worlds/benchmark_v2/train/world_easy_seed_000018.yaml,18,easy,2,4,6,True,6.1198,-0.445218,-2.266383,-1.991932,3.931642,1.115233,,,,,v2,train,0,0.40
train,/root/leo_ws/src/leo_pybullet/worlds/benchmark_v3_curriculum/train/world_medium_direct_block_seed_000109.yaml,109,medium,3,4,7,True,4.9245,-0.016655,-1.710465,-0.531316,3.540715,-3.585776,direct_block,4.0214,1.2246,,v3,train,general_replay,0.15
train,/root/leo_ws/src/leo_pybullet/worlds/benchmark_v4_hard/train/world_easy_double_block_seed_300225.yaml,300225,easy,4,4,8,True,7.5598,-3.412781,1.605783,-0.945077,0.666803,-3.480892,double_block,6.5205,1.1594,2,v4,train,0,0.45
train,/root/leo_ws/src/leo_pybullet/worlds/benchmark_v3_curriculum/train/world_medium_clear_seed_000187.yaml,187,medium,3,4,7,False,3.6663,1.142008,0.887779,-1.56141,1.009648,-2.712684,clear,3.6029,1.0176,,v3,train,general_replay,0.15
train,/root/leo_ws/src/leo_pybullet/worlds/benchmark_v4_hard/train/world_hard_clear_seed_300395.yaml,300395,hard,13,4,17,False,5.7369,-0.191125,-4.149846,0.866327,3.814345,-0.012161,clear,5.7588,0.9962,0,v4,train,0,0.45
train,/root/leo_ws/src/leo_pybullet/worlds/benchmark_v2/train/world_easy_seed_000006.yaml,6,easy,4,4,8,False,5.6649,-0.130199,-2.073893,-0.186898,-4.34607,1.416521,,,,,v2,train,0,0.40
train,/root/leo_ws/src/leo_pybullet/worlds/benchmark_v2/train/world_medium_seed_000193.yaml,193,medium,8,4,12,False,4.649,2.292012,4.103263,-1.720006,0.506214,0.226483,,,,,v2,train,0,0.40
train,/root/leo_ws/src/leo_pybullet/worlds/benchmark_v2/train/world_medium_seed_000013.yaml,13,medium,7,4,11,True,6.5496,1.445814,3.212309,-2.696574,1.226327,-2.719845,,,,,v2,train,0,0.40
train,/root/leo_ws/src/leo_pybullet/worlds/benchmark_v4_hard/train/world_hard_double_block_seed_300365.yaml,300365,hard,10,4,14,True,11.5622,3.932271,3.229698,-2.43294,-1.549961,-1.761724,double_block,7.4141,1.5595,2,v4_focused,train,3,focused_failure
train,/root/leo_ws/src/leo_pybullet/worlds/benchmark_v2/train/world_easy_seed_000105.yaml,105,easy,4,4,8,False,4.8227,2.529296,3.928811,-1.038619,-1.633697,2.334401,,,,,v2,train,0,0.40
train,/root/leo_ws/src/leo_pybullet/worlds/benchmark_v3_curriculum/train/world_hard_direct_block_seed_000080.yaml,80,hard,5,4,9,True,6.8616,-0.901505,3.387904,-0.818257,3.084636,-0.673248,direct_block,5.6905,1.2058,,v3,train,general_replay,0.15
train,/root/leo_ws/src/leo_pybullet/worlds/benchmark_v4_hard/train/world_medium_direct_block_seed_300118.yaml,300118,medium,7,4,11,True,8.1861,-2.775109,0.183679,-0.624216,3.590486,-3.400875,direct_block,7.3055,1.1205,1,v4_focused,train,3,focused_failure
train,/root/leo_ws/src/leo_pybullet/worlds/benchmark_v2/train/world_easy_seed_000153.yaml,153,easy,3,4,7,True,6.721,-2.087909,3.058477,0.612895,3.442317,0.575536,,,,,v2,train,general_replay,0.40
train,/root/leo_ws/src/leo_pybullet/worlds/benchmark_v2/train/world_hard_seed_000179.yaml,179,hard,9,4,13,True,5.9347,-2.232135,-1.630961,-1.067864,-0.010125,3.436591,,,,,v2,train,general_replay,0.40
train,/root/leo_ws/src/leo_pybullet/worlds/benchmark_v4_hard/train/world_hard_direct_block_seed_300218.yaml,300218,hard,11,4,15,True,6.4639,-2.628526,3.928482,-0.582664,1.554273,0.966147,direct_block,5.1255,1.2611,1,v4,train,0,0.45
train,/root/leo_ws/src/leo_pybullet/worlds/benchmark_v3_curriculum/train/world_hard_direct_block_seed_000038.yaml,38,hard,6,4,10,True,5.4239,-0.67042,2.163322,-2.266025,-3.386684,-1.135621,direct_block,4.2733,1.2693,,v3,train,0,0.15
train,/root/leo_ws/src/leo_pybullet/worlds/benchmark_v4_hard/train/world_hard_double_block_seed_300176.yaml,300176,hard,11,4,15,True,10.3072,-2.806119,3.500404,-1.564162,-2.265325,-3.253825,double_block,6.7758,1.5212,2,v4,train,0,0.45
train,/root/leo_ws/src/leo_pybullet/worlds/benchmark_v2/train/world_hard_seed_000122.yaml,122,hard,12,4,16,True,9.3837,3.235751,3.563017,-1.758003,-3.732437,-1.161008,,,,,v2,train,0,0.40
train,/root/leo_ws/src/leo_pybullet/worlds/benchmark_v3_curriculum/train/world_easy_direct_block_seed_000249.yaml,249,easy,2,4,6,True,5.049,0.703876,0.884668,0.586852,4.142215,3.074386,direct_block,4.0764,1.2386,,v3,train,general_replay,0.15
train,/root/leo_ws/src/leo_pybullet/worlds/benchmark_v3_curriculum/train/world_hard_direct_block_seed_000194.yaml,194,hard,6,4,10,True,4.952,4.179354,-1.066038,2.545969,1.156233,1.124087,direct_block,3.7331,1.3265,,v3,train,0,0.15
train,/root/leo_ws/src/leo_pybullet/worlds/benchmark_v4_hard/train/world_hard_direct_block_seed_300230.yaml,300230,hard,10,4,14,True,6.0639,2.521779,0.931136,-2.63231,-1.304113,-1.955199,direct_block,4.7925,1.2653,1,v4,train,0,0.45
train,/root/leo_ws/src/leo_pybullet/worlds/benchmark_v2/train/world_hard_seed_000299.yaml,299,hard,10,4,14,True,4.9496,-2.718305,-0.371137,2.067856,0.186283,2.58416,,,,,v2,train,0,0.40
train,/root/leo_ws/src/leo_pybullet/worlds/benchmark_v4_hard/train/world_medium_clear_seed_300427.yaml,300427,medium,8,4,12,False,5.9394,-1.40281,-4.172516,1.645807,-1.167147,1.623475,clear,5.8008,1.0239,0,v4,train,0,0.45
train,/root/leo_ws/src/leo_pybullet/worlds/benchmark_v2/train/world_medium_seed_000058.yaml,58,medium,6,4,10,True,7.5049,1.235133,3.884423,-0.920829,-3.991504,-0.440223,,,,,v2,train,0,0.40
train,/root/leo_ws/src/leo_pybullet/worlds/benchmark_v3_curriculum/train/world_hard_direct_block_seed_000230.yaml,230,hard,6,4,10,True,5.5427,-2.87447,2.765346,-0.34177,1.911833,1.505272,direct_block,4.9494,1.1199,,v3,train,0,0.15
train,/root/leo_ws/src/leo_pybullet/worlds/benchmark_v2/train/world_hard_seed_000227.yaml,227,hard,11,4,15,True,4.8639,3.972772,-1.135145,-0.532796,-0.470946,-2.245637,,,,,v2,train,0,0.40
train,/root/leo_ws/src/leo_pybullet/worlds/benchmark_v2/train/world_hard_seed_000002.yaml,2,hard,8,4,12,True,8.2467,-1.2088,-2.878973,-1.560848,2.68797,3.078359,,,,,v2,train,0,0.40
train,/root/leo_ws/src/leo_pybullet/worlds/benchmark_v4_hard/train/world_easy_clear_seed_300183.yaml,300183,easy,5,4,9,False,4.9918,2.726684,2.706572,-2.402202,-0.824307,-0.696369,clear,4.9183,1.0149,0,v4,train,0,0.45
train,/root/leo_ws/src/leo_pybullet/worlds/benchmark_v4_hard/train/world_medium_double_block_seed_300037.yaml,300037,medium,8,4,12,True,7.6535,-3.600502,3.222485,-0.535202,1.975346,0.291676,double_block,6.2992,1.215,2,v4_focused,train,2,focused_failure
train,/root/leo_ws/src/leo_pybullet/worlds/benchmark_v2/train/world_medium_seed_000157.yaml,157,medium,8,4,12,True,4.8422,-4.207135,-1.310165,-2.572701,-2.337191,2.751007,,,,,v2,train,general_replay,0.40
train,/root/leo_ws/src/leo_pybullet/worlds/benchmark_v2/train/world_medium_seed_000259.yaml,259,medium,5,4,9,False,4.0502,-3.56417,0.840036,1.749601,-0.051709,2.141584,,,,,v2,train,general_replay,0.40
train,/root/leo_ws/src/leo_pybullet/worlds/benchmark_v4_hard/train/world_hard_double_block_seed_300197.yaml,300197,hard,14,4,18,True,9.4135,-4.081192,-1.123609,0.319067,3.432856,1.620687,double_block,7.9995,1.1768,2,v4,train,0,0.45
train,/root/leo_ws/src/leo_pybullet/worlds/benchmark_v2/train/world_medium_seed_000253.yaml,253,medium,8,4,12,True,9.9163,-3.080621,1.356425,-0.339145,4.217598,-3.799525,,,,,v2,train,general_replay,0.40
train,/root/leo_ws/src/leo_pybullet/worlds/benchmark_v3_curriculum/train/world_medium_clear_seed_000175.yaml,175,medium,3,4,7,False,4.0194,-2.255548,1.907535,-0.129921,1.607121,1.61066,clear,3.8741,1.0375,,v3,train,0,0.15
train,/root/leo_ws/src/leo_pybullet/worlds/benchmark_v3_curriculum/train/world_medium_clear_seed_000115.yaml,115,medium,3,4,7,False,5.8182,-2.576053,-3.286282,1.764662,-3.295954,2.161584,clear,5.4952,1.0588,,v3,train,general_replay,0.15
train,/root/leo_ws/src/leo_pybullet/worlds/benchmark_v3_curriculum/train/world_hard_clear_seed_000107.yaml,107,hard,4,4,8,False,4.7129,2.237187,3.884135,-2.323258,-0.641293,0.373844,clear,4.5396,1.0382,,v3,train,general_replay,0.15
train,/root/leo_ws/src/leo_pybullet/worlds/benchmark_v4_hard/train/world_hard_double_block_seed_300377.yaml,300377,hard,14,4,18,True,9.5049,1.499979,-3.56036,1.343737,3.369602,3.502599,double_block,7.3062,1.3009,2,v4,train,0,0.45
train,/root/leo_ws/src/leo_pybullet/worlds/benchmark_v4_hard/train/world_easy_clear_seed_300291.yaml,300291,easy,3,4,7,False,8.7929,2.643749,-3.939361,1.818413,-0.196813,3.66172,clear,8.1145,1.0836,0,v4,train,0,0.45
train,/root/leo_ws/src/leo_pybullet/worlds/benchmark_v2/train/world_hard_seed_000032.yaml,32,hard,8,4,12,False,6.1714,-3.091588,1.72568,-2.899374,-2.281184,-4.138402,,,,,v2,train,0,0.40
train,/root/leo_ws/src/leo_pybullet/worlds/benchmark_v2/train/world_medium_seed_000157.yaml,157,medium,8,4,12,True,4.8422,-4.207135,-1.310165,-2.572701,-2.337191,2.751007,,,,,v2,train,0,0.40
train,/root/leo_ws/src/leo_pybullet/worlds/benchmark_v2/train/world_easy_seed_000045.yaml,45,easy,3,4,7,False,7.4457,-3.350908,2.676646,0.938105,3.970123,3.092154,,,,,v2,train,general_replay,0.40
train,/root/leo_ws/src/leo_pybullet/worlds/benchmark_v4_hard/train/world_hard_double_block_seed_300416.yaml,300416,hard,11,4,15,True,6.0365,1.219382,-3.248094,-3.11144,-3.253832,-3.749835,double_block,4.5013,1.3411,2,v4_focused,train,4,focused_failure
train,/root/leo_ws/src/leo_pybullet/worlds/benchmark_v2/train/world_hard_seed_000029.yaml,29,hard,12,4,16,True,5.841,0.857221,0.919934,-0.672832,-3.595432,3.717167,,,,,v2,train,0,0.40
train,/root/leo_ws/src/leo_pybullet/worlds/benchmark_v3_curriculum/train/world_medium_direct_block_seed_000229.yaml,229,medium,4,4,8,True,6.6547,-3.065782,3.47257,-1.124127,-0.596927,-1.992747,direct_block,5.9971,1.1097,,v3,train,general_replay,0.15
train,/root/leo_ws/src/leo_pybullet/worlds/benchmark_v2/train/world_hard_seed_000035.yaml,35,hard,12,4,16,True,8.2684,-2.156308,-3.812242,1.884747,0.224057,3.156348,,,,,v2,train,general_replay,0.40
train,/root/leo_ws/src/leo_pybullet/worlds/benchmark_v4_hard/train/world_hard_direct_block_seed_300062.yaml,300062,hard,14,4,18,True,8.1998,3.226089,-2.455293,3.035823,-3.464815,-1.050806,direct_block,6.8367,1.1994,1,v4_focused,train,6,focused_failure
train,/root/leo_ws/src/leo_pybullet/worlds/benchmark_v4_hard/train/world_medium_double_block_seed_300340.yaml,300340,medium,6,4,10,True,6.9633,-1.348981,-3.210317,1.79442,-3.136766,2.041093,double_block,5.5474,1.2552,2,v4_focused,train,2,focused_failure
train,/root/leo_ws/src/leo_pybullet/worlds/benchmark_v2/train/world_easy_seed_000225.yaml,225,easy,4,4,8,False,6.3574,-2.802599,1.667033,-0.834464,0.948119,-3.176779,,,,,v2,train,general_replay,0.40
train,/root/leo_ws/src/leo_pybullet/worlds/benchmark_v2/train/world_hard_seed_000098.yaml,98,hard,10,4,14,True,8.7759,-3.975201,-0.711905,1.992826,4.106007,-1.897463,,,,,v2,train,general_replay,0.40
train,/root/leo_ws/src/leo_pybullet/worlds/benchmark_v4_hard/train/world_medium_clear_seed_300007.yaml,300007,medium,7,4,11,False,5.4731,-3.990625,-1.587321,1.496425,-4.008752,3.842022,clear,5.4294,1.0081,0,v4,train,0,0.45
train,/root/leo_ws/src/leo_pybullet/worlds/benchmark_v2/train/world_easy_seed_000054.yaml,54,easy,2,4,6,False,6.5027,-1.758046,3.391583,-1.067692,-0.108458,-2.444687,,,,,v2,train,0,0.40
train,/root/leo_ws/src/leo_pybullet/worlds/benchmark_v4_hard/train/world_hard_double_block_seed_300308.yaml,300308,hard,12,4,16,True,7.2147,-3.36513,-2.530511,1.611294,-3.933956,2.995847,double_block,5.5556,1.2986,2,v4,train,0,0.45
train,/root/leo_ws/src/leo_pybullet/worlds/benchmark_v4_hard/train/world_easy_clear_seed_300363.yaml,300363,easy,4,4,8,False,4.9278,-3.009576,2.778063,-1.067911,-0.780358,-1.215907,clear,4.574,1.0774,0,v4,train,0,0.45
train,/root/leo_ws/src/leo_pybullet/worlds/benchmark_v2/train/world_medium_seed_000100.yaml,100,medium,6,4,10,True,5.5096,3.929944,-2.829697,0.043134,-0.930607,-1.307289,,,,,v2,train,0,0.40
train,/root/leo_ws/src/leo_pybullet/worlds/benchmark_v2/train/world_medium_seed_000265.yaml,265,medium,8,4,12,True,6.0753,4.329512,-1.910575,-2.860778,1.420872,2.35362,,,,,v2,train,general_replay,0.40
train,/root/leo_ws/src/leo_pybullet/worlds/benchmark_v3_curriculum/train/world_medium_direct_block_seed_000040.yaml,40,medium,3,4,7,True,8.8843,-3.745874,-2.533142,0.707493,1.760523,2.97414,direct_block,7.7878,1.1408,,v3,train,0,0.15
train,/root/leo_ws/src/leo_pybullet/worlds/benchmark_v4_hard/train/world_hard_clear_seed_300263.yaml,300263,hard,13,4,17,False,7.0571,-2.871876,4.10682,-0.036292,3.734767,2.956212,clear,6.7061,1.0523,0,v4,train,0,0.45
train,/root/leo_ws/src/leo_pybullet/worlds/benchmark_v2/train/world_easy_seed_000168.yaml,168,easy,4,4,8,True,6.0971,0.399348,3.127914,0.732661,-0.001822,-2.452252,,,,,v2,train,general_replay,0.40
train,/root/leo_ws/src/leo_pybullet/worlds/benchmark_v4_hard/train/world_hard_double_block_seed_300065.yaml,300065,hard,14,4,18,True,8.3096,-3.589928,-2.524051,0.652105,1.813146,1.323968,double_block,6.6333,1.2527,2,v4_focused,train,2,focused_failure
train,/root/leo_ws/src/leo_pybullet/worlds/benchmark_v4_hard/train/world_medium_direct_block_seed_300430.yaml,300430,medium,8,4,12,True,7.369,-2.003791,-3.10571,1.588849,-2.172165,3.387613,direct_block,6.4955,1.1345,1,v4,train,0,0.45
train,/root/leo_ws/src/leo_pybullet/worlds/benchmark_v4_hard/train/world_hard_clear_seed_300119.yaml,300119,hard,10,4,14,False,6.4971,-3.075478,4.067837,-1.246055,-1.873045,-1.962515,clear,6.1491,1.0566,0,v4,train,0,0.45
train,/root/leo_ws/src/leo_pybullet/worlds/benchmark_v4_hard/train/world_easy_double_block_seed_300120.yaml,300120,easy,4,4,8,True,5.7302,-1.817651,2.456778,-0.141417,2.831409,2.189643,double_block,4.6567,1.2305,2,v4_focused,train,4,focused_failure
train,/root/leo_ws/src/leo_pybullet/worlds/benchmark_v2/train/world_easy_seed_000114.yaml,114,easy,2,4,6,False,9.0272,-1.42375,4.027769,0.11727,1.098706,-3.934801,,,,,v2,train,0,0.40
train,/root/leo_ws/src/leo_pybullet/worlds/benchmark_v2/train/world_medium_seed_000295.yaml,295,medium,7,4,11,False,5.4159,3.611358,-2.104005,-1.81948,1.952278,2.604011,,,,,v2,train,0,0.40
train,/root/leo_ws/src/leo_pybullet/worlds/benchmark_v3_curriculum/train/world_hard_direct_block_seed_000209.yaml,209,hard,6,4,10,True,5.3165,1.478501,-3.587497,2.847736,-2.854056,-2.342274,direct_block,4.508,1.1794,,v3,train,0,0.15
train,/root/leo_ws/src/leo_pybullet/worlds/benchmark_v3_curriculum/train/world_easy_direct_block_seed_000024.yaml,24,easy,2,4,6,True,8.2112,3.109065,4.147226,-2.500968,-3.267453,0.143603,direct_block,7.5292,1.0906,,v3,train,0,0.15
train,/root/leo_ws/src/leo_pybullet/worlds/benchmark_v3_curriculum/train/world_easy_direct_block_seed_000108.yaml,108,easy,1,4,5,True,6.2159,1.830098,-3.527913,1.632541,1.375112,1.940336,direct_block,5.4871,1.1328,,v3,train,general_replay,0.15
train,/root/leo_ws/src/leo_pybullet/worlds/benchmark_v2/train/world_medium_seed_000040.yaml,40,medium,8,4,12,False,3.8571,0.208562,-2.215976,-1.845159,1.431655,1.192752,,,,,v2,train,0,0.40
train,/root/leo_ws/src/leo_pybullet/worlds/benchmark_v2/train/world_easy_seed_000195.yaml,195,easy,4,4,8,True,6.729,1.279561,3.511671,-2.640135,3.037477,-2.536574,,,,,v2,train,0,0.40
train,/root/leo_ws/src/leo_pybullet/worlds/benchmark_v2/train/world_hard_seed_000146.yaml,146,hard,9,4,13,True,5.2833,-1.495084,2.674681,-2.611186,-2.966938,-1.895264,,,,,v2,train,general_replay,0.40
train,/root/leo_ws/src/leo_pybullet/worlds/benchmark_v2/train/world_hard_seed_000293.yaml,293,hard,11,4,15,True,7.4216,3.84937,3.090786,2.074978,3.879508,-3.47526,,,,,v2,train,general_replay,0.40
train,/root/leo_ws/src/leo_pybullet/worlds/benchmark_v4_hard/train/world_hard_double_block_seed_300152.yaml,300152,hard,12,4,16,True,8.1335,-1.43495,3.870661,-0.579089,4.008286,-0.371491,double_block,6.9011,1.1786,2,v4_focused,train,4,focused_failure
train,/root/leo_ws/src/leo_pybullet/worlds/benchmark_v4_hard/train/world_hard_direct_block_seed_300314.yaml,300314,hard,10,4,14,True,5.841,-1.236853,-2.095363,-0.166304,3.406074,-3.071022,direct_block,4.7443,1.2311,1,v4,train,0,0.45
train,/root/leo_ws/src/leo_pybullet/worlds/benchmark_v4_hard/train/world_easy_clear_seed_300219.yaml,300219,easy,3,4,7,False,7.1508,-0.657347,2.737545,-1.767576,-1.714695,-3.971646,clear,6.792,1.0528,0,v4,train,0,0.45
train,/root/leo_ws/src/leo_pybullet/worlds/benchmark_v4_hard/train/world_medium_double_block_seed_300265.yaml,300265,medium,9,4,13,True,6.6708,-0.193388,2.742383,-0.99506,2.684054,-1.642679,double_block,5.2448,1.2719,2,v4,train,0,0.45
train,/root/leo_ws/src/leo_pybullet/worlds/benchmark_v4_hard/train/world_hard_double_block_seed_300164.yaml,300164,hard,12,4,16,True,10.3404,-3.291093,3.71797,-1.611516,-4.094842,-2.543565,double_block,6.3129,1.638,2,v4_focused,train,1,focused_failure
train,/root/leo_ws/src/leo_pybullet/worlds/benchmark_v4_hard/train/world_hard_double_block_seed_300020.yaml,300020,hard,12,4,16,True,8.1804,-1.960542,-1.085359,0.629666,3.186043,3.477221,double_block,6.8778,1.1894,2,v4_focused,train,3,focused_failure
train,/root/leo_ws/src/leo_pybullet/worlds/benchmark_v4_hard/train/world_medium_double_block_seed_300205.yaml,300205,medium,9,4,13,True,7.289,3.284599,-4.207802,2.595391,-1.305758,-0.537764,double_block,5.8771,1.2402,2,v4,train,0,0.45
train,/root/leo_ws/src/leo_pybullet/worlds/benchmark_v2/train/world_hard_seed_000224.yaml,224,hard,8,4,12,True,9.5825,-0.306759,4.277723,2.585408,4.103563,-3.479896,,,,,v2,train,0,0.40
train,/root/leo_ws/src/leo_pybullet/worlds/benchmark_v2/train/world_easy_seed_000228.yaml,228,easy,4,4,8,False,3.3931,0.642568,-2.446148,2.908768,0.578913,0.899642,,,,,v2,train,0,0.40
train,/root/leo_ws/src/leo_pybullet/worlds/benchmark_v4_hard/train/world_medium_direct_block_seed_300382.yaml,300382,medium,8,4,12,True,9.2043,1.920518,-3.500334,2.413201,-3.842622,2.006926,direct_block,7.9714,1.1547,1,v4,train,0,0.45
train,/root/leo_ws/src/leo_pybullet/worlds/benchmark_v4_hard/train/world_hard_direct_block_seed_300026.yaml,300026,hard,12,4,16,True,9.1025,1.687163,-4.182527,1.98101,-1.033548,1.718623,direct_block,6.4981,1.4008,1,v4_focused,train,5,focused_failure
train,/root/leo_ws/src/leo_pybullet/worlds/benchmark_v4_hard/train/world_easy_direct_block_seed_300258.yaml,300258,easy,4,4,8,True,6.6239,-3.573493,-1.731173,1.25198,-2.426498,4.152867,direct_block,5.9948,1.1049,1,v4,train,0,0.45
train,/root/leo_ws/src/leo_pybullet/worlds/benchmark_v4_hard/train/world_hard_double_block_seed_300233.yaml,300233,hard,13,4,17,True,7.049,0.080284,1.265958,-0.77763,4.121935,-2.829653,double_block,5.754,1.2251,2,v4_focused,train,3,focused_failure
train,/root/leo_ws/src/leo_pybullet/worlds/benchmark_v4_hard/train/world_medium_double_block_seed_300061.yaml,300061,medium,6,4,10,True,6.2765,3.805869,3.36133,-1.561784,4.044949,-1.399561,double_block,4.7669,1.3167,2,v4_focused,train,1,focused_failure
train,/root/leo_ws/src/leo_pybullet/worlds/benchmark_v4_hard/train/world_medium_direct_block_seed_300262.yaml,300262,medium,6,4,10,True,10.1288,1.974959,4.022088,-1.377907,2.674977,-4.181859,direct_block,8.2338,1.2302,1,v4_focused,train,1,focused_failure
train,/root/leo_ws/src/leo_pybullet/worlds/benchmark_v2/train/world_easy_seed_000171.yaml,171,easy,4,4,8,False,6.2112,-0.7494,4.321343,1.106538,2.835939,-0.328503,,,,,v2,train,0,0.40
train,/root/leo_ws/src/leo_pybullet/worlds/benchmark_v2/train/world_medium_seed_000118.yaml,118,medium,6,4,10,True,6.8422,1.762792,-1.792831,-2.976257,-4.193487,-1.461864,,,,,v2,train,0,0.40
train,/root/leo_ws/src/leo_pybullet/worlds/benchmark_v4_hard/train/world_medium_direct_block_seed_300250.yaml,300250,medium,7,4,11,True,5.6171,2.32183,3.005892,-1.974917,0.464682,-1.420098,direct_block,4.7998,1.1703,1,v4,train,0,0.45
train,/root/leo_ws/src/leo_pybullet/worlds/benchmark_v2/train/world_medium_seed_000292.yaml,292,medium,6,4,10,True,6.5553,0.690147,-1.535084,-0.500174,3.093956,3.723071,,,,,v2,train,general_replay,0.40
train,/root/leo_ws/src/leo_pybullet/worlds/benchmark_v4_hard/train/world_easy_double_block_seed_300357.yaml,300357,easy,3,4,7,True,6.3645,-1.004791,0.56204,-1.12425,1.231309,-4.007183,double_block,5.087,1.2511,2,v4,train,0,0.45
train,/root/leo_ws/src/leo_pybullet/worlds/benchmark_v2/train/world_hard_seed_000035.yaml,35,hard,12,4,16,True,8.2684,-2.156308,-3.812242,1.884747,0.224057,3.156348,,,,,v2,train,0,0.40
train,/root/leo_ws/src/leo_pybullet/worlds/benchmark_v3_curriculum/train/world_medium_clear_seed_000067.yaml,67,medium,2,4,6,False,4.5667,0.819024,-0.103796,2.266275,-1.88678,3.308857,clear,4.3552,1.0486,,v3,train,general_replay,0.15
train,/root/leo_ws/src/leo_pybullet/worlds/benchmark_v2/train/world_medium_seed_000193.yaml,193,medium,8,4,12,False,4.649,2.292012,4.103263,-1.720006,0.506214,0.226483,,,,,v2,train,general_replay,0.40
train,/root/leo_ws/src/leo_pybullet/worlds/benchmark_v4_hard/train/world_easy_direct_block_seed_300078.yaml,300078,easy,3,4,7,True,8.7906,2.630967,3.933128,-2.56433,-3.370238,-1.086772,direct_block,7.8239,1.1236,1,v4,train,0,0.45
train,/root/leo_ws/src/leo_pybullet/worlds/benchmark_v2/train/world_hard_seed_000254.yaml,254,hard,10,4,14,True,4.3508,-0.782329,-1.392463,2.991331,-4.319162,0.002568,,,,,v2,train,general_replay,0.40
train,/root/leo_ws/src/leo_pybullet/worlds/benchmark_v2/train/world_hard_seed_000224.yaml,224,hard,8,4,12,True,9.5825,-0.306759,4.277723,2.585408,4.103563,-3.479896,,,,,v2,train,general_replay,0.40
train,/root/leo_ws/src/leo_pybullet/worlds/benchmark_v3_curriculum/train/world_hard_direct_block_seed_000092.yaml,92,hard,5,4,9,True,7.4822,2.581544,3.207502,-1.619793,2.228833,-3.447032,direct_block,6.6639,1.1228,,v3,train,general_replay,0.15
train,/root/leo_ws/src/leo_pybullet/worlds/benchmark_v4_hard/train/world_hard_double_block_seed_300428.yaml,300428,hard,10,4,14,True,7.8935,-0.68913,-3.532512,1.700054,-1.081193,3.215711,double_block,6.7596,1.1677,2,v4_focused,train,2,focused_failure
train,/root/leo_ws/src/leo_pybullet/worlds/benchmark_v4_hard/train/world_hard_double_block_seed_300041.yaml,300041,hard,14,4,18,True,6.5439,-1.502138,-1.940295,0.210878,3.237448,-0.566677,double_block,4.9346,1.3261,2,v4,train,0,0.45
train,/root/leo_ws/src/leo_pybullet/worlds/benchmark_v3_curriculum/train/world_medium_direct_block_seed_000106.yaml,106,medium,4,4,8,True,4.3896,4.064753,-0.176486,3.025211,0.470868,0.228486,direct_block,3.6166,1.2137,,v3,train,general_replay,0.15
train,/root/leo_ws/src/leo_pybullet/worlds/benchmark_v4_hard/train/world_easy_direct_block_seed_300174.yaml,300174,easy,4,4,8,True,8.3153,0.75673,3.94722,-1.393545,2.228646,-3.56995,direct_block,7.6599,1.0856,1,v4,train,0,0.45
train,/root/leo_ws/src/leo_pybullet/worlds/benchmark_v3_curriculum/train/world_hard_direct_block_seed_000020.yaml,20,hard,6,4,10,True,5.6478,1.58316,2.265329,-1.140196,3.439238,-2.041467,direct_block,4.6897,1.2043,,v3,train,general_replay,0.15
train,/root/leo_ws/src/leo_pybullet/worlds/benchmark_v2/train/world_hard_seed_000044.yaml,44,hard,11,4,15,True,3.8514,1.754044,-3.335098,-1.729846,-1.047751,-1.830758,,,,,v2,train,0,0.40
train,/root/leo_ws/src/leo_pybullet/worlds/benchmark_v2/train/world_medium_seed_000232.yaml,232,medium,7,4,11,True,6.9771,3.261476,-3.705716,2.93871,3.940105,2.787728,,,,,v2,train,general_replay,0.40
train,/root/leo_ws/src/leo_pybullet/worlds/benchmark_v4_hard/train/world_medium_clear_seed_300019.yaml,300019,medium,8,4,12,False,5.76,1.508358,-3.41878,1.510614,1.496662,2.368237,clear,5.787,0.9953,0,v4,train,0,0.45
train,/root/leo_ws/src/leo_pybullet/worlds/benchmark_v4_hard/train/world_medium_direct_block_seed_300010.yaml,300010,medium,6,4,10,True,5.7302,-0.204988,-0.073494,2.354151,-3.832725,2.801972,direct_block,4.6291,1.2379,1,v4,train,0,0.45
train,/root/leo_ws/src/leo_pybullet/worlds/benchmark_v3_curriculum/train/world_easy_direct_block_seed_000069.yaml,69,easy,1,4,5,True,5.1565,-3.435383,-2.831224,0.378769,0.893553,-1.461694,direct_block,4.5404,1.1357,,v3,train,general_replay,0.15
train,/root/leo_ws/src/leo_pybullet/worlds/benchmark_v2/train/world_easy_seed_000159.yaml,159,easy,3,4,7,False,3.6947,-0.446435,0.148137,1.580983,-2.63484,-2.661073,,,,,v2,train,general_replay,0.40
train,/root/leo_ws/src/leo_pybullet/worlds/benchmark_v2/train/world_hard_seed_000242.yaml,242,hard,10,4,14,True,3.9314,-2.855029,-2.583815,1.407141,0.281807,-2.61849,,,,,v2,train,general_replay,0.40
train,/root/leo_ws/src/leo_pybullet/worlds/benchmark_v4_hard/train/world_medium_double_block_seed_300340.yaml,300340,medium,6,4,10,True,6.9633,-1.348981,-3.210317,1.79442,-3.136766,2.041093,double_block,5.5474,1.2552,2,v4_focused,train,5,focused_failure
train,/root/leo_ws/src/leo_pybullet/worlds/benchmark_v3_curriculum/train/world_easy_clear_seed_000219.yaml,219,easy,2,4,6,False,8.2467,3.065412,-1.117272,-2.845844,-4.062264,-3.810847,clear,7.6197,1.0823,,v3,train,general_replay,0.15
train,/root/leo_ws/src/leo_pybullet/worlds/benchmark_v3_curriculum/train/world_medium_direct_block_seed_000169.yaml,169,medium,3,4,7,True,5.0433,2.813603,2.812618,-2.311021,0.289836,-0.248774,direct_block,3.9676,1.2711,,v3,train,0,0.15
train,/root/leo_ws/src/leo_pybullet/worlds/benchmark_v2/train/world_easy_seed_000126.yaml,126,easy,4,4,8,True,7.1849,0.830641,-2.196814,-1.702829,-2.825208,3.308068,,,,,v2,train,0,0.40
train,/root/leo_ws/src/leo_pybullet/worlds/benchmark_v4_hard/train/world_medium_double_block_seed_300157.yaml,300157,medium,9,4,13,True,7.2365,-0.159971,-1.524641,1.242062,2.273659,4.082175,double_block,6.1122,1.1839,2,v4,train,0,0.45
train,/root/leo_ws/src/leo_pybullet/worlds/benchmark_v3_curriculum/train/world_easy_clear_seed_000267.yaml,267,easy,1,4,5,False,7.1906,0.703503,-3.927827,2.185573,-3.129445,1.614465,clear,6.7386,1.0671,,v3,train,0,0.15
train,/root/leo_ws/src/leo_pybullet/worlds/benchmark_v4_hard/train/world_hard_direct_block_seed_300374.yaml,300374,hard,13,4,17,True,6.7176,2.181369,2.284328,2.795766,-3.255267,4.104153,direct_block,5.7331,1.1717,1,v4_focused,train,8,focused_failure
train,/root/leo_ws/src/leo_pybullet/worlds/benchmark_v2/train/world_easy_seed_000063.yaml,63,easy,3,4,7,False,7.85,3.843513,-3.236648,-2.951956,-2.307015,0.862308,,,,,v2,train,0,0.40
train,/root/leo_ws/src/leo_pybullet/worlds/benchmark_v4_hard/train/world_hard_double_block_seed_300425.yaml,300425,hard,11,4,15,True,6.4971,-3.98623,-1.786928,0.85053,-0.784891,2.181947,double_block,5.0991,1.2742,2,v4,train,0,0.45
train,/root/leo_ws/src/leo_pybullet/worlds/benchmark_v2/train/world_medium_seed_000283.yaml,283,medium,5,4,9,True,7.1267,0.248389,-2.061981,0.796513,2.991344,3.984328,,,,,v2,train,0,0.40
train,/root/leo_ws/src/leo_pybullet/worlds/benchmark_v2/train/world_hard_seed_000116.yaml,116,hard,12,4,16,True,6.1027,-1.756132,2.199757,2.937442,-3.302221,-3.200022,,,,,v2,train,general_replay,0.40
train,/root/leo_ws/src/leo_pybullet/worlds/benchmark_v2/train/world_easy_seed_000048.yaml,48,easy,4,4,8,True,6.3929,1.860648,-0.558039,0.988752,-3.004616,2.669248,,,,,v2,train,general_replay,0.40
train,/root/leo_ws/src/leo_pybullet/worlds/benchmark_v4_hard/train/world_easy_double_block_seed_300264.yaml,300264,easy,5,4,9,True,6.7267,4.170995,1.385466,-1.933721,2.806012,-4.09408,double_block,5.647,1.1912,2,v4,train,0,0.45
train,/root/leo_ws/src/leo_pybullet/worlds/benchmark_v4_hard/train/world_hard_direct_block_seed_300098.yaml,300098,hard,13,4,17,True,6.4971,-2.45126,-2.139854,0.103157,2.75574,-1.72121,direct_block,5.2238,1.2437,1,v4_focused,train,3,focused_failure
train,/root/leo_ws/src/leo_pybullet/worlds/benchmark_v4_hard/train/world_hard_double_block_seed_300152.yaml,300152,hard,12,4,16,True,8.1335,-1.43495,3.870661,-0.579089,4.008286,-0.371491,double_block,6.9011,1.1786,2,v4_focused,train,0,focused_failure
train,/root/leo_ws/src/leo_pybullet/worlds/benchmark_v3_curriculum/train/world_easy_direct_block_seed_000252.yaml,252,easy,1,4,5,True,7.4102,3.879259,-1.768304,-3.060067,-3.010919,-2.598391,direct_block,6.94,1.0678,,v3,train,general_replay,0.15
train,/root/leo_ws/src/leo_pybullet/worlds/benchmark_v2/train/world_medium_seed_000067.yaml,67,medium,5,4,9,True,5.5016,-0.106238,-1.931175,1.039256,3.386712,1.251051,,,,,v2,train,0,0.40
train,/root/leo_ws/src/leo_pybullet/worlds/benchmark_v4_hard/train/world_medium_clear_seed_300319.yaml,300319,medium,9,4,13,False,5.8216,-1.727455,-3.202759,0.517448,3.236104,-1.163174,clear,5.3663,1.0848,0,v4,train,0,0.45
train,/root/leo_ws/src/leo_pybullet/worlds/benchmark_v2/train/world_medium_seed_000169.yaml,169,medium,7,4,11,True,4.9027,-2.82644,0.09207,2.079083,0.269337,2.879806,,,,,v2,train,general_replay,0.40
train,/root/leo_ws/src/leo_pybullet/worlds/benchmark_v3_curriculum/train/world_easy_clear_seed_000111.yaml,111,easy,1,4,5,False,6.5245,3.57976,-1.564217,3.057938,-2.599225,-0.705743,clear,6.2383,1.0459,,v3,train,general_replay,0.15
train,/root/leo_ws/src/leo_pybullet/worlds/benchmark_v2/train/world_medium_seed_000088.yaml,88,medium,8,4,12,False,6.2467,-1.45457,-2.740667,-3.092495,-4.224616,2.335434,,,,,v2,train,0,0.40
train,/root/leo_ws/src/leo_pybullet/worlds/benchmark_v4_hard/train/world_medium_double_block_seed_300028.yaml,300028,medium,7,4,11,True,8.9643,-1.410634,2.478793,-0.816045,3.495932,-3.773114,double_block,7.9474,1.128,2,v4_focused,train,3,focused_failure
train,/root/leo_ws/src/leo_pybullet/worlds/benchmark_v4_hard/train/world_easy_clear_seed_300123.yaml,300123,easy,4,4,8,False,4.9667,-1.452935,-4.102731,2.117512,-4.161684,-0.276693,clear,4.6878,1.0595,0,v4,train,0,0.45
train,/root/leo_ws/src/leo_pybullet/worlds/benchmark_v2/train/world_hard_seed_000254.yaml,254,hard,10,4,14,True,4.3508,-0.782329,-1.392463,2.991331,-4.319162,0.002568,,,,,v2,train,0,0.40
train,/root/leo_ws/src/leo_pybullet/worlds/benchmark_v3_curriculum/train/world_medium_direct_block_seed_000118.yaml,118,medium,4,4,8,True,5.0902,0.479056,2.683418,-1.942752,-1.192397,-1.431722,direct_block,4.4416,1.146,,v3,train,general_replay,0.15
train,/root/leo_ws/src/leo_pybullet/worlds/benchmark_v2/train/world_hard_seed_000053.yaml,53,hard,12,4,16,False,5.2398,-1.21186,-0.394614,2.584388,-4.078423,3.733042,,,,,v2,train,0,0.40
train,/root/leo_ws/src/leo_pybullet/worlds/benchmark_v2/train/world_hard_seed_000191.yaml,191,hard,12,4,16,True,6.9827,3.231298,0.115757,0.876334,-3.088629,-0.843437,,,,,v2,train,0,0.40
train,/root/leo_ws/src/leo_pybullet/worlds/benchmark_v4_hard/train/world_hard_direct_block_seed_300182.yaml,300182,hard,10,4,14,True,5.6502,1.477945,2.469756,-2.186706,-1.312292,-1.12887,direct_block,4.5536,1.2408,1,v4_focused,train,5,focused_failure
train,/root/leo_ws/src/leo_pybullet/worlds/benchmark_v2/train/world_easy_seed_000279.yaml,279,easy,3,4,7,True,7.8159,-1.723002,-3.044742,-2.551202,-0.043271,4.078771,,,,,v2,train,0,0.40
train,/root/leo_ws/src/leo_pybullet/worlds/benchmark_v2/train/world_hard_seed_000164.yaml,164,hard,8,4,12,True,5.6171,4.300053,-2.12788,-2.602688,-0.091833,-1.005866,,,,,v2,train,0,0.40
train,/root/leo_ws/src/leo_pybullet/worlds/benchmark_v3_curriculum/train/world_hard_clear_seed_000179.yaml,179,hard,4,4,8,False,4.6022,0.498454,4.084065,-2.767979,-3.306837,2.304063,clear,4.201,1.0955,,v3,train,0,0.15
train,/root/leo_ws/src/leo_pybullet/worlds/benchmark_v2/train/world_hard_seed_000035.yaml,35,hard,12,4,16,True,8.2684,-2.156308,-3.812242,1.884747,0.224057,3.156348,,,,,v2,train,general_replay,0.40
train,/root/leo_ws/src/leo_pybullet/worlds/benchmark_v2/train/world_easy_seed_000060.yaml,60,easy,3,4,7,True,6.8729,-3.00901,-2.352035,2.986363,-0.143489,3.351789,,,,,v2,train,0,0.40
train,/root/leo_ws/src/leo_pybullet/worlds/benchmark_v2/train/world_hard_seed_000158.yaml,158,hard,9,4,13,True,6.1714,-3.459031,-0.709458,0.835152,2.35727,-1.483241,,,,,v2,train,0,0.40
train,/root/leo_ws/src/leo_pybullet/worlds/benchmark_v2/train/world_medium_seed_000112.yaml,112,medium,8,4,12,False,3.4571,1.422933,-1.196323,0.599417,0.228713,-4.113796,,,,,v2,train,general_replay,0.40
train,/root/leo_ws/src/leo_pybullet/worlds/benchmark_v4_hard/train/world_hard_clear_seed_300107.yaml,300107,hard,12,4,16,False,5.2114,-3.966674,2.43023,-1.442479,-3.125256,-2.45888,clear,4.961,1.0505,0,v4,train,0,0.45
train,/root/leo_ws/src/leo_pybullet/worlds/benchmark_v2/train/world_hard_seed_000239.yaml,239,hard,8,4,12,True,5.921,1.832008,-0.72274,-0.576018,-0.555923,4.170043,,,,,v2,train,0,0.40
train,/root/leo_ws/src/leo_pybullet/worlds/benchmark_v2/train/world_hard_seed_000275.yaml,275,hard,8,4,12,True,5.0959,1.101998,3.174025,-0.378204,1.037706,-1.241987,,,,,v2,train,0,0.40
train,/root/leo_ws/src/leo_pybullet/worlds/benchmark_v4_hard/train/world_medium_double_block_seed_300136.yaml,300136,medium,6,4,10,True,7.8765,-0.688403,-2.377802,-0.14469,4.076534,-3.611005,double_block,4.9219,1.6003,2,v4,train,0,0.45
train,/root/leo_ws/src/leo_pybullet/worlds/benchmark_v3_curriculum/train/world_medium_direct_block_seed_000028.yaml,28,medium,2,4,6,True,7.2867,1.172442,2.241088,-2.233255,-2.457166,-3.023314,direct_block,6.3944,1.1395,,v3,train,general_replay,0.15
train,/root/leo_ws/src/leo_pybullet/worlds/benchmark_v4_hard/train/world_medium_clear_seed_300259.yaml,300259,medium,7,4,11,False,5.9655,-2.872655,-2.062386,0.95589,0.328953,2.560071,clear,5.6229,1.0609,0,v4,train,0,0.45
train,/root/leo_ws/src/leo_pybullet/worlds/benchmark_v2/train/world_hard_seed_000089.yaml,89,hard,8,4,12,True,4.2376,1.768099,-2.098461,2.180634,-1.35475,-3.787288,,,,,v2,train,general_replay,0.40
train,/root/leo_ws/src/leo_pybullet/worlds/benchmark_v4_hard/train/world_medium_double_block_seed_300061.yaml,300061,medium,6,4,10,True,6.2765,3.805869,3.36133,-1.561784,4.044949,-1.399561,double_block,4.7669,1.3167,2,v4_focused,train,2,focused_failure
train,/root/leo_ws/src/leo_pybullet/worlds/benchmark_v2/train/world_medium_seed_000220.yaml,220,medium,6,4,10,False,4.4857,-0.393711,1.917141,-1.092394,-0.745004,-2.448148,,,,,v2,train,general_replay,0.40
train,/root/leo_ws/src/leo_pybullet/worlds/benchmark_v3_curriculum/train/world_hard_direct_block_seed_000224.yaml,224,hard,4,4,8,True,5.5096,2.923677,-0.299707,1.217419,4.179384,4.009228,direct_block,4.4882,1.2276,,v3,train,general_replay,0.15
train,/root/leo_ws/src/leo_pybullet/worlds/benchmark_v4_hard/train/world_medium_direct_block_seed_300190.yaml,300190,medium,7,4,11,True,5.3278,2.278976,-0.94117,-2.8409,-2.096545,-2.031787,direct_block,4.5094,1.1815,1,v4,train,0,0.45
train,/root/leo_ws/src/leo_pybullet/worlds/benchmark_v2/train/world_hard_seed_000269.yaml,269,hard,8,4,12,True,5.1702,-1.415047,1.511471,1.778441,3.020152,3.003181,,,,,v2,train,0,0.40
train,/root/leo_ws/src/leo_pybullet/worlds/benchmark_v2/train/world_hard_seed_000044.yaml,44,hard,11,4,15,True,3.8514,1.754044,-3.335098,-1.729846,-1.047751,-1.830758,,,,,v2,train,0,0.40
train,/root/leo_ws/src/leo_pybullet/worlds/benchmark_v4_hard/train/world_easy_direct_block_seed_300222.yaml,300222,easy,4,4,8,True,5.4959,0.096525,-0.193233,2.096689,-1.871131,4.087507,direct_block,4.7113,1.1665,1,v4_focused,train,4,focused_failure
train,/root/leo_ws/src/leo_pybullet/worlds/benchmark_v2/train/world_easy_seed_000294.yaml,294,easy,2,4,6,True,8.009,3.727268,3.64457,0.431022,-3.55915,1.86193,,,,,v2,train,0,0.40
train,/root/leo_ws/src/leo_pybullet/worlds/benchmark_v3_curriculum/train/world_hard_direct_block_seed_000212.yaml,212,hard,5,4,9,True,4.9302,0.88859,-0.187537,1.788909,-0.269266,3.634628,direct_block,3.9937,1.2345,,v3,train,general_replay,0.15
train,/root/leo_ws/src/leo_pybullet/worlds/benchmark_v4_hard/train/world_easy_direct_block_seed_300414.yaml,300414,easy,3,4,7,True,7.5461,-3.589263,-0.530405,0.724027,1.360294,3.773647,direct_block,6.5592,1.1505,1,v4,train,0,0.45
train,/root/leo_ws/src/leo_pybullet/worlds/benchmark_v2/train/world_easy_seed_000177.yaml,177,easy,2,4,6,False,6.5884,0.71889,1.823409,2.069574,2.684366,-3.973162,,,,,v2,train,0,0.40
train,/root/leo_ws/src/leo_pybullet/worlds/benchmark_v4_hard/train/world_hard_direct_block_seed_300062.yaml,300062,hard,14,4,18,True,8.1998,3.226089,-2.455293,3.035823,-3.464815,-1.050806,direct_block,6.8367,1.1994,1,v4_focused,train,4,focused_failure
train,/root/leo_ws/src/leo_pybullet/worlds/benchmark_v2/train/world_medium_seed_000025.yaml,25,medium,8,4,12,True,8.2078,-0.229928,3.114975,0.406758,2.239243,-4.047936,,,,,v2,train,0,0.40
train,/root/leo_ws/src/leo_pybullet/worlds/benchmark_v2/train/world_medium_seed_000073.yaml,73,medium,7,4,11,True,4.9222,-0.832895,0.004404,-0.55546,-0.42729,-4.157723,,,,,v2,train,general_replay,0.40
train,/root/leo_ws/src/leo_pybullet/worlds/benchmark_v2/train/world_hard_seed_000296.yaml,296,hard,8,4,12,False,3.8022,-2.144129,0.013719,0.446912,-3.948517,3.077865,,,,,v2,train,0,0.40
train,/root/leo_ws/src/leo_pybullet/worlds/benchmark_v2/train/world_medium_seed_000130.yaml,130,medium,8,4,12,True,7.2502,2.094949,2.590202,-1.633546,1.281031,-4.15915,,,,,v2,train,0,0.40
train,/root/leo_ws/src/leo_pybullet/worlds/benchmark_v2/train/world_easy_seed_000081.yaml,81,easy,4,4,8,False,4.9771,-1.408636,0.274322,-2.206339,-0.183364,-4.199041,,,,,v2,train,general_replay,0.40
train,/root/leo_ws/src/leo_pybullet/worlds/benchmark_v4_hard/train/world_hard_double_block_seed_300152.yaml,300152,hard,12,4,16,True,8.1335,-1.43495,3.870661,-0.579089,4.008286,-0.371491,double_block,6.9011,1.1786,2,v4_focused,train,1,focused_failure
train,/root/leo_ws/src/leo_pybullet/worlds/benchmark_v4_hard/train/world_easy_direct_block_seed_300294.yaml,300294,easy,4,4,8,True,8.1061,-3.753598,-2.705033,0.653452,1.597701,1.901759,direct_block,7.0611,1.148,1,v4,train,0,0.45
train,/root/leo_ws/src/leo_pybullet/worlds/benchmark_v2/train/world_hard_seed_000203.yaml,203,hard,8,4,12,True,4.5108,-0.068701,3.682327,2.993882,-4.099098,4.287119,,,,,v2,train,0,0.40
train,/root/leo_ws/src/leo_pybullet/worlds/benchmark_v2/train/world_hard_seed_000008.yaml,8,hard,9,4,13,True,6.4616,2.707997,0.055335,-0.079155,-0.863821,-4.086445,,,,,v2,train,general_replay,0.40
train,/root/leo_ws/src/leo_pybullet/worlds/benchmark_v3_curriculum/train/world_medium_clear_seed_000055.yaml,55,medium,2,4,6,False,6.2731,-3.572859,-2.687961,1.632427,-3.497671,3.535847,clear,6.2243,1.0079,,v3,train,general_replay,0.15
train,/root/leo_ws/src/leo_pybullet/worlds/benchmark_v4_hard/train/world_medium_double_block_seed_300289.yaml,300289,medium,9,4,13,True,8.1359,0.243106,-3.724881,1.097794,3.020296,2.685717,double_block,6.9863,1.1645,2,v4,train,0,0.45
train,/root/leo_ws/src/leo_pybullet/worlds/benchmark_v4_hard/train/world_easy_clear_seed_300099.yaml,300099,easy,5,4,9,False,7.4594,3.867209,3.483005,-1.659873,3.676694,-3.879054,clear,7.3645,1.0129,0,v4,train,0,0.45
train,/root/leo_ws/src/leo_pybullet/worlds/benchmark_v4_hard/train/world_medium_double_block_seed_300097.yaml,300097,medium,7,4,11,True,8.9771,-4.024735,-3.218049,1.433895,-3.56849,1.292012,double_block,4.5331,1.9803,2,v4,train,0,0.45
train,/root/leo_ws/src/leo_pybullet/worlds/benchmark_v2/train/world_medium_seed_000199.yaml,199,medium,7,4,11,False,5.3359,3.016133,1.454644,0.057625,-1.662063,-0.195595,,,,,v2,train,0,0.40
train,/root/leo_ws/src/leo_pybullet/worlds/benchmark_v4_hard/train/world_medium_direct_block_seed_300118.yaml,300118,medium,7,4,11,True,8.1861,-2.775109,0.183679,-0.624216,3.590486,-3.400875,direct_block,7.3055,1.1205,1,v4_focused,train,2,focused_failure
train,/root/leo_ws/src/leo_pybullet/worlds/benchmark_v4_hard/train/world_hard_direct_block_seed_300014.yaml,300014,hard,12,4,16,True,7.8239,-1.483921,-3.582866,1.75184,-2.614877,2.509943,direct_block,6.1969,1.2626,1,v4_focused,train,0,focused_failure
train,/root/leo_ws/src/leo_pybullet/worlds/benchmark_v4_hard/train/world_medium_double_block_seed_300361.yaml,300361,medium,8,4,12,True,6.9278,-2.571117,-3.718554,0.270467,2.554873,-2.161543,double_block,5.3572,1.2932,2,v4_focused,train,4,focused_failure
train,/root/leo_ws/src/leo_pybullet/worlds/benchmark_v2/train/world_medium_seed_000253.yaml,253,medium,8,4,12,True,9.9163,-3.080621,1.356425,-0.339145,4.217598,-3.799525,,,,,v2,train,general_replay,0.40
train,/root/leo_ws/src/leo_pybullet/worlds/benchmark_v2/train/world_medium_seed_000022.yaml,22,medium,6,4,10,True,9.1769,3.294041,2.545418,-2.829561,-3.65698,-2.007387,,,,,v2,train,0,0.40
train,/root/leo_ws/src/leo_pybullet/worlds/benchmark_v4_hard/train/world_hard_double_block_seed_300089.yaml,300089,hard,10,4,14,True,5.8651,0.505766,-1.02654,2.791374,-3.631733,0.753188,double_block,4.504,1.3022,2,v4,train,0,0.45
train,/root/leo_ws/src/leo_pybullet/worlds/benchmark_v4_hard/train/world_hard_double_block_seed_300200.yaml,300200,hard,11,4,15,True,12.178,-3.348243,-1.977686,-0.439913,3.024712,-4.085313,double_block,6.7124,1.8143,2,v4,train,0,0.45
train,/root/leo_ws/src/leo_pybullet/worlds/benchmark_v3_curriculum/train/world_medium_clear_seed_000103.yaml,103,medium,4,4,8,False,5.281,-0.371465,1.8602,-1.139442,1.996533,-2.423336,clear,4.8945,1.079,,v3,train,general_replay,0.15
train,/root/leo_ws/src/leo_pybullet/worlds/benchmark_v2/train/world_hard_seed_000248.yaml,248,hard,11,4,15,True,5.2559,-1.52567,3.028448,-2.599285,1.655972,-0.064977,,,,,v2,train,general_replay,0.40
train,/root/leo_ws/src/leo_pybullet/worlds/benchmark_v3_curriculum/train/world_easy_direct_block_seed_000009.yaml,9,easy,2,4,6,True,5.9953,0.962329,-1.979357,2.348965,-2.667768,1.50147,direct_block,5.0293,1.1921,,v3,train,general_replay,0.15
train,/root/leo_ws/src/leo_pybullet/worlds/benchmark_v2/train/world_hard_seed_000227.yaml,227,hard,11,4,15,True,4.8639,3.972772,-1.135145,-0.532796,-0.470946,-2.245637,,,,,v2,train,general_replay,0.40
train,/root/leo_ws/src/leo_pybullet/worlds/benchmark_v4_hard/train/world_easy_clear_seed_300015.yaml,300015,easy,5,4,9,False,5.8798,1.050833,-2.880979,1.147524,3.897318,1.766115,clear,5.4496,1.0789,0,v4,train,0,0.45
train,/root/leo_ws/src/leo_pybullet/worlds/benchmark_v4_hard/train/world_hard_direct_block_seed_300362.yaml,300362,hard,12,4,16,True,6.9908,-2.895741,-3.057862,1.095146,-0.836803,2.465023,direct_block,5.8942,1.186,1,v4,train,0,0.45
train,/root/leo_ws/src/leo_pybullet/worlds/benchmark_v3_curriculum/train/world_easy_direct_block_seed_000174.yaml,174,easy,1,4,5,True,6.3896,0.843775,1.679101,-1.425343,1.40552,-4.10995,direct_block,5.8162,1.0986,,v3,train,general_replay,0.15
train,/root/leo_ws/src/leo_pybullet/worlds/benchmark_v4_hard/train/world_hard_double_block_seed_300164.yaml,300164,hard,12,4,16,True,10.3404,-3.291093,3.71797,-1.611516,-4.094842,-2.543565,double_block,6.3129,1.638,2,v4_focused,train,0,focused_failure
train,/root/leo_ws/src/leo_pybullet/worlds/benchmark_v4_hard/train/world_hard_clear_seed_300383.yaml,300383,hard,13,4,17,False,7.0925,1.60308,-3.096596,1.651436,1.352118,3.862783,clear,6.9639,1.0185,0,v4,train,0,0.45
train,/root/leo_ws/src/leo_pybullet/worlds/benchmark_v3_curriculum/train/world_hard_clear_seed_000131.yaml,131,hard,5,4,9,False,4.2263,-1.08418,0.067989,-1.480457,-0.91035,-4.105773,clear,4.1774,1.0117,,v3,train,general_replay,0.15
train,/root/leo_ws/src/leo_pybullet/worlds/benchmark_v2/train/world_medium_seed_000226.yaml,226,medium,8,4,12,True,5.0902,1.231772,0.771686,-0.985322,3.458949,-2.851403,,,,,v2,train,general_replay,0.40
train,/root/leo_ws/src/leo_pybullet/worlds/benchmark_v4_hard/train/world_easy_clear_seed_300339.yaml,300339,easy,4,4,8,False,7.8741,-2.81579,4.008121,-1.242363,-0.400909,-2.838457,clear,7.26,1.0846,0,v4,train,0,0.45
train,/root/leo_ws/src/leo_pybullet/worlds/benchmark_v4_hard/train/world_medium_direct_block_seed_300094.yaml,300094,medium,9,4,13,True,7.9186,-3.258769,2.682181,0.129422,3.268026,3.921574,direct_block,6.6434,1.1919,1,v4_focused,train,3,focused_failure
train,/root/leo_ws/src/leo_pybullet/worlds/benchmark_v3_curriculum/train/world_easy_direct_block_seed_000189.yaml,189,easy,2,4,6,True,4.8559,-2.863622,1.235178,-1.467115,-2.580766,-2.903418,direct_block,4.1483,1.1706,,v3,train,0,0.15
train,/root/leo_ws/src/leo_pybullet/worlds/benchmark_v4_hard/train/world_medium_double_block_seed_300181.yaml,300181,medium,9,4,13,True,5.8982,-0.353764,-0.328898,2.005819,-1.831678,4.06008,double_block,4.6311,1.2736,2,v4_focused,train,5,focused_failure
train,/root/leo_ws/src/leo_pybullet/worlds/benchmark_v4_hard/train/world_easy_clear_seed_300351.yaml,300351,easy,5,4,9,False,6.881,-2.715758,2.868415,-1.056033,-0.375686,-3.048677,clear,6.363,1.0814,0,v4,train,0,0.45
train,/root/leo_ws/src/leo_pybullet/worlds/benchmark_v4_hard/train/world_medium_double_block_seed_300124.yaml,300124,medium,8,4,12,True,6.5771,1.749636,-3.357842,2.356307,-2.447112,-0.171617,double_block,5.2692,1.2482,2,v4,train,0,0.45
train,/root/leo_ws/src/leo_pybullet/worlds/benchmark_v4_hard/train/world_easy_direct_block_seed_300414.yaml,300414,easy,3,4,7,True,7.5461,-3.589263,-0.530405,0.724027,1.360294,3.773647,direct_block,6.5592,1.1505,1,v4,train,0,0.45
train,/root/leo_ws/src/leo_pybullet/worlds/benchmark_v2/train/world_medium_seed_000190.yaml,190,medium,5,4,9,True,9.0888,-3.705083,-3.606889,0.186935,1.795743,2.57749,,,,,v2,train,general_replay,0.40
train,/root/leo_ws/src/leo_pybullet/worlds/benchmark_v4_hard/train/world_hard_double_block_seed_300077.yaml,300077,hard,12,4,16,True,6.5027,-2.463709,2.378015,-1.77945,-3.384729,-2.180983,double_block,4.6511,1.3981,2,v4_focused,train,1,focused_failure
train,/root/leo_ws/src/leo_pybullet/worlds/benchmark_v4_hard/train/world_easy_clear_seed_300255.yaml,300255,easy,4,4,8,False,5.0982,4.24227,2.521677,2.948457,-0.534239,3.264519,clear,4.8339,1.0547,0,v4,train,0,0.45
train,/root/leo_ws/src/leo_pybullet/worlds/benchmark_v2/train/world_medium_seed_000007.yaml,7,medium,7,4,11,False,3.8457,-0.915036,-3.929908,0.520172,2.795086,-3.531069,,,,,v2,train,general_replay,0.40
train,/root/leo_ws/src/leo_pybullet/worlds/benchmark_v4_hard/train/world_hard_clear_seed_300443.yaml,300443,hard,11,4,15,False,6.1633,-0.167073,-2.869123,1.342518,1.121002,2.781502,clear,5.7956,1.0635,0,v4,train,0,0.45
train,/root/leo_ws/src/leo_pybullet/worlds/benchmark_v4_hard/train/world_hard_double_block_seed_300020.yaml,300020,hard,12,4,16,True,8.1804,-1.960542,-1.085359,0.629666,3.186043,3.477221,double_block,6.8778,1.1894,2,v4_focused,train,2,focused_failure
train,/root/leo_ws/src/leo_pybullet/worlds/benchmark_v3_curriculum/train/world_hard_direct_block_seed_000041.yaml,41,hard,5,4,9,True,8.2192,-1.426089,4.187106,-0.747805,3.417048,-0.972147,direct_block,7.0763,1.1615,,v3,train,0,0.15
train,/root/leo_ws/src/leo_pybullet/worlds/benchmark_v3_curriculum/train/world_hard_direct_block_seed_000128.yaml,128,hard,4,4,8,True,6.1084,-0.801866,-1.156207,1.414976,-0.142818,4.124384,direct_block,5.3216,1.1479,,v3,train,0,0.15
train,/root/leo_ws/src/leo_pybullet/worlds/benchmark_v3_curriculum/train/world_hard_clear_seed_000095.yaml,95,hard,6,4,10,False,4.1131,-3.159257,-0.051223,-1.620032,-3.064246,-4.140651,clear,4.0905,1.0055,,v3,train,general_replay,0.15
train,/root/leo_ws/src/leo_pybullet/worlds/benchmark_v2/train/world_easy_seed_000285.yaml,285,easy,4,4,8,False,6.0786,-0.395674,-1.16054,1.305519,2.883753,3.597433,,,,,v2,train,0,0.40
train,/root/leo_ws/src/leo_pybullet/worlds/benchmark_v2/train/world_hard_seed_000287.yaml,287,hard,12,4,16,True,4.872,-2.055992,3.905086,-1.728696,-0.721458,0.562311,,,,,v2,train,general_replay,0.40
train,/root/leo_ws/src/leo_pybullet/worlds/benchmark_v4_hard/train/world_easy_double_block_seed_300381.yaml,300381,easy,5,4,9,True,6.1576,0.730153,-3.818305,2.970569,-4.01403,-2.368283,double_block,4.9608,1.2413,2,v4,train,0,0.45
train,/root/leo_ws/src/leo_pybullet/worlds/benchmark_v2/train/world_medium_seed_000070.yaml,70,medium,5,4,9,True,5.2365,-0.352925,-3.163679,1.092894,4.307028,-3.004597,,,,,v2,train,general_replay,0.40
train,/root/leo_ws/src/leo_pybullet/worlds/benchmark_v2/train/world_easy_seed_000108.yaml,108,easy,2,4,6,False,6.6272,-3.610922,1.407468,2.953205,1.985991,-1.060233,,,,,v2,train,0,0.40
train,/root/leo_ws/src/leo_pybullet/worlds/benchmark_v3_curriculum/train/world_easy_direct_block_seed_000237.yaml,237,easy,2,4,6,True,8.409,3.443026,3.996743,-1.74833,2.501677,-3.731534,direct_block,7.7854,1.0801,,v3,train,general_replay,0.15
train,/root/leo_ws/src/leo_pybullet/worlds/benchmark_v4_hard/train/world_easy_direct_block_seed_300066.yaml,300066,easy,5,4,9,True,7.689,1.626192,-4.165543,1.379986,2.593615,2.784766,direct_block,7.0173,1.0957,1,v4,train,0,0.45
train,/root/leo_ws/src/leo_pybullet/worlds/benchmark_v4_hard/train/world_hard_direct_block_seed_300446.yaml,300446,hard,13,4,17,True,9.0135,-4.007741,-0.436226,0.599462,2.580806,3.50856,direct_block,7.6792,1.1738,1,v4_focused,train,6,focused_failure
train,/root/leo_ws/src/leo_pybullet/worlds/benchmark_v2/train/world_hard_seed_000197.yaml,197,hard,12,4,16,True,7.6729,-2.929133,1.661703,-0.096705,0.72338,-4.010067,,,,,v2,train,general_replay,0.40
train,/root/leo_ws/src/leo_pybullet/worlds/benchmark_v2/train/world_hard_seed_000206.yaml,206,hard,8,4,12,True,7.9565,4.129003,-2.40051,-1.584888,-3.239905,-2.443097,,,,,v2,train,general_replay,0.40
train,/root/leo_ws/src/leo_pybullet/worlds/benchmark_v4_hard/train/world_hard_direct_block_seed_300338.yaml,300338,hard,12,4,16,True,6.4308,1.378325,-1.277649,2.009917,-0.30268,3.657343,direct_block,5.2134,1.2335,1,v4_focused,train,1,focused_failure
train,/root/leo_ws/src/leo_pybullet/worlds/benchmark_v2/train/world_medium_seed_000295.yaml,295,medium,7,4,11,False,5.4159,3.611358,-2.104005,-1.81948,1.952278,2.604011,,,,,v2,train,general_replay,0.40
train,/root/leo_ws/src/leo_pybullet/worlds/benchmark_v4_hard/train/world_medium_double_block_seed_300424.yaml,300424,medium,9,4,13,True,9.6261,-1.290753,3.750753,-1.131645,3.094329,-3.22382,double_block,8.2385,1.1684,2,v4,train,0,0.45
train,/root/leo_ws/src/leo_pybullet/worlds/benchmark_v4_hard/train/world_hard_double_block_seed_300320.yaml,300320,hard,10,4,14,True,6.249,-3.188457,3.524792,-1.01564,-0.650338,-0.432942,double_block,4.7017,1.3291,2,v4_focused,train,1,focused_failure
train,/root/leo_ws/src/leo_pybullet/worlds/benchmark_v2/train/world_easy_seed_000126.yaml,126,easy,4,4,8,True,7.1849,0.830641,-2.196814,-1.702829,-2.825208,3.308068,,,,,v2,train,0,0.40
train,/root/leo_ws/src/leo_pybullet/worlds/benchmark_v3_curriculum/train/world_hard_direct_block_seed_000266.yaml,266,hard,4,4,8,True,5.3714,0.35564,1.492294,-1.788699,-0.46148,-2.593455,direct_block,4.1667,1.2891,,v3,train,general_replay,0.15
train,/root/leo_ws/src/leo_pybullet/worlds/benchmark_v4_hard/train/world_hard_double_block_seed_300224.yaml,300224,hard,14,4,18,True,6.3176,-3.532611,-3.058598,-0.059266,0.953477,-3.532984,double_block,4.5111,1.4005,2,v4_focused,train,3,focused_failure
train,/root/leo_ws/src/leo_pybullet/worlds/benchmark_v4_hard/train/world_hard_double_block_seed_300092.yaml,300092,hard,11,4,15,True,10.0341,2.405601,4.167901,-1.60232,1.932252,-0.342622,double_block,4.5353,2.2125,2,v4_focused,train,0,focused_failure
train,/root/leo_ws/src/leo_pybullet/worlds/benchmark_v2/train/world_medium_seed_000295.yaml,295,medium,7,4,11,False,5.4159,3.611358,-2.104005,-1.81948,1.952278,2.604011,,,,,v2,train,general_replay,0.40
train,/root/leo_ws/src/leo_pybullet/worlds/benchmark_v2/train/world_easy_seed_000183.yaml,183,easy,2,4,6,True,5.5371,3.069425,-1.240578,-2.589718,2.539161,3.809524,,,,,v2,train,0,0.40
train,/root/leo_ws/src/leo_pybullet/worlds/benchmark_v2/train/world_hard_seed_000020.yaml,20,hard,9,4,13,True,4.6182,1.180815,3.523028,-2.077359,3.237534,0.634584,,,,,v2,train,0,0.40
train,/root/leo_ws/src/leo_pybullet/worlds/benchmark_v4_hard/train/world_hard_direct_block_seed_300050.yaml,300050,hard,10,4,14,True,6.7622,2.177548,-1.315827,2.533731,-2.092127,2.226546,direct_block,5.5478,1.2189,1,v4,train,0,0.45
train,/root/leo_ws/src/leo_pybullet/worlds/benchmark_v2/train/world_easy_seed_000030.yaml,30,easy,4,4,8,False,3.8022,0.965729,1.060322,-2.837009,2.845367,4.149279,,,,,v2,train,0,0.40
train,/root/leo_ws/src/leo_pybullet/worlds/benchmark_v4_hard/train/world_hard_double_block_seed_300449.yaml,300449,hard,12,4,16,True,8.5027,1.44954,-2.716499,2.151127,-1.792532,2.491355,double_block,6.1346,1.386,2,v4_focused,train,0,focused_failure
train,/root/leo_ws/src/leo_pybullet/worlds/benchmark_v4_hard/train/world_hard_clear_seed_300035.yaml,300035,hard,13,4,17,False,6.7792,4.095613,-0.200397,-2.614698,-1.413405,-3.247277,clear,6.2955,1.0768,0,v4,train,0,0.45
train,/root/leo_ws/src/leo_pybullet/worlds/benchmark_v2/train/world_easy_seed_000036.yaml,36,easy,3,4,7,True,9.6157,-4.168609,2.621908,-2.64777,3.561661,-1.875034,,,,,v2,train,0,0.40
train,/root/leo_ws/src/leo_pybullet/worlds/benchmark_v3_curriculum/train/world_easy_direct_block_seed_000189.yaml,189,easy,2,4,6,True,4.8559,-2.863622,1.235178,-1.467115,-2.580766,-2.903418,direct_block,4.1483,1.1706,,v3,train,general_replay,0.15
train,/root/leo_ws/src/leo_pybullet/worlds/benchmark_v4_hard/train/world_hard_clear_seed_300143.yaml,300143,hard,10,4,14,False,7.0708,0.569338,-3.886403,1.455722,1.610029,2.735342,clear,6.703,1.0549,0,v4_focused,train,1,focused_failure
train,/root/leo_ws/src/leo_pybullet/worlds/benchmark_v3_curriculum/train/world_easy_direct_block_seed_000141.yaml,141,easy,1,4,5,True,4.2651,-1.335805,-2.220876,1.141609,0.131089,1.00877,direct_block,3.5472,1.2024,,v3,train,general_replay,0.15
train,/root/leo_ws/src/leo_pybullet/worlds/benchmark_v3_curriculum/train/world_easy_clear_seed_000087.yaml,87,easy,1,4,5,False,6.8251,2.022278,3.188565,-1.429309,2.662447,-3.381404,clear,6.6011,1.0339,,v3,train,general_replay,0.15
train,/root/leo_ws/src/leo_pybullet/worlds/benchmark_v2/train/world_easy_seed_000093.yaml,93,easy,3,4,7,True,9.0614,1.93971,3.333268,-0.682229,-3.551264,-3.063959,,,,,v2,train,0,0.40
train,/root/leo_ws/src/leo_pybullet/worlds/benchmark_v2/train/world_medium_seed_000112.yaml,112,medium,8,4,12,False,3.4571,1.422933,-1.196323,0.599417,0.228713,-4.113796,,,,,v2,train,general_replay,0.40
train,/root/leo_ws/src/leo_pybullet/worlds/benchmark_v4_hard/train/world_hard_direct_block_seed_300194.yaml,300194,hard,11,4,15,True,7.1678,-2.618032,3.69064,-1.00545,1.01696,-1.120092,direct_block,6.0296,1.1888,1,v4_focused,train,5,focused_failure
train,/root/leo_ws/src/leo_pybullet/worlds/benchmark_v2/train/world_easy_seed_000096.yaml,96,easy,3,4,7,False,7.1745,1.508394,3.69109,-2.851836,-3.514779,-1.384522,,,,,v2,train,0,0.40
train,/root/leo_ws/src/leo_pybullet/worlds/benchmark_v2/train/world_easy_seed_000189.yaml,189,easy,3,4,7,False,8.6718,-1.647918,-4.031109,-2.417605,1.728565,3.269578,,,,,v2,train,0,0.40
train,/root/leo_ws/src/leo_pybullet/worlds/benchmark_v2/train/world_hard_seed_000143.yaml,143,hard,9,4,13,False,5.129,-3.951393,-2.383117,-0.031762,-2.222678,2.0279,,,,,v2,train,general_replay,0.40
train,/root/leo_ws/src/leo_pybullet/worlds/benchmark_v2/train/world_hard_seed_000122.yaml,122,hard,12,4,16,True,9.3837,3.235751,3.563017,-1.758003,-3.732437,-1.161008,,,,,v2,train,0,0.40
train,/root/leo_ws/src/leo_pybullet/worlds/benchmark_v2/train/world_easy_seed_000162.yaml,162,easy,2,4,6,False,9.9688,4.140818,3.989934,-2.403317,-0.434715,-4.123341,,,,,v2,train,0,0.40
train,/root/leo_ws/src/leo_pybullet/worlds/benchmark_v4_hard/train/world_hard_direct_block_seed_300254.yaml,300254,hard,14,4,18,True,7.4571,-0.275056,1.952041,-2.010447,-1.775966,-2.563152,direct_block,4.7581,1.5672,1,v4,train,0,0.45
train,/root/leo_ws/src/leo_pybullet/worlds/benchmark_v2/train/world_easy_seed_000012.yaml,12,easy,3,4,7,False,6.2102,0.253438,-1.306867,-0.109712,-1.029723,4.320613,,,,,v2,train,general_replay,0.40
train,/root/leo_ws/src/leo_pybullet/worlds/benchmark_v4_hard/train/world_hard_double_block_seed_300164.yaml,300164,hard,12,4,16,True,10.3404,-3.291093,3.71797,-1.611516,-4.094842,-2.543565,double_block,6.3129,1.638,2,v4_focused,train,2,focused_failure
train,/root/leo_ws/src/leo_pybullet/worlds/benchmark_v4_hard/train/world_hard_double_block_seed_300305.yaml,300305,hard,10,4,14,True,8.1108,-3.321655,4.132672,-1.515688,-2.253413,-2.265473,double_block,6.4867,1.2504,2,v4,train,0,0.45
train,/root/leo_ws/src/leo_pybullet/worlds/benchmark_v2/train/world_easy_seed_000120.yaml,120,easy,4,4,8,False,5.6147,-0.326606,-1.608233,1.400503,-2.489235,3.11328,,,,,v2,train,0,0.40
train,/root/leo_ws/src/leo_pybullet/worlds/benchmark_v3_curriculum/train/world_medium_direct_block_seed_000205.yaml,205,medium,3,4,7,True,5.4571,-0.154938,-3.41246,0.829121,2.939513,-0.268067,direct_block,4.4117,1.237,,v3,train,0,0.15
train,/root/leo_ws/src/leo_pybullet/worlds/benchmark_v2/train/world_medium_seed_000130.yaml,130,medium,8,4,12,True,7.2502,2.094949,2.590202,-1.633546,1.281031,-4.15915,,,,,v2,train,0,0.40
train,/root/leo_ws/src/leo_pybullet/worlds/benchmark_v2/train/world_hard_seed_000215.yaml,215,hard,8,4,12,True,5.0765,0.380008,-1.772748,1.423077,-4.078617,-3.352366,,,,,v2,train,0,0.40
train,/root/leo_ws/src/leo_pybullet/worlds/benchmark_v4_hard/train/world_hard_double_block_seed_300329.yaml,300329,hard,13,4,17,True,9.5849,2.506359,-3.808141,2.500245,-3.493024,1.786187,double_block,8.203,1.1685,2,v4,train,0,0.45
train,/root/leo_ws/src/leo_pybullet/worlds/benchmark_v2/train/world_hard_seed_000032.yaml,32,hard,8,4,12,False,6.1714,-3.091588,1.72568,-2.899374,-2.281184,-4.138402,,,,,v2,train,general_replay,0.40
train,/root/leo_ws/src/leo_pybullet/worlds/benchmark_v2/train/world_medium_seed_000151.yaml,151,medium,8,4,12,True,7.7861,3.921835,1.155262,2.626404,-2.569891,4.117918,,,,,v2,train,general_replay,0.40
train,/root/leo_ws/src/leo_pybullet/worlds/benchmark_v4_hard/train/world_medium_double_block_seed_300313.yaml,300313,medium,6,4,10,True,6.721,1.668459,-1.690455,2.717684,-3.03479,0.60592,double_block,5.2339,1.2841,2,v4,train,0,0.45
train,/root/leo_ws/src/leo_pybullet/worlds/benchmark_v4_hard/train/world_easy_double_block_seed_300201.yaml,300201,easy,5,4,9,True,6.7896,3.185151,1.925835,-1.602374,2.611412,-3.689111,double_block,5.6442,1.2029,2,v4,train,0,0.45
train,/root/leo_ws/src/leo_pybullet/worlds/benchmark_v2/train/world_hard_seed_000008.yaml,8,hard,9,4,13,True,6.4616,2.707997,0.055335,-0.079155,-0.863821,-4.086445,,,,,v2,train,0,0.40
train,/root/leo_ws/src/leo_pybullet/worlds/benchmark_v3_curriculum/train/world_easy_clear_seed_000123.yaml,123,easy,1,4,5,False,6.5894,-3.808836,-3.102012,0.780186,0.518177,1.714363,clear,6.4746,1.0177,,v3,train,general_replay,0.15
train,/root/leo_ws/src/leo_pybullet/worlds/benchmark_v4_hard/train/world_hard_double_block_seed_300380.yaml,300380,hard,11,4,15,True,6.409,-3.422224,2.123096,0.069779,1.227689,1.870886,double_block,4.6567,1.3763,2,v4_focused,train,0,focused_failure
train,/root/leo_ws/src/leo_pybullet/worlds/benchmark_v3_curriculum/train/world_hard_direct_block_seed_000182.yaml,182,hard,5,4,9,True,6.3953,-1.245213,-2.265831,1.548104,-1.532811,3.359819,direct_block,5.633,1.1353,,v3,train,0,0.15
train,/root/leo_ws/src/leo_pybullet/worlds/benchmark_v4_hard/train/world_hard_direct_block_seed_300014.yaml,300014,hard,12,4,16,True,7.8239,-1.483921,-3.582866,1.75184,-2.614877,2.509943,direct_block,6.1969,1.2626,1,v4_focused,train,5,focused_failure
train,/root/leo_ws/src/leo_pybullet/worlds/benchmark_v3_curriculum/train/world_medium_clear_seed_000103.yaml,103,medium,4,4,8,False,5.281,-0.371465,1.8602,-1.139442,1.996533,-2.423336,clear,4.8945,1.079,,v3,train,0,0.15
train,/root/leo_ws/src/leo_pybullet/worlds/benchmark_v3_curriculum/train/world_hard_clear_seed_000215.yaml,215,hard,4,4,8,False,5.9484,2.709724,-1.164539,2.753232,-2.411916,0.80138,clear,5.486,1.0843,,v3,train,0,0.15
train,/root/leo_ws/src/leo_pybullet/worlds/benchmark_v4_hard/train/world_easy_clear_seed_300051.yaml,300051,easy,4,4,8,False,8.4227,-1.029683,-3.930977,1.478792,0.564592,3.761153,clear,7.8556,1.0722,0,v4,train,0,0.45
train,/root/leo_ws/src/leo_pybullet/worlds/benchmark_v2/train/world_medium_seed_000229.yaml,229,medium,6,4,10,True,6.1245,0.992449,3.654673,0.046328,-0.051133,-1.777398,,,,,v2,train,0,0.40
train,/root/leo_ws/src/leo_pybullet/worlds/benchmark_v4_hard/train/world_easy_direct_block_seed_300198.yaml,300198,easy,3,4,7,True,7.5953,-3.135846,3.3247,-0.054791,3.645335,2.873349,direct_block,6.7962,1.1176,1,v4_focused,train,6,focused_failure
train,/root/leo_ws/src/leo_pybullet/worlds/benchmark_v3_curriculum/train/world_medium_direct_block_seed_000193.yaml,193,medium,4,4,8,True,6.401,-0.324494,3.66755,-2.037759,-2.777951,-1.725872,direct_block,5.9252,1.0803,,v3,train,0,0.15
train,/root/leo_ws/src/leo_pybullet/worlds/benchmark_v2/train/world_medium_seed_000256.yaml,256,medium,8,4,12,True,3.9896,-1.165797,2.673138,3.090293,-0.372305,-0.586772,,,,,v2,train,0,0.40
train,/root/leo_ws/src/leo_pybullet/worlds/benchmark_v2/train/world_medium_seed_000286.yaml,286,medium,8,4,12,True,4.6433,1.677095,-3.663675,-2.228648,-0.778365,-0.573012,,,,,v2,train,general_replay,0.40
train,/root/leo_ws/src/leo_pybullet/worlds/benchmark_v2/train/world_easy_seed_000240.yaml,240,easy,4,4,8,True,4.4251,3.952491,-1.601714,0.899178,1.03117,0.237881,,,,,v2,train,0,0.40
train,/root/leo_ws/src/leo_pybullet/worlds/benchmark_v2/train/world_medium_seed_000193.yaml,193,medium,8,4,12,False,4.649,2.292012,4.103263,-1.720006,0.506214,0.226483,,,,,v2,train,0,0.40
train,/root/leo_ws/src/leo_pybullet/worlds/benchmark_v4_hard/train/world_medium_direct_block_seed_300094.yaml,300094,medium,9,4,13,True,7.9186,-3.258769,2.682181,0.129422,3.268026,3.921574,direct_block,6.6434,1.1919,1,v4,train,0,0.45
train,/root/leo_ws/src/leo_pybullet/worlds/benchmark_v2/train/world_medium_seed_000298.yaml,298,medium,6,4,10,True,3.8571,-0.334908,3.648232,-3.059032,1.056042,0.5281,,,,,v2,train,general_replay,0.40
train,/root/leo_ws/src/leo_pybullet/worlds/benchmark_v3_curriculum/train/world_medium_clear_seed_000211.yaml,211,medium,4,4,8,False,3.841,-3.657982,-1.018851,0.64654,-0.743854,1.347667,clear,3.754,1.0232,,v3,train,0,0.15
train,/root/leo_ws/src/leo_pybullet/worlds/benchmark_v4_hard/train/world_easy_double_block_seed_300312.yaml,300312,easy,4,4,8,True,5.5039,2.760827,4.072485,-1.686461,1.72707,-0.46322,double_block,4.652,1.1831,2,v4,train,0,0.45
train,/root/leo_ws/src/leo_pybullet/worlds/benchmark_v4_hard/train/world_medium_clear_seed_300163.yaml,300163,medium,7,4,11,False,7.8708,4.09927,-1.392642,3.040765,-3.314663,-0.327455,clear,7.4901,1.0508,0,v4,train,0,0.45
train,/root/leo_ws/src/leo_pybullet/worlds/benchmark_v2/train/world_medium_seed_000259.yaml,259,medium,5,4,9,False,4.0502,-3.56417,0.840036,1.749601,-0.051709,2.141584,,,,,v2,train,0,0.40
train,/root/leo_ws/src/leo_pybullet/worlds/benchmark_v2/train/world_medium_seed_000169.yaml,169,medium,7,4,11,True,4.9027,-2.82644,0.09207,2.079083,0.269337,2.879806,,,,,v2,train,0,0.40
train,/root/leo_ws/src/leo_pybullet/worlds/benchmark_v2/train/world_medium_seed_000115.yaml,115,medium,7,4,11,True,9.4088,-3.363606,-3.373506,3.087839,2.212445,3.114626,,,,,v2,train,0,0.40
train,/root/leo_ws/src/leo_pybullet/worlds/benchmark_v2/train/world_hard_seed_000032.yaml,32,hard,8,4,12,False,6.1714,-3.091588,1.72568,-2.899374,-2.281184,-4.138402,,,,,v2,train,general_replay,0.40
train,/root/leo_ws/src/leo_pybullet/worlds/benchmark_v2/train/world_medium_seed_000013.yaml,13,medium,7,4,11,True,6.5496,1.445814,3.212309,-2.696574,1.226327,-2.719845,,,,,v2,train,general_replay,0.40
train,/root/leo_ws/src/leo_pybullet/worlds/benchmark_v2/train/world_medium_seed_000175.yaml,175,medium,8,4,12,True,4.9165,1.952418,1.644936,-1.524391,1.648558,-2.652588,,,,,v2,train,general_replay,0.40
train,/root/leo_ws/src/leo_pybullet/worlds/benchmark_v4_hard/train/world_easy_direct_block_seed_300174.yaml,300174,easy,4,4,8,True,8.3153,0.75673,3.94722,-1.393545,2.228646,-3.56995,direct_block,7.6599,1.0856,1,v4_focused,train,1,focused_failure
train,/root/leo_ws/src/leo_pybullet/worlds/benchmark_v4_hard/train/world_easy_clear_seed_300159.yaml,300159,easy,3,4,7,False,5.7084,-0.000162,-3.874979,1.120136,1.942378,1.000754,clear,5.2485,1.0876,0,v4,train,0,0.45
train,/root/leo_ws/src/leo_pybullet/worlds/benchmark_v2/train/world_medium_seed_000181.yaml,181,medium,5,4,9,True,6.7655,-2.336114,-0.380055,2.791652,2.915384,-3.759744,,,,,v2,train,0,0.40
train,/root/leo_ws/src/leo_pybullet/worlds/benchmark_v4_hard/train/world_easy_direct_block_seed_300222.yaml,300222,easy,4,4,8,True,5.4959,0.096525,-0.193233,2.096689,-1.871131,4.087507,direct_block,4.7113,1.1665,1,v4,train,0,0.45
train,/root/leo_ws/src/leo_pybullet/worlds/benchmark_v2/train/world_hard_seed_000257.yaml,257,hard,10,4,14,True,9.9323,-4.30967,1.965914,2.239695,2.286796,-3.239173,,,,,v2,train,general_replay,0.40
train,/root/leo_ws/src/leo_pybullet/worlds/benchmark_v4_hard/train/world_hard_clear_seed_300011.yaml,300011,hard,14,4,18,False,4.88,-3.188002,2.691978,-1.574961,-3.146374,-2.214628,clear,4.9068,0.9945,0,v4,train,0,0.45
train,/root/leo_ws/src/leo_pybullet/worlds/benchmark_v4_hard/train/world_medium_direct_block_seed_300130.yaml,300130,medium,6,4,10,True,6.4914,-1.606356,-2.476793,1.814494,-2.716446,3.195543,direct_block,5.7799,1.1231,1,v4_focused,train,5,focused_failure
train,/root/leo_ws/src/leo_pybullet/worlds/benchmark_v3_curriculum/train/world_easy_direct_block_seed_000024.yaml,24,easy,2,4,6,True,8.2112,3.109065,4.147226,-2.500968,-3.267453,0.143603,direct_block,7.5292,1.0906,,v3,train,general_replay,0.15
train,/root/leo_ws/src/leo_pybullet/worlds/benchmark_v2/train/world_hard_seed_000152.yaml,152,hard,11,4,15,True,3.7851,-1.027492,-2.608452,-2.366887,-3.598093,-4.199541,,,,,v2,train,0,0.40
train,/root/leo_ws/src/leo_pybullet/worlds/benchmark_v4_hard/train/world_medium_clear_seed_300175.yaml,300175,medium,9,4,13,False,7.8912,3.738555,-3.815812,2.74656,-2.658593,-0.166469,clear,7.3649,1.0715,0,v4,train,0,0.45
train,/root/leo_ws/src/leo_pybullet/worlds/benchmark_v2/train/world_hard_seed_000167.yaml,167,hard,9,4,13,True,6.7929,-1.493751,-1.537085,-2.6199,3.165281,2.094388,,,,,v2,train,0,0.40
train,/root/leo_ws/src/leo_pybullet/worlds/benchmark_v4_hard/train/world_medium_double_block_seed_300208.yaml,300208,medium,6,4,10,True,6.7371,-1.024706,1.656192,-0.45048,3.533657,-1.26008,double_block,5.4114,1.245,2,v4,train,0,0.45
train,/root/leo_ws/src/leo_pybullet/worlds/benchmark_v2/train/world_easy_seed_000009.yaml,9,easy,3,4,7,True,4.1633,-2.025931,-2.730539,-0.227944,1.536799,-1.406568,,,,,v2,train,general_replay,0.40
train,/root/leo_ws/src/leo_pybullet/worlds/benchmark_v4_hard/train/world_hard_double_block_seed_300269.yaml,300269,hard,11,4,15,True,9.2398,-3.772859,2.682947,0.080632,3.977873,3.438966,double_block,7.7875,1.1865,2,v4,train,0,0.45
train,/root/leo_ws/src/leo_pybullet/worlds/benchmark_v4_hard/train/world_hard_direct_block_seed_300206.yaml,300206,hard,12,4,16,True,6.5359,-4.020955,0.663053,-0.964875,-0.969233,-3.822218,direct_block,5.425,1.2048,1,v4,train,0,0.45
train,/root/leo_ws/src/leo_pybullet/worlds/benchmark_v4_hard/train/world_hard_double_block_seed_300032.yaml,300032,hard,10,4,14,True,6.9714,-1.986578,-2.008566,0.536108,2.973868,0.417735,double_block,5.522,1.2625,2,v4_focused,train,2,focused_failure
train,/root/leo_ws/src/leo_pybullet/worlds/benchmark_v4_hard/train/world_hard_clear_seed_300011.yaml,300011,hard,14,4,18,False,4.88,-3.188002,2.691978,-1.574961,-3.146374,-2.214628,clear,4.9068,0.9945,0,v4,train,0,0.45
train,/root/leo_ws/src/leo_pybullet/worlds/benchmark_v3_curriculum/train/world_medium_direct_block_seed_000049.yaml,49,medium,2,4,6,True,5.5953,3.327565,-1.819373,-2.645602,-1.094898,-3.991034,direct_block,4.9269,1.1357,,v3,train,0,0.15
train,/root/leo_ws/src/leo_pybullet/worlds/benchmark_v2/train/world_medium_seed_000097.yaml,97,medium,6,4,10,True,8.1496,4.307791,3.62746,-3.003251,2.755302,-3.906776,,,,,v2,train,general_replay,0.40
train,/root/leo_ws/src/leo_pybullet/worlds/benchmark_v3_curriculum/train/world_hard_direct_block_seed_000206.yaml,206,hard,4,4,8,True,5.0182,-0.207549,0.133964,0.918997,2.171635,3.1871,direct_block,3.8707,1.2965,,v3,train,general_replay,0.15
train,/root/leo_ws/src/leo_pybullet/worlds/benchmark_v2/train/world_easy_seed_000111.yaml,111,easy,2,4,6,False,5.7245,-1.601022,-2.660383,0.815127,-0.722349,2.711521,,,,,v2,train,0,0.40
train,/root/leo_ws/src/leo_pybullet/worlds/benchmark_v4_hard/train/world_easy_double_block_seed_300384.yaml,300384,easy,5,4,9,True,5.9371,0.303018,-3.684934,2.32329,-3.103402,-0.407427,double_block,4.7271,1.256,2,v4,train,0,0.45
train,/root/leo_ws/src/leo_pybullet/worlds/benchmark_v2/train/world_hard_seed_000200.yaml,200,hard,8,4,12,True,7.1508,2.040188,-4.085843,2.616088,1.024083,2.598764,,,,,v2,train,general_replay,0.40
train,/root/leo_ws/src/leo_pybullet/worlds/benchmark_v4_hard/train/world_medium_double_block_seed_300361.yaml,300361,medium,8,4,12,True,6.9278,-2.571117,-3.718554,0.270467,2.554873,-2.161543,double_block,5.3572,1.2932,2,v4_focused,train,5,focused_failure
train,/root/leo_ws/src/leo_pybullet/worlds/benchmark_v4_hard/train/world_medium_double_block_seed_300445.yaml,300445,medium,6,4,10,True,8.1004,-2.798979,-2.167683,0.316919,4.155642,-0.626859,double_block,7.1233,1.1372,2,v4,train,0,0.45
train,/root/leo_ws/src/leo_pybullet/worlds/benchmark_v3_curriculum/train/world_easy_clear_seed_000099.yaml,99,easy,2,4,6,False,4.4502,-1.013603,0.845232,-1.955197,-2.292767,-3.117423,clear,4.164,1.0687,,v3,train,general_replay,0.15
train,/root/leo_ws/src/leo_pybullet/worlds/benchmark_v4_hard/train/world_hard_double_block_seed_300140.yaml,300140,hard,14,4,18,True,8.8914,-1.572206,4.053908,-1.788993,-3.207402,-2.23734,double_block,6.5003,1.3678,2,v4,train,0,0.45
train,/root/leo_ws/src/leo_pybullet/worlds/benchmark_v2/train/world_easy_seed_000045.yaml,45,easy,3,4,7,False,7.4457,-3.350908,2.676646,0.938105,3.970123,3.092154,,,,,v2,train,0,0.40
train,/root/leo_ws/src/leo_pybullet/worlds/benchmark_v2/train/world_easy_seed_000003.yaml,3,easy,2,4,6,True,4.3129,-3.215322,3.61872,0.663501,-0.225734,0.703413,,,,,v2,train,general_replay,0.40
train,/root/leo_ws/src/leo_pybullet/worlds/benchmark_v2/train/world_easy_seed_000141.yaml,141,easy,4,4,8,False,9.1929,3.69841,1.313602,-0.987425,-4.240753,4.179001,,,,,v2,train,general_replay,0.40
train,/root/leo_ws/src/leo_pybullet/worlds/benchmark_v2/train/world_easy_seed_000180.yaml,180,easy,2,4,6,True,5.7827,-4.251012,-2.045843,0.625974,0.804804,-0.438474,,,,,v2,train,general_replay,0.40
train,/root/leo_ws/src/leo_pybullet/worlds/benchmark_v2/train/world_medium_seed_000085.yaml,85,medium,6,4,10,True,7.2786,2.413011,3.016028,-0.775606,-1.3384,-2.414369,,,,,v2,train,general_replay,0.40
train,/root/leo_ws/src/leo_pybullet/worlds/benchmark_v4_hard/train/world_hard_clear_seed_300419.yaml,300419,hard,14,4,18,False,5.5427,3.882354,-1.876884,-2.724805,-1.003408,-3.459604,clear,5.1357,1.0793,0,v4,train,0,0.45
train,/root/leo_ws/src/leo_pybullet/worlds/benchmark_v2/train/world_hard_seed_000203.yaml,203,hard,8,4,12,True,4.5108,-0.068701,3.682327,2.993882,-4.099098,4.287119,,,,,v2,train,0,0.40
train,/root/leo_ws/src/leo_pybullet/worlds/benchmark_v3_curriculum/train/world_easy_direct_block_seed_000006.yaml,6,easy,1,4,5,True,6.3347,-0.127206,-2.026217,2.444865,-4.24616,1.383958,direct_block,5.3474,1.1846,,v3,train,0,0.15
train,/root/leo_ws/src/leo_pybullet/worlds/benchmark_v2/train/world_hard_seed_000059.yaml,59,hard,9,4,13,True,5.4765,1.309717,-0.352246,-2.995399,-3.165322,-1.74071,,,,,v2,train,0,0.40
train,/root/leo_ws/src/leo_pybullet/worlds/benchmark_v3_curriculum/train/world_medium_clear_seed_000055.yaml,55,medium,2,4,6,False,6.2731,-3.572859,-2.687961,1.632427,-3.497671,3.535847,clear,6.2243,1.0079,,v3,train,0,0.15
train,/root/leo_ws/src/leo_pybullet/worlds/benchmark_v4_hard/train/world_hard_direct_block_seed_300098.yaml,300098,hard,13,4,17,True,6.4971,-2.45126,-2.139854,0.103157,2.75574,-1.72121,direct_block,5.2238,1.2437,1,v4,train,0,0.45
train,/root/leo_ws/src/leo_pybullet/worlds/benchmark_v2/train/world_medium_seed_000235.yaml,235,medium,7,4,11,False,5.92,2.346567,-2.184435,-2.147761,-3.552861,-2.161491,,,,,v2,train,0,0.40
train,/root/leo_ws/src/leo_pybullet/worlds/benchmark_v4_hard/train/world_hard_direct_block_seed_300014.yaml,300014,hard,12,4,16,True,7.8239,-1.483921,-3.582866,1.75184,-2.614877,2.509943,direct_block,6.1969,1.2626,1,v4_focused,train,1,focused_failure
train,/root/leo_ws/src/leo_pybullet/worlds/benchmark_v2/train/world_easy_seed_000201.yaml,201,easy,2,4,6,False,4.0171,1.585062,1.050246,0.37179,-1.994877,-0.154908,,,,,v2,train,general_replay,0.40
train,/root/leo_ws/src/leo_pybullet/worlds/benchmark_v2/train/world_hard_seed_000290.yaml,290,hard,12,4,16,True,8.4682,3.308799,0.81005,-0.054771,-3.196309,-3.989218,,,,,v2,train,0,0.40
train,/root/leo_ws/src/leo_pybullet/worlds/benchmark_v2/train/world_easy_seed_000192.yaml,192,easy,3,4,7,True,6.3929,-3.592317,-1.678925,-1.40002,-0.655509,3.532129,,,,,v2,train,0,0.40
train,/root/leo_ws/src/leo_pybullet/worlds/benchmark_v4_hard/train/world_medium_clear_seed_300331.yaml,300331,medium,6,4,10,False,4.7645,-1.436676,-2.255358,-0.211937,3.016656,-3.181373,clear,4.5486,1.0475,0,v4,train,0,0.45
train,/root/leo_ws/src/leo_pybullet/worlds/benchmark_v4_hard/train/world_hard_double_block_seed_300401.yaml,300401,hard,14,4,18,True,6.1633,-2.826949,-0.077764,0.098357,1.754141,-0.025314,double_block,4.5814,1.3453,2,v4,train,0,0.45
train,/root/leo_ws/src/leo_pybullet/worlds/benchmark_v3_curriculum/train/world_hard_clear_seed_000239.yaml,239,hard,4,4,8,False,4.9222,-1.790108,2.228761,0.414992,2.370568,4.021251,clear,4.5304,1.0865,,v3,train,general_replay,0.15
train,/root/leo_ws/src/leo_pybullet/worlds/benchmark_v2/train/world_medium_seed_000118.yaml,118,medium,6,4,10,True,6.8422,1.762792,-1.792831,-2.976257,-4.193487,-1.461864,,,,,v2,train,0,0.40
train,/root/leo_ws/src/leo_pybullet/worlds/benchmark_v2/train/world_easy_seed_000150.yaml,150,easy,3,4,7,False,3.9896,3.744224,-0.495809,2.045001,2.175399,-3.904291,,,,,v2,train,0,0.40
train,/root/leo_ws/src/leo_pybullet/worlds/benchmark_v4_hard/train/world_easy_double_block_seed_300321.yaml,300321,easy,5,4,9,True,6.5335,-1.14505,2.474241,-0.514326,3.523579,0.020013,double_block,5.2744,1.2387,2,v4_focused,train,2,focused_failure
train,/root/leo_ws/src/leo_pybullet/worlds/benchmark_v2/train/world_medium_seed_000211.yaml,211,medium,7,4,11,False,6.1884,-4.167324,3.334008,2.170076,1.149161,1.323251,,,,,v2,train,general_replay,0.40
train,/root/leo_ws/src/leo_pybullet/worlds/benchmark_v3_curriculum/train/world_medium_direct_block_seed_000049.yaml,49,medium,2,4,6,True,5.5953,3.327565,-1.819373,-2.645602,-1.094898,-3.991034,direct_block,4.9269,1.1357,,v3,train,general_replay,0.15
train,/root/leo_ws/src/leo_pybullet/worlds/benchmark_v4_hard/train/world_easy_direct_block_seed_300198.yaml,300198,easy,3,4,7,True,7.5953,-3.135846,3.3247,-0.054791,3.645335,2.873349,direct_block,6.7962,1.1176,1,v4_focused,train,4,focused_failure
train,/root/leo_ws/src/leo_pybullet/worlds/benchmark_v2/train/world_medium_seed_000010.yaml,10,medium,5,4,9,True,6.409,0.679394,-2.556945,0.964296,2.725895,2.815223,,,,,v2,train,general_replay,0.40
train,/root/leo_ws/src/leo_pybullet/worlds/benchmark_v4_hard/train/world_easy_double_block_seed_300105.yaml,300105,easy,3,4,7,True,7.121,2.433487,-0.728335,-2.917059,-3.709477,-1.285801,double_block,6.1682,1.1545,2,v4_focused,train,0,focused_failure
train,/root/leo_ws/src/leo_pybullet/worlds/benchmark_v2/train/world_easy_seed_000276.yaml,276,easy,3,4,7,True,5.1233,3.826328,2.573258,-3.116715,2.414461,-1.979969,,,,,v2,train,0,0.40
train,/root/leo_ws/src/leo_pybullet/worlds/benchmark_v2/train/world_hard_seed_000260.yaml,260,hard,9,4,13,True,5.3884,-0.80594,0.757675,1.582851,-2.510475,-3.832089,,,,,v2,train,general_replay,0.40
train,/root/leo_ws/src/leo_pybullet/worlds/benchmark_v3_curriculum/train/world_easy_direct_block_seed_000180.yaml,180,easy,1,4,5,True,5.8078,-3.569927,-4.153288,1.254053,-1.998812,0.786302,direct_block,5.1834,1.1205,,v3,train,general_replay,0.15
train,/root/leo_ws/src/leo_pybullet/worlds/benchmark_v2/train/world_easy_seed_000102.yaml,102,easy,2,4,6,False,4.2935,-1.233325,0.473417,-1.301856,1.399969,-2.762387,,,,,v2,train,general_replay,0.40
train,/root/leo_ws/src/leo_pybullet/worlds/benchmark_v2/train/world_hard_seed_000032.yaml,32,hard,8,4,12,False,6.1714,-3.091588,1.72568,-2.899374,-2.281184,-4.138402,,,,,v2,train,0,0.40
train,/root/leo_ws/src/leo_pybullet/worlds/benchmark_v2/train/world_hard_seed_000038.yaml,38,hard,11,4,15,True,4.152,0.316565,1.620136,-2.987166,3.996901,0.997567,,,,,v2,train,0,0.40
train,/root/leo_ws/src/leo_pybullet/worlds/benchmark_v2/train/world_medium_seed_000109.yaml,109,medium,7,4,11,True,4.8696,-0.434619,-3.847454,-1.264372,-2.369369,-0.017047,,,,,v2,train,0,0.40
train,/root/leo_ws/src/leo_pybullet/worlds/benchmark_v2/train/world_medium_seed_000187.yaml,187,medium,7,4,11,True,5.8594,2.643986,-3.015102,0.308546,2.639655,2.745056,,,,,v2,train,0,0.40
train,/root/leo_ws/src/leo_pybullet/worlds/benchmark_v4_hard/train/world_easy_direct_block_seed_300174.yaml,300174,easy,4,4,8,True,8.3153,0.75673,3.94722,-1.393545,2.228646,-3.56995,direct_block,7.6599,1.0856,1,v4_focused,train,3,focused_failure
train,/root/leo_ws/src/leo_pybullet/worlds/benchmark_v2/train/world_easy_seed_000291.yaml,291,easy,4,4,8,True,5.5427,1.157736,0.019849,0.287558,-3.553909,1.134961,,,,,v2,train,general_replay,0.40
train,/root/leo_ws/src/leo_pybullet/worlds/benchmark_v4_hard/train/world_hard_direct_block_seed_300266.yaml,300266,hard,12,4,16,True,8.0867,-3.943967,2.225207,-0.687221,1.84248,-1.644813,direct_block,6.9613,1.1617,1,v4,train,0,0.45
train,/root/leo_ws/src/leo_pybullet/worlds/benchmark_v3_curriculum/train/world_medium_direct_block_seed_000262.yaml,262,medium,3,4,7,True,6.2022,2.173487,-0.77768,2.382429,-1.333612,2.963257,direct_block,5.1278,1.2095,,v3,train,0,0.15
train,/root/leo_ws/src/leo_pybullet/worlds/benchmark_v2/train/world_easy_seed_000246.yaml,246,easy,2,4,6,False,5.4741,1.919312,-3.778681,-1.043088,-0.516314,0.657509,,,,,v2,train,0,0.40
train,/root/leo_ws/src/leo_pybullet/worlds/benchmark_v4_hard/train/world_hard_double_block_seed_300428.yaml,300428,hard,10,4,14,True,7.8935,-0.68913,-3.532512,1.700054,-1.081193,3.215711,double_block,6.7596,1.1677,2,v4,train,0,0.45
train,/root/leo_ws/src/leo_pybullet/worlds/benchmark_v2/train/world_hard_seed_000059.yaml,59,hard,9,4,13,True,5.4765,1.309717,-0.352246,-2.995399,-3.165322,-1.74071,,,,,v2,train,general_replay,0.40
train,/root/leo_ws/src/leo_pybullet/worlds/benchmark_v3_curriculum/train/world_medium_direct_block_seed_000244.yaml,244,medium,4,4,8,True,4.7508,-0.77433,2.498553,-1.355463,-0.28419,-1.243265,direct_block,3.7738,1.2589,,v3,train,0,0.15
train,/root/leo_ws/src/leo_pybullet/worlds/benchmark_v2/train/world_medium_seed_000121.yaml,121,medium,5,4,9,True,6.7096,3.248229,1.09372,-2.027613,-2.814889,2.601902,,,,,v2,train,0,0.40
train,/root/leo_ws/src/leo_pybullet/worlds/benchmark_v4_hard/train/world_medium_double_block_seed_300121.yaml,300121,medium,6,4,10,True,6.009,-3.744695,3.849913,-1.053545,-1.098891,0.105765,double_block,4.5846,1.3107,2,v4,train,0,0.45
train,/root/leo_ws/src/leo_pybullet/worlds/benchmark_v4_hard/train/world_hard_direct_block_seed_300194.yaml,300194,hard,11,4,15,True,7.1678,-2.618032,3.69064,-1.00545,1.01696,-1.120092,direct_block,6.0296,1.1888,1,v4_focused,train,3,focused_failure
train,/root/leo_ws/src/leo_pybullet/worlds/benchmark_v4_hard/train/world_medium_clear_seed_300223.yaml,300223,medium,9,4,13,False,7.0031,2.866404,0.433441,-2.574115,-2.466778,-3.734332,clear,6.7685,1.0347,0,v4,train,0,0.45
train,/root/leo_ws/src/leo_pybullet/worlds/benchmark_v2/train/world_easy_seed_000144.yaml,144,easy,3,4,7,True,4.2514,-3.640861,3.008268,1.030556,-2.873506,-0.898208,,,,,v2,train,0,0.40
train,/root/leo_ws/src/leo_pybullet/worlds/benchmark_v2/train/world_hard_seed_000143.yaml,143,hard,9,4,13,False,5.129,-3.951393,-2.383117,-0.031762,-2.222678,2.0279,,,,,v2,train,0,0.40
train,/root/leo_ws/src/leo_pybullet/worlds/benchmark_v4_hard/train/world_hard_double_block_seed_300341.yaml,300341,hard,14,4,18,True,8.5084,-0.691329,-3.790402,1.573118,-0.415863,1.768754,double_block,5.566,1.5286,2,v4,train,0,0.45
train,/root/leo_ws/src/leo_pybullet/worlds/benchmark_v2/train/world_hard_seed_000005.yaml,5,hard,12,4,16,True,5.0433,-1.230741,1.656888,0.188746,2.971145,1.322676,,,,,v2,train,0,0.40
train,/root/leo_ws/src/leo_pybullet/worlds/benchmark_v4_hard/train/world_easy_double_block_seed_300117.yaml,300117,easy,5,4,9,True,8.5747,0.138597,-3.656667,1.803471,-1.390484,4.020615,double_block,7.8281,1.0954,2,v4,train,0,0.45
train,/root/leo_ws/src/leo_pybullet/worlds/benchmark_v4_hard/train/world_easy_direct_block_seed_300342.yaml,300342,easy,3,4,7,True,6.2684,0.832252,2.960465,-2.380652,-3.272664,-0.374972,direct_block,5.2892,1.1851,1,v4,train,0,0.45
train,/root/leo_ws/src/leo_pybullet/worlds/benchmark_v4_hard/train/world_hard_double_block_seed_300341.yaml,300341,hard,14,4,18,True,8.5084,-0.691329,-3.790402,1.573118,-0.415863,1.768754,double_block,5.566,1.5286,2,v4_focused,train,4,focused_failure
train,/root/leo_ws/src/leo_pybullet/worlds/benchmark_v3_curriculum/train/world_easy_direct_block_seed_000225.yaml,225,easy,1,4,5,True,6.9472,-2.738172,1.628711,-0.935083,0.926323,-3.103749,direct_block,5.9854,1.1607,,v3,train,general_replay,0.15
train,/root/leo_ws/src/leo_pybullet/worlds/benchmark_v3_curriculum/train/world_easy_direct_block_seed_000036.yaml,36,easy,2,4,6,True,4.1496,-3.589133,-0.783276,0.001365,-0.084919,-0.935351,direct_block,3.5075,1.1831,,v3,train,general_replay,0.15
train,/root/leo_ws/src/leo_pybullet/worlds/benchmark_v4_hard/train/world_medium_double_block_seed_300316.yaml,300316,medium,9,4,13,True,8.1084,3.8198,2.613157,-2.126968,0.642127,-3.566803,double_block,6.9491,1.1668,2,v4,train,0,0.45
train,/root/leo_ws/src/leo_pybullet/worlds/benchmark_v4_hard/train/world_hard_double_block_seed_300245.yaml,300245,hard,11,4,15,True,6.6684,1.811544,1.360747,2.708255,-2.818519,3.985489,double_block,5.3223,1.2529,2,v4,train,0,0.45
train,/root/leo_ws/src/leo_pybullet/worlds/benchmark_v4_hard/train/world_medium_double_block_seed_300145.yaml,300145,medium,9,4,13,True,6.9198,1.441243,-1.635225,-3.012195,-3.836573,-2.205088,double_block,5.3085,1.3035,2,v4_focused,train,5,focused_failure
train,/root/leo_ws/src/leo_pybullet/worlds/benchmark_v2/train/world_hard_seed_000005.yaml,5,hard,12,4,16,True,5.0433,-1.230741,1.656888,0.188746,2.971145,1.322676,,,,,v2,train,general_replay,0.40
train,/root/leo_ws/src/leo_pybullet/worlds/benchmark_v4_hard/train/world_hard_direct_block_seed_300110.yaml,300110,hard,12,4,16,True,5.7245,0.391462,-3.257272,1.029937,2.312919,1.104611,direct_block,4.7663,1.201,1,v4_focused,train,4,focused_failure
train,/root/leo_ws/src/leo_pybullet/worlds/benchmark_v4_hard/train/world_medium_double_block_seed_300217.yaml,300217,medium,9,4,13,True,7.3051,4.207654,3.583556,-1.911421,2.784389,-1.226065,double_block,5.0158,1.4564,2,v4_focused,train,5,focused_failure
train,/root/leo_ws/src/leo_pybullet/worlds/benchmark_v2/train/world_medium_seed_000229.yaml,229,medium,6,4,10,True,6.1245,0.992449,3.654673,0.046328,-0.051133,-1.777398,,,,,v2,train,general_replay,0.40
train,/root/leo_ws/src/leo_pybullet/worlds/benchmark_v4_hard/train/world_easy_double_block_seed_300237.yaml,300237,easy,4,4,8,True,8.8123,-3.853882,-3.198992,1.024384,0.611274,2.960696,double_block,7.6078,1.1583,2,v4,train,0,0.45
train,/root/leo_ws/src/leo_pybullet/worlds/benchmark_v4_hard/train/world_hard_direct_block_seed_300374.yaml,300374,hard,13,4,17,True,6.7176,2.181369,2.284328,2.795766,-3.255267,4.104153,direct_block,5.7331,1.1717,1,v4_focused,train,7,focused_failure
train,/root/leo_ws/src/leo_pybullet/worlds/benchmark_v2/train/world_hard_seed_000035.yaml,35,hard,12,4,16,True,8.2684,-2.156308,-3.812242,1.884747,0.224057,3.156348,,,,,v2,train,0,0.40
train,/root/leo_ws/src/leo_pybullet/worlds/benchmark_v2/train/world_medium_seed_000211.yaml,211,medium,7,4,11,False,6.1884,-4.167324,3.334008,2.170076,1.149161,1.323251,,,,,v2,train,0,0.40
train,/root/leo_ws/src/leo_pybullet/worlds/benchmark_v2/train/world_hard_seed_000128.yaml,128,hard,9,4,13,True,6.3896,-1.183412,-0.146179,0.248272,4.221428,-1.578017,,,,,v2,train,general_replay,0.40
train,/root/leo_ws/src/leo_pybullet/worlds/benchmark_v2/train/world_easy_seed_000132.yaml,132,easy,3,4,7,True,5.8296,2.405797,2.545428,-0.315336,0.403893,-2.191034,,,,,v2,train,general_replay,0.40
train,/root/leo_ws/src/leo_pybullet/worlds/benchmark_v4_hard/train/world_hard_direct_block_seed_300026.yaml,300026,hard,12,4,16,True,9.1025,1.687163,-4.182527,1.98101,-1.033548,1.718623,direct_block,6.4981,1.4008,1,v4_focused,train,1,focused_failure
train,/root/leo_ws/src/leo_pybullet/worlds/benchmark_v2/train/world_easy_seed_000198.yaml,198,easy,2,4,6,True,5.2422,-0.169828,1.484774,0.190295,4.243085,-0.377086,,,,,v2,train,general_replay,0.40
train,/root/leo_ws/src/leo_pybullet/worlds/benchmark_v2/train/world_hard_seed_000038.yaml,38,hard,11,4,15,True,4.152,0.316565,1.620136,-2.987166,3.996901,0.997567,,,,,v2,train,general_replay,0.40
train,/root/leo_ws/src/leo_pybullet/worlds/benchmark_v4_hard/train/world_easy_clear_seed_300147.yaml,300147,easy,5,4,9,False,5.4045,-2.817354,3.125505,-1.625941,-3.759766,-1.914462,clear,5.1273,1.0541,0,v4_focused,train,0,focused_failure
train,/root/leo_ws/src/leo_pybullet/worlds/benchmark_v3_curriculum/train/world_hard_direct_block_seed_000197.yaml,197,hard,6,4,10,True,7.5929,-4.119616,-2.861797,0.475531,1.623503,0.706751,direct_block,6.7615,1.123,,v3,train,general_replay,0.15
train,/root/leo_ws/src/leo_pybullet/worlds/benchmark_v2/train/world_hard_seed_000053.yaml,53,hard,12,4,16,False,5.2398,-1.21186,-0.394614,2.584388,-4.078423,3.733042,,,,,v2,train,general_replay,0.40
train,/root/leo_ws/src/leo_pybullet/worlds/benchmark_v4_hard/train/world_hard_direct_block_seed_300194.yaml,300194,hard,11,4,15,True,7.1678,-2.618032,3.69064,-1.00545,1.01696,-1.120092,direct_block,6.0296,1.1888,1,v4_focused,train,2,focused_failure
train,/root/leo_ws/src/leo_pybullet/worlds/benchmark_v2/train/world_medium_seed_000283.yaml,283,medium,5,4,9,True,7.1267,0.248389,-2.061981,0.796513,2.991344,3.984328,,,,,v2,train,general_replay,0.40
train,/root/leo_ws/src/leo_pybullet/worlds/benchmark_v4_hard/train/world_medium_double_block_seed_300076.yaml,300076,medium,6,4,10,True,7.4353,4.155262,1.374126,-3.124529,-2.413219,1.796378,double_block,6.582,1.1296,2,v4,train,0,0.45
train,/root/leo_ws/src/leo_pybullet/worlds/benchmark_v2/train/world_medium_seed_000148.yaml,148,medium,8,4,12,False,4.392,2.569317,3.322369,-0.94446,3.135368,-0.818855,,,,,v2,train,0,0.40
train,/root/leo_ws/src/leo_pybullet/worlds/benchmark_v2/train/world_medium_seed_000241.yaml,241,medium,5,4,9,True,4.3976,1.753828,1.834346,0.285573,-2.295833,1.300825,,,,,v2,train,general_replay,0.40
train,/root/leo_ws/src/leo_pybullet/worlds/benchmark_v4_hard/train/world_hard_double_block_seed_300365.yaml,300365,hard,10,4,14,True,11.5622,3.932271,3.229698,-2.43294,-1.549961,-1.761724,double_block,7.4141,1.5595,2,v4_focused,train,5,focused_failure
train,/root/leo_ws/src/leo_pybullet/worlds/benchmark_v3_curriculum/train/world_medium_direct_block_seed_000238.yaml,238,medium,3,4,7,True,5.7359,-3.4856,1.864479,-1.549479,-3.691394,-3.011297,direct_block,4.8801,1.1754,,v3,train,general_replay,0.15
train,/root/leo_ws/src/leo_pybullet/worlds/benchmark_v2/train/world_medium_seed_000262.yaml,262,medium,7,4,11,False,5.8774,-0.795978,-1.364991,1.805273,3.032981,2.915347,,,,,v2,train,general_replay,0.40
train,/root/leo_ws/src/leo_pybullet/worlds/benchmark_v4_hard/train/world_easy_double_block_seed_300249.yaml,300249,easy,5,4,9,True,6.0616,-1.542749,2.398846,0.000272,3.520803,2.604689,double_block,5.0677,1.1961,2,v4_focused,train,2,focused_failure
train,/root/leo_ws/src/leo_pybullet/worlds/benchmark_v3_curriculum/train/world_hard_direct_block_seed_000185.yaml,185,hard,4,4,8,True,5.0571,-2.960555,-1.710586,0.365359,0.786422,-0.202894,direct_block,4.0389,1.2521,,v3,train,general_replay,0.15
train,/root/leo_ws/src/leo_pybullet/worlds/benchmark_v3_curriculum/train/world_easy_direct_block_seed_000225.yaml,225,easy,1,4,5,True,6.9472,-2.738172,1.628711,-0.935083,0.926323,-3.103749,direct_block,5.9854,1.1607,,v3,train,0,0.15
train,/root/leo_ws/src/leo_pybullet/worlds/benchmark_v2/train/world_medium_seed_000151.yaml,151,medium,8,4,12,True,7.7861,3.921835,1.155262,2.626404,-2.569891,4.117918,,,,,v2,train,general_replay,0.40
train,/root/leo_ws/src/leo_pybullet/worlds/benchmark_v4_hard/train/world_easy_direct_block_seed_300258.yaml,300258,easy,4,4,8,True,6.6239,-3.573493,-1.731173,1.25198,-2.426498,4.152867,direct_block,5.9948,1.1049,1,v4_focused,train,3,focused_failure
train,/root/leo_ws/src/leo_pybullet/worlds/benchmark_v2/train/world_hard_seed_000227.yaml,227,hard,11,4,15,True,4.8639,3.972772,-1.135145,-0.532796,-0.470946,-2.245637,,,,,v2,train,0,0.40
train,/root/leo_ws/src/leo_pybullet/worlds/benchmark_v2/train/world_hard_seed_000173.yaml,173,hard,10,4,14,True,5.9096,2.894124,1.588067,0.426106,2.020505,-3.687949,,,,,v2,train,general_replay,0.40
train,/root/leo_ws/src/leo_pybullet/worlds/benchmark_v4_hard/train/world_hard_clear_seed_300287.yaml,300287,hard,11,4,15,False,4.6125,-3.034346,3.064624,0.017435,1.463255,3.363611,clear,4.5075,1.0233,0,v4,train,0,0.45
train,/root/leo_ws/src/leo_pybullet/worlds/benchmark_v4_hard/train/world_easy_double_block_seed_300180.yaml,300180,easy,5,4,9,True,6.9222,-2.747012,-2.821338,0.091922,3.229805,-2.952511,double_block,5.9783,1.1579,2,v4,train,0,0.45
train,/root/leo_ws/src/leo_pybullet/worlds/benchmark_v2/train/world_hard_seed_000002.yaml,2,hard,8,4,12,True,8.2467,-1.2088,-2.878973,-1.560848,2.68797,3.078359,,,,,v2,train,general_replay,0.40
train,/root/leo_ws/src/leo_pybullet/worlds/benchmark_v2/train/world_hard_seed_000062.yaml,62,hard,12,4,16,True,8.2386,4.094472,-2.278454,-0.906201,-0.306657,3.460526,,,,,v2,train,general_replay,0.40
train,/root/leo_ws/src/leo_pybullet/worlds/benchmark_v2/train/world_hard_seed_000128.yaml,128,hard,9,4,13,True,6.3896,-1.183412,-0.146179,0.248272,4.221428,-1.578017,,,,,v2,train,general_replay,0.40
train,/root/leo_ws/src/leo_pybullet/worlds/benchmark_v4_hard/train/world_medium_direct_block_seed_300058.yaml,300058,medium,6,4,10,True,5.8216,3.455348,2.759347,-1.829334,2.506817,-2.214697,direct_block,5.0637,1.1497,1,v4,train,0,0.45
train,/root/leo_ws/src/leo_pybullet/worlds/benchmark_v4_hard/train/world_hard_double_block_seed_300152.yaml,300152,hard,12,4,16,True,8.1335,-1.43495,3.870661,-0.579089,4.008286,-0.371491,double_block,6.9011,1.1786,2,v4_focused,train,2,focused_failure
train,/root/leo_ws/src/leo_pybullet/worlds/benchmark_v2/train/world_easy_seed_000192.yaml,192,easy,3,4,7,True,6.3929,-3.592317,-1.678925,-1.40002,-0.655509,3.532129,,,,,v2,train,general_replay,0.40
train,/root/leo_ws/src/leo_pybullet/worlds/benchmark_v2/train/world_medium_seed_000109.yaml,109,medium,7,4,11,True,4.8696,-0.434619,-3.847454,-1.264372,-2.369369,-0.017047,,,,,v2,train,general_replay,0.40
train,/root/leo_ws/src/leo_pybullet/worlds/benchmark_v3_curriculum/train/world_easy_direct_block_seed_000210.yaml,210,easy,2,4,6,True,7.9896,-4.189831,3.753609,0.022353,3.185547,3.674338,direct_block,7.3758,1.0832,,v3,train,0,0.15
train,/root/leo_ws/src/leo_pybullet/worlds/benchmark_v4_hard/train/world_easy_clear_seed_300147.yaml,300147,easy,5,4,9,False,5.4045,-2.817354,3.125505,-1.625941,-3.759766,-1.914462,clear,5.1273,1.0541,0,v4,train,0,0.45
train,/root/leo_ws/src/leo_pybullet/worlds/benchmark_v2/train/world_easy_seed_000030.yaml,30,easy,4,4,8,False,3.8022,0.965729,1.060322,-2.837009,2.845367,4.149279,,,,,v2,train,0,0.40
train,/root/leo_ws/src/leo_pybullet/worlds/benchmark_v2/train/world_medium_seed_000181.yaml,181,medium,5,4,9,True,6.7655,-2.336114,-0.380055,2.791652,2.915384,-3.759744,,,,,v2,train,general_replay,0.40
train,/root/leo_ws/src/leo_pybullet/worlds/benchmark_v2/train/world_easy_seed_000072.yaml,72,easy,2,4,6,False,3.9725,2.073757,-2.72948,-1.213084,1.730607,1.042169,,,,,v2,train,general_replay,0.40
train,/root/leo_ws/src/leo_pybullet/worlds/benchmark_v2/train/world_easy_seed_000075.yaml,75,easy,3,4,7,False,7.6639,2.797744,-3.47966,1.617252,1.67298,3.714122,,,,,v2,train,0,0.40
train,/root/leo_ws/src/leo_pybullet/worlds/benchmark_v2/train/world_medium_seed_000226.yaml,226,medium,8,4,12,True,5.0902,1.231772,0.771686,-0.985322,3.458949,-2.851403,,,,,v2,train,0,0.40
train,/root/leo_ws/src/leo_pybullet/worlds/benchmark_v4_hard/train/world_medium_double_block_seed_300409.yaml,300409,medium,6,4,10,True,8.7541,-2.855317,-1.134881,0.417964,3.650505,2.53426,double_block,7.4692,1.172,2,v4,train,0,0.45
train,/root/leo_ws/src/leo_pybullet/worlds/benchmark_v3_curriculum/train/world_hard_clear_seed_000119.yaml,119,hard,5,4,9,False,4.0,0.452517,-0.572011,-3.050873,-3.575971,-0.611307,clear,4.0287,0.9929,,v3,train,0,0.15
train,/root/leo_ws/src/leo_pybullet/worlds/benchmark_v3_curriculum/train/world_medium_clear_seed_000163.yaml,163,medium,4,4,8,False,3.9257,1.030722,3.466305,-2.993387,-2.780356,3.092923,clear,3.8293,1.0252,,v3,train,general_replay,0.15
train,/root/leo_ws/src/leo_pybullet/worlds/benchmark_v4_hard/train/world_medium_double_block_seed_300097.yaml,300097,medium,7,4,11,True,8.9771,-4.024735,-3.218049,1.433895,-3.56849,1.292012,double_block,4.5331,1.9803,2,v4,train,0,0.45
train,/root/leo_ws/src/leo_pybullet/worlds/benchmark_v2/train/world_easy_seed_000003.yaml,3,easy,2,4,6,True,4.3129,-3.215322,3.61872,0.663501,-0.225734,0.703413,,,,,v2,train,0,0.40
train,/root/leo_ws/src/leo_pybullet/worlds/benchmark_v2/train/world_easy_seed_000129.yaml,129,easy,4,4,8,False,7.0718,0.17724,-3.948291,-0.635848,3.588138,1.694441,,,,,v2,train,general_replay,0.40
train,/root/leo_ws/src/leo_pybullet/worlds/benchmark_v4_hard/train/world_medium_clear_seed_300319.yaml,300319,medium,9,4,13,False,5.8216,-1.727455,-3.202759,0.517448,3.236104,-1.163174,clear,5.3663,1.0848,0,v4,train,0,0.45
train,/root/leo_ws/src/leo_pybullet/worlds/benchmark_v4_hard/train/world_hard_direct_block_seed_300158.yaml,300158,hard,11,4,15,True,7.2971,-1.246284,3.711189,-1.118784,1.104476,-1.95566,direct_block,6.1351,1.1894,1,v4,train,0,0.45
train,/root/leo_ws/src/leo_pybullet/worlds/benchmark_v2/train/world_medium_seed_000232.yaml,232,medium,7,4,11,True,6.9771,3.261476,-3.705716,2.93871,3.940105,2.787728,,,,,v2,train,0,0.40
train,/root/leo_ws/src/leo_pybullet/worlds/benchmark_v2/train/world_hard_seed_000119.yaml,119,hard,10,4,14,True,8.2102,-0.585471,-3.660112,3.08228,-0.625691,4.03592,,,,,v2,train,general_replay,0.40
train,/root/leo_ws/src/leo_pybullet/worlds/benchmark_v2/train/world_easy_seed_000066.yaml,66,easy,2,4,6,False,6.2159,3.686941,2.496498,1.780012,-1.791842,4.162399,,,,,v2,train,0,0.40
train,/root/leo_ws/src/leo_pybullet/worlds/benchmark_v4_hard/train/world_easy_double_block_seed_300300.yaml,300300,easy,3,4,7,True,5.6365,-0.272243,0.353256,2.355569,-3.848844,3.213282,double_block,4.5795,1.2308,2,v4,train,0,0.45
train,/root/leo_ws/src/leo_pybullet/worlds/benchmark_v2/train/world_easy_seed_000135.yaml,135,easy,4,4,8,False,5.0192,1.246691,-1.945926,-0.298449,-1.792797,1.790561,,,,,v2,train,general_replay,0.40
train,/root/leo_ws/src/leo_pybullet/worlds/benchmark_v2/train/world_hard_seed_000263.yaml,263,hard,11,4,15,True,5.4239,2.870208,-1.06747,2.371949,-2.155065,-0.311294,,,,,v2,train,0,0.40
train,/root/leo_ws/src/leo_pybullet/worlds/benchmark_v2/train/world_easy_seed_000099.yaml,99,easy,3,4,7,False,4.4971,0.86512,-2.346714,1.439044,-3.190774,-3.596767,,,,,v2,train,general_replay,0.40
train,/root/leo_ws/src/leo_pybullet/worlds/benchmark_v2/train/world_hard_seed_000182.yaml,182,hard,11,4,15,True,6.6353,-2.319145,-1.568877,1.332882,3.438873,-3.677271,,,,,v2,train,general_replay,0.40
train,/root/leo_ws/src/leo_pybullet/worlds/benchmark_v2/train/world_hard_seed_000125.yaml,125,hard,9,4,13,True,6.4171,0.935321,1.000254,-2.169131,-4.312935,1.816216,,,,,v2,train,0,0.40
train,/root/leo_ws/src/leo_pybullet/worlds/benchmark_v4_hard/train/world_medium_direct_block_seed_300406.yaml,300406,medium,7,4,11,True,8.0729,2.032058,-4.133719,2.437405,-2.888681,0.664255,direct_block,6.8727,1.1746,1,v4,train,0,0.45
train,/root/leo_ws/src/leo_pybullet/worlds/benchmark_v4_hard/train/world_easy_clear_seed_300003.yaml,300003,easy,5,4,9,False,4.8331,-2.376321,-2.530055,1.67044,-2.439297,2.246753,clear,4.7772,1.0117,0,v4,train,0,0.45
train,/root/leo_ws/src/leo_pybullet/worlds/benchmark_v4_hard/train/world_easy_double_block_seed_300093.yaml,300093,easy,5,4,9,True,5.9508,-3.615083,-0.606543,1.093115,-1.236721,3.556865,double_block,4.7948,1.2411,2,v4_focused,train,0,focused_failure
train,/root/leo_ws/src/leo_pybullet/worlds/benchmark_v2/train/world_easy_seed_000207.yaml,207,easy,4,4,8,True,8.4971,0.929381,3.856156,2.84212,2.106419,-4.138942,,,,,v2,train,general_replay,0.40
train,/root/leo_ws/src/leo_pybullet/worlds/benchmark_v4_hard/train/world_medium_direct_block_seed_300310.yaml,300310,medium,9,4,13,True,5.7747,2.495899,3.965796,-1.511424,3.39066,-0.943031,direct_block,4.9897,1.1573,1,v4,train,0,0.45
train,/root/leo_ws/src/leo_pybullet/worlds/benchmark_v2/train/world_medium_seed_000274.yaml,274,medium,6,4,10,True,6.3598,-0.707353,2.558741,0.638105,-4.12389,-2.036279,,,,,v2,train,general_replay,0.40
train,/root/leo_ws/src/leo_pybullet/worlds/benchmark_v4_hard/train/world_medium_clear_seed_300259.yaml,300259,medium,7,4,11,False,5.9655,-2.872655,-2.062386,0.95589,0.328953,2.560071,clear,5.6229,1.0609,0,v4,train,0,0.45
train,/root/leo_ws/src/leo_pybullet/worlds/benchmark_v4_hard/train/world_easy_clear_seed_300435.yaml,300435,easy,5,4,9,False,6.5884,0.856998,-2.794093,1.231628,2.80564,2.987942,clear,6.1016,1.0798,0,v4,train,0,0.45
train,/root/leo_ws/src/leo_pybullet/worlds/benchmark_v2/train/world_medium_seed_000136.yaml,136,medium,8,4,12,True,5.9371,-0.581539,2.299482,0.863734,-0.672589,-3.133106,,,,,v2,train,0,0.40
train,/root/leo_ws/src/leo_pybullet/worlds/benchmark_v2/train/world_hard_seed_000095.yaml,95,hard,12,4,16,True,4.2102,4.324789,0.341223,-0.037864,3.789334,-3.233593,,,,,v2,train,general_replay,0.40
train,/root/leo_ws/src/leo_pybullet/worlds/benchmark_v4_hard/train/world_easy_double_block_seed_300201.yaml,300201,easy,5,4,9,True,6.7896,3.185151,1.925835,-1.602374,2.611412,-3.689111,double_block,5.6442,1.2029,2,v4,train,0,0.45
train,/root/leo_ws/src/leo_pybullet/worlds/benchmark_v2/train/world_hard_seed_000134.yaml,134,hard,11,4,15,True,4.9965,-3.24732,1.351018,-1.735316,-0.121459,4.068363,,,,,v2,train,general_replay,0.40
train,/root/leo_ws/src/leo_pybullet/worlds/benchmark_v4_hard/train/world_hard_direct_block_seed_300446.yaml,300446,hard,13,4,17,True,9.0135,-4.007741,-0.436226,0.599462,2.580806,3.50856,direct_block,7.6792,1.1738,1,v4_focused,train,0,focused_failure
train,/root/leo_ws/src/leo_pybullet/worlds/benchmark_v4_hard/train/world_hard_double_block_seed_300332.yaml,300332,hard,12,4,16,True,8.2135,1.364998,2.959518,-2.523912,-3.246403,-0.932568,double_block,6.0343,1.3611,2,v4,train,0,0.45
train,/root/leo_ws/src/leo_pybullet/worlds/benchmark_v3_curriculum/train/world_hard_direct_block_seed_000098.yaml,98,hard,5,4,9,True,5.0376,3.48613,-0.870418,2.172036,1.323749,2.61065,direct_block,4.098,1.2293,,v3,train,0,0.15
train,/root/leo_ws/src/leo_pybullet/worlds/benchmark_v2/train/world_medium_seed_000151.yaml,151,medium,8,4,12,True,7.7861,3.921835,1.155262,2.626404,-2.569891,4.117918,,,,,v2,train,general_replay,0.40
train,/root/leo_ws/src/leo_pybullet/worlds/benchmark_v2/train/world_medium_seed_000274.yaml,274,medium,6,4,10,True,6.3598,-0.707353,2.558741,0.638105,-4.12389,-2.036279,,,,,v2,train,0,0.40
train,/root/leo_ws/src/leo_pybullet/worlds/benchmark_v4_hard/train/world_hard_double_block_seed_300029.yaml,300029,hard,14,4,18,True,8.2902,-1.060901,2.550226,-1.227911,0.67107,-2.333685,double_block,5.1819,1.5998,2,v4,train,0,0.45
train,/root/leo_ws/src/leo_pybullet/worlds/benchmark_v2/train/world_easy_seed_000075.yaml,75,easy,3,4,7,False,7.6639,2.797744,-3.47966,1.617252,1.67298,3.714122,,,,,v2,train,general_replay,0.40
train,/root/leo_ws/src/leo_pybullet/worlds/benchmark_v3_curriculum/train/world_medium_clear_seed_000151.yaml,151,medium,4,4,8,False,4.3598,-0.089758,-3.622292,2.394744,-3.339994,-0.829409,clear,4.2854,1.0174,,v3,train,general_replay,0.15
train,/root/leo_ws/src/leo_pybullet/worlds/benchmark_v2/train/world_easy_seed_000207.yaml,207,easy,4,4,8,True,8.4971,0.929381,3.856156,2.84212,2.106419,-4.138942,,,,,v2,train,0,0.40
train,/root/leo_ws/src/leo_pybullet/worlds/benchmark_v2/train/world_easy_seed_000006.yaml,6,easy,4,4,8,False,5.6649,-0.130199,-2.073893,-0.186898,-4.34607,1.416521,,,,,v2,train,general_replay,0.40
train,/root/leo_ws/src/leo_pybullet/worlds/benchmark_v3_curriculum/train/world_medium_direct_block_seed_000268.yaml,268,medium,4,4,8,True,7.4992,-2.766703,0.640376,-0.532865,3.482791,-2.349125,direct_block,6.9277,1.0825,,v3,train,0,0.15
train,/root/leo_ws/src/leo_pybullet/worlds/benchmark_v2/train/world_medium_seed_000208.yaml,208,medium,7,4,11,True,4.8559,-2.643234,0.629658,0.768749,0.550331,3.076166,,,,,v2,train,general_replay,0.40
train,/root/leo_ws/src/leo_pybullet/worlds/benchmark_v2/train/world_medium_seed_000094.yaml,94,medium,6,4,10,True,5.0708,3.93266,-0.621534,-3.013397,2.906024,4.002229,,,,,v2,train,general_replay,0.40
train,/root/leo_ws/src/leo_pybullet/worlds/benchmark_v4_hard/train/world_easy_double_block_seed_300120.yaml,300120,easy,4,4,8,True,5.7302,-1.817651,2.456778,-0.141417,2.831409,2.189643,double_block,4.6567,1.2305,2,v4_focused,train,1,focused_failure
train,/root/leo_ws/src/leo_pybullet/worlds/benchmark_v2/train/world_medium_seed_000271.yaml,271,medium,8,4,12,False,7.0627,-1.398561,-2.828844,-0.128214,0.233591,3.596233,,,,,v2,train,0,0.40
train,/root/leo_ws/src/leo_pybullet/worlds/benchmark_v4_hard/train/world_hard_double_block_seed_300224.yaml,300224,hard,14,4,18,True,6.3176,-3.532611,-3.058598,-0.059266,0.953477,-3.532984,double_block,4.5111,1.4005,2,v4_focused,train,0,focused_failure
train,/root/leo_ws/src/leo_pybullet/worlds/benchmark_v4_hard/train/world_easy_clear_seed_300039.yaml,300039,easy,3,4,7,False,5.5153,2.229549,-3.584939,1.834913,0.311377,1.16028,clear,5.1183,1.0776,0,v4,train,0,0.45
train,/root/leo_ws/src/leo_pybullet/worlds/benchmark_v4_hard/train/world_medium_direct_block_seed_300442.yaml,300442,medium,6,4,10,True,7.7004,-3.439389,-2.500143,1.54263,-2.94084,4.147867,direct_block,6.6667,1.1551,1,v4_focused,train,0,focused_failure
train,/root/leo_ws/src/leo_pybullet/worlds/benchmark_v2/train/world_easy_seed_000135.yaml,135,easy,4,4,8,False,5.0192,1.246691,-1.945926,-0.298449,-1.792797,1.790561,,,,,v2,train,0,0.40
train,/root/leo_ws/src/leo_pybullet/worlds/benchmark_v4_hard/train/world_easy_double_block_seed_300213.yaml,300213,easy,4,4,8,True,8.2523,1.163293,-3.140165,2.384254,-3.703534,2.008633,double_block,7.0849,1.1648,2,v4,train,0,0.45
train,/root/leo_ws/src/leo_pybullet/worlds/benchmark_v2/train/world_easy_seed_000036.yaml,36,easy,3,4,7,True,9.6157,-4.168609,2.621908,-2.64777,3.561661,-1.875034,,,,,v2,train,0,0.40
train,/root/leo_ws/src/leo_pybullet/worlds/benchmark_v4_hard/train/world_easy_direct_block_seed_300186.yaml,300186,easy,3,4,7,True,5.9153,-1.087786,-0.38575,-0.089844,4.037151,-1.194607,direct_block,5.1884,1.1401,1,v4,train,0,0.45
train,/root/leo_ws/src/leo_pybullet/worlds/benchmark_v3_curriculum/train/world_easy_direct_block_seed_000228.yaml,228,easy,1,4,5,True,5.3027,-3.495869,0.631214,-0.220391,1.139976,-0.052547,direct_block,4.686,1.1316,,v3,train,general_replay,0.15
train,/root/leo_ws/src/leo_pybullet/worlds/benchmark_v4_hard/train/world_hard_double_block_seed_300353.yaml,300353,hard,10,4,14,True,9.209,3.894108,0.343303,2.790481,-2.928447,3.442522,double_block,7.4935,1.2289,2,v4,train,0,0.45
train,/root/leo_ws/src/leo_pybullet/worlds/benchmark_v4_hard/train/world_medium_double_block_seed_300181.yaml,300181,medium,9,4,13,True,5.8982,-0.353764,-0.328898,2.005819,-1.831678,4.06008,double_block,4.6311,1.2736,2,v4,train,0,0.45
train,/root/leo_ws/src/leo_pybullet/worlds/benchmark_v4_hard/train/world_easy_direct_block_seed_300246.yaml,300246,easy,5,4,9,True,6.9861,0.655784,-4.05187,2.1829,-2.677294,1.355783,direct_block,6.3523,1.0998,1,v4,train,0,0.45
train,/root/leo_ws/src/leo_pybullet/worlds/benchmark_v4_hard/train/world_medium_clear_seed_300163.yaml,300163,medium,7,4,11,False,7.8708,4.09927,-1.392642,3.040765,-3.314663,-0.327455,clear,7.4901,1.0508,0,v4,train,0,0.45
train,/root/leo_ws/src/leo_pybullet/worlds/benchmark_v4_hard/train/world_medium_double_block_seed_300085.yaml,300085,medium,7,4,11,True,7.6261,3.106055,-0.482938,2.976326,-2.355746,0.865207,double_block,5.6257,1.3556,2,v4,train,0,0.45
train,/root/leo_ws/src/leo_pybullet/worlds/benchmark_v4_hard/train/world_hard_double_block_seed_300089.yaml,300089,hard,10,4,14,True,5.8651,0.505766,-1.02654,2.791374,-3.631733,0.753188,double_block,4.504,1.3022,2,v4,train,0,0.45
train,/root/leo_ws/src/leo_pybullet/worlds/benchmark_v4_hard/train/world_hard_direct_block_seed_300338.yaml,300338,hard,12,4,16,True,6.4308,1.378325,-1.277649,2.009917,-0.30268,3.657343,direct_block,5.2134,1.2335,1,v4_focused,train,3,focused_failure
train,/root/leo_ws/src/leo_pybullet/worlds/benchmark_v3_curriculum/train/world_easy_clear_seed_000291.yaml,291,easy,2,4,6,False,5.2914,1.98786,4.055445,-1.383113,2.792398,-0.932924,clear,5.0528,1.0472,,v3,train,general_replay,0.15
train,/root/leo_ws/src/leo_pybullet/worlds/benchmark_v2/train/world_medium_seed_000289.yaml,289,medium,7,4,11,False,5.432,-2.732064,-0.496593,-0.688544,2.463349,-1.078097,,,,,v2,train,0,0.40
train,/root/leo_ws/src/leo_pybullet/worlds/benchmark_v2/train/world_medium_seed_000154.yaml,154,medium,6,4,10,False,5.1063,2.524334,-0.118204,2.422398,-2.542377,0.074345,,,,,v2,train,general_replay,0.40
train,/root/leo_ws/src/leo_pybullet/worlds/benchmark_v2/train/world_medium_seed_000136.yaml,136,medium,8,4,12,True,5.9371,-0.581539,2.299482,0.863734,-0.672589,-3.133106,,,,,v2,train,0,0.40
train,/root/leo_ws/src/leo_pybullet/worlds/benchmark_v2/train/world_easy_seed_000030.yaml,30,easy,4,4,8,False,3.8022,0.965729,1.060322,-2.837009,2.845367,4.149279,,,,,v2,train,general_replay,0.40
train,/root/leo_ws/src/leo_pybullet/worlds/benchmark_v4_hard/train/world_easy_double_block_seed_300393.yaml,300393,easy,4,4,8,True,9.1735,3.808378,4.100573,-1.831722,0.907181,-3.746456,double_block,8.3662,1.0965,2,v4_focused,train,2,focused_failure
train,/root/leo_ws/src/leo_pybullet/worlds/benchmark_v2/train/world_hard_seed_000002.yaml,2,hard,8,4,12,True,8.2467,-1.2088,-2.878973,-1.560848,2.68797,3.078359,,,,,v2,train,0,0.40
train,/root/leo_ws/src/leo_pybullet/worlds/benchmark_v4_hard/train/world_medium_double_block_seed_300448.yaml,300448,medium,7,4,11,True,6.881,-2.609401,-2.370945,0.32487,3.001798,-1.311759,double_block,5.7103,1.205,2,v4,train,0,0.45
train,/root/leo_ws/src/leo_pybullet/worlds/benchmark_v4_hard/train/world_hard_double_block_seed_300032.yaml,300032,hard,10,4,14,True,6.9714,-1.986578,-2.008566,0.536108,2.973868,0.417735,double_block,5.522,1.2625,2,v4_focused,train,6,focused_failure
train,/root/leo_ws/src/leo_pybullet/worlds/benchmark_v4_hard/train/world_easy_direct_block_seed_300150.yaml,300150,easy,5,4,9,True,9.0637,-2.498338,-3.07992,0.814267,3.408179,2.336439,direct_block,8.014,1.131,1,v4,train,0,0.45
train,/root/leo_ws/src/leo_pybullet/worlds/benchmark_v4_hard/train/world_easy_direct_block_seed_300162.yaml,300162,easy,5,4,9,True,5.289,0.183277,2.577442,-1.519261,0.346125,-1.956233,direct_block,4.5366,1.1659,1,v4,train,0,0.45
train,/root/leo_ws/src/leo_pybullet/worlds/benchmark_v2/train/world_easy_seed_000168.yaml,168,easy,4,4,8,True,6.0971,0.399348,3.127914,0.732661,-0.001822,-2.452252,,,,,v2,train,general_replay,0.40
train,/root/leo_ws/src/leo_pybullet/worlds/benchmark_v4_hard/train/world_hard_direct_block_seed_300062.yaml,300062,hard,14,4,18,True,8.1998,3.226089,-2.455293,3.035823,-3.464815,-1.050806,direct_block,6.8367,1.1994,1,v4_focused,train,1,focused_failure
train,/root/leo_ws/src/leo_pybullet/worlds/benchmark_v4_hard/train/world_hard_double_block_seed_300356.yaml,300356,hard,14,4,18,True,9.6947,1.899594,2.986804,-1.53034,1.999842,-2.88513,double_block,5.8728,1.6508,2,v4,train,0,0.45
train,/root/leo_ws/src/leo_pybullet/worlds/benchmark_v2/train/world_hard_seed_000281.yaml,281,hard,8,4,12,True,4.6959,-3.331458,-0.488244,2.861884,0.060982,-2.185812,,,,,v2,train,0,0.40
train,/root/leo_ws/src/leo_pybullet/worlds/benchmark_v2/train/world_hard_seed_000002.yaml,2,hard,8,4,12,True,8.2467,-1.2088,-2.878973,-1.560848,2.68797,3.078359,,,,,v2,train,general_replay,0.40
train,/root/leo_ws/src/leo_pybullet/worlds/benchmark_v2/train/world_easy_seed_000132.yaml,132,easy,3,4,7,True,5.8296,2.405797,2.545428,-0.315336,0.403893,-2.191034,,,,,v2,train,general_replay,0.40
train,/root/leo_ws/src/leo_pybullet/worlds/benchmark_v2/train/world_medium_seed_000250.yaml,250,medium,8,4,12,True,5.529,-2.983063,1.491554,2.72721,1.767834,0.515493,,,,,v2,train,0,0.40
train,/root/leo_ws/src/leo_pybullet/worlds/benchmark_v2/train/world_medium_seed_000016.yaml,16,medium,7,4,11,True,6.4341,-1.871079,-2.378191,1.325761,-4.299074,3.080989,,,,,v2,train,0,0.40
train,/root/leo_ws/src/leo_pybullet/worlds/benchmark_v2/train/world_easy_seed_000261.yaml,261,easy,3,4,7,False,5.4878,-4.086538,3.916812,-1.487602,0.400889,1.633547,,,,,v2,train,general_replay,0.40
train,/root/leo_ws/src/leo_pybullet/worlds/benchmark_v2/train/world_hard_seed_000266.yaml,266,hard,8,4,12,True,4.9165,1.527407,-0.472339,0.582834,-2.654478,-1.022589,,,,,v2,train,general_replay,0.40
train,/root/leo_ws/src/leo_pybullet/worlds/benchmark_v4_hard/train/world_hard_direct_block_seed_300254.yaml,300254,hard,14,4,18,True,7.4571,-0.275056,1.952041,-2.010447,-1.775966,-2.563152,direct_block,4.7581,1.5672,1,v4,train,0,0.45
train,/root/leo_ws/src/leo_pybullet/worlds/benchmark_v2/train/world_hard_seed_000122.yaml,122,hard,12,4,16,True,9.3837,3.235751,3.563017,-1.758003,-3.732437,-1.161008,,,,,v2,train,general_replay,0.40
train,/root/leo_ws/src/leo_pybullet/worlds/benchmark_v4_hard/train/world_hard_double_block_seed_300248.yaml,300248,hard,11,4,15,True,6.1108,2.880507,-4.179953,1.499698,3.805678,0.517273,double_block,4.7875,1.2764,2,v4,train,0,0.45
train,/root/leo_ws/src/leo_pybullet/worlds/benchmark_v4_hard/train/world_hard_double_block_seed_300365.yaml,300365,hard,10,4,14,True,11.5622,3.932271,3.229698,-2.43294,-1.549961,-1.761724,double_block,7.4141,1.5595,2,v4_focused,train,4,focused_failure
train,/root/leo_ws/src/leo_pybullet/worlds/benchmark_v2/train/world_easy_seed_000207.yaml,207,easy,4,4,8,True,8.4971,0.929381,3.856156,2.84212,2.106419,-4.138942,,,,,v2,train,0,0.40
train,/root/leo_ws/src/leo_pybullet/worlds/benchmark_v4_hard/train/world_easy_double_block_seed_300156.yaml,300156,easy,3,4,7,True,5.9039,0.382878,-1.513993,2.151028,-2.232248,2.499852,double_block,4.7906,1.2324,2,v4_focused,train,4,focused_failure
train,/root/leo_ws/src/leo_pybullet/worlds/benchmark_v4_hard/train/world_hard_direct_block_seed_300398.yaml,300398,hard,10,4,14,True,5.6971,-2.032616,0.426662,0.79411,0.773182,4.011763,direct_block,4.5525,1.2514,1,v4,train,0,0.45
train,/root/leo_ws/src/leo_pybullet/worlds/benchmark_v2/train/world_medium_seed_000217.yaml,217,medium,7,4,11,True,8.3437,1.869878,-2.510475,-1.33469,-3.636295,2.631522,,,,,v2,train,0,0.40
train,/root/leo_ws/src/leo_pybullet/worlds/benchmark_v2/train/world_hard_seed_000155.yaml,155,hard,12,4,16,True,6.9278,4.188425,-1.868273,0.24909,1.622,3.837712,,,,,v2,train,general_replay,0.40
train,/root/leo_ws/src/leo_pybullet/worlds/benchmark_v2/train/world_easy_seed_000042.yaml,42,easy,4,4,8,True,5.8102,2.101489,-2.219441,1.51216,-3.13602,-3.458292,,,,,v2,train,general_replay,0.40
train,/root/leo_ws/src/leo_pybullet/worlds/benchmark_v4_hard/train/world_hard_direct_block_seed_300098.yaml,300098,hard,13,4,17,True,6.4971,-2.45126,-2.139854,0.103157,2.75574,-1.72121,direct_block,5.2238,1.2437,1,v4_focused,train,5,focused_failure
train,/root/leo_ws/src/leo_pybullet/worlds/benchmark_v3_curriculum/train/world_easy_direct_block_seed_000177.yaml,177,easy,1,4,5,True,7.769,-3.881825,2.799754,-0.231969,2.888377,0.799311,direct_block,7.0596,1.1005,,v3,train,0,0.15
train,/root/leo_ws/src/leo_pybullet/worlds/benchmark_v2/train/world_hard_seed_000239.yaml,239,hard,8,4,12,True,5.921,1.832008,-0.72274,-0.576018,-0.555923,4.170043,,,,,v2,train,general_replay,0.40
train,/root/leo_ws/src/leo_pybullet/worlds/benchmark_v3_curriculum/train/world_medium_direct_block_seed_000082.yaml,82,medium,2,4,6,True,5.1588,2.289861,4.109105,-2.876198,-1.76691,2.758809,direct_block,4.2756,1.2066,,v3,train,general_replay,0.15
train,/root/leo_ws/src/leo_pybullet/worlds/benchmark_v2/train/world_easy_seed_000003.yaml,3,easy,2,4,6,True,4.3129,-3.215322,3.61872,0.663501,-0.225734,0.703413,,,,,v2,train,0,0.40
train,/root/leo_ws/src/leo_pybullet/worlds/benchmark_v2/train/world_medium_seed_000016.yaml,16,medium,7,4,11,True,6.4341,-1.871079,-2.378191,1.325761,-4.299074,3.080989,,,,,v2,train,general_replay,0.40
train,/root/leo_ws/src/leo_pybullet/worlds/benchmark_v3_curriculum/train/world_easy_clear_seed_000255.yaml,255,easy,1,4,5,False,5.9849,3.850414,-0.286823,-2.561949,-0.697961,-3.682903,clear,5.6764,1.0544,,v3,train,0,0.15
train,/root/leo_ws/src/leo_pybullet/worlds/benchmark_v2/train/world_hard_seed_000287.yaml,287,hard,12,4,16,True,4.872,-2.055992,3.905086,-1.728696,-0.721458,0.562311,,,,,v2,train,0,0.40
train,/root/leo_ws/src/leo_pybullet/worlds/benchmark_v2/train/world_easy_seed_000234.yaml,234,easy,3,4,7,True,3.5839,-3.849124,0.69997,2.32611,-0.772041,1.820999,,,,,v2,train,0,0.40
train,/root/leo_ws/src/leo_pybullet/worlds/benchmark_v4_hard/train/world_medium_clear_seed_300295.yaml,300295,medium,9,4,13,False,6.0147,-1.121713,-3.832236,0.382,3.964526,-1.67661,clear,5.5242,1.0888,0,v4,train,0,0.45
train,/root/leo_ws/src/leo_pybullet/worlds/benchmark_v3_curriculum/train/world_hard_direct_block_seed_000017.yaml,17,hard,6,4,10,True,6.0033,1.743712,0.341576,2.373918,-1.88465,3.548691,direct_block,4.8426,1.2397,,v3,train,0,0.15
train,/root/leo_ws/src/leo_pybullet/worlds/benchmark_v2/train/world_medium_seed_000016.yaml,16,medium,7,4,11,True,6.4341,-1.871079,-2.378191,1.325761,-4.299074,3.080989,,,,,v2,train,0,0.40
train,/root/leo_ws/src/leo_pybullet/worlds/benchmark_v2/train/world_medium_seed_000136.yaml,136,medium,8,4,12,True,5.9371,-0.581539,2.299482,0.863734,-0.672589,-3.133106,,,,,v2,train,general_replay,0.40
train,/root/leo_ws/src/leo_pybullet/worlds/benchmark_v2/train/world_hard_seed_000146.yaml,146,hard,9,4,13,True,5.2833,-1.495084,2.674681,-2.611186,-2.966938,-1.895264,,,,,v2,train,general_replay,0.40
train,/root/leo_ws/src/leo_pybullet/worlds/benchmark_v4_hard/train/world_easy_double_block_seed_300048.yaml,300048,easy,5,4,9,True,6.1884,-1.12105,-0.61389,0.358905,3.497192,1.198462,double_block,4.9611,1.2474,2,v4,train,0,0.45
train,/root/leo_ws/src/leo_pybullet/worlds/benchmark_v4_hard/train/world_hard_clear_seed_300335.yaml,300335,hard,10,4,14,False,4.6925,0.752569,2.399786,-1.578146,1.064232,-2.225187,clear,4.6355,1.0123,0,v4,train,0,0.45
train,/root/leo_ws/src/leo_pybullet/worlds/benchmark_v2/train/world_medium_seed_000268.yaml,268,medium,7,4,11,True,5.0822,-0.693183,-3.295781,2.574473,-2.831802,0.655443,,,,,v2,train,0,0.40
train,/root/leo_ws/src/leo_pybullet/worlds/benchmark_v4_hard/train/world_medium_direct_block_seed_300142.yaml,300142,medium,9,4,13,True,5.6559,-0.641799,-0.961751,-0.054293,3.912721,-0.671704,direct_block,4.5637,1.2393,1,v4,train,0,0.45
train,/root/leo_ws/src/leo_pybullet/worlds/benchmark_v2/train/world_hard_seed_000050.yaml,50,hard,11,4,15,True,3.3439,-1.182351,3.400077,-1.067835,1.675125,2.322052,,,,,v2,train,general_replay,0.40
train,/root/leo_ws/src/leo_pybullet/worlds/benchmark_v2/train/world_medium_seed_000052.yaml,52,medium,7,4,11,True,5.281,-2.756608,-1.338938,-0.708844,1.137924,-4.05251,,,,,v2,train,0,0.40
train,/root/leo_ws/src/leo_pybullet/worlds/benchmark_v2/train/world_medium_seed_000277.yaml,277,medium,5,4,9,False,5.7278,-2.463068,-4.004226,0.759679,-0.223675,0.769808,,,,,v2,train,general_replay,0.40
train,/root/leo_ws/src/leo_pybullet/worlds/benchmark_v2/train/world_medium_seed_000007.yaml,7,medium,7,4,11,False,3.8457,-0.915036,-3.929908,0.520172,2.795086,-3.531069,,,,,v2,train,0,0.40
train,/root/leo_ws/src/leo_pybullet/worlds/benchmark_v4_hard/train/world_hard_direct_block_seed_300218.yaml,300218,hard,11,4,15,True,6.4639,-2.628526,3.928482,-0.582664,1.554273,0.966147,direct_block,5.1255,1.2611,1,v4_focused,train,3,focused_failure
train,/root/leo_ws/src/leo_pybullet/worlds/benchmark_v3_curriculum/train/world_hard_direct_block_seed_000065.yaml,65,hard,5,4,9,True,6.3622,-0.48367,3.627905,-0.955863,2.770058,-0.540025,direct_block,5.2876,1.2032,,v3,train,general_replay,0.15
train,/root/leo_ws/src/leo_pybullet/worlds/benchmark_v2/train/world_easy_seed_000132.yaml,132,easy,3,4,7,True,5.8296,2.405797,2.545428,-0.315336,0.403893,-2.191034,,,,,v2,train,0,0.40
train,/root/leo_ws/src/leo_pybullet/worlds/benchmark_v3_curriculum/train/world_medium_direct_block_seed_000202.yaml,202,medium,3,4,7,True,5.3302,1.230636,-0.769776,2.684321,-2.566257,1.501953,direct_block,4.4246,1.2047,,v3,train,0,0.15
train,/root/leo_ws/src/leo_pybullet/worlds/benchmark_v4_hard/train/world_hard_double_block_seed_300092.yaml,300092,hard,11,4,15,True,10.0341,2.405601,4.167901,-1.60232,1.932252,-0.342622,double_block,4.5353,2.2125,2,v4_focused,train,4,focused_failure
train,/root/leo_ws/src/leo_pybullet/worlds/benchmark_v2/train/world_easy_seed_000231.yaml,231,easy,2,4,6,False,3.4571,3.663174,-2.336882,-1.202418,2.410094,0.604179,,,,,v2,train,general_replay,0.40
train,/root/leo_ws/src/leo_pybullet/worlds/benchmark_v2/train/world_easy_seed_000225.yaml,225,easy,4,4,8,False,6.3574,-2.802599,1.667033,-0.834464,0.948119,-3.176779,,,,,v2,train,0,0.40
train,/root/leo_ws/src/leo_pybullet/worlds/benchmark_v4_hard/train/world_medium_clear_seed_300127.yaml,300127,medium,6,4,10,False,5.209,2.41837,-3.73506,2.026277,0.701126,0.738158,clear,4.7915,1.0871,0,v4,train,0,0.45
train,/root/leo_ws/src/leo_pybullet/worlds/benchmark_v2/train/world_easy_seed_000063.yaml,63,easy,3,4,7,False,7.85,3.843513,-3.236648,-2.951956,-2.307015,0.862308,,,,,v2,train,0,0.40
train,/root/leo_ws/src/leo_pybullet/worlds/benchmark_v2/train/world_hard_seed_000176.yaml,176,hard,8,4,12,True,4.2925,3.86149,2.413438,-1.147815,2.877269,-1.001516,,,,,v2,train,general_replay,0.40
train,/root/leo_ws/src/leo_pybullet/worlds/benchmark_v4_hard/train/world_hard_direct_block_seed_300374.yaml,300374,hard,13,4,17,True,6.7176,2.181369,2.284328,2.795766,-3.255267,4.104153,direct_block,5.7331,1.1717,1,v4_focused,train,3,focused_failure
train,/root/leo_ws/src/leo_pybullet/worlds/benchmark_v2/train/world_medium_seed_000298.yaml,298,medium,6,4,10,True,3.8571,-0.334908,3.648232,-3.059032,1.056042,0.5281,,,,,v2,train,0,0.40
train,/root/leo_ws/src/leo_pybullet/worlds/benchmark_v4_hard/train/world_medium_direct_block_seed_300118.yaml,300118,medium,7,4,11,True,8.1861,-2.775109,0.183679,-0.624216,3.590486,-3.400875,direct_block,7.3055,1.1205,1,v4_focused,train,1,focused_failure
train,/root/leo_ws/src/leo_pybullet/worlds/benchmark_v3_curriculum/train/world_easy_direct_block_seed_000249.yaml,249,easy,2,4,6,True,5.049,0.703876,0.884668,0.586852,4.142215,3.074386,direct_block,4.0764,1.2386,,v3,train,0,0.15
train,/root/leo_ws/src/leo_pybullet/worlds/benchmark_v2/train/world_easy_seed_000045.yaml,45,easy,3,4,7,False,7.4457,-3.350908,2.676646,0.938105,3.970123,3.092154,,,,,v2,train,0,0.40
train,/root/leo_ws/src/leo_pybullet/worlds/benchmark_v3_curriculum/train/world_medium_clear_seed_000043.yaml,43,medium,2,4,6,False,4.089,-1.938544,-2.704363,1.999064,-3.709981,0.673777,clear,3.8144,1.072,,v3,train,0,0.15
train,/root/leo_ws/src/leo_pybullet/worlds/benchmark_v4_hard/train/world_easy_double_block_seed_300105.yaml,300105,easy,3,4,7,True,7.121,2.433487,-0.728335,-2.917059,-3.709477,-1.285801,double_block,6.1682,1.1545,2,v4_focused,train,2,focused_failure
train,/root/leo_ws/src/leo_pybullet/worlds/benchmark_v4_hard/train/world_hard_double_block_seed_300137.yaml,300137,hard,12,4,16,True,6.9747,-1.375568,3.688127,-2.033559,-4.053762,-1.27849,double_block,5.6427,1.2361,2,v4,train,0,0.45
train,/root/leo_ws/src/leo_pybullet/worlds/benchmark_v2/train/world_easy_seed_000219.yaml,219,easy,4,4,8,True,4.6822,0.237998,-1.49046,-0.397937,2.027581,2.448867,,,,,v2,train,0,0.40
train,/root/leo_ws/src/leo_pybullet/worlds/benchmark_v4_hard/train/world_hard_double_block_seed_300032.yaml,300032,hard,10,4,14,True,6.9714,-1.986578,-2.008566,0.536108,2.973868,0.417735,double_block,5.522,1.2625,2,v4_focused,train,5,focused_failure
train,/root/leo_ws/src/leo_pybullet/worlds/benchmark_v4_hard/train/world_medium_double_block_seed_300025.yaml,300025,medium,9,4,13,True,7.3472,2.436438,-2.7551,-3.134501,-3.911782,-3.62189,double_block,6.4071,1.1467,2,v4,train,0,0.45
train,/root/leo_ws/src/leo_pybullet/worlds/benchmark_v2/train/world_medium_seed_000028.yaml,28,medium,5,4,9,False,5.5257,2.293819,-2.514982,2.860182,-3.094451,-2.932997,,,,,v2,train,0,0.40
train,/root/leo_ws/src/leo_pybullet/worlds/benchmark_v2/train/world_medium_seed_000055.yaml,55,medium,5,4,9,False,8.3976,-2.642653,4.340332,-1.986936,-1.716614,-3.656927,,,,,v2,train,0,0.40
train,/root/leo_ws/src/leo_pybullet/worlds/benchmark_v4_hard/train/world_medium_double_block_seed_300145.yaml,300145,medium,9,4,13,True,6.9198,1.441243,-1.635225,-3.012195,-3.836573,-2.205088,double_block,5.3085,1.3035,2,v4_focused,train,4,focused_failure
train,/root/leo_ws/src/leo_pybullet/worlds/benchmark_v4_hard/train/world_medium_double_block_seed_300100.yaml,300100,medium,6,4,10,True,7.5872,-1.317023,1.923084,-0.867312,3.149786,-2.636031,double_block,6.3826,1.1887,2,v4,train,0,0.45
train,/root/leo_ws/src/leo_pybullet/worlds/benchmark_v3_curriculum/train/world_medium_direct_block_seed_000190.yaml,190,medium,2,4,6,True,6.6878,-0.89898,-3.619909,2.076851,-3.523972,1.754462,direct_block,5.9812,1.1181,,v3,train,0,0.15
train,/root/leo_ws/src/leo_pybullet/worlds/benchmark_v4_hard/train/world_easy_direct_block_seed_300258.yaml,300258,easy,4,4,8,True,6.6239,-3.573493,-1.731173,1.25198,-2.426498,4.152867,direct_block,5.9948,1.1049,1,v4_focused,train,4,focused_failure
train,/root/leo_ws/src/leo_pybullet/worlds/benchmark_v4_hard/train/world_medium_clear_seed_300079.yaml,300079,medium,9,4,13,False,7.0992,2.557323,2.507184,-2.085114,-0.523428,-3.344252,clear,6.6129,1.0735,0,v4,train,0,0.45
train,/root/leo_ws/src/leo_pybullet/worlds/benchmark_v2/train/world_easy_seed_000177.yaml,177,easy,2,4,6,False,6.5884,0.71889,1.823409,2.069574,2.684366,-3.973162,,,,,v2,train,general_replay,0.40
train,/root/leo_ws/src/leo_pybullet/worlds/benchmark_v2/train/world_medium_seed_000175.yaml,175,medium,8,4,12,True,4.9165,1.952418,1.644936,-1.524391,1.648558,-2.652588,,,,,v2,train,0,0.40
train,/root/leo_ws/src/leo_pybullet/worlds/benchmark_v4_hard/train/world_easy_double_block_seed_300321.yaml,300321,easy,5,4,9,True,6.5335,-1.14505,2.474241,-0.514326,3.523579,0.020013,double_block,5.2744,1.2387,2,v4,train,0,0.45
train,/root/leo_ws/src/leo_pybullet/worlds/benchmark_v2/train/world_medium_seed_000205.yaml,205,medium,8,4,12,True,4.0251,-3.492753,3.008678,2.961053,-0.274374,1.780458,,,,,v2,train,general_replay,0.40
train,/root/leo_ws/src/leo_pybullet/worlds/benchmark_v4_hard/train/world_easy_clear_seed_300411.yaml,300411,easy,3,4,7,False,7.2559,3.634283,-2.462527,-2.959227,-2.894591,-4.084558,clear,6.7273,1.0786,0,v4,train,0,0.45
train,/root/leo_ws/src/leo_pybullet/worlds/benchmark_v3_curriculum/train/world_easy_direct_block_seed_000222.yaml,222,easy,1,4,5,True,7.4055,2.041736,-0.498914,-2.496782,-3.611845,-4.111887,direct_block,6.7094,1.1037,,v3,train,0,0.15
train,/root/leo_ws/src/leo_pybullet/worlds/benchmark_v2/train/world_easy_seed_000222.yaml,222,easy,2,4,6,True,6.5382,-1.6867,-4.09602,-0.368796,-2.409919,2.089777,,,,,v2,train,general_replay,0.40
train,/root/leo_ws/src/leo_pybullet/worlds/benchmark_v2/train/world_medium_seed_000163.yaml,163,medium,8,4,12,True,9.0855,-2.845777,3.165698,-1.850375,2.519505,-2.464075,,,,,v2,train,general_replay,0.40
train,/root/leo_ws/src/leo_pybullet/worlds/benchmark_v3_curriculum/train/world_medium_direct_block_seed_000112.yaml,112,medium,3,4,7,True,5.4684,2.830218,0.678309,-2.943624,-1.709714,-0.297726,direct_block,4.6437,1.1776,,v3,train,general_replay,0.15
train,/root/leo_ws/src/leo_pybullet/worlds/benchmark_v4_hard/train/world_hard_double_block_seed_300104.yaml,300104,hard,14,4,18,True,8.5472,1.975434,2.067322,-2.317023,-2.487922,-1.583368,double_block,5.7662,1.4823,2,v4,train,0,0.45
train,/root/leo_ws/src/leo_pybullet/worlds/benchmark_v3_curriculum/train/world_hard_direct_block_seed_000224.yaml,224,hard,4,4,8,True,5.5096,2.923677,-0.299707,1.217419,4.179384,4.009228,direct_block,4.4882,1.2276,,v3,train,0,0.15
train,/root/leo_ws/src/leo_pybullet/worlds/benchmark_v4_hard/train/world_hard_direct_block_seed_300230.yaml,300230,hard,10,4,14,True,6.0639,2.521779,0.931136,-2.63231,-1.304113,-1.955199,direct_block,4.7925,1.2653,1,v4,train,0,0.45
train,/root/leo_ws/src/leo_pybullet/worlds/benchmark_v4_hard/train/world_easy_double_block_seed_300165.yaml,300165,easy,3,4,7,True,6.7484,3.179422,3.343779,-2.207813,-0.632346,-0.837357,double_block,5.6579,1.1928,2,v4,train,0,0.45
train,/root/leo_ws/src/leo_pybullet/worlds/benchmark_v2/train/world_medium_seed_000049.yaml,49,medium,5,4,9,True,6.2878,3.769902,-1.535592,1.130102,0.472891,2.677341,,,,,v2,train,0,0.40
train,/root/leo_ws/src/leo_pybullet/worlds/benchmark_v4_hard/train/world_hard_direct_block_seed_300026.yaml,300026,hard,12,4,16,True,9.1025,1.687163,-4.182527,1.98101,-1.033548,1.718623,direct_block,6.4981,1.4008,1,v4_focused,train,2,focused_failure
train,/root/leo_ws/src/leo_pybullet/worlds/benchmark_v4_hard/train/world_hard_double_block_seed_300056.yaml,300056,hard,12,4,16,True,7.6227,-1.630143,4.243983,-1.809857,-3.266632,-1.42817,double_block,5.9035,1.2912,2,v4_focused,train,3,focused_failure
train,/root/leo_ws/src/leo_pybullet/worlds/benchmark_v2/train/world_medium_seed_000274.yaml,274,medium,6,4,10,True,6.3598,-0.707353,2.558741,0.638105,-4.12389,-2.036279,,,,,v2,train,0,0.40
train,/root/leo_ws/src/leo_pybullet/worlds/benchmark_v4_hard/train/world_hard_direct_block_seed_300170.yaml,300170,hard,10,4,14,True,8.9037,2.519967,-2.361354,2.476764,-2.935104,1.765274,direct_block,6.8401,1.3017,1,v4,train,0,0.45
train,/root/leo_ws/src/leo_pybullet/worlds/benchmark_v4_hard/train/world_hard_double_block_seed_300224.yaml,300224,hard,14,4,18,True,6.3176,-3.532611,-3.058598,-0.059266,0.953477,-3.532984,double_block,4.5111,1.4005,2,v4_focused,train,5,focused_failure
train,/root/leo_ws/src/leo_pybullet/worlds/benchmark_v4_hard/train/world_hard_direct_block_seed_300362.yaml,300362,hard,12,4,16,True,6.9908,-2.895741,-3.057862,1.095146,-0.836803,2.465023,direct_block,5.8942,1.186,1,v4,train,0,0.45
train,/root/leo_ws/src/leo_pybullet/worlds/benchmark_v2/train/world_easy_seed_000243.yaml,243,easy,4,4,8,False,4.2376,-3.893183,0.548871,-2.463682,-2.903361,-3.28588,,,,,v2,train,0,0.40
train,/root/leo_ws/src/leo_pybullet/worlds/benchmark_v2/train/world_medium_seed_000190.yaml,190,medium,5,4,9,True,9.0888,-3.705083,-3.606889,0.186935,1.795743,2.57749,,,,,v2,train,0,0.40
train,/root/leo_ws/src/leo_pybullet/worlds/benchmark_v2/train/world_hard_seed_000272.yaml,272,hard,11,4,15,True,7.2729,-1.967071,0.961375,1.996445,3.800033,4.02328,,,,,v2,train,0,0.40
train,/root/leo_ws/src/leo_pybullet/worlds/benchmark_v3_curriculum/train/world_easy_direct_block_seed_000090.yaml,90,easy,1,4,5,True,4.7896,-3.026698,4.06318,0.002122,1.146943,4.158494,direct_block,4.1747,1.1473,,v3,train,general_replay,0.15
train,/root/leo_ws/src/leo_pybullet/worlds/benchmark_v2/train/world_hard_seed_000182.yaml,182,hard,11,4,15,True,6.6353,-2.319145,-1.568877,1.332882,3.438873,-3.677271,,,,,v2,train,0,0.40
train,/root/leo_ws/src/leo_pybullet/worlds/benchmark_v4_hard/train/world_easy_double_block_seed_300105.yaml,300105,easy,3,4,7,True,7.121,2.433487,-0.728335,-2.917059,-3.709477,-1.285801,double_block,6.1682,1.1545,2,v4_focused,train,3,focused_failure
train,/root/leo_ws/src/leo_pybullet/worlds/benchmark_v2/train/world_medium_seed_000280.yaml,280,medium,7,4,11,True,4.2182,2.16386,-3.632354,-1.033826,3.612136,-0.417923,,,,,v2,train,0,0.40
train,/root/leo_ws/src/leo_pybullet/worlds/benchmark_v3_curriculum/train/world_easy_direct_block_seed_000213.yaml,213,easy,1,4,5,True,8.1506,3.505961,-2.888995,2.156255,-0.55698,3.470469,direct_block,7.5465,1.08,,v3,train,0,0.15
train,/root/leo_ws/src/leo_pybullet/worlds/benchmark_v2/train/world_hard_seed_000188.yaml,188,hard,9,4,13,True,6.4341,2.842851,-4.003205,1.056305,-0.859019,0.081105,,,,,v2,train,0,0.40
train,/root/leo_ws/src/leo_pybullet/worlds/benchmark_v4_hard/train/world_hard_double_block_seed_300377.yaml,300377,hard,14,4,18,True,9.5049,1.499979,-3.56036,1.343737,3.369602,3.502599,double_block,7.3062,1.3009,2,v4_focused,train,3,focused_failure
train,/root/leo_ws/src/leo_pybullet/worlds/benchmark_v3_curriculum/train/world_hard_direct_block_seed_000020.yaml,20,hard,6,4,10,True,5.6478,1.58316,2.265329,-1.140196,3.439238,-2.041467,direct_block,4.6897,1.2043,,v3,train,0,0.15
train,/root/leo_ws/src/leo_pybullet/worlds/benchmark_v2/train/world_medium_seed_000196.yaml,196,medium,5,4,9,False,5.1986,-2.530903,-0.665306,2.021573,1.288074,2.610075,,,,,v2,train,0,0.40
train,/root/leo_ws/src/leo_pybullet/worlds/benchmark_v2/train/world_medium_seed_000040.yaml,40,medium,8,4,12,False,3.8571,0.208562,-2.215976,-1.845159,1.431655,1.192752,,,,,v2,train,general_replay,0.40
train,/root/leo_ws/src/leo_pybullet/worlds/benchmark_v2/train/world_easy_seed_000150.yaml,150,easy,3,4,7,False,3.9896,3.744224,-0.495809,2.045001,2.175399,-3.904291,,,,,v2,train,0,0.40
train,/root/leo_ws/src/leo_pybullet/worlds/benchmark_v4_hard/train/world_hard_clear_seed_300347.yaml,300347,hard,13,4,17,False,5.9427,0.200576,1.911248,-2.004645,-1.418215,-3.386018,clear,5.5391,1.0729,0,v4,train,0,0.45
train,/root/leo_ws/src/leo_pybullet/worlds/benchmark_v3_curriculum/train/world_easy_direct_block_seed_000120.yaml,120,easy,1,4,5,True,5.7884,-2.646491,3.849816,-0.605958,1.149787,0.762126,direct_block,4.8934,1.1829,,v3,train,general_replay,0.15
train,/root/leo_ws/src/leo_pybullet/worlds/benchmark_v2/train/world_medium_seed_000292.yaml,292,medium,6,4,10,True,6.5553,0.690147,-1.535084,-0.500174,3.093956,3.723071,,,,,v2,train,0,0.40
train,/root/leo_ws/src/leo_pybullet/worlds/benchmark_v2/train/world_medium_seed_000073.yaml,73,medium,7,4,11,True,4.9222,-0.832895,0.004404,-0.55546,-0.42729,-4.157723,,,,,v2,train,0,0.40
train,/root/leo_ws/src/leo_pybullet/worlds/benchmark_v2/train/world_medium_seed_000286.yaml,286,medium,8,4,12,True,4.6433,1.677095,-3.663675,-2.228648,-0.778365,-0.573012,,,,,v2,train,general_replay,0.40
train,/root/leo_ws/src/leo_pybullet/worlds/benchmark_v4_hard/train/world_medium_clear_seed_300355.yaml,300355,medium,6,4,10,False,8.8261,-3.737027,1.850798,-0.392599,3.861714,-1.0735,clear,8.142,1.084,0,v4,train,0,0.45
train,/root/leo_ws/src/leo_pybullet/worlds/benchmark_v4_hard/train/world_medium_direct_block_seed_300058.yaml,300058,medium,6,4,10,True,5.8216,3.455348,2.759347,-1.829334,2.506817,-2.214697,direct_block,5.0637,1.1497,1,v4,train,0,0.45
train,/root/leo_ws/src/leo_pybullet/worlds/benchmark_v4_hard/train/world_easy_double_block_seed_300360.yaml,300360,easy,4,4,8,True,6.0478,0.646691,1.068411,2.777435,-4.218037,2.454784,double_block,5.0584,1.1956,2,v4,train,0,0.45
train,/root/leo_ws/src/leo_pybullet/worlds/benchmark_v4_hard/train/world_hard_double_block_seed_300077.yaml,300077,hard,12,4,16,True,6.5027,-2.463709,2.378015,-1.77945,-3.384729,-2.180983,double_block,4.6511,1.3981,2,v4_focused,train,2,focused_failure
train,/root/leo_ws/src/leo_pybullet/worlds/benchmark_v3_curriculum/train/world_medium_clear_seed_000031.yaml,31,medium,2,4,6,False,7.3198,-0.258585,2.243803,-1.920134,-3.05273,-3.88222,clear,6.7332,1.0871,,v3,train,general_replay,0.15
train,/root/leo_ws/src/leo_pybullet/worlds/benchmark_v2/train/world_medium_seed_000235.yaml,235,medium,7,4,11,False,5.92,2.346567,-2.184435,-2.147761,-3.552861,-2.161491,,,,,v2,train,general_replay,0.40
train,/root/leo_ws/src/leo_pybullet/worlds/benchmark_v4_hard/train/world_medium_double_block_seed_300340.yaml,300340,medium,6,4,10,True,6.9633,-1.348981,-3.210317,1.79442,-3.136766,2.041093,double_block,5.5474,1.2552,2,v4,train,0,0.45
train,/root/leo_ws/src/leo_pybullet/worlds/benchmark_v2/train/world_easy_seed_000048.yaml,48,easy,4,4,8,True,6.3929,1.860648,-0.558039,0.988752,-3.004616,2.669248,,,,,v2,train,0,0.40
train,/root/leo_ws/src/leo_pybullet/worlds/benchmark_v4_hard/train/world_medium_clear_seed_300283.yaml,300283,medium,9,4,13,False,6.1231,3.256339,0.988545,-2.433696,-1.147459,-3.181687,clear,6.065,1.0096,0,v4,train,0,0.45
train,/root/leo_ws/src/leo_pybullet/worlds/benchmark_v2/train/world_hard_seed_000203.yaml,203,hard,8,4,12,True,4.5108,-0.068701,3.682327,2.993882,-4.099098,4.287119,,,,,v2,train,general_replay,0.40
train,/root/leo_ws/src/leo_pybullet/worlds/benchmark_v2/train/world_easy_seed_000231.yaml,231,easy,2,4,6,False,3.4571,3.663174,-2.336882,-1.202418,2.410094,0.604179,,,,,v2,train,general_replay,0.40
train,/root/leo_ws/src/leo_pybullet/worlds/benchmark_v4_hard/train/world_hard_double_block_seed_300341.yaml,300341,hard,14,4,18,True,8.5084,-0.691329,-3.790402,1.573118,-0.415863,1.768754,double_block,5.566,1.5286,2,v4_focused,train,5,focused_failure
train,/root/leo_ws/src/leo_pybullet/worlds/benchmark_v4_hard/train/world_medium_direct_block_seed_300166.yaml,300166,medium,7,4,11,True,6.9302,-3.736561,-2.144614,-0.345629,1.992306,-4.106181,direct_block,6.0554,1.1445,1,v4,train,0,0.45
train,/root/leo_ws/src/leo_pybullet/worlds/benchmark_v2/train/world_medium_seed_000103.yaml,103,medium,8,4,12,False,3.7472,2.080541,1.342656,1.101397,-0.33784,-1.408267,,,,,v2,train,0,0.40
train,/root/leo_ws/src/leo_pybullet/worlds/benchmark_v3_curriculum/train/world_medium_direct_block_seed_000244.yaml,244,medium,4,4,8,True,4.7508,-0.77433,2.498553,-1.355463,-0.28419,-1.243265,direct_block,3.7738,1.2589,,v3,train,general_replay,0.15
train,/root/leo_ws/src/leo_pybullet/worlds/benchmark_v4_hard/train/world_medium_double_block_seed_300145.yaml,300145,medium,9,4,13,True,6.9198,1.441243,-1.635225,-3.012195,-3.836573,-2.205088,double_block,5.3085,1.3035,2,v4_focused,train,3,focused_failure
train,/root/leo_ws/src/leo_pybullet/worlds/benchmark_v2/train/world_easy_seed_000027.yaml,27,easy,4,4,8,False,6.7163,-2.193802,-2.263481,0.864345,2.795674,1.998724,,,,,v2,train,general_replay,0.40
train,/root/leo_ws/src/leo_pybullet/worlds/benchmark_v3_curriculum/train/world_hard_direct_block_seed_000101.yaml,101,hard,6,4,10,True,6.2022,2.9505,3.471213,-2.160161,0.33343,-1.201265,direct_block,5.3555,1.1581,,v3,train,0,0.15
train,/root/leo_ws/src/leo_pybullet/worlds/benchmark_v4_hard/train/world_medium_clear_seed_300247.yaml,300247,medium,7,4,11,False,6.5804,-3.639838,-1.168106,-0.479949,1.900335,-3.697965,clear,6.0905,1.0804,0,v4,train,0,0.45
train,/root/leo_ws/src/leo_pybullet/worlds/benchmark_v3_curriculum/train/world_hard_direct_block_seed_000248.yaml,248,hard,5,4,9,True,5.6171,1.521047,-2.166212,2.47803,-1.887908,0.660192,direct_block,4.4283,1.2685,,v3,train,general_replay,0.15
train,/root/leo_ws/src/leo_pybullet/worlds/benchmark_v2/train/world_easy_seed_000180.yaml,180,easy,2,4,6,True,5.7827,-4.251012,-2.045843,0.625974,0.804804,-0.438474,,,,,v2,train,0,0.40
train,/root/leo_ws/src/leo_pybullet/worlds/benchmark_v2/train/world_medium_seed_000241.yaml,241,medium,5,4,9,True,4.3976,1.753828,1.834346,0.285573,-2.295833,1.300825,,,,,v2,train,0,0.40
train,/root/leo_ws/src/leo_pybullet/worlds/benchmark_v3_curriculum/train/world_medium_clear_seed_000115.yaml,115,medium,3,4,7,False,5.8182,-2.576053,-3.286282,1.764662,-3.295954,2.161584,clear,5.4952,1.0588,,v3,train,0,0.15
train,/root/leo_ws/src/leo_pybullet/worlds/benchmark_v2/train/world_medium_seed_000238.yaml,238,medium,7,4,11,True,9.1551,1.908349,-3.778251,-2.098279,-3.082151,3.16527,,,,,v2,train,0,0.40
train,/root/leo_ws/src/leo_pybullet/worlds/benchmark_v2/train/world_easy_seed_000030.yaml,30,easy,4,4,8,False,3.8022,0.965729,1.060322,-2.837009,2.845367,4.149279,,,,,v2,train,general_replay,0.40
train,/root/leo_ws/src/leo_pybullet/worlds/benchmark_v3_curriculum/train/world_medium_direct_block_seed_000265.yaml,265,medium,3,4,7,True,5.5096,1.746283,4.229983,-2.427887,-1.866654,1.388208,direct_block,4.5966,1.1986,,v3,train,0,0.15
train,/root/leo_ws/src/leo_pybullet/worlds/benchmark_v2/train/world_medium_seed_000025.yaml,25,medium,8,4,12,True,8.2078,-0.229928,3.114975,0.406758,2.239243,-4.047936,,,,,v2,train,general_replay,0.40
train,/root/leo_ws/src/leo_pybullet/worlds/benchmark_v4_hard/train/world_easy_double_block_seed_300201.yaml,300201,easy,5,4,9,True,6.7896,3.185151,1.925835,-1.602374,2.611412,-3.689111,double_block,5.6442,1.2029,2,v4_focused,train,0,focused_failure
train,/root/leo_ws/src/leo_pybullet/worlds/benchmark_v2/train/world_hard_seed_000194.yaml,194,hard,12,4,16,True,4.6102,-3.023669,-0.985426,1.496865,-2.159826,2.842189,,,,,v2,train,general_replay,0.40
train,/root/leo_ws/src/leo_pybullet/worlds/benchmark_v3_curriculum/train/world_medium_direct_block_seed_000124.yaml,124,medium,3,4,7,True,4.9908,0.41017,-2.744824,0.570576,3.956666,-0.712393,direct_block,4.0876,1.221,,v3,train,0,0.15
train,/root/leo_ws/src/leo_pybullet/worlds/benchmark_v2/train/world_medium_seed_000241.yaml,241,medium,5,4,9,True,4.3976,1.753828,1.834346,0.285573,-2.295833,1.300825,,,,,v2,train,0,0.40
train,/root/leo_ws/src/leo_pybullet/worlds/benchmark_v2/train/world_hard_seed_000263.yaml,263,hard,11,4,15,True,5.4239,2.870208,-1.06747,2.371949,-2.155065,-0.311294,,,,,v2,train,0,0.40
train,/root/leo_ws/src/leo_pybullet/worlds/benchmark_v2/train/world_hard_seed_000191.yaml,191,hard,12,4,16,True,6.9827,3.231298,0.115757,0.876334,-3.088629,-0.843437,,,,,v2,train,general_replay,0.40
train,/root/leo_ws/src/leo_pybullet/worlds/benchmark_v3_curriculum/train/world_hard_direct_block_seed_000017.yaml,17,hard,6,4,10,True,6.0033,1.743712,0.341576,2.373918,-1.88465,3.548691,direct_block,4.8426,1.2397,,v3,train,general_replay,0.15
train,/root/leo_ws/src/leo_pybullet/worlds/benchmark_v2/train/world_medium_seed_000259.yaml,259,medium,5,4,9,False,4.0502,-3.56417,0.840036,1.749601,-0.051709,2.141584,,,,,v2,train,general_replay,0.40
train,/root/leo_ws/src/leo_pybullet/worlds/benchmark_v4_hard/train/world_easy_double_block_seed_300381.yaml,300381,easy,5,4,9,True,6.1576,0.730153,-3.818305,2.970569,-4.01403,-2.368283,double_block,4.9608,1.2413,2,v4_focused,train,2,focused_failure
train,/root/leo_ws/src/leo_pybullet/worlds/benchmark_v4_hard/train/world_easy_double_block_seed_300201.yaml,300201,easy,5,4,9,True,6.7896,3.185151,1.925835,-1.602374,2.611412,-3.689111,double_block,5.6442,1.2029,2,v4_focused,train,2,focused_failure
train,/root/leo_ws/src/leo_pybullet/worlds/benchmark_v3_curriculum/train/world_medium_direct_block_seed_000016.yaml,16,medium,3,4,7,True,7.7198,3.010161,1.793512,-2.506772,-2.228201,-2.359344,direct_block,6.6848,1.1548,,v3,train,0,0.15
train,/root/leo_ws/src/leo_pybullet/worlds/benchmark_v3_curriculum/train/world_easy_clear_seed_000279.yaml,279,easy,2,4,6,False,7.6753,3.985006,-3.451309,2.815962,-2.910766,-1.54885,clear,7.1534,1.073,,v3,train,general_replay,0.15
train,/root/leo_ws/src/leo_pybullet/worlds/benchmark_v4_hard/train/world_hard_double_block_seed_300065.yaml,300065,hard,14,4,18,True,8.3096,-3.589928,-2.524051,0.652105,1.813146,1.323968,double_block,6.6333,1.2527,2,v4,train,0,0.45
train,/root/leo_ws/src/leo_pybullet/worlds/benchmark_v2/train/world_easy_seed_000006.yaml,6,easy,4,4,8,False,5.6649,-0.130199,-2.073893,-0.186898,-4.34607,1.416521,,,,,v2,train,0,0.40
train,/root/leo_ws/src/leo_pybullet/worlds/benchmark_v2/train/world_hard_seed_000047.yaml,47,hard,10,4,14,True,3.9645,0.466669,0.615878,0.726093,-2.110377,-0.986954,,,,,v2,train,general_replay,0.40
train,/root/leo_ws/src/leo_pybullet/worlds/benchmark_v4_hard/train/world_medium_double_block_seed_300433.yaml,300433,medium,7,4,11,True,6.7759,1.904947,3.565704,-3.047219,-3.812288,3.413571,double_block,5.7193,1.1847,2,v4_focused,train,2,focused_failure
train,/root/leo_ws/src/leo_pybullet/worlds/benchmark_v2/train/world_hard_seed_000077.yaml,77,hard,10,4,14,True,3.8845,-2.257706,2.806236,0.363763,-3.348956,-0.20674,,,,,v2,train,0,0.40
train,/root/leo_ws/src/leo_pybullet/worlds/benchmark_v2/train/world_hard_seed_000080.yaml,80,hard,10,4,14,True,6.7461,3.467619,3.157216,-0.620241,-0.689089,-1.173293,,,,,v2,train,0,0.40
train,/root/leo_ws/src/leo_pybullet/worlds/benchmark_v2/train/world_medium_seed_000265.yaml,265,medium,8,4,12,True,6.0753,4.329512,-1.910575,-2.860778,1.420872,2.35362,,,,,v2,train,0,0.40
train,/root/leo_ws/src/leo_pybullet/worlds/benchmark_v4_hard/train/world_medium_double_block_seed_300352.yaml,300352,medium,9,4,13,True,7.1702,2.885641,-1.927617,2.92958,-2.857453,-1.395655,double_block,5.7677,1.2432,2,v4,train,0,0.45
train,/root/leo_ws/src/leo_pybullet/worlds/benchmark_v4_hard/train/world_medium_double_block_seed_300109.yaml,300109,medium,7,4,11,True,7.841,2.38579,2.585567,-1.483158,2.582887,-4.243809,double_block,6.8322,1.1476,2,v4,train,0,0.45
train,/root/leo_ws/src/leo_pybullet/worlds/benchmark_v2/train/world_easy_seed_000282.yaml,282,easy,4,4,8,True,3.8571,1.440073,1.902614,-1.170973,3.116001,-1.069508,,,,,v2,train,general_replay,0.40
train,/root/leo_ws/src/leo_pybullet/worlds/benchmark_v2/train/world_medium_seed_000268.yaml,268,medium,7,4,11,True,5.0822,-0.693183,-3.295781,2.574473,-2.831802,0.655443,,,,,v2,train,general_replay,0.40
train,/root/leo_ws/src/leo_pybullet/worlds/benchmark_v4_hard/train/world_easy_direct_block_seed_300174.yaml,300174,easy,4,4,8,True,8.3153,0.75673,3.94722,-1.393545,2.228646,-3.56995,direct_block,7.6599,1.0856,1,v4_focused,train,2,focused_failure
train,/root/leo_ws/src/leo_pybullet/worlds/benchmark_v2/train/world_medium_seed_000109.yaml,109,medium,7,4,11,True,4.8696,-0.434619,-3.847454,-1.264372,-2.369369,-0.017047,,,,,v2,train,0,0.40
train,/root/leo_ws/src/leo_pybullet/worlds/benchmark_v4_hard/train/world_easy_direct_block_seed_300114.yaml,300114,easy,5,4,9,True,9.2753,-0.277073,-3.715742,1.895685,-2.832422,4.123087,direct_block,8.2448,1.125,1,v4_focused,train,2,focused_failure
train,/root/leo_ws/src/leo_pybullet/worlds/benchmark_v2/train/world_hard_seed_000146.yaml,146,hard,9,4,13,True,5.2833,-1.495084,2.674681,-2.611186,-2.966938,-1.895264,,,,,v2,train,0,0.40
train,/root/leo_ws/src/leo_pybullet/worlds/benchmark_v2/train/world_easy_seed_000063.yaml,63,easy,3,4,7,False,7.85,3.843513,-3.236648,-2.951956,-2.307015,0.862308,,,,,v2,train,general_replay,0.40
train,/root/leo_ws/src/leo_pybullet/worlds/benchmark_v2/train/world_easy_seed_000171.yaml,171,easy,4,4,8,False,6.2112,-0.7494,4.321343,1.106538,2.835939,-0.328503,,,,,v2,train,0,0.40
train,/root/leo_ws/src/leo_pybullet/worlds/benchmark_v3_curriculum/train/world_easy_direct_block_seed_000126.yaml,126,easy,1,4,5,True,5.849,-0.231083,-2.915119,2.125796,-3.119941,1.073371,direct_block,4.9248,1.1877,,v3,train,0,0.15
train,/root/leo_ws/src/leo_pybullet/worlds/benchmark_v4_hard/train/world_hard_direct_block_seed_300374.yaml,300374,hard,13,4,17,True,6.7176,2.181369,2.284328,2.795766,-3.255267,4.104153,direct_block,5.7331,1.1717,1,v4,train,0,0.45
train,/root/leo_ws/src/leo_pybullet/worlds/benchmark_v4_hard/train/world_hard_double_block_seed_300020.yaml,300020,hard,12,4,16,True,8.1804,-1.960542,-1.085359,0.629666,3.186043,3.477221,double_block,6.8778,1.1894,2,v4_focused,train,4,focused_failure
train,/root/leo_ws/src/leo_pybullet/worlds/benchmark_v3_curriculum/train/world_medium_clear_seed_000199.yaml,199,medium,3,4,7,False,4.8251,2.076387,2.946796,-1.717096,1.421204,-1.623855,clear,4.6174,1.045,,v3,train,0,0.15
train,/root/leo_ws/src/leo_pybullet/worlds/benchmark_v2/train/world_easy_seed_000051.yaml,51,easy,2,4,6,True,6.898,0.454918,-2.209108,-1.534117,4.294414,2.893611,,,,,v2,train,0,0.40
train,/root/leo_ws/src/leo_pybullet/worlds/benchmark_v2/train/world_medium_seed_000088.yaml,88,medium,8,4,12,False,6.2467,-1.45457,-2.740667,-3.092495,-4.224616,2.335434,,,,,v2,train,0,0.40
train,/root/leo_ws/src/leo_pybullet/worlds/benchmark_v4_hard/train/world_easy_direct_block_seed_300318.yaml,300318,easy,3,4,7,True,6.881,-1.977416,1.195386,-0.949238,1.957879,-3.13797,direct_block,5.8536,1.1755,1,v4,train,0,0.45
train,/root/leo_ws/src/leo_pybullet/worlds/benchmark_v4_hard/train/world_medium_double_block_seed_300301.yaml,300301,medium,8,4,12,True,6.7702,-1.779314,2.201229,-1.038715,0.88522,-2.406854,double_block,5.323,1.2719,2,v4,train,0,0.45
train,/root/leo_ws/src/leo_pybullet/worlds/benchmark_v2/train/world_hard_seed_000023.yaml,23,hard,10,4,14,False,3.192,-3.623109,0.800637,-2.322875,-0.663398,0.261766,,,,,v2,train,0,0.40
train,/root/leo_ws/src/leo_pybullet/worlds/benchmark_v2/train/world_hard_seed_000095.yaml,95,hard,12,4,16,True,4.2102,4.324789,0.341223,-0.037864,3.789334,-3.233593,,,,,v2,train,general_replay,0.40
train,/root/leo_ws/src/leo_pybullet/worlds/benchmark_v4_hard/train/world_hard_direct_block_seed_300374.yaml,300374,hard,13,4,17,True,6.7176,2.181369,2.284328,2.795766,-3.255267,4.104153,direct_block,5.7331,1.1717,1,v4_focused,train,6,focused_failure
train,/root/leo_ws/src/leo_pybullet/worlds/benchmark_v3_curriculum/train/world_medium_direct_block_seed_000094.yaml,94,medium,4,4,8,True,4.8502,1.591852,-1.097311,2.571314,-1.654555,0.808479,direct_block,3.7645,1.2884,,v3,train,0,0.15
train,/root/leo_ws/src/leo_pybullet/worlds/benchmark_v4_hard/train/world_medium_double_block_seed_300316.yaml,300316,medium,9,4,13,True,8.1084,3.8198,2.613157,-2.126968,0.642127,-3.566803,double_block,6.9491,1.1668,2,v4_focused,train,1,focused_failure
train,/root/leo_ws/src/leo_pybullet/worlds/benchmark_v4_hard/train/world_easy_double_block_seed_300324.yaml,300324,easy,3,4,7,True,6.7404,-1.932744,3.898807,-1.953897,-3.404311,-1.801706,double_block,5.8874,1.1449,2,v4_focused,train,0,focused_failure
train,/root/leo_ws/src/leo_pybullet/worlds/benchmark_v2/train/world_hard_seed_000233.yaml,233,hard,9,4,13,True,6.5529,2.610712,-0.138212,-1.453505,-2.572062,2.897453,,,,,v2,train,general_replay,0.40
train,/root/leo_ws/src/leo_pybullet/worlds/benchmark_v4_hard/train/world_easy_double_block_seed_300105.yaml,300105,easy,3,4,7,True,7.121,2.433487,-0.728335,-2.917059,-3.709477,-1.285801,double_block,6.1682,1.1545,2,v4,train,0,0.45
train,/root/leo_ws/src/leo_pybullet/worlds/benchmark_v4_hard/train/world_hard_clear_seed_300119.yaml,300119,hard,10,4,14,False,6.4971,-3.075478,4.067837,-1.246055,-1.873045,-1.962515,clear,6.1491,1.0566,0,v4,train,0,0.45
train,/root/leo_ws/src/leo_pybullet/worlds/benchmark_v4_hard/train/world_easy_clear_seed_300375.yaml,300375,easy,3,4,7,False,6.0331,4.058581,3.83245,-1.554388,3.922143,-2.165345,clear,5.9993,1.0056,0,v4,train,0,0.45
train,/root/leo_ws/src/leo_pybullet/worlds/benchmark_v2/train/world_easy_seed_000210.yaml,210,easy,3,4,7,True,5.6341,-0.433363,1.354342,1.749695,3.844088,-1.387873,,,,,v2,train,0,0.40
train,/root/leo_ws/src/leo_pybullet/worlds/benchmark_v2/train/world_medium_seed_000166.yaml,166,medium,6,4,10,True,6.4067,-0.80859,-4.243942,0.426589,3.011414,-0.110216,,,,,v2,train,0,0.40
train,/root/leo_ws/src/leo_pybullet/worlds/benchmark_v4_hard/train/world_hard_direct_block_seed_300050.yaml,300050,hard,10,4,14,True,6.7622,2.177548,-1.315827,2.533731,-2.092127,2.226546,direct_block,5.5478,1.2189,1,v4,train,0,0.45
train,/root/leo_ws/src/leo_pybullet/worlds/benchmark_v3_curriculum/train/world_easy_direct_block_seed_000132.yaml,132,easy,2,4,6,True,6.5884,-3.208598,2.350491,-0.374745,2.486912,0.394608,direct_block,6.022,1.0941,,v3,train,0,0.15
train,/root/leo_ws/src/leo_pybullet/worlds/benchmark_v2/train/world_hard_seed_000113.yaml,113,hard,8,4,12,True,3.9565,-0.552732,-4.078969,-1.269042,-3.758894,-3.251569,,,,,v2,train,0,0.40
train,/root/leo_ws/src/leo_pybullet/worlds/benchmark_v3_curriculum/train/world_easy_direct_block_seed_000261.yaml,261,easy,2,4,6,True,4.9165,4.135881,-3.992595,1.673955,3.826771,0.391674,direct_block,4.3952,1.1186,,v3,train,0,0.15
train,/root/leo_ws/src/leo_pybullet/worlds/benchmark_v2/train/world_hard_seed_000146.yaml,146,hard,9,4,13,True,5.2833,-1.495084,2.674681,-2.611186,-2.966938,-1.895264,,,,,v2,train,0,0.40
train,/root/leo_ws/src/leo_pybullet/worlds/benchmark_v2/train/world_easy_seed_000249.yaml,249,easy,3,4,7,False,4.1278,0.905484,4.239679,0.817766,3.146725,0.985672,,,,,v2,train,general_replay,0.40
train,/root/leo_ws/src/leo_pybullet/worlds/benchmark_v2/train/world_medium_seed_000088.yaml,88,medium,8,4,12,False,6.2467,-1.45457,-2.740667,-3.092495,-4.224616,2.335434,,,,,v2,train,general_replay,0.40
train,/root/leo_ws/src/leo_pybullet/worlds/benchmark_v4_hard/train/world_medium_double_block_seed_300097.yaml,300097,medium,7,4,11,True,8.9771,-4.024735,-3.218049,1.433895,-3.56849,1.292012,double_block,4.5331,1.9803,2,v4_focused,train,4,focused_failure
train,/root/leo_ws/src/leo_pybullet/worlds/benchmark_v3_curriculum/train/world_medium_direct_block_seed_000232.yaml,232,medium,3,4,7,True,6.2684,3.75678,-1.589786,2.684517,-1.073177,1.101997,direct_block,5.5294,1.1337,,v3,train,general_replay,0.15
train,/root/leo_ws/src/leo_pybullet/worlds/benchmark_v3_curriculum/train/world_hard_direct_block_seed_000149.yaml,149,hard,4,4,8,True,4.6627,-3.982828,-1.33706,-0.232304,-0.381217,-2.027075,direct_block,3.6671,1.2715,,v3,train,general_replay,0.15
train,/root/leo_ws/src/leo_pybullet/worlds/benchmark_v3_curriculum/train/world_easy_direct_block_seed_000060.yaml,60,easy,2,4,6,True,8.7929,3.274736,4.040003,3.135539,-3.900024,3.5721,direct_block,7.19,1.2229,,v3,train,0,0.15
train,/root/leo_ws/src/leo_pybullet/worlds/benchmark_v4_hard/train/world_medium_direct_block_seed_300094.yaml,300094,medium,9,4,13,True,7.9186,-3.258769,2.682181,0.129422,3.268026,3.921574,direct_block,6.6434,1.1919,1,v4_focused,train,1,focused_failure
train,/root/leo_ws/src/leo_pybullet/worlds/benchmark_v2/train/world_medium_seed_000217.yaml,217,medium,7,4,11,True,8.3437,1.869878,-2.510475,-1.33469,-3.636295,2.631522,,,,,v2,train,0,0.40
train,/root/leo_ws/src/leo_pybullet/worlds/benchmark_v4_hard/train/world_easy_double_block_seed_300273.yaml,300273,easy,3,4,7,True,5.4902,-0.707373,-1.394366,1.506411,-0.001889,3.115972,double_block,4.5652,1.2026,2,v4,train,0,0.45
train,/root/leo_ws/src/leo_pybullet/worlds/benchmark_v2/train/world_easy_seed_000018.yaml,18,easy,2,4,6,True,6.1198,-0.445218,-2.266383,-1.991932,3.931642,1.115233,,,,,v2,train,general_replay,0.40
train,/root/leo_ws/src/leo_pybullet/worlds/benchmark_v4_hard/train/world_hard_double_block_seed_300113.yaml,300113,hard,10,4,14,True,7.2753,2.257653,3.54452,-2.485812,-2.316311,-0.243963,double_block,5.9392,1.225,2,v4,train,0,0.45
train,/root/leo_ws/src/leo_pybullet/worlds/benchmark_v4_hard/train/world_medium_double_block_seed_300268.yaml,300268,medium,9,4,13,True,7.4878,-2.866725,-0.311816,-0.469331,3.104949,-2.655499,double_block,6.4151,1.1672,2,v4,train,0,0.45
train,/root/leo_ws/src/leo_pybullet/worlds/benchmark_v3_curriculum/train/world_easy_clear_seed_000039.yaml,39,easy,1,4,5,False,6.1325,-2.042858,-4.029516,1.540062,-2.375403,1.94503,clear,5.9838,1.0249,,v3,train,general_replay,0.15
train,/root/leo_ws/src/leo_pybullet/worlds/benchmark_v3_curriculum/train/world_medium_clear_seed_000235.yaml,235,medium,3,4,7,False,7.4169,1.913035,2.292623,-2.226349,-2.134218,-3.471186,clear,7.0429,1.0531,,v3,train,general_replay,0.15
train,/root/leo_ws/src/leo_pybullet/worlds/benchmark_v3_curriculum/train/world_hard_clear_seed_000167.yaml,167,hard,4,4,8,False,6.1851,-2.655272,-4.065482,0.10972,3.201402,-3.430772,clear,5.891,1.0499,,v3,train,0,0.15
train,/root/leo_ws/src/leo_pybullet/worlds/benchmark_v2/train/world_hard_seed_000155.yaml,155,hard,12,4,16,True,6.9278,4.188425,-1.868273,0.24909,1.622,3.837712,,,,,v2,train,0,0.40
train,/root/leo_ws/src/leo_pybullet/worlds/benchmark_v2/train/world_easy_seed_000282.yaml,282,easy,4,4,8,True,3.8571,1.440073,1.902614,-1.170973,3.116001,-1.069508,,,,,v2,train,general_replay,0.40
train,/root/leo_ws/src/leo_pybullet/worlds/benchmark_v4_hard/train/world_hard_double_block_seed_300401.yaml,300401,hard,14,4,18,True,6.1633,-2.826949,-0.077764,0.098357,1.754141,-0.025314,double_block,4.5814,1.3453,2,v4,train,0,0.45
train,/root/leo_ws/src/leo_pybullet/worlds/benchmark_v2/train/world_easy_seed_000171.yaml,171,easy,4,4,8,False,6.2112,-0.7494,4.321343,1.106538,2.835939,-0.328503,,,,,v2,train,general_replay,0.40
train,/root/leo_ws/src/leo_pybullet/worlds/benchmark_v3_curriculum/train/world_hard_direct_block_seed_000293.yaml,293,hard,5,4,9,True,5.8102,-1.481405,3.760878,-0.063176,3.019734,3.790324,direct_block,4.5012,1.2908,,v3,train,general_replay,0.15
train,/root/leo_ws/src/leo_pybullet/worlds/benchmark_v4_hard/train/world_medium_clear_seed_300103.yaml,300103,medium,7,4,11,False,8.0739,1.694615,2.435799,-2.510953,-4.175737,-2.796616,clear,7.8638,1.0267,0,v4_focused,train,1,focused_failure
train,/root/leo_ws/src/leo_pybullet/worlds/benchmark_v2/train/world_hard_seed_000032.yaml,32,hard,8,4,12,False,6.1714,-3.091588,1.72568,-2.899374,-2.281184,-4.138402,,,,,v2,train,general_replay,0.40
train,/root/leo_ws/src/leo_pybullet/worlds/benchmark_v2/train/world_hard_seed_000044.yaml,44,hard,11,4,15,True,3.8514,1.754044,-3.335098,-1.729846,-1.047751,-1.830758,,,,,v2,train,general_replay,0.40
train,/root/leo_ws/src/leo_pybullet/worlds/benchmark_v2/train/world_easy_seed_000195.yaml,195,easy,4,4,8,True,6.729,1.279561,3.511671,-2.640135,3.037477,-2.536574,,,,,v2,train,general_replay,0.40
train,/root/leo_ws/src/leo_pybullet/worlds/benchmark_v2/train/world_hard_seed_000035.yaml,35,hard,12,4,16,True,8.2684,-2.156308,-3.812242,1.884747,0.224057,3.156348,,,,,v2,train,general_replay,0.40
train,/root/leo_ws/src/leo_pybullet/worlds/benchmark_v4_hard/train/world_easy_double_block_seed_300036.yaml,300036,easy,3,4,7,True,8.5312,3.586043,-0.814897,2.590871,-2.514003,3.759896,double_block,7.6249,1.1189,2,v4,train,0,0.45
train,/root/leo_ws/src/leo_pybullet/worlds/benchmark_v2/train/world_easy_seed_000093.yaml,93,easy,3,4,7,True,9.0614,1.93971,3.333268,-0.682229,-3.551264,-3.063959,,,,,v2,train,general_replay,0.40
train,/root/leo_ws/src/leo_pybullet/worlds/benchmark_v2/train/world_medium_seed_000205.yaml,205,medium,8,4,12,True,4.0251,-3.492753,3.008678,2.961053,-0.274374,1.780458,,,,,v2,train,0,0.40
train,/root/leo_ws/src/leo_pybullet/worlds/benchmark_v2/train/world_hard_seed_000290.yaml,290,hard,12,4,16,True,8.4682,3.308799,0.81005,-0.054771,-3.196309,-3.989218,,,,,v2,train,general_replay,0.40
train,/root/leo_ws/src/leo_pybullet/worlds/benchmark_v2/train/world_easy_seed_000240.yaml,240,easy,4,4,8,True,4.4251,3.952491,-1.601714,0.899178,1.03117,0.237881,,,,,v2,train,general_replay,0.40
train,/root/leo_ws/src/leo_pybullet/worlds/benchmark_v4_hard/train/world_medium_clear_seed_300079.yaml,300079,medium,9,4,13,False,7.0992,2.557323,2.507184,-2.085114,-0.523428,-3.344252,clear,6.6129,1.0735,0,v4,train,0,0.45
train,/root/leo_ws/src/leo_pybullet/worlds/benchmark_v2/train/world_medium_seed_000004.yaml,4,medium,6,4,10,True,7.5518,1.924587,-0.183758,0.310401,-3.566128,-4.177591,,,,,v2,train,0,0.40
train,/root/leo_ws/src/leo_pybullet/worlds/benchmark_v2/train/world_hard_seed_000287.yaml,287,hard,12,4,16,True,4.872,-2.055992,3.905086,-1.728696,-0.721458,0.562311,,,,,v2,train,general_replay,0.40
train,/root/leo_ws/src/leo_pybullet/worlds/benchmark_v2/train/world_hard_seed_000293.yaml,293,hard,11,4,15,True,7.4216,3.84937,3.090786,2.074978,3.879508,-3.47526,,,,,v2,train,general_replay,0.40
train,/root/leo_ws/src/leo_pybullet/worlds/benchmark_v4_hard/train/world_easy_clear_seed_300243.yaml,300243,easy,4,4,8,False,7.3918,-2.257092,-1.086948,0.584499,3.754915,2.281656,clear,6.8914,1.0726,0,v4_focused,train,0,focused_failure
train,/root/leo_ws/src/leo_pybullet/worlds/benchmark_v3_curriculum/train/world_easy_direct_block_seed_000066.yaml,66,easy,1,4,5,True,7.5323,-1.598115,3.602183,-0.841096,2.439107,-1.75065,direct_block,6.7046,1.1235,,v3,train,general_replay,0.15
train,/root/leo_ws/src/leo_pybullet/worlds/benchmark_v2/train/world_easy_seed_000231.yaml,231,easy,2,4,6,False,3.4571,3.663174,-2.336882,-1.202418,2.410094,0.604179,,,,,v2,train,0,0.40
train,/root/leo_ws/src/leo_pybullet/worlds/benchmark_v3_curriculum/train/world_medium_direct_block_seed_000298.yaml,298,medium,2,4,6,True,5.1371,0.51596,-4.13831,2.021071,-1.651368,-0.479552,direct_block,4.2525,1.208,,v3,train,0,0.15
train,/root/leo_ws/src/leo_pybullet/worlds/benchmark_v4_hard/train/world_hard_direct_block_seed_300062.yaml,300062,hard,14,4,18,True,8.1998,3.226089,-2.455293,3.035823,-3.464815,-1.050806,direct_block,6.8367,1.1994,1,v4_focused,train,0,focused_failure
train,/root/leo_ws/src/leo_pybullet/worlds/benchmark_v4_hard/train/world_hard_direct_block_seed_300350.yaml,300350,hard,13,4,17,True,7.6147,0.697796,-2.353788,2.059779,-2.516427,3.340831,direct_block,6.5391,1.1645,1,v4_focused,train,0,focused_failure
train,/root/leo_ws/src/leo_pybullet/worlds/benchmark_v4_hard/train/world_medium_double_block_seed_300217.yaml,300217,medium,9,4,13,True,7.3051,4.207654,3.583556,-1.911421,2.784389,-1.226065,double_block,5.0158,1.4564,2,v4_focused,train,0,focused_failure
train,/root/leo_ws/src/leo_pybullet/worlds/benchmark_v3_curriculum/train/world_medium_direct_block_seed_000040.yaml,40,medium,3,4,7,True,8.8843,-3.745874,-2.533142,0.707493,1.760523,2.97414,direct_block,7.7878,1.1408,,v3,train,general_replay,0.15
train,/root/leo_ws/src/leo_pybullet/worlds/benchmark_v3_curriculum/train/world_easy_clear_seed_000171.yaml,171,easy,2,4,6,False,8.1918,4.10332,-3.247249,2.102239,0.764322,3.534267,clear,7.559,1.0837,,v3,train,general_replay,0.15
train,/root/leo_ws/src/leo_pybullet/worlds/benchmark_v2/train/world_hard_seed_000266.yaml,266,hard,8,4,12,True,4.9165,1.527407,-0.472339,0.582834,-2.654478,-1.022589,,,,,v2,train,general_replay,0.40
train,/root/leo_ws/src/leo_pybullet/worlds/benchmark_v4_hard/train/world_easy_direct_block_seed_300270.yaml,300270,easy,3,4,7,True,5.5508,0.853604,3.864252,-2.067087,-1.433951,-0.047312,direct_block,4.5314,1.225,1,v4_focused,train,2,focused_failure
train,/root/leo_ws/src/leo_pybullet/worlds/benchmark_v4_hard/train/world_medium_direct_block_seed_300358.yaml,300358,medium,9,4,13,True,6.8753,-2.748165,2.972748,-1.620645,-2.408892,-3.053261,direct_block,6.0356,1.1391,1,v4,train,0,0.45
train,/root/leo_ws/src/leo_pybullet/worlds/benchmark_v2/train/world_easy_seed_000042.yaml,42,easy,4,4,8,True,5.8102,2.101489,-2.219441,1.51216,-3.13602,-3.458292,,,,,v2,train,general_replay,0.40
train,/root/leo_ws/src/leo_pybullet/worlds/benchmark_v4_hard/train/world_hard_double_block_seed_300224.yaml,300224,hard,14,4,18,True,6.3176,-3.532611,-3.058598,-0.059266,0.953477,-3.532984,double_block,4.5111,1.4005,2,v4,train,0,0.45
train,/root/leo_ws/src/leo_pybullet/worlds/benchmark_v2/train/world_hard_seed_000041.yaml,41,hard,11,4,15,True,5.8765,4.285626,3.497449,-1.360575,-0.995021,3.448787,,,,,v2,train,0,0.40
train,/root/leo_ws/src/leo_pybullet/worlds/benchmark_v4_hard/train/world_hard_clear_seed_300359.yaml,300359,hard,10,4,14,False,4.9496,2.57554,2.53311,-2.005431,1.045584,-1.774398,clear,4.5711,1.0828,0,v4,train,0,0.45
train,/root/leo_ws/src/leo_pybullet/worlds/benchmark_v2/train/world_hard_seed_000056.yaml,56,hard,12,4,16,True,6.0365,1.331993,-1.730073,1.302729,0.371721,3.749422,,,,,v2,train,general_replay,0.40
train,/root/leo_ws/src/leo_pybullet/worlds/benchmark_v4_hard/train/world_hard_double_block_seed_300173.yaml,300173,hard,12,4,16,True,9.69,1.861254,1.322746,-2.820448,-3.58166,-1.18469,double_block,5.9927,1.617,2,v4,train,0,0.45
train,/root/leo_ws/src/leo_pybullet/worlds/benchmark_v4_hard/train/world_medium_double_block_seed_300412.yaml,300412,medium,9,4,13,True,8.0729,2.099374,1.100667,2.691644,-2.221624,2.992708,double_block,4.7171,1.7114,2,v4,train,0,0.45
train,/root/leo_ws/src/leo_pybullet/worlds/benchmark_v4_hard/train/world_easy_clear_seed_300243.yaml,300243,easy,4,4,8,False,7.3918,-2.257092,-1.086948,0.584499,3.754915,2.281656,clear,6.8914,1.0726,0,v4,train,0,0.45
train,/root/leo_ws/src/leo_pybullet/worlds/benchmark_v2/train/world_easy_seed_000126.yaml,126,easy,4,4,8,True,7.1849,0.830641,-2.196814,-1.702829,-2.825208,3.308068,,,,,v2,train,general_replay,0.40
train,/root/leo_ws/src/leo_pybullet/worlds/benchmark_v4_hard/train/world_easy_double_block_seed_300252.yaml,300252,easy,5,4,9,True,7.9986,2.829246,-2.598053,2.529349,-2.908633,1.587007,double_block,7.102,1.1263,2,v4,train,0,0.45
train,/root/leo_ws/src/leo_pybullet/worlds/benchmark_v3_curriculum/train/world_hard_clear_seed_000251.yaml,251,hard,5,4,9,False,7.922,-3.935678,3.509757,-0.747857,2.054478,-1.171958,clear,7.6027,1.042,,v3,train,0,0.15
train,/root/leo_ws/src/leo_pybullet/worlds/benchmark_v4_hard/train/world_medium_clear_seed_300403.yaml,300403,medium,6,4,10,False,5.2171,-2.186127,3.563931,-1.894059,-3.398654,-1.193955,clear,4.91,1.0625,0,v4_focused,train,0,focused_failure
train,/root/leo_ws/src/leo_pybullet/worlds/benchmark_v3_curriculum/train/world_medium_direct_block_seed_000178.yaml,178,medium,2,4,6,True,8.2386,-1.392022,1.954337,-0.620152,4.127627,-2.676442,direct_block,7.2049,1.1435,,v3,train,general_replay,0.15
train,/root/leo_ws/src/leo_pybullet/worlds/benchmark_v2/train/world_easy_seed_000123.yaml,123,easy,2,4,6,False,5.512,2.339921,-2.030982,-0.759484,2.944981,3.260984,,,,,v2,train,0,0.40
train,/root/leo_ws/src/leo_pybullet/worlds/benchmark_v4_hard/train/world_hard_double_block_seed_300437.yaml,300437,hard,10,4,14,True,6.9141,-2.225781,-0.953051,-0.066363,3.305429,-0.846816,double_block,5.5322,1.2498,2,v4,train,0,0.45
train,/root/leo_ws/src/leo_pybullet/worlds/benchmark_v4_hard/train/world_easy_double_block_seed_300117.yaml,300117,easy,5,4,9,True,8.5747,0.138597,-3.656667,1.803471,-1.390484,4.020615,double_block,7.8281,1.0954,2,v4_focused,train,1,focused_failure
train,/root/leo_ws/src/leo_pybullet/worlds/benchmark_v4_hard/train/world_hard_double_block_seed_300449.yaml,300449,hard,12,4,16,True,8.5027,1.44954,-2.716499,2.151127,-1.792532,2.491355,double_block,6.1346,1.386,2,v4,train,0,0.45
train,/root/leo_ws/src/leo_pybullet/worlds/benchmark_v4_hard/train/world_hard_clear_seed_300155.yaml,300155,hard,13,4,17,False,7.3463,3.943936,2.749142,-3.029843,-3.282096,2.913237,clear,7.2279,1.0164,0,v4,train,0,0.45
train,/root/leo_ws/src/leo_pybullet/worlds/benchmark_v4_hard/train/world_hard_double_block_seed_300356.yaml,300356,hard,14,4,18,True,9.6947,1.899594,2.986804,-1.53034,1.999842,-2.88513,double_block,5.8728,1.6508,2,v4_focused,train,3,focused_failure
train,/root/leo_ws/src/leo_pybullet/worlds/benchmark_v2/train/world_medium_seed_000211.yaml,211,medium,7,4,11,False,6.1884,-4.167324,3.334008,2.170076,1.149161,1.323251,,,,,v2,train,0,0.40
train,/root/leo_ws/src/leo_pybullet/worlds/benchmark_v4_hard/train/world_easy_double_block_seed_300081.yaml,300081,easy,4,4,8,True,7.2502,4.17009,1.860809,2.945227,-1.933059,3.727606,double_block,6.3823,1.136,2,v4_focused,train,2,focused_failure
train,/root/leo_ws/src/leo_pybullet/worlds/benchmark_v4_hard/train/world_medium_clear_seed_300175.yaml,300175,medium,9,4,13,False,7.8912,3.738555,-3.815812,2.74656,-2.658593,-0.166469,clear,7.3649,1.0715,0,v4,train,0,0.45
train,/root/leo_ws/src/leo_pybullet/worlds/benchmark_v2/train/world_medium_seed_000145.yaml,145,medium,8,4,12,False,7.7998,-4.33537,-4.137072,1.172658,-1.558807,2.559037,,,,,v2,train,0,0.40
train,/root/leo_ws/src/leo_pybullet/worlds/benchmark_v4_hard/train/world_medium_double_block_seed_300193.yaml,300193,medium,9,4,13,True,7.9176,-3.5697,-2.118308,0.577086,1.593508,0.738195,double_block,5.9007,1.3418,2,v4,train,0,0.45
train,/root/leo_ws/src/leo_pybullet/worlds/benchmark_v2/train/world_hard_seed_000110.yaml,110,hard,11,4,15,True,8.7096,-4.236895,3.412636,-1.688074,3.908494,2.549014,,,,,v2,train,0,0.40
train,/root/leo_ws/src/leo_pybullet/worlds/benchmark_v3_curriculum/train/world_easy_direct_block_seed_000105.yaml,105,easy,2,4,6,True,6.9004,0.686142,-3.328365,2.531103,-4.233136,0.204312,direct_block,6.0563,1.1394,,v3,train,general_replay,0.15
train,/root/leo_ws/src/leo_pybullet/worlds/benchmark_v2/train/world_hard_seed_000017.yaml,17,hard,12,4,16,True,3.8102,-1.710216,-1.169076,0.252492,-2.830212,1.78474,,,,,v2,train,general_replay,0.40
train,/root/leo_ws/src/leo_pybullet/worlds/benchmark_v2/train/world_medium_seed_000199.yaml,199,medium,7,4,11,False,5.3359,3.016133,1.454644,0.057625,-1.662063,-0.195595,,,,,v2,train,general_replay,0.40
train,/root/leo_ws/src/leo_pybullet/worlds/benchmark_v2/train/world_hard_seed_000053.yaml,53,hard,12,4,16,False,5.2398,-1.21186,-0.394614,2.584388,-4.078423,3.733042,,,,,v2,train,general_replay,0.40
train,/root/leo_ws/src/leo_pybullet/worlds/benchmark_v4_hard/train/world_easy_direct_block_seed_300162.yaml,300162,easy,5,4,9,True,5.289,0.183277,2.577442,-1.519261,0.346125,-1.956233,direct_block,4.5366,1.1659,1,v4,train,0,0.45
train,/root/leo_ws/src/leo_pybullet/worlds/benchmark_v3_curriculum/train/world_hard_direct_block_seed_000008.yaml,8,hard,4,4,8,True,5.8433,-3.086834,2.645744,-0.919935,0.054063,-0.843963,direct_block,4.695,1.2446,,v3,train,0,0.15
train,/root/leo_ws/src/leo_pybullet/worlds/benchmark_v4_hard/train/world_medium_double_block_seed_300112.yaml,300112,medium,7,4,11,True,7.0822,4.100033,-1.235248,2.239057,0.222128,3.000519,double_block,5.7428,1.2332,2,v4_focused,train,0,focused_failure
train,/root/leo_ws/src/leo_pybullet/worlds/benchmark_v2/train/world_easy_seed_000165.yaml,165,easy,2,4,6,True,5.1953,1.894435,-0.608667,-0.444664,-0.054938,3.82536,,,,,v2,train,general_replay,0.40
train,/root/leo_ws/src/leo_pybullet/worlds/benchmark_v4_hard/train/world_medium_direct_block_seed_300022.yaml,300022,medium,8,4,12,True,6.0616,2.508647,3.688128,-3.135401,-2.653258,3.548787,direct_block,5.1638,1.1739,1,v4,train,0,0.45
train,/root/leo_ws/src/leo_pybullet/worlds/benchmark_v2/train/world_easy_seed_000069.yaml,69,easy,4,4,8,True,9.0637,2.622109,-3.769922,2.344069,-1.351828,3.652933,,,,,v2,train,general_replay,0.40
train,/root/leo_ws/src/leo_pybullet/worlds/benchmark_v4_hard/train/world_medium_direct_block_seed_300274.yaml,300274,medium,9,4,13,True,5.4159,2.937679,-1.75669,1.653458,3.032266,2.844352,direct_block,4.602,1.1768,1,v4,train,0,0.45
train,/root/leo_ws/src/leo_pybullet/worlds/benchmark_v4_hard/train/world_medium_double_block_seed_300256.yaml,300256,medium,7,4,11,True,6.9965,-3.564839,-2.298797,0.673072,1.330581,0.707369,double_block,5.7448,1.2179,2,v4,train,0,0.45
train,/root/leo_ws/src/leo_pybullet/worlds/benchmark_v4_hard/train/world_medium_clear_seed_300103.yaml,300103,medium,7,4,11,False,8.0739,1.694615,2.435799,-2.510953,-4.175737,-2.796616,clear,7.8638,1.0267,0,v4,train,0,0.45
train,/root/leo_ws/src/leo_pybullet/worlds/benchmark_v4_hard/train/world_easy_double_block_seed_300117.yaml,300117,easy,5,4,9,True,8.5747,0.138597,-3.656667,1.803471,-1.390484,4.020615,double_block,7.8281,1.0954,2,v4_focused,train,3,focused_failure
train,/root/leo_ws/src/leo_pybullet/worlds/benchmark_v2/train/world_easy_seed_000291.yaml,291,easy,4,4,8,True,5.5427,1.157736,0.019849,0.287558,-3.553909,1.134961,,,,,v2,train,0,0.40
train,/root/leo_ws/src/leo_pybullet/worlds/benchmark_v4_hard/train/world_hard_direct_block_seed_300338.yaml,300338,hard,12,4,16,True,6.4308,1.378325,-1.277649,2.009917,-0.30268,3.657343,direct_block,5.2134,1.2335,1,v4_focused,train,5,focused_failure
train,/root/leo_ws/src/leo_pybullet/worlds/benchmark_v4_hard/train/world_hard_double_block_seed_300164.yaml,300164,hard,12,4,16,True,10.3404,-3.291093,3.71797,-1.611516,-4.094842,-2.543565,double_block,6.3129,1.638,2,v4_focused,train,3,focused_failure
train,/root/leo_ws/src/leo_pybullet/worlds/benchmark_v2/train/world_medium_seed_000055.yaml,55,medium,5,4,9,False,8.3976,-2.642653,4.340332,-1.986936,-1.716614,-3.656927,,,,,v2,train,0,0.40
train,/root/leo_ws/src/leo_pybullet/worlds/benchmark_v2/train/world_easy_seed_000258.yaml,258,easy,4,4,8,False,6.9757,3.254466,-4.345072,1.660294,-1.268438,0.738,,,,,v2,train,0,0.40
train,/root/leo_ws/src/leo_pybullet/worlds/benchmark_v2/train/world_easy_seed_000219.yaml,219,easy,4,4,8,True,4.6822,0.237998,-1.49046,-0.397937,2.027581,2.448867,,,,,v2,train,0,0.40
train,/root/leo_ws/src/leo_pybullet/worlds/benchmark_v2/train/world_medium_seed_000004.yaml,4,medium,6,4,10,True,7.5518,1.924587,-0.183758,0.310401,-3.566128,-4.177591,,,,,v2,train,general_replay,0.40
train,/root/leo_ws/src/leo_pybullet/worlds/benchmark_v4_hard/train/world_easy_direct_block_seed_300270.yaml,300270,easy,3,4,7,True,5.5508,0.853604,3.864252,-2.067087,-1.433951,-0.047312,direct_block,4.5314,1.225,1,v4_focused,train,0,focused_failure
train,/root/leo_ws/src/leo_pybullet/worlds/benchmark_v3_curriculum/train/world_easy_direct_block_seed_000282.yaml,282,easy,1,4,5,True,8.5027,4.026892,-2.962848,2.961714,-3.796491,-1.527604,direct_block,7.9539,1.069,,v3,train,0,0.15
train,/root/leo_ws/src/leo_pybullet/worlds/benchmark_v4_hard/train/world_medium_direct_block_seed_300022.yaml,300022,medium,8,4,12,True,6.0616,2.508647,3.688128,-3.135401,-2.653258,3.548787,direct_block,5.1638,1.1739,1,v4,train,0,0.45
train,/root/leo_ws/src/leo_pybullet/worlds/benchmark_v4_hard/train/world_hard_double_block_seed_300128.yaml,300128,hard,10,4,14,True,6.881,2.368258,1.223274,-1.570344,2.722352,-4.192545,double_block,5.4274,1.2678,2,v4,train,0,0.45
train,/root/leo_ws/src/leo_pybullet/worlds/benchmark_v2/train/world_hard_seed_000023.yaml,23,hard,10,4,14,False,3.192,-3.623109,0.800637,-2.322875,-0.663398,0.261766,,,,,v2,train,general_replay,0.40
train,/root/leo_ws/src/leo_pybullet/worlds/benchmark_v3_curriculum/train/world_medium_direct_block_seed_000034.yaml,34,medium,4,4,8,True,6.7541,-1.350362,0.714414,-0.81844,2.741546,-3.429804,direct_block,5.8239,1.1597,,v3,train,general_replay,0.15
train,/root/leo_ws/src/leo_pybullet/worlds/benchmark_v3_curriculum/train/world_hard_direct_block_seed_000089.yaml,89,hard,4,4,8,True,6.329,2.276536,1.727453,-2.603389,-2.050221,-1.323606,direct_block,5.2943,1.1954,,v3,train,0,0.15
train,/root/leo_ws/src/leo_pybullet/worlds/benchmark_v3_curriculum/train/world_medium_direct_block_seed_000232.yaml,232,medium,3,4,7,True,6.2684,3.75678,-1.589786,2.684517,-1.073177,1.101997,direct_block,5.5294,1.1337,,v3,train,0,0.15
train,/root/leo_ws/src/leo_pybullet/worlds/benchmark_v4_hard/train/world_easy_double_block_seed_300324.yaml,300324,easy,3,4,7,True,6.7404,-1.932744,3.898807,-1.953897,-3.404311,-1.801706,double_block,5.8874,1.1449,2,v4_focused,train,2,focused_failure
train,/root/leo_ws/src/leo_pybullet/worlds/benchmark_v4_hard/train/world_easy_double_block_seed_300201.yaml,300201,easy,5,4,9,True,6.7896,3.185151,1.925835,-1.602374,2.611412,-3.689111,double_block,5.6442,1.2029,2,v4_focused,train,1,focused_failure
train,/root/leo_ws/src/leo_pybullet/worlds/benchmark_v2/train/world_medium_seed_000196.yaml,196,medium,5,4,9,False,5.1986,-2.530903,-0.665306,2.021573,1.288074,2.610075,,,,,v2,train,general_replay,0.40
train,/root/leo_ws/src/leo_pybullet/worlds/benchmark_v3_curriculum/train/world_medium_direct_block_seed_000226.yaml,226,medium,3,4,7,True,5.8684,-3.979214,1.203455,0.373714,0.753946,3.379433,direct_block,5.2094,1.1265,,v3,train,general_replay,0.15
train,/root/leo_ws/src/leo_pybullet/worlds/benchmark_v2/train/world_hard_seed_000149.yaml,149,hard,8,4,12,True,3.5839,-1.068243,-3.172008,-2.894717,-4.162981,-2.804286,,,,,v2,train,general_replay,0.40
train,/root/leo_ws/src/leo_pybullet/worlds/benchmark_v2/train/world_hard_seed_000062.yaml,62,hard,12,4,16,True,8.2386,4.094472,-2.278454,-0.906201,-0.306657,3.460526,,,,,v2,train,general_replay,0.40
train,/root/leo_ws/src/leo_pybullet/worlds/benchmark_v2/train/world_hard_seed_000278.yaml,278,hard,10,4,14,True,6.6078,-3.993465,1.168918,-0.264691,1.575829,-1.213658,,,,,v2,train,0,0.40
train,/root/leo_ws/src/leo_pybullet/worlds/benchmark_v2/train/world_medium_seed_000292.yaml,292,medium,6,4,10,True,6.5553,0.690147,-1.535084,-0.500174,3.093956,3.723071,,,,,v2,train,0,0.40
train,/root/leo_ws/src/leo_pybullet/worlds/benchmark_v2/train/world_hard_seed_000014.yaml,14,hard,8,4,12,True,5.2947,2.220286,0.235874,-1.313085,-2.201663,2.045647,,,,,v2,train,general_replay,0.40
train,/root/leo_ws/src/leo_pybullet/worlds/benchmark_v3_curriculum/train/world_medium_direct_block_seed_000142.yaml,142,medium,4,4,8,True,6.3153,1.641145,1.188232,-2.575201,-2.844569,-1.823002,direct_block,5.4027,1.1689,,v3,train,0,0.15
train,/root/leo_ws/src/leo_pybullet/worlds/benchmark_v4_hard/train/world_hard_double_block_seed_300341.yaml,300341,hard,14,4,18,True,8.5084,-0.691329,-3.790402,1.573118,-0.415863,1.768754,double_block,5.566,1.5286,2,v4_focused,train,1,focused_failure
train,/root/leo_ws/src/leo_pybullet/worlds/benchmark_v3_curriculum/train/world_easy_direct_block_seed_000000.yaml,0,easy,2,4,6,True,4.8833,2.192612,-0.675142,2.945207,-2.049208,0.095835,direct_block,4.3113,1.1327,,v3,train,general_replay,0.15
train,/root/leo_ws/src/leo_pybullet/worlds/benchmark_v2/train/world_medium_seed_000049.yaml,49,medium,5,4,9,True,6.2878,3.769902,-1.535592,1.130102,0.472891,2.677341,,,,,v2,train,0,0.40
train,/root/leo_ws/src/leo_pybullet/worlds/benchmark_v3_curriculum/train/world_medium_direct_block_seed_000154.yaml,154,medium,2,4,6,True,6.5747,2.740427,2.466303,-2.092585,-0.115487,-2.483932,direct_block,5.715,1.1504,,v3,train,0,0.15
train,/root/leo_ws/src/leo_pybullet/worlds/benchmark_v2/train/world_easy_seed_000084.yaml,84,easy,4,4,8,False,7.0945,-1.159163,-3.042575,0.161006,3.888866,1.890364,,,,,v2,train,0,0.40
train,/root/leo_ws/src/leo_pybullet/worlds/benchmark_v4_hard/train/world_hard_double_block_seed_300308.yaml,300308,hard,12,4,16,True,7.2147,-3.36513,-2.530511,1.611294,-3.933956,2.995847,double_block,5.5556,1.2986,2,v4_focused,train,6,focused_failure
train,/root/leo_ws/src/leo_pybullet/worlds/benchmark_v2/train/world_hard_seed_000068.yaml,68,hard,11,4,15,True,6.7129,2.15241,3.55084,-0.42809,-3.384498,0.694027,,,,,v2,train,general_replay,0.40
train,/root/leo_ws/src/leo_pybullet/worlds/benchmark_v4_hard/train/world_easy_double_block_seed_300309.yaml,300309,easy,5,4,9,True,5.9176,3.669962,2.180238,2.941357,-0.732758,3.642902,double_block,4.6393,1.2755,2,v4,train,0,0.45
train,/root/leo_ws/src/leo_pybullet/worlds/benchmark_v2/train/world_hard_seed_000089.yaml,89,hard,8,4,12,True,4.2376,1.768099,-2.098461,2.180634,-1.35475,-3.787288,,,,,v2,train,0,0.40
train,/root/leo_ws/src/leo_pybullet/worlds/benchmark_v2/train/world_hard_seed_000029.yaml,29,hard,12,4,16,True,5.841,0.857221,0.919934,-0.672832,-3.595432,3.717167,,,,,v2,train,0,0.40
train,/root/leo_ws/src/leo_pybullet/worlds/benchmark_v4_hard/train/world_hard_clear_seed_300383.yaml,300383,hard,13,4,17,False,7.0925,1.60308,-3.096596,1.651436,1.352118,3.862783,clear,6.9639,1.0185,0,v4,train,0,0.45
train,/root/leo_ws/src/leo_pybullet/worlds/benchmark_v2/train/world_hard_seed_000044.yaml,44,hard,11,4,15,True,3.8514,1.754044,-3.335098,-1.729846,-1.047751,-1.830758,,,,,v2,train,0,0.40
train,/root/leo_ws/src/leo_pybullet/worlds/benchmark_v4_hard/train/world_hard_double_block_seed_300116.yaml,300116,hard,12,4,16,True,6.1027,2.690691,1.215736,-1.292646,3.334631,-3.267894,double_block,4.5296,1.3473,2,v4_focused,train,1,focused_failure
train,/root/leo_ws/src/leo_pybullet/worlds/benchmark_v3_curriculum/train/world_easy_clear_seed_000063.yaml,63,easy,2,4,6,False,7.8888,1.373963,3.755156,-2.200117,-3.162242,-2.25398,clear,7.5291,1.0478,,v3,train,general_replay,0.15
train,/root/leo_ws/src/leo_pybullet/worlds/benchmark_v2/train/world_hard_seed_000224.yaml,224,hard,8,4,12,True,9.5825,-0.306759,4.277723,2.585408,4.103563,-3.479896,,,,,v2,train,0,0.40
train,/root/leo_ws/src/leo_pybullet/worlds/benchmark_v3_curriculum/train/world_medium_direct_block_seed_000241.yaml,241,medium,4,4,8,True,7.8329,0.286923,-3.368368,0.998262,3.602497,2.751485,direct_block,6.9603,1.1254,,v3,train,general_replay,0.15
train,/root/leo_ws/src/leo_pybullet/worlds/benchmark_v4_hard/train/world_medium_direct_block_seed_300250.yaml,300250,medium,7,4,11,True,5.6171,2.32183,3.005892,-1.974917,0.464682,-1.420098,direct_block,4.7998,1.1703,1,v4,train,0,0.45
train,/root/leo_ws/src/leo_pybullet/worlds/benchmark_v2/train/world_hard_seed_000158.yaml,158,hard,9,4,13,True,6.1714,-3.459031,-0.709458,0.835152,2.35727,-1.483241,,,,,v2,train,0,0.40
train,/root/leo_ws/src/leo_pybullet/worlds/benchmark_v4_hard/train/world_easy_clear_seed_300027.yaml,300027,easy,5,4,9,False,6.1643,3.471245,4.222501,-2.505389,-1.157056,0.485919,clear,5.9484,1.0363,0,v4,train,0,0.45
train,/root/leo_ws/src/leo_pybullet/worlds/benchmark_v3_curriculum/train/world_hard_direct_block_seed_000296.yaml,296,hard,4,4,8,True,5.1645,3.778726,-2.094839,-2.641965,0.013404,-3.857746,direct_block,4.1576,1.2422,,v3,train,0,0.15
train,/root/leo_ws/src/leo_pybullet/worlds/benchmark_v2/train/world_easy_seed_000240.yaml,240,easy,4,4,8,True,4.4251,3.952491,-1.601714,0.899178,1.03117,0.237881,,,,,v2,train,0,0.40
train,/root/leo_ws/src/leo_pybullet/worlds/benchmark_v4_hard/train/world_hard_double_block_seed_300320.yaml,300320,hard,10,4,14,True,6.249,-3.188457,3.524792,-1.01564,-0.650338,-0.432942,double_block,4.7017,1.3291,2,v4_focused,train,2,focused_failure
train,/root/leo_ws/src/leo_pybullet/worlds/benchmark_v3_curriculum/train/world_hard_clear_seed_000083.yaml,83,hard,5,4,9,False,7.5712,2.922246,-0.34068,-2.526261,-3.161046,-3.957605,clear,7.0773,1.0698,,v3,train,general_replay,0.15
train,/root/leo_ws/src/leo_pybullet/worlds/benchmark_v4_hard/train/world_easy_double_block_seed_300081.yaml,300081,easy,4,4,8,True,7.2502,4.17009,1.860809,2.945227,-1.933059,3.727606,double_block,6.3823,1.136,2,v4,train,0,0.45
train,/root/leo_ws/src/leo_pybullet/worlds/benchmark_v4_hard/train/world_medium_double_block_seed_300241.yaml,300241,medium,7,4,11,True,8.1118,-2.187073,0.84498,-0.607357,3.599354,-3.175305,double_block,7.046,1.1513,2,v4,train,0,0.45
train,/root/leo_ws/src/leo_pybullet/worlds/benchmark_v2/train/world_hard_seed_000101.yaml,101,hard,12,4,16,True,7.4329,3.552888,0.341276,0.022119,-1.22953,-3.927867,,,,,v2,train,0,0.40
train,/root/leo_ws/src/leo_pybullet/worlds/benchmark_v2/train/world_easy_seed_000192.yaml,192,easy,3,4,7,True,6.3929,-3.592317,-1.678925,-1.40002,-0.655509,3.532129,,,,,v2,train,general_replay,0.40
train,/root/leo_ws/src/leo_pybullet/worlds/benchmark_v2/train/world_hard_seed_000074.yaml,74,hard,12,4,16,True,7.8661,-3.361586,-3.300649,2.724692,-1.660645,3.26609,,,,,v2,train,general_replay,0.40
train,/root/leo_ws/src/leo_pybullet/worlds/benchmark_v4_hard/train/world_easy_double_block_seed_300120.yaml,300120,easy,4,4,8,True,5.7302,-1.817651,2.456778,-0.141417,2.831409,2.189643,double_block,4.6567,1.2305,2,v4_focused,train,5,focused_failure
train,/root/leo_ws/src/leo_pybullet/worlds/benchmark_v2/train/world_hard_seed_000260.yaml,260,hard,9,4,13,True,5.3884,-0.80594,0.757675,1.582851,-2.510475,-3.832089,,,,,v2,train,0,0.40
train,/root/leo_ws/src/leo_pybullet/worlds/benchmark_v2/train/world_hard_seed_000269.yaml,269,hard,8,4,12,True,5.1702,-1.415047,1.511471,1.778441,3.020152,3.003181,,,,,v2,train,general_replay,0.40
train,/root/leo_ws/src/leo_pybullet/worlds/benchmark_v2/train/world_hard_seed_000152.yaml,152,hard,11,4,15,True,3.7851,-1.027492,-2.608452,-2.366887,-3.598093,-4.199541,,,,,v2,train,0,0.40
train,/root/leo_ws/src/leo_pybullet/worlds/benchmark_v2/train/world_medium_seed_000124.yaml,124,medium,7,4,11,True,10.7608,-4.075171,-2.910367,-3.004902,4.072002,2.745089,,,,,v2,train,general_replay,0.40
train,/root/leo_ws/src/leo_pybullet/worlds/benchmark_v2/train/world_easy_seed_000231.yaml,231,easy,2,4,6,False,3.4571,3.663174,-2.336882,-1.202418,2.410094,0.604179,,,,,v2,train,0,0.40
train,/root/leo_ws/src/leo_pybullet/worlds/benchmark_v2/train/world_easy_seed_000072.yaml,72,easy,2,4,6,False,3.9725,2.073757,-2.72948,-1.213084,1.730607,1.042169,,,,,v2,train,general_replay,0.40
train,/root/leo_ws/src/leo_pybullet/worlds/benchmark_v4_hard/train/world_easy_clear_seed_300183.yaml,300183,easy,5,4,9,False,4.9918,2.726684,2.706572,-2.402202,-0.824307,-0.696369,clear,4.9183,1.0149,0,v4,train,0,0.45
train,/root/leo_ws/src/leo_pybullet/worlds/benchmark_v2/train/world_medium_seed_000223.yaml,223,medium,7,4,11,True,4.4033,-2.709827,3.050086,-2.388158,1.123513,2.338315,,,,,v2,train,general_replay,0.40
train,/root/leo_ws/src/leo_pybullet/worlds/benchmark_v2/train/world_easy_seed_000147.yaml,147,easy,4,4,8,True,3.8765,3.714834,-0.919736,2.362326,0.989361,-2.759886,,,,,v2,train,general_replay,0.40
train,/root/leo_ws/src/leo_pybullet/worlds/benchmark_v3_curriculum/train/world_easy_direct_block_seed_000270.yaml,270,easy,1,4,5,True,4.7565,0.66944,1.218934,2.706415,-3.059153,2.939353,direct_block,4.1064,1.1583,,v3,train,0,0.15
train,/root/leo_ws/src/leo_pybullet/worlds/benchmark_v2/train/world_easy_seed_000063.yaml,63,easy,3,4,7,False,7.85,3.843513,-3.236648,-2.951956,-2.307015,0.862308,,,,,v2,train,general_replay,0.40
train,/root/leo_ws/src/leo_pybullet/worlds/benchmark_v4_hard/train/world_easy_double_block_seed_300321.yaml,300321,easy,5,4,9,True,6.5335,-1.14505,2.474241,-0.514326,3.523579,0.020013,double_block,5.2744,1.2387,2,v4_focused,train,3,focused_failure
train,/root/leo_ws/src/leo_pybullet/worlds/benchmark_v2/train/world_hard_seed_000011.yaml,11,hard,11,4,15,False,3.7851,3.104708,2.446597,-1.948403,-0.419059,3.088897,,,,,v2,train,general_replay,0.40
train,/root/leo_ws/src/leo_pybullet/worlds/benchmark_v2/train/world_easy_seed_000114.yaml,114,easy,2,4,6,False,9.0272,-1.42375,4.027769,0.11727,1.098706,-3.934801,,,,,v2,train,0,0.40
train,/root/leo_ws/src/leo_pybullet/worlds/benchmark_v4_hard/train/world_hard_double_block_seed_300317.yaml,300317,hard,10,4,14,True,8.6078,-3.952848,-4.216404,0.652083,2.213321,-0.475218,double_block,7.2124,1.1935,2,v4,train,0,0.45
train,/root/leo_ws/src/leo_pybullet/worlds/benchmark_v4_hard/train/world_medium_double_block_seed_300448.yaml,300448,medium,7,4,11,True,6.881,-2.609401,-2.370945,0.32487,3.001798,-1.311759,double_block,5.7103,1.205,2,v4,train,0,0.45
train,/root/leo_ws/src/leo_pybullet/worlds/benchmark_v4_hard/train/world_medium_clear_seed_300283.yaml,300283,medium,9,4,13,False,6.1231,3.256339,0.988545,-2.433696,-1.147459,-3.181687,clear,6.065,1.0096,0,v4,train,0,0.45
train,/root/leo_ws/src/leo_pybullet/worlds/benchmark_v3_curriculum/train/world_hard_direct_block_seed_000089.yaml,89,hard,4,4,8,True,6.329,2.276536,1.727453,-2.603389,-2.050221,-1.323606,direct_block,5.2943,1.1954,,v3,train,general_replay,0.15
train,/root/leo_ws/src/leo_pybullet/worlds/benchmark_v2/train/world_medium_seed_000175.yaml,175,medium,8,4,12,True,4.9165,1.952418,1.644936,-1.524391,1.648558,-2.652588,,,,,v2,train,general_replay,0.40
train,/root/leo_ws/src/leo_pybullet/worlds/benchmark_v4_hard/train/world_medium_direct_block_seed_300286.yaml,300286,medium,9,4,13,True,5.9565,2.689793,1.363868,2.666121,-1.43958,4.128236,direct_block,4.9693,1.1987,1,v4,train,0,0.45
train,/root/leo_ws/src/leo_pybullet/worlds/benchmark_v4_hard/train/world_easy_double_block_seed_300369.yaml,300369,easy,4,4,8,True,7.0822,3.9868,-1.981874,2.013583,1.980518,3.91088,double_block,6.2249,1.1377,2,v4,train,0,0.45
train,/root/leo_ws/src/leo_pybullet/worlds/benchmark_v2/train/world_medium_seed_000127.yaml,127,medium,5,4,9,False,6.8682,0.700322,2.805823,-1.865928,-4.14497,-2.016573,,,,,v2,train,general_replay,0.40
train,/root/leo_ws/src/leo_pybullet/worlds/benchmark_v2/train/world_hard_seed_000101.yaml,101,hard,12,4,16,True,7.4329,3.552888,0.341276,0.022119,-1.22953,-3.927867,,,,,v2,train,0,0.40
train,/root/leo_ws/src/leo_pybullet/worlds/benchmark_v2/train/world_hard_seed_000296.yaml,296,hard,8,4,12,False,3.8022,-2.144129,0.013719,0.446912,-3.948517,3.077865,,,,,v2,train,0,0.40
train,/root/leo_ws/src/leo_pybullet/worlds/benchmark_v2/train/world_easy_seed_000150.yaml,150,easy,3,4,7,False,3.9896,3.744224,-0.495809,2.045001,2.175399,-3.904291,,,,,v2,train,general_replay,0.40
train,/root/leo_ws/src/leo_pybullet/worlds/benchmark_v2/train/world_hard_seed_000140.yaml,140,hard,8,4,12,True,8.098,-4.191674,2.016642,0.09389,1.561003,-2.381164,,,,,v2,train,general_replay,0.40
train,/root/leo_ws/src/leo_pybullet/worlds/benchmark_v4_hard/train/world_medium_double_block_seed_300433.yaml,300433,medium,7,4,11,True,6.7759,1.904947,3.565704,-3.047219,-3.812288,3.413571,double_block,5.7193,1.1847,2,v4_focused,train,1,focused_failure
train,/root/leo_ws/src/leo_pybullet/worlds/benchmark_v4_hard/train/world_medium_clear_seed_300271.yaml,300271,medium,8,4,12,False,5.3312,-2.675592,0.57942,0.82244,1.165202,4.227154,clear,5.2969,1.0065,0,v4,train,0,0.45
train,/root/leo_ws/src/leo_pybullet/worlds/benchmark_v2/train/world_medium_seed_000292.yaml,292,medium,6,4,10,True,6.5553,0.690147,-1.535084,-0.500174,3.093956,3.723071,,,,,v2,train,0,0.40
train,/root/leo_ws/src/leo_pybullet/worlds/benchmark_v4_hard/train/world_hard_double_block_seed_300125.yaml,300125,hard,14,4,18,True,7.3472,-3.584071,1.380925,-0.931927,0.032517,-3.002445,double_block,5.6827,1.2929,2,v4,train,0,0.45
train,/root/leo_ws/src/leo_pybullet/worlds/benchmark_v4_hard/train/world_easy_double_block_seed_300117.yaml,300117,easy,5,4,9,True,8.5747,0.138597,-3.656667,1.803471,-1.390484,4.020615,double_block,7.8281,1.0954,2,v4_focused,train,2,focused_failure
train,/root/leo_ws/src/leo_pybullet/worlds/benchmark_v2/train/world_medium_seed_000004.yaml,4,medium,6,4,10,True,7.5518,1.924587,-0.183758,0.310401,-3.566128,-4.177591,,,,,v2,train,general_replay,0.40
train,/root/leo_ws/src/leo_pybullet/worlds/benchmark_v2/train/world_medium_seed_000061.yaml,61,medium,8,4,12,True,9.1565,4.12496,-1.43851,-2.564884,-4.295015,0.024961,,,,,v2,train,0,0.40
train,/root/leo_ws/src/leo_pybullet/worlds/benchmark_v4_hard/train/world_hard_clear_seed_300107.yaml,300107,hard,12,4,16,False,5.2114,-3.966674,2.43023,-1.442479,-3.125256,-2.45888,clear,4.961,1.0505,0,v4_focused,train,2,focused_failure
train,/root/leo_ws/src/leo_pybullet/worlds/benchmark_v3_curriculum/train/world_easy_clear_seed_000135.yaml,135,easy,2,4,6,False,4.6708,-1.229773,-1.338027,1.897806,-2.297121,2.923259,clear,4.3929,1.0633,,v3,train,general_replay,0.15
train,/root/leo_ws/src/leo_pybullet/worlds/benchmark_v4_hard/train/world_easy_direct_block_seed_300414.yaml,300414,easy,3,4,7,True,7.5461,-3.589263,-0.530405,0.724027,1.360294,3.773647,direct_block,6.5592,1.1505,1,v4_focused,train,3,focused_failure
train,/root/leo_ws/src/leo_pybullet/worlds/benchmark_v4_hard/train/world_medium_double_block_seed_300241.yaml,300241,medium,7,4,11,True,8.1118,-2.187073,0.84498,-0.607357,3.599354,-3.175305,double_block,7.046,1.1513,2,v4,train,0,0.45
train,/root/leo_ws/src/leo_pybullet/worlds/benchmark_v2/train/world_medium_seed_000142.yaml,142,medium,8,4,12,True,5.7004,-1.865897,-1.236594,-1.302312,2.549067,-4.013581,,,,,v2,train,general_replay,0.40
train,/root/leo_ws/src/leo_pybullet/worlds/benchmark_v3_curriculum/train/world_easy_direct_block_seed_000108.yaml,108,easy,1,4,5,True,6.2159,1.830098,-3.527913,1.632541,1.375112,1.940336,direct_block,5.4871,1.1328,,v3,train,0,0.15
train,/root/leo_ws/src/leo_pybullet/worlds/benchmark_v2/train/world_medium_seed_000253.yaml,253,medium,8,4,12,True,9.9163,-3.080621,1.356425,-0.339145,4.217598,-3.799525,,,,,v2,train,general_replay,0.40
train,/root/leo_ws/src/leo_pybullet/worlds/benchmark_v3_curriculum/train/world_medium_direct_block_seed_000145.yaml,145,medium,3,4,7,True,5.1039,-0.257812,0.095111,2.335026,-3.294402,2.811243,direct_block,4.0741,1.2528,,v3,train,0,0.15
train,/root/leo_ws/src/leo_pybullet/worlds/benchmark_v4_hard/train/world_easy_direct_block_seed_300054.yaml,300054,easy,3,4,7,True,6.7872,2.031415,0.306681,2.641012,-3.368701,3.11524,direct_block,6.0868,1.1151,1,v4,train,0,0.45
train,/root/leo_ws/src/leo_pybullet/worlds/benchmark_v4_hard/train/world_medium_double_block_seed_300181.yaml,300181,medium,9,4,13,True,5.8982,-0.353764,-0.328898,2.005819,-1.831678,4.06008,double_block,4.6311,1.2736,2,v4_focused,train,4,focused_failure
train,/root/leo_ws/src/leo_pybullet/worlds/benchmark_v4_hard/train/world_hard_double_block_seed_300113.yaml,300113,hard,10,4,14,True,7.2753,2.257653,3.54452,-2.485812,-2.316311,-0.243963,double_block,5.9392,1.225,2,v4,train,0,0.45
train,/root/leo_ws/src/leo_pybullet/worlds/benchmark_v2/train/world_hard_seed_000074.yaml,74,hard,12,4,16,True,7.8661,-3.361586,-3.300649,2.724692,-1.660645,3.26609,,,,,v2,train,0,0.40
train,/root/leo_ws/src/leo_pybullet/worlds/benchmark_v4_hard/train/world_medium_direct_block_seed_300034.yaml,300034,medium,7,4,11,True,6.249,-3.400599,1.16511,-1.066889,-0.796985,-3.488118,direct_block,5.3321,1.172,1,v4,train,0,0.45
train,/root/leo_ws/src/leo_pybullet/worlds/benchmark_v3_curriculum/train/world_medium_direct_block_seed_000037.yaml,37,medium,4,4,8,True,5.5565,1.142631,-3.948744,0.906255,4.111693,-0.529194,direct_block,4.5286,1.227,,v3,train,0,0.15
train,/root/leo_ws/src/leo_pybullet/worlds/benchmark_v4_hard/train/world_medium_direct_block_seed_300154.yaml,300154,medium,7,4,11,True,8.6353,4.197254,-4.159694,1.612438,2.944155,3.061059,direct_block,7.3287,1.1783,1,v4,train,0,0.45
train,/root/leo_ws/src/leo_pybullet/worlds/benchmark_v2/train/world_hard_seed_000011.yaml,11,hard,11,4,15,False,3.7851,3.104708,2.446597,-1.948403,-0.419059,3.088897,,,,,v2,train,0,0.40
train,/root/leo_ws/src/leo_pybullet/worlds/benchmark_v2/train/world_easy_seed_000159.yaml,159,easy,3,4,7,False,3.6947,-0.446435,0.148137,1.580983,-2.63484,-2.661073,,,,,v2,train,general_replay,0.40
train,/root/leo_ws/src/leo_pybullet/worlds/benchmark_v2/train/world_medium_seed_000064.yaml,64,medium,8,4,12,True,4.1439,-2.012758,3.590402,1.248202,1.153195,2.301398,,,,,v2,train,0,0.40
train,/root/leo_ws/src/leo_pybullet/worlds/benchmark_v2/train/world_easy_seed_000138.yaml,138,easy,2,4,6,False,3.8125,3.888134,-1.727075,-1.978686,0.19413,-2.003558,,,,,v2,train,0,0.40
train,/root/leo_ws/src/leo_pybullet/worlds/benchmark_v4_hard/train/world_easy_clear_seed_300351.yaml,300351,easy,5,4,9,False,6.881,-2.715758,2.868415,-1.056033,-0.375686,-3.048677,clear,6.363,1.0814,0,v4,train,0,0.45
train,/root/leo_ws/src/leo_pybullet/worlds/benchmark_v4_hard/train/world_easy_double_block_seed_300396.yaml,300396,easy,4,4,8,True,6.0227,0.291193,-4.127882,2.252603,-2.989328,-0.47935,double_block,4.9065,1.2275,2,v4,train,0,0.45
train,/root/leo_ws/src/leo_pybullet/worlds/benchmark_v2/train/world_medium_seed_000229.yaml,229,medium,6,4,10,True,6.1245,0.992449,3.654673,0.046328,-0.051133,-1.777398,,,,,v2,train,0,0.40
train,/root/leo_ws/src/leo_pybullet/worlds/benchmark_v4_hard/train/world_hard_double_block_seed_300416.yaml,300416,hard,11,4,15,True,6.0365,1.219382,-3.248094,-3.11144,-3.253832,-3.749835,double_block,4.5013,1.3411,2,v4_focused,train,5,focused_failure
train,/root/leo_ws/src/leo_pybullet/worlds/benchmark_v4_hard/train/world_medium_double_block_seed_300424.yaml,300424,medium,9,4,13,True,9.6261,-1.290753,3.750753,-1.131645,3.094329,-3.22382,double_block,8.2385,1.1684,2,v4,train,0,0.45
train,/root/leo_ws/src/leo_pybullet/worlds/benchmark_v4_hard/train/world_medium_direct_block_seed_300334.yaml,300334,medium,7,4,11,True,7.6616,-1.83744,0.539298,0.505852,3.953725,3.602087,direct_block,6.5512,1.1695,1,v4,train,0,0.45
train,/root/leo_ws/src/leo_pybullet/worlds/benchmark_v2/train/world_easy_seed_000267.yaml,267,easy,2,4,6,True,10.0294,3.995673,4.079568,2.128513,-4.259099,-0.271377,,,,,v2,train,0,0.40
train,/root/leo_ws/src/leo_pybullet/worlds/benchmark_v4_hard/train/world_easy_double_block_seed_300432.yaml,300432,easy,4,4,8,True,7.8935,2.562015,-2.618233,2.13716,-1.759468,2.53383,double_block,6.7245,1.1738,2,v4,train,0,0.45
train,/root/leo_ws/src/leo_pybullet/worlds/benchmark_v3_curriculum/train/world_hard_clear_seed_000275.yaml,275,hard,4,4,8,False,4.5131,-1.426841,1.076665,-0.038788,3.101059,1.013851,clear,4.5283,0.9966,,v3,train,0,0.15
train,/root/leo_ws/src/leo_pybullet/worlds/benchmark_v2/train/world_easy_seed_000213.yaml,213,easy,2,4,6,True,7.1678,-1.87745,-2.7067,-2.13554,0.367938,3.588455,,,,,v2,train,general_replay,0.40
train,/root/leo_ws/src/leo_pybullet/worlds/benchmark_v2/train/world_medium_seed_000199.yaml,199,medium,7,4,11,False,5.3359,3.016133,1.454644,0.057625,-1.662063,-0.195595,,,,,v2,train,general_replay,0.40
train,/root/leo_ws/src/leo_pybullet/worlds/benchmark_v4_hard/train/world_medium_clear_seed_300055.yaml,300055,medium,9,4,13,False,5.0523,-2.520326,2.794128,-0.751506,0.608838,-1.024865,clear,4.9372,1.0233,0,v4,train,0,0.45
train,/root/leo_ws/src/leo_pybullet/worlds/benchmark_v3_curriculum/train/world_easy_direct_block_seed_000060.yaml,60,easy,2,4,6,True,8.7929,3.274736,4.040003,3.135539,-3.900024,3.5721,direct_block,7.19,1.2229,,v3,train,general_replay,0.15
train,/root/leo_ws/src/leo_pybullet/worlds/benchmark_v3_curriculum/train/world_easy_direct_block_seed_000270.yaml,270,easy,1,4,5,True,4.7565,0.66944,1.218934,2.706415,-3.059153,2.939353,direct_block,4.1064,1.1583,,v3,train,general_replay,0.15
train,/root/leo_ws/src/leo_pybullet/worlds/benchmark_v3_curriculum/train/world_hard_direct_block_seed_000272.yaml,272,hard,5,4,9,True,6.6571,1.61485,-1.921851,1.770838,0.939274,3.712676,direct_block,5.6749,1.1731,,v3,train,general_replay,0.15
train,/root/leo_ws/src/leo_pybullet/worlds/benchmark_v2/train/world_hard_seed_000095.yaml,95,hard,12,4,16,True,4.2102,4.324789,0.341223,-0.037864,3.789334,-3.233593,,,,,v2,train,general_replay,0.40
train,/root/leo_ws/src/leo_pybullet/worlds/benchmark_v2/train/world_easy_seed_000249.yaml,249,easy,3,4,7,False,4.1278,0.905484,4.239679,0.817766,3.146725,0.985672,,,,,v2,train,general_replay,0.40
train,/root/leo_ws/src/leo_pybullet/worlds/benchmark_v4_hard/train/world_easy_double_block_seed_300144.yaml,300144,easy,3,4,7,True,9.7369,3.030562,2.411515,-2.350334,-2.942616,-3.718873,double_block,8.5592,1.1376,2,v4,train,0,0.45
train,/root/leo_ws/src/leo_pybullet/worlds/benchmark_v2/train/world_hard_seed_000080.yaml,80,hard,10,4,14,True,6.7461,3.467619,3.157216,-0.620241,-0.689089,-1.173293,,,,,v2,train,0,0.40
train,/root/leo_ws/src/leo_pybullet/worlds/benchmark_v2/train/world_hard_seed_000263.yaml,263,hard,11,4,15,True,5.4239,2.870208,-1.06747,2.371949,-2.155065,-0.311294,,,,,v2,train,0,0.40
train,/root/leo_ws/src/leo_pybullet/worlds/benchmark_v2/train/world_hard_seed_000185.yaml,185,hard,8,4,12,True,8.881,-4.33732,0.709114,-1.477668,3.584258,3.011092,,,,,v2,train,0,0.40
train,/root/leo_ws/src/leo_pybullet/worlds/benchmark_v4_hard/train/world_easy_double_block_seed_300381.yaml,300381,easy,5,4,9,True,6.1576,0.730153,-3.818305,2.970569,-4.01403,-2.368283,double_block,4.9608,1.2413,2,v4_focused,train,4,focused_failure
train,/root/leo_ws/src/leo_pybullet/worlds/benchmark_v2/train/world_medium_seed_000061.yaml,61,medium,8,4,12,True,9.1565,4.12496,-1.43851,-2.564884,-4.295015,0.024961,,,,,v2,train,0,0.40
train,/root/leo_ws/src/leo_pybullet/worlds/benchmark_v2/train/world_easy_seed_000249.yaml,249,easy,3,4,7,False,4.1278,0.905484,4.239679,0.817766,3.146725,0.985672,,,,,v2,train,general_replay,0.40
train,/root/leo_ws/src/leo_pybullet/worlds/benchmark_v2/train/world_easy_seed_000258.yaml,258,easy,4,4,8,False,6.9757,3.254466,-4.345072,1.660294,-1.268438,0.738,,,,,v2,train,general_replay,0.40
train,/root/leo_ws/src/leo_pybullet/worlds/benchmark_v3_curriculum/train/world_easy_direct_block_seed_000162.yaml,162,easy,1,4,5,True,5.209,2.293927,4.045627,-1.308959,3.898212,-0.424721,direct_block,4.7495,1.0968,,v3,train,general_replay,0.15
train,/root/leo_ws/src/leo_pybullet/worlds/benchmark_v3_curriculum/train/world_medium_clear_seed_000271.yaml,271,medium,3,4,7,False,4.7427,1.317015,-1.36641,2.841221,-2.763813,0.228221,clear,4.3813,1.0825,,v3,train,0,0.15
train,/root/leo_ws/src/leo_pybullet/worlds/benchmark_v3_curriculum/train/world_medium_direct_block_seed_000250.yaml,250,medium,3,4,7,True,6.0147,-0.834486,-2.914487,1.122516,1.457266,1.727194,direct_block,5.1766,1.1619,,v3,train,0,0.15
train,/root/leo_ws/src/leo_pybullet/worlds/benchmark_v2/train/world_hard_seed_000227.yaml,227,hard,11,4,15,True,4.8639,3.972772,-1.135145,-0.532796,-0.470946,-2.245637,,,,,v2,train,0,0.40
train,/root/leo_ws/src/leo_pybullet/worlds/benchmark_v2/train/world_easy_seed_000117.yaml,117,easy,2,4,6,False,3.5702,-2.524861,2.984889,1.356749,0.509375,1.755128,,,,,v2,train,general_replay,0.40
train,/root/leo_ws/src/leo_pybullet/worlds/benchmark_v2/train/world_easy_seed_000039.yaml,39,easy,2,4,6,False,6.8422,-4.124328,-2.431295,1.878193,1.990795,-4.303668,,,,,v2,train,0,0.40
train,/root/leo_ws/src/leo_pybullet/worlds/benchmark_v3_curriculum/train/world_hard_direct_block_seed_000056.yaml,56,hard,6,4,10,True,7.9816,3.663228,1.762355,-3.063836,-3.446679,1.004837,direct_block,7.1501,1.1163,,v3,train,0,0.15
train,/root/leo_ws/src/leo_pybullet/worlds/benchmark_v4_hard/train/world_hard_clear_seed_300107.yaml,300107,hard,12,4,16,False,5.2114,-3.966674,2.43023,-1.442479,-3.125256,-2.45888,clear,4.961,1.0505,0,v4_focused,train,3,focused_failure
train,/root/leo_ws/src/leo_pybullet/worlds/benchmark_v2/train/world_hard_seed_000269.yaml,269,hard,8,4,12,True,5.1702,-1.415047,1.511471,1.778441,3.020152,3.003181,,,,,v2,train,0,0.40
train,/root/leo_ws/src/leo_pybullet/worlds/benchmark_v2/train/world_hard_seed_000149.yaml,149,hard,8,4,12,True,3.5839,-1.068243,-3.172008,-2.894717,-4.162981,-2.804286,,,,,v2,train,0,0.40
train,/root/leo_ws/src/leo_pybullet/worlds/benchmark_v2/train/world_hard_seed_000089.yaml,89,hard,8,4,12,True,4.2376,1.768099,-2.098461,2.180634,-1.35475,-3.787288,,,,,v2,train,0,0.40
train,/root/leo_ws/src/leo_pybullet/worlds/benchmark_v3_curriculum/train/world_medium_direct_block_seed_000166.yaml,166,medium,2,4,6,True,7.2729,1.125503,-0.790002,2.523345,-4.146381,2.942186,direct_block,6.4593,1.126,,v3,train,general_replay,0.15
train,/root/leo_ws/src/leo_pybullet/worlds/benchmark_v2/train/world_medium_seed_000199.yaml,199,medium,7,4,11,False,5.3359,3.016133,1.454644,0.057625,-1.662063,-0.195595,,,,,v2,train,0,0.40
train,/root/leo_ws/src/leo_pybullet/worlds/benchmark_v3_curriculum/train/world_hard_direct_block_seed_000080.yaml,80,hard,5,4,9,True,6.8616,-0.901505,3.387904,-0.818257,3.084636,-0.673248,direct_block,5.6905,1.2058,,v3,train,0,0.15
train,/root/leo_ws/src/leo_pybullet/worlds/benchmark_v4_hard/train/world_medium_clear_seed_300223.yaml,300223,medium,9,4,13,False,7.0031,2.866404,0.433441,-2.574115,-2.466778,-3.734332,clear,6.7685,1.0347,0,v4,train,0,0.45
train,/root/leo_ws/src/leo_pybullet/worlds/benchmark_v2/train/world_medium_seed_000076.yaml,76,medium,7,4,11,True,5.3576,-1.899808,2.19767,-1.038901,-0.537745,-2.340031,,,,,v2,train,0,0.40
train,/root/leo_ws/src/leo_pybullet/worlds/benchmark_v4_hard/train/world_hard_direct_block_seed_300098.yaml,300098,hard,13,4,17,True,6.4971,-2.45126,-2.139854,0.103157,2.75574,-1.72121,direct_block,5.2238,1.2437,1,v4_focused,train,1,focused_failure
train,/root/leo_ws/src/leo_pybullet/worlds/benchmark_v2/train/world_hard_seed_000290.yaml,290,hard,12,4,16,True,8.4682,3.308799,0.81005,-0.054771,-3.196309,-3.989218,,,,,v2,train,0,0.40
train,/root/leo_ws/src/leo_pybullet/worlds/benchmark_v2/train/world_easy_seed_000183.yaml,183,easy,2,4,6,True,5.5371,3.069425,-1.240578,-2.589718,2.539161,3.809524,,,,,v2,train,general_replay,0.40
train,/root/leo_ws/src/leo_pybullet/worlds/benchmark_v2/train/world_medium_seed_000256.yaml,256,medium,8,4,12,True,3.9896,-1.165797,2.673138,3.090293,-0.372305,-0.586772,,,,,v2,train,general_replay,0.40
train,/root/leo_ws/src/leo_pybullet/worlds/benchmark_v3_curriculum/train/world_hard_direct_block_seed_000062.yaml,62,hard,6,4,10,True,5.1953,-2.779271,4.000346,-1.373425,-2.226075,-0.299608,direct_block,4.3354,1.1983,,v3,train,general_replay,0.15
train,/root/leo_ws/src/leo_pybullet/worlds/benchmark_v2/train/world_hard_seed_000245.yaml,245,hard,9,4,13,True,6.8341,-3.741033,-1.481389,-0.229007,2.082973,0.881807,,,,,v2,train,general_replay,0.40
train,/root/leo_ws/src/leo_pybullet/worlds/benchmark_v3_curriculum/train/world_medium_direct_block_seed_000256.yaml,256,medium,3,4,7,True,4.969,-1.612039,-1.138997,0.169755,2.611686,-0.363746,direct_block,4.2943,1.1571,,v3,train,0,0.15
train,/root/leo_ws/src/leo_pybullet/worlds/benchmark_v2/train/world_easy_seed_000279.yaml,279,easy,3,4,7,True,7.8159,-1.723002,-3.044742,-2.551202,-0.043271,4.078771,,,,,v2,train,general_replay,0.40
train,/root/leo_ws/src/leo_pybullet/worlds/benchmark_v4_hard/train/world_medium_clear_seed_300295.yaml,300295,medium,9,4,13,False,6.0147,-1.121713,-3.832236,0.382,3.964526,-1.67661,clear,5.5242,1.0888,0,v4,train,0,0.45
train,/root/leo_ws/src/leo_pybullet/worlds/benchmark_v4_hard/train/world_hard_double_block_seed_300152.yaml,300152,hard,12,4,16,True,8.1335,-1.43495,3.870661,-0.579089,4.008286,-0.371491,double_block,6.9011,1.1786,2,v4,train,0,0.45
train,/root/leo_ws/src/leo_pybullet/worlds/benchmark_v2/train/world_easy_seed_000045.yaml,45,easy,3,4,7,False,7.4457,-3.350908,2.676646,0.938105,3.970123,3.092154,,,,,v2,train,general_replay,0.40
train,/root/leo_ws/src/leo_pybullet/worlds/benchmark_v2/train/world_medium_seed_000085.yaml,85,medium,6,4,10,True,7.2786,2.413011,3.016028,-0.775606,-1.3384,-2.414369,,,,,v2,train,general_replay,0.40
train,/root/leo_ws/src/leo_pybullet/worlds/benchmark_v4_hard/train/world_hard_clear_seed_300023.yaml,300023,hard,10,4,14,False,5.8604,1.62066,-0.97773,-2.598925,-3.124119,-3.532143,clear,5.3887,1.0875,0,v4,train,0,0.45
train,/root/leo_ws/src/leo_pybullet/worlds/benchmark_v4_hard/train/world_hard_clear_seed_300443.yaml,300443,hard,11,4,15,False,6.1633,-0.167073,-2.869123,1.342518,1.121002,2.781502,clear,5.7956,1.0635,0,v4,train,0,0.45
train,/root/leo_ws/src/leo_pybullet/worlds/benchmark_v2/train/world_easy_seed_000192.yaml,192,easy,3,4,7,True,6.3929,-3.592317,-1.678925,-1.40002,-0.655509,3.532129,,,,,v2,train,0,0.40
train,/root/leo_ws/src/leo_pybullet/worlds/benchmark_v2/train/world_hard_seed_000170.yaml,170,hard,10,4,14,False,3.2057,0.753217,-1.612997,-2.377469,-2.242617,-2.040745,,,,,v2,train,general_replay,0.40
train,/root/leo_ws/src/leo_pybullet/worlds/benchmark_v2/train/world_hard_seed_000104.yaml,104,hard,8,4,12,True,6.2135,2.017576,-2.369685,1.927112,-1.473412,1.860152,,,,,v2,train,0,0.40
train,/root/leo_ws/src/leo_pybullet/worlds/benchmark_v4_hard/train/world_easy_direct_block_seed_300270.yaml,300270,easy,3,4,7,True,5.5508,0.853604,3.864252,-2.067087,-1.433951,-0.047312,direct_block,4.5314,1.225,1,v4_focused,train,5,focused_failure
train,/root/leo_ws/src/leo_pybullet/worlds/benchmark_v3_curriculum/train/world_medium_direct_block_seed_000001.yaml,1,medium,2,4,6,True,8.2386,0.588233,2.569253,-2.162019,-3.713592,-3.247691,direct_block,7.2348,1.1387,,v3,train,0,0.15
train,/root/leo_ws/src/leo_pybullet/worlds/benchmark_v2/train/world_easy_seed_000033.yaml,33,easy,4,4,8,True,5.3118,0.284279,0.238038,2.786636,4.169306,3.525242,,,,,v2,train,0,0.40
train,/root/leo_ws/src/leo_pybullet/worlds/benchmark_v2/train/world_medium_seed_000070.yaml,70,medium,5,4,9,True,5.2365,-0.352925,-3.163679,1.092894,4.307028,-3.004597,,,,,v2,train,0,0.40
train,/root/leo_ws/src/leo_pybullet/worlds/benchmark_v2/train/world_hard_seed_000098.yaml,98,hard,10,4,14,True,8.7759,-3.975201,-0.711905,1.992826,4.106007,-1.897463,,,,,v2,train,0,0.40
train,/root/leo_ws/src/leo_pybullet/worlds/benchmark_v4_hard/train/world_hard_clear_seed_300359.yaml,300359,hard,10,4,14,False,4.9496,2.57554,2.53311,-2.005431,1.045584,-1.774398,clear,4.5711,1.0828,0,v4,train,0,0.45
train,/root/leo_ws/src/leo_pybullet/worlds/benchmark_v4_hard/train/world_medium_direct_block_seed_300442.yaml,300442,medium,6,4,10,True,7.7004,-3.439389,-2.500143,1.54263,-2.94084,4.147867,direct_block,6.6667,1.1551,1,v4,train,0,0.45
train,/root/leo_ws/src/leo_pybullet/worlds/benchmark_v3_curriculum/train/world_hard_direct_block_seed_000122.yaml,122,hard,6,4,10,True,7.3198,-1.134319,-2.378257,0.719582,4.026298,1.437361,direct_block,6.418,1.1405,,v3,train,general_replay,0.15
train,/root/leo_ws/src/leo_pybullet/worlds/benchmark_v4_hard/train/world_easy_double_block_seed_300324.yaml,300324,easy,3,4,7,True,6.7404,-1.932744,3.898807,-1.953897,-3.404311,-1.801706,double_block,5.8874,1.1449,2,v4,train,0,0.45
train,/root/leo_ws/src/leo_pybullet/worlds/benchmark_v4_hard/train/world_medium_double_block_seed_300397.yaml,300397,medium,8,4,12,True,7.7084,3.321509,2.785508,-2.258122,-0.360017,-2.438922,double_block,6.3913,1.2061,2,v4,train,0,0.45
train,/root/leo_ws/src/leo_pybullet/worlds/benchmark_v2/train/world_easy_seed_000021.yaml,21,easy,2,4,6,False,7.6843,-0.713138,-1.903064,-0.159296,2.986524,4.260575,,,,,v2,train,0,0.40
train,/root/leo_ws/src/leo_pybullet/worlds/benchmark_v4_hard/train/world_medium_direct_block_seed_300070.yaml,300070,medium,7,4,11,True,6.1439,-1.9541,1.352918,0.652006,2.205829,3.992411,direct_block,4.9267,1.2471,1,v4,train,0,0.45
train,/root/leo_ws/src/leo_pybullet/worlds/benchmark_v4_hard/train/world_easy_double_block_seed_300072.yaml,300072,easy,5,4,9,True,8.641,3.638407,4.015117,-2.710385,-3.613288,1.319472,double_block,7.7365,1.1169,2,v4,train,0,0.45
train,/root/leo_ws/src/leo_pybullet/worlds/benchmark_v2/train/world_easy_seed_000228.yaml,228,easy,4,4,8,False,3.3931,0.642568,-2.446148,2.908768,0.578913,0.899642,,,,,v2,train,general_replay,0.40
train,/root/leo_ws/src/leo_pybullet/worlds/benchmark_v2/train/world_easy_seed_000057.yaml,57,easy,2,4,6,False,3.3747,0.916064,-2.393753,3.041911,-1.555386,-0.19697,,,,,v2,train,general_replay,0.40
train,/root/leo_ws/src/leo_pybullet/worlds/benchmark_v2/train/world_medium_seed_000046.yaml,46,medium,5,4,9,True,5.129,0.770996,3.130144,0.526094,-2.361709,0.13674,,,,,v2,train,general_replay,0.40
train,/root/leo_ws/src/leo_pybullet/worlds/benchmark_v4_hard/train/world_hard_double_block_seed_300221.yaml,300221,hard,11,4,15,True,7.0627,-3.565511,1.575113,-0.78019,0.730646,-2.128951,double_block,5.6725,1.2451,2,v4,train,0,0.45
train,/root/leo_ws/src/leo_pybullet/worlds/benchmark_v2/train/world_easy_seed_000192.yaml,192,easy,3,4,7,True,6.3929,-3.592317,-1.678925,-1.40002,-0.655509,3.532129,,,,,v2,train,0,0.40
train,/root/leo_ws/src/leo_pybullet/worlds/benchmark_v3_curriculum/train/world_medium_direct_block_seed_000058.yaml,58,medium,4,4,8,True,7.9655,-2.614513,-0.804103,0.447592,3.768794,2.595989,direct_block,7.2324,1.1014,,v3,train,general_replay,0.15
train,/root/leo_ws/src/leo_pybullet/worlds/benchmark_v2/train/world_easy_seed_000252.yaml,252,easy,4,4,8,True,5.7472,-0.386063,-2.056472,2.901917,2.738875,2.022757,,,,,v2,train,general_replay,0.40
train,/root/leo_ws/src/leo_pybullet/worlds/benchmark_v2/train/world_hard_seed_000092.yaml,92,hard,11,4,15,True,7.7416,3.282973,2.281276,-2.143224,-3.528138,0.197222,,,,,v2,train,0,0.40
train,/root/leo_ws/src/leo_pybullet/worlds/benchmark_v2/train/world_medium_seed_000262.yaml,262,medium,7,4,11,False,5.8774,-0.795978,-1.364991,1.805273,3.032981,2.915347,,,,,v2,train,general_replay,0.40
train,/root/leo_ws/src/leo_pybullet/worlds/benchmark_v4_hard/train/world_hard_double_block_seed_300440.yaml,300440,hard,13,4,17,True,6.801,-3.356031,2.385238,-0.474827,1.306734,-0.505185,double_block,5.486,1.2397,2,v4,train,0,0.45
train,/root/leo_ws/src/leo_pybullet/worlds/benchmark_v4_hard/train/world_hard_clear_seed_300131.yaml,300131,hard,12,4,16,False,7.3174,-0.854838,2.868994,-0.927796,2.897815,-2.908656,clear,6.8894,1.0621,0,v4,train,0,0.45
train,/root/leo_ws/src/leo_pybullet/worlds/benchmark_v2/train/world_hard_seed_000155.yaml,155,hard,12,4,16,True,6.9278,4.188425,-1.868273,0.24909,1.622,3.837712,,,,,v2,train,0,0.40
train,/root/leo_ws/src/leo_pybullet/worlds/benchmark_v4_hard/train/world_hard_direct_block_seed_300014.yaml,300014,hard,12,4,16,True,7.8239,-1.483921,-3.582866,1.75184,-2.614877,2.509943,direct_block,6.1969,1.2626,1,v4_focused,train,3,focused_failure
train,/root/leo_ws/src/leo_pybullet/worlds/benchmark_v2/train/world_medium_seed_000181.yaml,181,medium,5,4,9,True,6.7655,-2.336114,-0.380055,2.791652,2.915384,-3.759744,,,,,v2,train,0,0.40
train,/root/leo_ws/src/leo_pybullet/worlds/benchmark_v4_hard/train/world_easy_double_block_seed_300285.yaml,300285,easy,3,4,7,True,5.8845,-3.283567,-0.067157,0.350131,1.137487,1.371442,double_block,4.6492,1.2657,2,v4,train,0,0.45
train,/root/leo_ws/src/leo_pybullet/worlds/benchmark_v2/train/world_medium_seed_000244.yaml,244,medium,8,4,12,True,7.7643,0.685723,-3.78037,2.077432,-3.471386,1.998505,,,,,v2,train,0,0.40
train,/root/leo_ws/src/leo_pybullet/worlds/benchmark_v4_hard/train/world_medium_double_block_seed_300325.yaml,300325,medium,9,4,13,True,8.9586,3.376912,0.414353,-3.009321,-4.177778,-1.689108,double_block,7.8421,1.1424,2,v4,train,0,0.45
train,/root/leo_ws/src/leo_pybullet/worlds/benchmark_v2/train/world_medium_seed_000226.yaml,226,medium,8,4,12,True,5.0902,1.231772,0.771686,-0.985322,3.458949,-2.851403,,,,,v2,train,0,0.40
train,/root/leo_ws/src/leo_pybullet/worlds/benchmark_v4_hard/train/world_easy_double_block_seed_300333.yaml,300333,easy,5,4,9,True,5.9153,3.450387,3.755314,-2.33832,-0.246707,0.629471,double_block,4.8414,1.2218,2,v4,train,0,0.45
train,/root/leo_ws/src/leo_pybullet/worlds/benchmark_v4_hard/train/world_medium_double_block_seed_300325.yaml,300325,medium,9,4,13,True,8.9586,3.376912,0.414353,-3.009321,-4.177778,-1.689108,double_block,7.8421,1.1424,2,v4,train,0,0.45
train,/root/leo_ws/src/leo_pybullet/worlds/benchmark_v2/train/world_easy_seed_000069.yaml,69,easy,4,4,8,True,9.0637,2.622109,-3.769922,2.344069,-1.351828,3.652933,,,,,v2,train,0,0.40
train,/root/leo_ws/src/leo_pybullet/worlds/benchmark_v3_curriculum/train/world_medium_direct_block_seed_000292.yaml,292,medium,2,4,6,True,6.2353,3.536956,0.674281,2.77997,-1.499795,3.022831,direct_block,5.5574,1.122,,v3,train,general_replay,0.15
train,/root/leo_ws/src/leo_pybullet/worlds/benchmark_v4_hard/train/world_medium_clear_seed_300211.yaml,300211,medium,6,4,10,False,7.0088,2.39718,-2.4566,2.436423,-2.781682,2.157494,clear,6.9362,1.0105,0,v4,train,0,0.45
train,/root/leo_ws/src/leo_pybullet/worlds/benchmark_v4_hard/train/world_hard_double_block_seed_300092.yaml,300092,hard,11,4,15,True,10.0341,2.405601,4.167901,-1.60232,1.932252,-0.342622,double_block,4.5353,2.2125,2,v4_focused,train,3,focused_failure
train,/root/leo_ws/src/leo_pybullet/worlds/benchmark_v2/train/world_hard_seed_000230.yaml,230,hard,9,4,13,True,4.9027,3.821227,3.351985,1.670746,0.322116,1.387379,,,,,v2,train,general_replay,0.40
train,/root/leo_ws/src/leo_pybullet/worlds/benchmark_v4_hard/train/world_medium_double_block_seed_300112.yaml,300112,medium,7,4,11,True,7.0822,4.100033,-1.235248,2.239057,0.222128,3.000519,double_block,5.7428,1.2332,2,v4,train,0,0.45
train,/root/leo_ws/src/leo_pybullet/worlds/benchmark_v2/train/world_medium_seed_000286.yaml,286,medium,8,4,12,True,4.6433,1.677095,-3.663675,-2.228648,-0.778365,-0.573012,,,,,v2,train,0,0.40
train,/root/leo_ws/src/leo_pybullet/worlds/benchmark_v4_hard/train/world_medium_direct_block_seed_300130.yaml,300130,medium,6,4,10,True,6.4914,-1.606356,-2.476793,1.814494,-2.716446,3.195543,direct_block,5.7799,1.1231,1,v4_focused,train,2,focused_failure
train,/root/leo_ws/src/leo_pybullet/worlds/benchmark_v2/train/world_medium_seed_000094.yaml,94,medium,6,4,10,True,5.0708,3.93266,-0.621534,-3.013397,2.906024,4.002229,,,,,v2,train,0,0.40
train,/root/leo_ws/src/leo_pybullet/worlds/benchmark_v4_hard/train/world_medium_double_block_seed_300184.yaml,300184,medium,6,4,10,True,6.641,-0.742352,-3.890786,1.940131,-2.177538,1.058968,double_block,5.1536,1.2886,2,v4,train,0,0.45
train,/root/leo_ws/src/leo_pybullet/worlds/benchmark_v4_hard/train/world_easy_double_block_seed_300261.yaml,300261,easy,3,4,7,True,8.0227,3.244679,-0.590232,2.989496,-3.881715,1.110045,double_block,7.3264,1.095,2,v4,train,0,0.45
train,/root/leo_ws/src/leo_pybullet/worlds/benchmark_v4_hard/train/world_medium_double_block_seed_300061.yaml,300061,medium,6,4,10,True,6.2765,3.805869,3.36133,-1.561784,4.044949,-1.399561,double_block,4.7669,1.3167,2,v4,train,0,0.45
train,/root/leo_ws/src/leo_pybullet/worlds/benchmark_v4_hard/train/world_hard_double_block_seed_300185.yaml,300185,hard,13,4,17,True,6.7678,2.124098,-2.524737,1.505628,2.833823,2.636366,double_block,5.2097,1.2991,2,v4_focused,train,4,focused_failure
train,/root/leo_ws/src/leo_pybullet/worlds/benchmark_v2/train/world_medium_seed_000082.yaml,82,medium,6,4,10,False,5.9953,-2.897245,-2.082428,-0.178684,2.288573,-4.059666,,,,,v2,train,general_replay,0.40
train,/root/leo_ws/src/leo_pybullet/worlds/benchmark_v3_curriculum/train/world_hard_direct_block_seed_000200.yaml,200,hard,4,4,8,True,5.2696,-3.687612,3.969053,-1.091931,-2.062608,0.124574,direct_block,4.1738,1.2625,,v3,train,0,0.15
train,/root/leo_ws/src/leo_pybullet/worlds/benchmark_v4_hard/train/world_hard_direct_block_seed_300314.yaml,300314,hard,10,4,14,True,5.841,-1.236853,-2.095363,-0.166304,3.406074,-3.071022,direct_block,4.7443,1.2311,1,v4,train,0,0.45
train,/root/leo_ws/src/leo_pybullet/worlds/benchmark_v2/train/world_hard_seed_000236.yaml,236,hard,10,4,14,True,6.2708,2.020682,-3.656579,-1.240893,1.814623,2.199378,,,,,v2,train,0,0.40
train,/root/leo_ws/src/leo_pybullet/worlds/benchmark_v2/train/world_medium_seed_000262.yaml,262,medium,7,4,11,False,5.8774,-0.795978,-1.364991,1.805273,3.032981,2.915347,,,,,v2,train,general_replay,0.40
train,/root/leo_ws/src/leo_pybullet/worlds/benchmark_v2/train/world_hard_seed_000137.yaml,137,hard,8,4,12,True,4.7371,-0.827522,3.188725,2.076768,-1.547364,-0.890174,,,,,v2,train,0,0.40
train,/root/leo_ws/src/leo_pybullet/worlds/benchmark_v2/train/world_easy_seed_000015.yaml,15,easy,2,4,6,True,4.809,-2.264478,-1.408724,-1.48714,1.811291,-1.908939,,,,,v2,train,general_replay,0.40
train,/root/leo_ws/src/leo_pybullet/worlds/benchmark_v2/train/world_easy_seed_000294.yaml,294,easy,2,4,6,True,8.009,3.727268,3.64457,0.431022,-3.55915,1.86193,,,,,v2,train,general_replay,0.40
train,/root/leo_ws/src/leo_pybullet/worlds/benchmark_v2/train/world_medium_seed_000244.yaml,244,medium,8,4,12,True,7.7643,0.685723,-3.78037,2.077432,-3.471386,1.998505,,,,,v2,train,0,0.40
train,/root/leo_ws/src/leo_pybullet/worlds/benchmark_v4_hard/train/world_medium_direct_block_seed_300370.yaml,300370,medium,6,4,10,True,6.2353,2.315556,-2.032815,2.719639,-2.622758,0.474199,direct_block,5.5382,1.1259,1,v4,train,0,0.45
train,/root/leo_ws/src/leo_pybullet/worlds/benchmark_v2/train/world_hard_seed_000200.yaml,200,hard,8,4,12,True,7.1508,2.040188,-4.085843,2.616088,1.024083,2.598764,,,,,v2,train,0,0.40
train,/root/leo_ws/src/leo_pybullet/worlds/benchmark_v4_hard/train/world_hard_clear_seed_300323.yaml,300323,hard,10,4,14,False,5.9484,-3.674447,-0.457691,-0.489472,1.452648,-2.445614,clear,5.499,1.0817,0,v4,train,0,0.45
train,/root/leo_ws/src/leo_pybullet/worlds/benchmark_v2/train/world_hard_seed_000038.yaml,38,hard,11,4,15,True,4.152,0.316565,1.620136,-2.987166,3.996901,0.997567,,,,,v2,train,0,0.40
train,/root/leo_ws/src/leo_pybullet/worlds/benchmark_v3_curriculum/train/world_medium_clear_seed_000223.yaml,223,medium,3,4,7,False,5.7974,-1.207764,-2.647532,0.776583,2.979969,1.097685,clear,5.6182,1.0319,,v3,train,general_replay,0.15
train,/root/leo_ws/src/leo_pybullet/worlds/benchmark_v2/train/world_easy_seed_000048.yaml,48,easy,4,4,8,True,6.3929,1.860648,-0.558039,0.988752,-3.004616,2.669248,,,,,v2,train,0,0.40
train,/root/leo_ws/src/leo_pybullet/worlds/benchmark_v4_hard/train/world_medium_double_block_seed_300217.yaml,300217,medium,9,4,13,True,7.3051,4.207654,3.583556,-1.911421,2.784389,-1.226065,double_block,5.0158,1.4564,2,v4_focused,train,1,focused_failure
train,/root/leo_ws/src/leo_pybullet/worlds/benchmark_v4_hard/train/world_medium_clear_seed_300103.yaml,300103,medium,7,4,11,False,8.0739,1.694615,2.435799,-2.510953,-4.175737,-2.796616,clear,7.8638,1.0267,0,v4,train,0,0.45
train,/root/leo_ws/src/leo_pybullet/worlds/benchmark_v4_hard/train/world_medium_clear_seed_300199.yaml,300199,medium,9,4,13,False,7.0822,0.793563,-2.091403,1.155302,2.624133,4.17569,clear,6.529,1.0847,0,v4,train,0,0.45
train,/root/leo_ws/src/leo_pybullet/worlds/benchmark_v2/train/world_hard_seed_000116.yaml,116,hard,12,4,16,True,6.1027,-1.756132,2.199757,2.937442,-3.302221,-3.200022,,,,,v2,train,0,0.40
train,/root/leo_ws/src/leo_pybullet/worlds/benchmark_v2/train/world_medium_seed_000271.yaml,271,medium,8,4,12,False,7.0627,-1.398561,-2.828844,-0.128214,0.233591,3.596233,,,,,v2,train,general_replay,0.40
train,/root/leo_ws/src/leo_pybullet/worlds/benchmark_v2/train/world_medium_seed_000139.yaml,139,medium,5,4,9,False,3.1678,1.010876,0.937869,-1.235179,3.274156,3.158557,,,,,v2,train,general_replay,0.40
train,/root/leo_ws/src/leo_pybullet/worlds/benchmark_v4_hard/train/world_easy_double_block_seed_300372.yaml,300372,easy,4,4,8,True,10.0706,-3.230358,4.22094,-1.029339,2.056967,-2.844785,double_block,8.825,1.1411,2,v4,train,0,0.45
train,/root/leo_ws/src/leo_pybullet/worlds/benchmark_v3_curriculum/train/world_hard_clear_seed_000011.yaml,11,hard,5,4,9,False,4.4971,-3.847087,-3.323098,0.346375,0.105025,-2.080981,clear,4.1427,1.0855,,v3,train,general_replay,0.15
train,/root/leo_ws/src/leo_pybullet/worlds/benchmark_v2/train/world_easy_seed_000099.yaml,99,easy,3,4,7,False,4.4971,0.86512,-2.346714,1.439044,-3.190774,-3.596767,,,,,v2,train,0,0.40
train,/root/leo_ws/src/leo_pybullet/worlds/benchmark_v4_hard/train/world_easy_direct_block_seed_300414.yaml,300414,easy,3,4,7,True,7.5461,-3.589263,-0.530405,0.724027,1.360294,3.773647,direct_block,6.5592,1.1505,1,v4_focused,train,4,focused_failure
train,/root/leo_ws/src/leo_pybullet/worlds/benchmark_v2/train/world_easy_seed_000141.yaml,141,easy,4,4,8,False,9.1929,3.69841,1.313602,-0.987425,-4.240753,4.179001,,,,,v2,train,general_replay,0.40
train,/root/leo_ws/src/leo_pybullet/worlds/benchmark_v2/train/world_hard_seed_000017.yaml,17,hard,12,4,16,True,3.8102,-1.710216,-1.169076,0.252492,-2.830212,1.78474,,,,,v2,train,0,0.40
train,/root/leo_ws/src/leo_pybullet/worlds/benchmark_v4_hard/train/world_easy_double_block_seed_300021.yaml,300021,easy,3,4,7,True,6.0147,-2.358139,2.013838,-1.401202,-1.920463,-3.095607,double_block,5.1282,1.1729,2,v4,train,0,0.45
train,/root/leo_ws/src/leo_pybullet/worlds/benchmark_v2/train/world_easy_seed_000000.yaml,0,easy,3,4,7,False,3.6672,2.469048,-1.711179,2.564249,-0.203606,0.725424,,,,,v2,train,0,0.40
train,/root/leo_ws/src/leo_pybullet/worlds/benchmark_v4_hard/train/world_medium_clear_seed_300199.yaml,300199,medium,9,4,13,False,7.0822,0.793563,-2.091403,1.155302,2.624133,4.17569,clear,6.529,1.0847,0,v4,train,0,0.45
train,/root/leo_ws/src/leo_pybullet/worlds/benchmark_v4_hard/train/world_hard_direct_block_seed_300026.yaml,300026,hard,12,4,16,True,9.1025,1.687163,-4.182527,1.98101,-1.033548,1.718623,direct_block,6.4981,1.4008,1,v4_focused,train,6,focused_failure
train,/root/leo_ws/src/leo_pybullet/worlds/benchmark_v2/train/world_easy_seed_000189.yaml,189,easy,3,4,7,False,8.6718,-1.647918,-4.031109,-2.417605,1.728565,3.269578,,,,,v2,train,0,0.40
train,/root/leo_ws/src/leo_pybullet/worlds/benchmark_v4_hard/train/world_medium_double_block_seed_300325.yaml,300325,medium,9,4,13,True,8.9586,3.376912,0.414353,-3.009321,-4.177778,-1.689108,double_block,7.8421,1.1424,2,v4_focused,train,0,focused_failure
train,/root/leo_ws/src/leo_pybullet/worlds/benchmark_v3_curriculum/train/world_hard_direct_block_seed_000161.yaml,161,hard,6,4,10,True,7.3941,0.766345,-3.958942,1.121598,3.609908,1.989966,direct_block,6.5936,1.1214,,v3,train,general_replay,0.15
train,/root/leo_ws/src/leo_pybullet/worlds/benchmark_v4_hard/train/world_easy_double_block_seed_300093.yaml,300093,easy,5,4,9,True,5.9508,-3.615083,-0.606543,1.093115,-1.236721,3.556865,double_block,4.7948,1.2411,2,v4_focused,train,3,focused_failure
train,/root/leo_ws/src/leo_pybullet/worlds/benchmark_v3_curriculum/train/world_medium_direct_block_seed_000142.yaml,142,medium,4,4,8,True,6.3153,1.641145,1.188232,-2.575201,-2.844569,-1.823002,direct_block,5.4027,1.1689,,v3,train,general_replay,0.15
train,/root/leo_ws/src/leo_pybullet/worlds/benchmark_v2/train/world_easy_seed_000267.yaml,267,easy,2,4,6,True,10.0294,3.995673,4.079568,2.128513,-4.259099,-0.271377,,,,,v2,train,0,0.40
train,/root/leo_ws/src/leo_pybullet/worlds/benchmark_v2/train/world_easy_seed_000138.yaml,138,easy,2,4,6,False,3.8125,3.888134,-1.727075,-1.978686,0.19413,-2.003558,,,,,v2,train,0,0.40
train,/root/leo_ws/src/leo_pybullet/worlds/benchmark_v3_curriculum/train/world_medium_clear_seed_000247.yaml,247,medium,3,4,7,False,4.0971,-1.376824,-1.288347,1.185547,-0.232901,2.318637,clear,3.784,1.0827,,v3,train,0,0.15
train,/root/leo_ws/src/leo_pybullet/worlds/benchmark_v4_hard/train/world_hard_double_block_seed_300365.yaml,300365,hard,10,4,14,True,11.5622,3.932271,3.229698,-2.43294,-1.549961,-1.761724,double_block,7.4141,1.5595,2,v4,train,0,0.45
train,/root/leo_ws/src/leo_pybullet/worlds/benchmark_v4_hard/train/world_hard_double_block_seed_300128.yaml,300128,hard,10,4,14,True,6.881,2.368258,1.223274,-1.570344,2.722352,-4.192545,double_block,5.4274,1.2678,2,v4,train,0,0.45
train,/root/leo_ws/src/leo_pybullet/worlds/benchmark_v4_hard/train/world_medium_double_block_seed_300217.yaml,300217,medium,9,4,13,True,7.3051,4.207654,3.583556,-1.911421,2.784389,-1.226065,double_block,5.0158,1.4564,2,v4_focused,train,2,focused_failure
train,/root/leo_ws/src/leo_pybullet/worlds/benchmark_v2/train/world_medium_seed_000067.yaml,67,medium,5,4,9,True,5.5016,-0.106238,-1.931175,1.039256,3.386712,1.251051,,,,,v2,train,0,0.40
train,/root/leo_ws/src/leo_pybullet/worlds/benchmark_v2/train/world_medium_seed_000235.yaml,235,medium,7,4,11,False,5.92,2.346567,-2.184435,-2.147761,-3.552861,-2.161491,,,,,v2,train,0,0.40
train,/root/leo_ws/src/leo_pybullet/worlds/benchmark_v3_curriculum/train/world_medium_direct_block_seed_000286.yaml,286,medium,3,4,7,True,6.6353,-0.559839,-3.014953,1.302117,1.428736,2.837955,direct_block,6.1815,1.0734,,v3,train,0,0.15
train,/root/leo_ws/src/leo_pybullet/worlds/benchmark_v4_hard/train/world_medium_direct_block_seed_300082.yaml,300082,medium,8,4,12,True,6.4478,-0.510597,3.563425,-1.809948,-1.816752,-1.967238,direct_block,5.6828,1.1346,1,v4_focused,train,2,focused_failure
train,/root/leo_ws/src/leo_pybullet/worlds/benchmark_v4_hard/train/world_easy_double_block_seed_300204.yaml,300204,easy,4,4,8,True,7.9622,-2.536866,-3.735207,1.630346,-3.803205,3.361228,double_block,7.2085,1.1045,2,v4,train,0,0.45
train,/root/leo_ws/src/leo_pybullet/worlds/benchmark_v4_hard/train/world_hard_double_block_seed_300029.yaml,300029,hard,14,4,18,True,8.2902,-1.060901,2.550226,-1.227911,0.67107,-2.333685,double_block,5.1819,1.5998,2,v4_focused,train,0,focused_failure
train,/root/leo_ws/src/leo_pybullet/worlds/benchmark_v3_curriculum/train/world_medium_direct_block_seed_000052.yaml,52,medium,3,4,7,True,4.9302,-3.786557,1.918125,0.449981,-0.137175,3.754648,direct_block,4.0854,1.2068,,v3,train,general_replay,0.15
train,/root/leo_ws/src/leo_pybullet/worlds/benchmark_v2/train/world_hard_seed_000209.yaml,209,hard,12,4,16,True,5.7416,-2.854436,-1.890732,-2.661728,-0.783148,2.99602,,,,,v2,train,0,0.40
train,/root/leo_ws/src/leo_pybullet/worlds/benchmark_v3_curriculum/train/world_medium_clear_seed_000223.yaml,223,medium,3,4,7,False,5.7974,-1.207764,-2.647532,0.776583,2.979969,1.097685,clear,5.6182,1.0319,,v3,train,0,0.15
train,/root/leo_ws/src/leo_pybullet/worlds/benchmark_v4_hard/train/world_hard_double_block_seed_300140.yaml,300140,hard,14,4,18,True,8.8914,-1.572206,4.053908,-1.788993,-3.207402,-2.23734,double_block,6.5003,1.3678,2,v4_focused,train,2,focused_failure
train,/root/leo_ws/src/leo_pybullet/worlds/benchmark_v2/train/world_easy_seed_000255.yaml,255,easy,2,4,6,False,3.2422,1.184621,0.738517,1.583047,3.667237,-1.110971,,,,,v2,train,0,0.40
train,/root/leo_ws/src/leo_pybullet/worlds/benchmark_v2/train/world_easy_seed_000051.yaml,51,easy,2,4,6,True,6.898,0.454918,-2.209108,-1.534117,4.294414,2.893611,,,,,v2,train,general_replay,0.40
train,/root/leo_ws/src/leo_pybullet/worlds/benchmark_v3_curriculum/train/world_medium_clear_seed_000211.yaml,211,medium,4,4,8,False,3.841,-3.657982,-1.018851,0.64654,-0.743854,1.347667,clear,3.754,1.0232,,v3,train,general_replay,0.15
train,/root/leo_ws/src/leo_pybullet/worlds/benchmark_v4_hard/train/world_hard_double_block_seed_300392.yaml,300392,hard,12,4,16,True,6.2022,-3.191597,2.280619,-0.580908,1.010483,0.090192,double_block,4.7387,1.3088,2,v4_focused,train,3,focused_failure
train,/root/leo_ws/src/leo_pybullet/worlds/benchmark_v3_curriculum/train/world_easy_direct_block_seed_000021.yaml,21,easy,1,4,5,True,4.5496,-0.697054,-0.696744,1.967373,-1.859315,2.917868,direct_block,3.7969,1.1982,,v3,train,0,0.15
train,/root/leo_ws/src/leo_pybullet/worlds/benchmark_v4_hard/train/world_medium_double_block_seed_300229.yaml,300229,medium,6,4,10,True,9.5016,-2.389461,-4.103256,1.592891,-2.979923,4.065994,double_block,8.1906,1.1601,2,v4,train,0,0.45
train,/root/leo_ws/src/leo_pybullet/worlds/benchmark_v2/train/world_easy_seed_000144.yaml,144,easy,3,4,7,True,4.2514,-3.640861,3.008268,1.030556,-2.873506,-0.898208,,,,,v2,train,general_replay,0.40
train,/root/leo_ws/src/leo_pybullet/worlds/benchmark_v3_curriculum/train/world_medium_direct_block_seed_000217.yaml,217,medium,3,4,7,True,5.0159,-1.965235,-1.49572,0.211774,2.290075,-0.645756,direct_block,4.3394,1.1559,,v3,train,0,0.15
train,/root/leo_ws/src/leo_pybullet/worlds/benchmark_v2/train/world_hard_seed_000194.yaml,194,hard,12,4,16,True,4.6102,-3.023669,-0.985426,1.496865,-2.159826,2.842189,,,,,v2,train,0,0.40
train,/root/leo_ws/src/leo_pybullet/worlds/benchmark_v3_curriculum/train/world_medium_direct_block_seed_000004.yaml,4,medium,2,4,6,True,6.2845,-1.671962,1.880344,-1.383261,-0.179534,-3.484148,direct_block,5.5682,1.1286,,v3,train,0,0.15
train,/root/leo_ws/src/leo_pybullet/worlds/benchmark_v2/train/world_easy_seed_000093.yaml,93,easy,3,4,7,True,9.0614,1.93971,3.333268,-0.682229,-3.551264,-3.063959,,,,,v2,train,0,0.40
train,/root/leo_ws/src/leo_pybullet/worlds/benchmark_v4_hard/train/world_easy_clear_seed_300087.yaml,300087,easy,3,4,7,False,6.4261,0.299546,-3.016865,1.025797,3.230447,2.187918,clear,5.9733,1.0758,0,v4,train,0,0.45
train,/root/leo_ws/src/leo_pybullet/worlds/benchmark_v2/train/world_hard_seed_000251.yaml,251,hard,11,4,15,True,4.9051,2.036276,0.754467,-2.55532,-2.201248,1.831626,,,,,v2,train,general_replay,0.40
train,/root/leo_ws/src/leo_pybullet/worlds/benchmark_v3_curriculum/train/world_hard_direct_block_seed_000164.yaml,164,hard,4,4,8,True,7.0878,2.051164,4.201201,-2.357281,-2.078963,-0.089722,direct_block,5.9557,1.1901,,v3,train,general_replay,0.15
train,/root/leo_ws/src/leo_pybullet/worlds/benchmark_v2/train/world_hard_seed_000014.yaml,14,hard,8,4,12,True,5.2947,2.220286,0.235874,-1.313085,-2.201663,2.045647,,,,,v2,train,general_replay,0.40
train,/root/leo_ws/src/leo_pybullet/worlds/benchmark_v2/train/world_hard_seed_000074.yaml,74,hard,12,4,16,True,7.8661,-3.361586,-3.300649,2.724692,-1.660645,3.26609,,,,,v2,train,general_replay,0.40
train,/root/leo_ws/src/leo_pybullet/worlds/benchmark_v2/train/world_medium_seed_000133.yaml,133,medium,8,4,12,True,5.2753,-1.545742,1.005632,1.216532,2.364414,3.321505,,,,,v2,train,0,0.40
train,/root/leo_ws/src/leo_pybullet/worlds/benchmark_v2/train/world_easy_seed_000018.yaml,18,easy,2,4,6,True,6.1198,-0.445218,-2.266383,-1.991932,3.931642,1.115233,,,,,v2,train,0,0.40
train,/root/leo_ws/src/leo_pybullet/worlds/benchmark_v4_hard/train/world_easy_clear_seed_300375.yaml,300375,easy,3,4,7,False,6.0331,4.058581,3.83245,-1.554388,3.922143,-2.165345,clear,5.9993,1.0056,0,v4,train,0,0.45
train,/root/leo_ws/src/leo_pybullet/worlds/benchmark_v2/train/world_easy_seed_000102.yaml,102,easy,2,4,6,False,4.2935,-1.233325,0.473417,-1.301856,1.399969,-2.762387,,,,,v2,train,0,0.40
train,/root/leo_ws/src/leo_pybullet/worlds/benchmark_v4_hard/train/world_medium_clear_seed_300367.yaml,300367,medium,9,4,13,False,5.7861,3.293282,-3.599347,2.651523,-1.242254,-0.60814,clear,5.4331,1.065,0,v4,train,0,0.45
train,/root/leo_ws/src/leo_pybullet/worlds/benchmark_v4_hard/train/world_hard_direct_block_seed_300446.yaml,300446,hard,13,4,17,True,9.0135,-4.007741,-0.436226,0.599462,2.580806,3.50856,direct_block,7.6792,1.1738,1,v4_focused,train,4,focused_failure
train,/root/leo_ws/src/leo_pybullet/worlds/benchmark_v2/train/world_medium_seed_000175.yaml,175,medium,8,4,12,True,4.9165,1.952418,1.644936,-1.524391,1.648558,-2.652588,,,,,v2,train,0,0.40
train,/root/leo_ws/src/leo_pybullet/worlds/benchmark_v4_hard/train/world_easy_direct_block_seed_300090.yaml,300090,easy,5,4,9,True,7.5792,1.28131,-2.969247,1.894264,-1.753112,3.332519,direct_block,6.9943,1.0836,1,v4,train,0,0.45
train,/root/leo_ws/src/leo_pybullet/worlds/benchmark_v4_hard/train/world_hard_clear_seed_300371.yaml,300371,hard,14,4,18,False,6.2192,3.014673,1.882389,-2.721277,-1.993959,-1.139002,clear,5.8494,1.0632,0,v4,train,0,0.45
train,/root/leo_ws/src/leo_pybullet/worlds/benchmark_v3_curriculum/train/world_medium_direct_block_seed_000277.yaml,277,medium,2,4,6,True,8.3678,3.562532,-2.406446,2.872282,-3.912175,-0.218533,direct_block,7.7883,1.0744,,v3,train,0,0.15
train,/root/leo_ws/src/leo_pybullet/worlds/benchmark_v2/train/world_easy_seed_000189.yaml,189,easy,3,4,7,False,8.6718,-1.647918,-4.031109,-2.417605,1.728565,3.269578,,,,,v2,train,general_replay,0.40
train,/root/leo_ws/src/leo_pybullet/worlds/benchmark_v4_hard/train/world_hard_direct_block_seed_300110.yaml,300110,hard,12,4,16,True,5.7245,0.391462,-3.257272,1.029937,2.312919,1.104611,direct_block,4.7663,1.201,1,v4_focused,train,2,focused_failure
train,/root/leo_ws/src/leo_pybullet/worlds/benchmark_v3_curriculum/train/world_medium_direct_block_seed_000016.yaml,16,medium,3,4,7,True,7.7198,3.010161,1.793512,-2.506772,-2.228201,-2.359344,direct_block,6.6848,1.1548,,v3,train,general_replay,0.15
train,/root/leo_ws/src/leo_pybullet/worlds/benchmark_v2/train/world_medium_seed_000271.yaml,271,medium,8,4,12,False,7.0627,-1.398561,-2.828844,-0.128214,0.233591,3.596233,,,,,v2,train,general_replay,0.40
train,/root/leo_ws/src/leo_pybullet/worlds/benchmark_v3_curriculum/train/world_easy_direct_block_seed_000213.yaml,213,easy,1,4,5,True,8.1506,3.505961,-2.888995,2.156255,-0.55698,3.470469,direct_block,7.5465,1.08,,v3,train,general_replay,0.15
train,/root/leo_ws/src/leo_pybullet/worlds/benchmark_v4_hard/train/world_easy_double_block_seed_300348.yaml,300348,easy,3,4,7,True,6.569,-0.02667,-3.428706,2.213227,-3.599879,0.709469,double_block,5.4674,1.2015,2,v4,train,0,0.45
train,/root/leo_ws/src/leo_pybullet/worlds/benchmark_v4_hard/train/world_medium_direct_block_seed_300442.yaml,300442,medium,6,4,10,True,7.7004,-3.439389,-2.500143,1.54263,-2.94084,4.147867,direct_block,6.6667,1.1551,1,v4_focused,train,3,focused_failure
train,/root/leo_ws/src/leo_pybullet/worlds/benchmark_v2/train/world_easy_seed_000000.yaml,0,easy,3,4,7,False,3.6672,2.469048,-1.711179,2.564249,-0.203606,0.725424,,,,,v2,train,general_replay,0.40
train,/root/leo_ws/src/leo_pybullet/worlds/benchmark_v4_hard/train/world_medium_double_block_seed_300337.yaml,300337,medium,8,4,12,True,8.7622,1.921472,3.291919,-1.249973,3.938429,-4.223527,double_block,7.7814,1.126,2,v4_focused,train,0,focused_failure
train,/root/leo_ws/src/leo_pybullet/worlds/benchmark_v3_curriculum/train/world_hard_direct_block_seed_000032.yaml,32,hard,4,4,8,True,4.8057,-4.043266,-3.922323,0.693556,-1.489877,-1.442101,direct_block,3.5597,1.35,,v3,train,general_replay,0.15
train,/root/leo_ws/src/leo_pybullet/worlds/benchmark_v2/train/world_easy_seed_000237.yaml,237,easy,4,4,8,False,4.8947,-2.883595,-2.283267,0.047651,-0.727479,1.71047,,,,,v2,train,0,0.40
train,/root/leo_ws/src/leo_pybullet/worlds/benchmark_v2/train/world_easy_seed_000108.yaml,108,easy,2,4,6,False,6.6272,-3.610922,1.407468,2.953205,1.985991,-1.060233,,,,,v2,train,0,0.40
train,/root/leo_ws/src/leo_pybullet/worlds/benchmark_v2/train/world_easy_seed_000072.yaml,72,easy,2,4,6,False,3.9725,2.073757,-2.72948,-1.213084,1.730607,1.042169,,,,,v2,train,0,0.40
train,/root/leo_ws/src/leo_pybullet/worlds/benchmark_v4_hard/train/world_hard_double_block_seed_300449.yaml,300449,hard,12,4,16,True,8.5027,1.44954,-2.716499,2.151127,-1.792532,2.491355,double_block,6.1346,1.386,2,v4_focused,train,2,focused_failure
train,/root/leo_ws/src/leo_pybullet/worlds/benchmark_v2/train/world_medium_seed_000112.yaml,112,medium,8,4,12,False,3.4571,1.422933,-1.196323,0.599417,0.228713,-4.113796,,,,,v2,train,0,0.40
train,/root/leo_ws/src/leo_pybullet/worlds/benchmark_v2/train/world_easy_seed_000174.yaml,174,easy,2,4,6,False,6.3508,1.718609,1.438591,-2.411015,-4.206655,2.428574,,,,,v2,train,general_replay,0.40
train,/root/leo_ws/src/leo_pybullet/worlds/benchmark_v4_hard/train/world_medium_double_block_seed_300145.yaml,300145,medium,9,4,13,True,6.9198,1.441243,-1.635225,-3.012195,-3.836573,-2.205088,double_block,5.3085,1.3035,2,v4,train,0,0.45
train,/root/leo_ws/src/leo_pybullet/worlds/benchmark_v3_curriculum/train/world_medium_clear_seed_000007.yaml,7,medium,3,4,7,False,8.2523,-3.449895,0.703698,-0.496222,3.482485,-2.425065,clear,7.6057,1.085,,v3,train,general_replay,0.15
train,/root/leo_ws/src/leo_pybullet/worlds/benchmark_v4_hard/train/world_easy_double_block_seed_300441.yaml,300441,easy,4,4,8,True,7.3747,2.493947,0.526273,2.533853,-2.545991,4.145927,double_block,6.2051,1.1885,2,v4,train,0,0.45
train,/root/leo_ws/src/leo_pybullet/worlds/benchmark_v2/train/world_medium_seed_000019.yaml,19,medium,5,4,9,True,4.7039,0.178056,0.099978,-1.323459,-0.926248,4.322307,,,,,v2,train,general_replay,0.40
train,/root/leo_ws/src/leo_pybullet/worlds/benchmark_v2/train/world_medium_seed_000298.yaml,298,medium,6,4,10,True,3.8571,-0.334908,3.648232,-3.059032,1.056042,0.5281,,,,,v2,train,general_replay,0.40
train,/root/leo_ws/src/leo_pybullet/worlds/benchmark_v2/train/world_medium_seed_000052.yaml,52,medium,7,4,11,True,5.281,-2.756608,-1.338938,-0.708844,1.137924,-4.05251,,,,,v2,train,general_replay,0.40
train,/root/leo_ws/src/leo_pybullet/worlds/benchmark_v2/train/world_medium_seed_000223.yaml,223,medium,7,4,11,True,4.4033,-2.709827,3.050086,-2.388158,1.123513,2.338315,,,,,v2,train,0,0.40
train,/root/leo_ws/src/leo_pybullet/worlds/benchmark_v3_curriculum/train/world_easy_clear_seed_000051.yaml,51,easy,1,4,5,False,5.921,-1.889582,1.676459,-1.997624,-4.185375,-3.28191,clear,5.4641,1.0836,,v3,train,general_replay,0.15
train,/root/leo_ws/src/leo_pybullet/worlds/benchmark_v2/train/world_medium_seed_000010.yaml,10,medium,5,4,9,True,6.409,0.679394,-2.556945,0.964296,2.725895,2.815223,,,,,v2,train,general_replay,0.40
train,/root/leo_ws/src/leo_pybullet/worlds/benchmark_v4_hard/train/world_easy_double_block_seed_300033.yaml,300033,easy,3,4,7,True,5.6308,0.436304,0.294776,-1.896536,-1.058901,-3.997745,double_block,4.5455,1.2388,2,v4,train,0,0.45
train,/root/leo_ws/src/leo_pybullet/worlds/benchmark_v2/train/world_medium_seed_000214.yaml,214,medium,7,4,11,True,4.5496,1.22413,2.378138,-1.561168,3.55464,-0.79091,,,,,v2,train,0,0.40
train,/root/leo_ws/src/leo_pybullet/worlds/benchmark_v2/train/world_hard_seed_000131.yaml,131,hard,10,4,14,True,6.3347,0.069589,-0.93177,-2.367582,-4.20238,2.428311,,,,,v2,train,general_replay,0.40
train,/root/leo_ws/src/leo_pybullet/worlds/benchmark_v2/train/world_medium_seed_000187.yaml,187,medium,7,4,11,True,5.8594,2.643986,-3.015102,0.308546,2.639655,2.745056,,,,,v2,train,0,0.40
train,/root/leo_ws/src/leo_pybullet/worlds/benchmark_v2/train/world_medium_seed_000250.yaml,250,medium,8,4,12,True,5.529,-2.983063,1.491554,2.72721,1.767834,0.515493,,,,,v2,train,0,0.40
train,/root/leo_ws/src/leo_pybullet/worlds/benchmark_v4_hard/train/world_hard_direct_block_seed_300386.yaml,300386,hard,12,4,16,True,11.4604,-4.094212,2.217938,-1.258433,-2.791234,-2.699095,direct_block,5.0867,2.253,1,v4_focused,train,0,focused_failure
train,/root/leo_ws/src/leo_pybullet/worlds/benchmark_v4_hard/train/world_easy_direct_block_seed_300126.yaml,300126,easy,3,4,7,True,7.369,0.247838,3.312787,-1.9321,-1.471822,-3.28197,direct_block,6.8153,1.0812,1,v4,train,0,0.45
train,/root/leo_ws/src/leo_pybullet/worlds/benchmark_v4_hard/train/world_easy_direct_block_seed_300042.yaml,300042,easy,3,4,7,True,7.9541,-3.038621,-3.569561,0.430416,3.824323,-1.006692,direct_block,7.3259,1.0858,1,v4,train,0,0.45
train,/root/leo_ws/src/leo_pybullet/worlds/benchmark_v4_hard/train/world_easy_double_block_seed_300321.yaml,300321,easy,5,4,9,True,6.5335,-1.14505,2.474241,-0.514326,3.523579,0.020013,double_block,5.2744,1.2387,2,v4,train,0,0.45
train,/root/leo_ws/src/leo_pybullet/worlds/benchmark_v3_curriculum/train/world_medium_direct_block_seed_000121.yaml,121,medium,2,4,6,True,7.6261,-2.39571,3.173557,-0.98942,1.068577,-2.750179,direct_block,6.8624,1.1113,,v3,train,general_replay,0.15
train,/root/leo_ws/src/leo_pybullet/worlds/benchmark_v4_hard/train/world_hard_clear_seed_300179.yaml,300179,hard,13,4,17,False,5.352,-3.038002,-1.514598,0.10043,2.110095,-0.958452,clear,5.178,1.0336,0,v4,train,0,0.45
train,/root/leo_ws/src/leo_pybullet/worlds/benchmark_v4_hard/train/world_hard_direct_block_seed_300194.yaml,300194,hard,11,4,15,True,7.1678,-2.618032,3.69064,-1.00545,1.01696,-1.120092,direct_block,6.0296,1.1888,1,v4_focused,train,1,focused_failure
train,/root/leo_ws/src/leo_pybullet/worlds/benchmark_v2/train/world_hard_seed_000290.yaml,290,hard,12,4,16,True,8.4682,3.308799,0.81005,-0.054771,-3.196309,-3.989218,,,,,v2,train,general_replay,0.40
train,/root/leo_ws/src/leo_pybullet/worlds/benchmark_v4_hard/train/world_medium_double_block_seed_300433.yaml,300433,medium,7,4,11,True,6.7759,1.904947,3.565704,-3.047219,-3.812288,3.413571,double_block,5.7193,1.1847,2,v4,train,0,0.45
train,/root/leo_ws/src/leo_pybullet/worlds/benchmark_v4_hard/train/world_hard_double_block_seed_300185.yaml,300185,hard,13,4,17,True,6.7678,2.124098,-2.524737,1.505628,2.833823,2.636366,double_block,5.2097,1.2991,2,v4,train,0,0.45
validation,/root/leo_ws/src/leo_pybullet/worlds/benchmark_v4_hard/validation/world_easy_double_block_seed_400000.yaml,400000,easy,3,4,7,True,5.7496,1.600996,-0.917551,2.274861,-1.176607,2.956069,double_block,4.7666,1.2062,2,,,,
validation,/root/leo_ws/src/leo_pybullet/worlds/benchmark_v4_hard/validation/world_medium_double_block_seed_400001.yaml,400001,medium,6,4,10,True,7.5953,1.105792,3.641151,-2.389339,-3.146113,-0.859141,double_block,6.1912,1.2268,2,,,,
validation,/root/leo_ws/src/leo_pybullet/worlds/benchmark_v4_hard/validation/world_hard_direct_block_seed_400002.yaml,400002,hard,11,4,15,True,8.0947,2.312115,-1.242958,-2.87873,-3.662258,-3.093439,direct_block,6.2544,1.2942,1,,,,
validation,/root/leo_ws/src/leo_pybullet/worlds/benchmark_v4_hard/validation/world_easy_clear_seed_400003.yaml,400003,easy,4,4,8,False,5.7714,2.356713,-1.885165,1.366473,3.162374,3.598303,clear,5.5423,1.0413,0,,,,
validation,/root/leo_ws/src/leo_pybullet/worlds/benchmark_v4_hard/validation/world_medium_double_block_seed_400004.yaml,400004,medium,8,4,12,True,9.1986,-2.650546,3.59261,-0.618891,3.160743,-1.753055,double_block,7.896,1.165,2,,,,
validation,/root/leo_ws/src/leo_pybullet/worlds/benchmark_v4_hard/validation/world_hard_double_block_seed_400005.yaml,400005,hard,13,4,17,True,6.6078,4.007664,3.76061,-2.990702,-0.622618,2.45865,double_block,4.8098,1.3738,2,,,,
validation,/root/leo_ws/src/leo_pybullet/worlds/benchmark_v4_hard/validation/world_easy_direct_block_seed_400006.yaml,400006,easy,3,4,7,True,8.7712,2.383262,2.890759,-2.407809,-2.756359,-2.873352,direct_block,7.7227,1.1358,1,,,,
validation,/root/leo_ws/src/leo_pybullet/worlds/benchmark_v4_hard/validation/world_medium_clear_seed_400007.yaml,400007,medium,9,4,13,False,6.3645,-3.887296,4.187484,-0.034478,2.148853,3.338421,clear,6.0956,1.0441,0,,,,
validation,/root/leo_ws/src/leo_pybullet/worlds/benchmark_v4_hard/validation/world_hard_double_block_seed_400008.yaml,400008,hard,14,4,18,True,7.7747,-3.460167,-2.823113,-0.109131,2.306978,-4.181822,double_block,5.925,1.3122,2,,,,
validation,/root/leo_ws/src/leo_pybullet/worlds/benchmark_v4_hard/validation/world_easy_double_block_seed_400009.yaml,400009,easy,4,4,8,True,7.1404,-2.945009,2.248807,-0.81067,1.610003,-1.833192,double_block,6.1164,1.1674,2,,,,
validation,/root/leo_ws/src/leo_pybullet/worlds/benchmark_v4_hard/validation/world_medium_direct_block_seed_400010.yaml,400010,medium,9,4,13,True,8.2192,3.263787,-2.77442,2.005232,-0.614905,3.392298,direct_block,7.2851,1.1282,1,,,,
validation,/root/leo_ws/src/leo_pybullet/worlds/benchmark_v4_hard/validation/world_hard_clear_seed_400011.yaml,400011,hard,12,4,16,False,7.0637,-3.249083,0.924326,-0.485359,2.183788,-2.962511,clear,6.6801,1.0574,0,,,,
validation,/root/leo_ws/src/leo_pybullet/worlds/benchmark_v4_hard/validation/world_easy_double_block_seed_400012.yaml,400012,easy,5,4,9,True,5.8547,-1.105001,-3.427884,0.147579,3.689457,-2.558214,double_block,4.8727,1.2015,2,,,,
validation,/root/leo_ws/src/leo_pybullet/worlds/benchmark_v4_hard/validation/world_medium_double_block_seed_400013.yaml,400013,medium,7,4,11,True,9.0272,-3.820483,1.08619,0.072269,4.176788,1.674089,double_block,8.0189,1.1258,2,,,,
validation,/root/leo_ws/src/leo_pybullet/worlds/benchmark_v4_hard/validation/world_hard_direct_block_seed_400014.yaml,400014,hard,12,4,16,True,6.0171,-2.249499,-3.66919,1.686831,-2.978877,1.073027,direct_block,4.798,1.2541,1,,,,
validation,/root/leo_ws/src/leo_pybullet/worlds/benchmark_v4_hard/validation/world_easy_clear_seed_400015.yaml,400015,easy,4,4,8,False,6.0525,-2.19319,-1.926624,0.052949,3.688785,-2.250309,clear,5.8909,1.0274,0,,,,
validation,/root/leo_ws/src/leo_pybullet/worlds/benchmark_v4_hard/validation/world_medium_double_block_seed_400016.yaml,400016,medium,6,4,10,True,6.0445,-2.011972,1.692794,-2.038813,-4.093737,-2.631351,double_block,4.7992,1.2595,2,,,,
validation,/root/leo_ws/src/leo_pybullet/worlds/benchmark_v4_hard/validation/world_hard_double_block_seed_400017.yaml,400017,hard,10,4,14,True,6.3896,-1.153398,-0.299474,2.156787,-4.096843,3.554239,double_block,4.8492,1.3177,2,,,,
validation,/root/leo_ws/src/leo_pybullet/worlds/benchmark_v4_hard/validation/world_easy_direct_block_seed_400018.yaml,400018,easy,3,4,7,True,8.8843,3.553089,-2.923731,2.450928,-2.01171,2.492588,direct_block,7.7655,1.1441,1,,,,
validation,/root/leo_ws/src/leo_pybullet/worlds/benchmark_v4_hard/validation/world_medium_clear_seed_400019.yaml,400019,medium,6,4,10,False,6.9335,1.405595,-3.314195,2.039078,-1.24263,2.518759,clear,6.406,1.0824,0,,,,
validation,/root/leo_ws/src/leo_pybullet/worlds/benchmark_v4_hard/validation/world_hard_double_block_seed_400020.yaml,400020,hard,13,4,17,True,6.2159,-3.798049,2.530268,0.146323,0.816834,3.175371,double_block,4.6598,1.334,2,,,,
validation,/root/leo_ws/src/leo_pybullet/worlds/benchmark_v4_hard/validation/world_easy_double_block_seed_400021.yaml,400021,easy,5,4,9,True,6.4502,1.65561,0.607287,-2.751976,-3.414021,-1.430735,double_block,5.4639,1.1805,2,,,,
validation,/root/leo_ws/src/leo_pybullet/worlds/benchmark_v4_hard/validation/world_medium_direct_block_seed_400022.yaml,400022,medium,6,4,10,True,5.7965,3.08808,-0.181843,2.188733,0.613641,3.933472,direct_block,4.8019,1.2071,1,,,,
validation,/root/leo_ws/src/leo_pybullet/worlds/benchmark_v4_hard/validation/world_hard_clear_seed_400023.yaml,400023,hard,14,4,18,False,4.8616,0.647482,-1.489268,2.770211,-3.343298,0.613735,clear,4.511,1.0777,0,,,,
validation,/root/leo_ws/src/leo_pybullet/worlds/benchmark_v4_hard/validation/world_easy_double_block_seed_400024.yaml,400024,easy,4,4,8,True,7.3667,-1.874848,-3.151995,0.757375,3.100332,0.827227,double_block,6.3708,1.1563,2,,,,
validation,/root/leo_ws/src/leo_pybullet/worlds/benchmark_v4_hard/validation/world_medium_double_block_seed_400025.yaml,400025,medium,6,4,10,True,10.1667,-3.81986,-3.293257,0.430946,3.432622,1.241571,double_block,8.5535,1.1886,2,,,,
validation,/root/leo_ws/src/leo_pybullet/worlds/benchmark_v4_hard/validation/world_hard_direct_block_seed_400026.yaml,400026,hard,10,4,14,True,8.1004,3.532429,1.450723,-2.367547,-0.820167,-3.746205,direct_block,6.7789,1.1949,1,,,,
validation,/root/leo_ws/src/leo_pybullet/worlds/benchmark_v4_hard/validation/world_easy_clear_seed_400027.yaml,400027,easy,3,4,7,False,7.7482,-1.908123,-2.884581,0.821996,2.903173,2.803975,clear,7.4504,1.04,0,,,,
validation,/root/leo_ws/src/leo_pybullet/worlds/benchmark_v4_hard/validation/world_medium_double_block_seed_400028.yaml,400028,medium,6,4,10,True,8.7896,-3.694963,-1.859655,-0.352981,3.589065,-4.243333,double_block,7.6641,1.1468,2,,,,
validation,/root/leo_ws/src/leo_pybullet/worlds/benchmark_v4_hard/validation/world_hard_double_block_seed_400029.yaml,400029,hard,10,4,14,True,8.3096,-2.894006,3.981225,-1.119045,-0.130517,-2.252547,double_block,6.8189,1.2186,2,,,,
validation,/root/leo_ws/src/leo_pybullet/worlds/benchmark_v4_hard/validation/world_easy_direct_block_seed_400030.yaml,400030,easy,3,4,7,True,6.1884,-3.150261,-3.270407,0.817805,-0.070801,1.038073,direct_block,5.2959,1.1685,1,,,,
validation,/root/leo_ws/src/leo_pybullet/worlds/benchmark_v4_hard/validation/world_medium_clear_seed_400031.yaml,400031,medium,9,4,13,False,6.232,-2.455605,2.482839,-1.772834,-2.966003,-3.517895,clear,6.0224,1.0348,0,,,,
validation,/root/leo_ws/src/leo_pybullet/worlds/benchmark_v4_hard/validation/world_hard_double_block_seed_400032.yaml,400032,hard,14,4,18,True,8.7404,1.364132,2.226686,-2.387078,-3.585744,-3.114081,double_block,7.2818,1.2003,2,,,,
validation,/root/leo_ws/src/leo_pybullet/worlds/benchmark_v4_hard/validation/world_easy_double_block_seed_400033.yaml,400033,easy,4,4,8,True,8.1449,1.653067,-4.094697,2.289675,-2.572194,1.775252,double_block,7.2325,1.1262,2,,,,
validation,/root/leo_ws/src/leo_pybullet/worlds/benchmark_v4_hard/validation/world_medium_direct_block_seed_400034.yaml,400034,medium,8,4,12,True,5.4878,3.354663,0.920304,2.767217,-0.861367,2.792873,direct_block,4.6132,1.1896,1,,,,
validation,/root/leo_ws/src/leo_pybullet/worlds/benchmark_v4_hard/validation/world_hard_clear_seed_400035.yaml,400035,hard,13,4,17,False,6.8251,-1.486255,2.509872,-1.56556,-2.119482,-4.05906,clear,6.5994,1.0342,0,,,,
validation,/root/leo_ws/src/leo_pybullet/worlds/benchmark_v4_hard/validation/world_easy_double_block_seed_400036.yaml,400036,easy,5,4,9,True,5.769,0.896388,-2.702178,1.565998,1.227779,1.87865,double_block,4.5928,1.2561,2,,,,
validation,/root/leo_ws/src/leo_pybullet/worlds/benchmark_v4_hard/validation/world_medium_double_block_seed_400037.yaml,400037,medium,8,4,12,True,8.0867,-3.650433,3.0426,-0.307235,3.337351,1.79372,double_block,7.0985,1.1392,2,,,,
validation,/root/leo_ws/src/leo_pybullet/worlds/benchmark_v4_hard/validation/world_hard_direct_block_seed_400038.yaml,400038,hard,12,4,16,True,6.3782,-2.475751,-0.485526,-0.293236,2.416325,-2.289784,direct_block,5.2142,1.2232,1,,,,
validation,/root/leo_ws/src/leo_pybullet/worlds/benchmark_v4_hard/validation/world_easy_clear_seed_400039.yaml,400039,easy,5,4,9,False,7.2649,-2.58555,-3.158277,1.135616,0.802699,2.69043,clear,6.7593,1.0748,0,,,,
validation,/root/leo_ws/src/leo_pybullet/worlds/benchmark_v4_hard/validation/world_medium_double_block_seed_400040.yaml,400040,medium,9,4,13,True,8.4971,1.747495,2.645141,-1.7877,-0.545063,-3.65343,double_block,6.7028,1.2677,2,,,,
validation,/root/leo_ws/src/leo_pybullet/worlds/benchmark_v4_hard/validation/world_hard_double_block_seed_400041.yaml,400041,hard,13,4,17,True,12.3106,-3.990052,-3.709569,1.16573,-2.065263,3.014673,double_block,6.9943,1.7601,2,,,,
validation,/root/leo_ws/src/leo_pybullet/worlds/benchmark_v4_hard/validation/world_easy_direct_block_seed_400042.yaml,400042,easy,4,4,8,True,6.5141,-1.52721,2.69826,-1.848375,-3.464835,-2.875929,direct_block,5.9014,1.1038,1,,,,
validation,/root/leo_ws/src/leo_pybullet/worlds/benchmark_v4_hard/validation/world_medium_clear_seed_400043.yaml,400043,medium,7,4,11,False,5.0045,3.837547,-1.039104,1.730291,2.949482,3.651185,clear,4.7736,1.0484,0,,,,
validation,/root/leo_ws/src/leo_pybullet/worlds/benchmark_v4_hard/validation/world_hard_double_block_seed_400044.yaml,400044,hard,14,4,18,True,6.5988,-3.392309,-2.665983,-0.228981,1.525077,-3.938136,double_block,5.0793,1.2992,2,,,,
validation,/root/leo_ws/src/leo_pybullet/worlds/benchmark_v4_hard/validation/world_easy_double_block_seed_400045.yaml,400045,easy,3,4,7,True,6.0696,3.389184,-0.022279,2.343602,-0.275259,3.257885,double_block,4.9181,1.2341,2,,,,
validation,/root/leo_ws/src/leo_pybullet/worlds/benchmark_v4_hard/validation/world_medium_direct_block_seed_400046.yaml,400046,medium,7,4,11,True,5.4159,-1.723751,2.637955,-0.074146,2.854733,2.367365,direct_block,4.5865,1.1808,1,,,,
validation,/root/leo_ws/src/leo_pybullet/worlds/benchmark_v4_hard/validation/world_hard_clear_seed_400047.yaml,400047,hard,13,4,17,False,4.56,-2.449717,-0.80625,1.555725,-2.430169,3.748497,clear,4.5548,1.0011,0,,,,
validation,/root/leo_ws/src/leo_pybullet/worlds/benchmark_v4_hard/validation/world_easy_double_block_seed_400048.yaml,400048,easy,3,4,7,True,5.7416,2.658626,-0.338312,-2.679522,-1.53031,-2.139469,double_block,4.5598,1.2592,2,,,,
validation,/root/leo_ws/src/leo_pybullet/worlds/benchmark_v4_hard/validation/world_medium_double_block_seed_400049.yaml,400049,medium,8,4,12,True,7.0433,4.001883,-0.742999,3.059483,-1.603204,-0.706302,double_block,5.6052,1.2566,2,,,,
validation,/root/leo_ws/src/leo_pybullet/worlds/benchmark_v4_hard/validation/world_hard_direct_block_seed_400050.yaml,400050,hard,12,4,16,True,6.0171,-0.701294,-2.929189,0.326976,3.862533,-0.730843,direct_block,5.0657,1.1878,1,,,,
validation,/root/leo_ws/src/leo_pybullet/worlds/benchmark_v4_hard/validation/world_easy_clear_seed_400051.yaml,400051,easy,5,4,9,False,5.1872,-0.014713,-2.615529,0.650223,4.137537,-0.145291,clear,4.8315,1.0736,0,,,,
validation,/root/leo_ws/src/leo_pybullet/worlds/benchmark_v4_hard/validation/world_medium_double_block_seed_400052.yaml,400052,medium,7,4,11,True,6.9496,-2.37539,-3.069687,0.319454,3.444352,-1.561966,double_block,6.0119,1.156,2,,,,
validation,/root/leo_ws/src/leo_pybullet/worlds/benchmark_v4_hard/validation/world_hard_double_block_seed_400053.yaml,400053,hard,14,4,18,True,8.8251,4.065888,1.5891,2.849519,-2.102835,3.490091,double_block,6.455,1.3672,2,,,,
validation,/root/leo_ws/src/leo_pybullet/worlds/benchmark_v4_hard/validation/world_easy_direct_block_seed_400054.yaml,400054,easy,3,4,7,True,5.3416,-3.429041,-1.536541,-0.199404,1.116358,-2.715788,direct_block,4.6959,1.1375,1,,,,
validation,/root/leo_ws/src/leo_pybullet/worlds/benchmark_v4_hard/validation/world_medium_clear_seed_400055.yaml,400055,medium,9,4,13,False,5.2057,-2.152672,2.649095,-1.518576,-1.745319,-2.396945,clear,5.0625,1.0283,0,,,,
validation,/root/leo_ws/src/leo_pybullet/worlds/benchmark_v4_hard/validation/world_hard_double_block_seed_400056.yaml,400056,hard,13,4,17,True,6.5302,0.315585,0.498812,-2.291988,-3.302817,-3.18745,double_block,5.1654,1.2642,2,,,,
validation,/root/leo_ws/src/leo_pybullet/worlds/benchmark_v4_hard/validation/world_easy_double_block_seed_400057.yaml,400057,easy,4,4,8,True,7.2867,2.355269,-3.559939,2.541851,-2.475814,0.488727,double_block,6.3033,1.156,2,,,,
validation,/root/leo_ws/src/leo_pybullet/worlds/benchmark_v4_hard/validation/world_medium_direct_block_seed_400058.yaml,400058,medium,8,4,12,True,5.9153,1.581153,0.662891,2.650267,-2.358388,3.469433,direct_block,4.837,1.2229,1,,,,
validation,/root/leo_ws/src/leo_pybullet/worlds/benchmark_v4_hard/validation/world_hard_clear_seed_400059.yaml,400059,hard,10,4,14,False,6.3725,1.971862,2.334952,-1.44985,2.314829,-3.848695,clear,6.1932,1.029,0,,,,
validation,/root/leo_ws/src/leo_pybullet/worlds/benchmark_v4_hard/validation/world_easy_double_block_seed_400060.yaml,400060,easy,5,4,9,True,6.7233,-3.816446,3.901607,-1.210858,-1.278418,-1.058939,double_block,5.5721,1.2066,2,,,,
validation,/root/leo_ws/src/leo_pybullet/worlds/benchmark_v4_hard/validation/world_medium_double_block_seed_400061.yaml,400061,medium,7,4,11,True,7.9427,-3.486845,2.734553,-1.128548,-0.427543,-3.045287,double_block,6.5396,1.2146,2,,,,
validation,/root/leo_ws/src/leo_pybullet/worlds/benchmark_v4_hard/validation/world_hard_direct_block_seed_400062.yaml,400062,hard,10,4,14,True,5.5153,-1.073194,0.313465,-0.143432,3.662684,0.132468,direct_block,4.7393,1.1637,1,,,,
validation,/root/leo_ws/src/leo_pybullet/worlds/benchmark_v4_hard/validation/world_easy_clear_seed_400063.yaml,400063,easy,4,4,8,False,6.9369,1.799256,-1.13756,2.383619,-3.497966,2.836417,clear,6.6222,1.0475,0,,,,
validation,/root/leo_ws/src/leo_pybullet/worlds/benchmark_v4_hard/validation/world_medium_double_block_seed_400064.yaml,400064,medium,8,4,12,True,7.9541,3.411172,0.454761,3.123401,-3.585879,1.095464,double_block,7.0263,1.132,2,,,,
validation,/root/leo_ws/src/leo_pybullet/worlds/benchmark_v4_hard/validation/world_hard_double_block_seed_400065.yaml,400065,hard,13,4,17,True,8.6216,-1.684841,2.437916,-1.150097,0.058965,-3.227991,double_block,5.9282,1.4543,2,,,,
validation,/root/leo_ws/src/leo_pybullet/worlds/benchmark_v4_hard/validation/world_easy_direct_block_seed_400066.yaml,400066,easy,5,4,9,True,6.0696,-0.536169,1.039205,-0.813822,2.551676,-2.907295,direct_block,5.011,1.2113,1,,,,
validation,/root/leo_ws/src/leo_pybullet/worlds/benchmark_v4_hard/validation/world_medium_clear_seed_400067.yaml,400067,medium,9,4,13,False,5.7302,3.035252,0.341217,-3.023401,-2.210089,-0.907397,clear,5.3919,1.0627,0,,,,
validation,/root/leo_ws/src/leo_pybullet/worlds/benchmark_v4_hard/validation/world_hard_double_block_seed_400068.yaml,400068,hard,13,4,17,True,7.7827,0.173491,-1.542408,2.197265,-3.066586,1.949501,double_block,4.7636,1.6338,2,,,,
validation,/root/leo_ws/src/leo_pybullet/worlds/benchmark_v4_hard/validation/world_easy_double_block_seed_400069.yaml,400069,easy,4,4,8,True,5.9508,-0.452378,3.946388,-0.895182,2.000997,-0.11842,double_block,4.7478,1.2534,2,,,,
validation,/root/leo_ws/src/leo_pybullet/worlds/benchmark_v4_hard/validation/world_medium_direct_block_seed_400070.yaml,400070,medium,7,4,11,True,6.1027,-1.384733,-2.147299,0.139272,3.641393,-2.040793,direct_block,5.0273,1.2139,1,,,,
validation,/root/leo_ws/src/leo_pybullet/worlds/benchmark_v4_hard/validation/world_hard_clear_seed_400071.yaml,400071,hard,14,4,18,False,4.8914,-1.570474,1.731848,-0.068087,2.963682,0.956362,clear,4.6,1.0633,0,,,,
validation,/root/leo_ws/src/leo_pybullet/worlds/benchmark_v4_hard/validation/world_easy_double_block_seed_400072.yaml,400072,easy,3,4,7,True,9.0741,4.157417,3.444783,-3.042577,-3.973418,2.492806,double_block,8.1864,1.1084,2,,,,
validation,/root/leo_ws/src/leo_pybullet/worlds/benchmark_v4_hard/validation/world_medium_double_block_seed_400073.yaml,400073,medium,8,4,12,True,6.089,-0.706311,-1.22178,2.294589,-3.548005,2.392251,double_block,4.5974,1.3244,2,,,,
validation,/root/leo_ws/src/leo_pybullet/worlds/benchmark_v4_hard/validation/world_hard_direct_block_seed_400074.yaml,400074,hard,12,4,16,True,6.249,3.356735,-3.22927,1.893794,1.209089,1.650868,direct_block,5.3318,1.172,1,,,,
validation,/root/leo_ws/src/leo_pybullet/worlds/benchmark_v4_hard/validation/world_easy_clear_seed_400075.yaml,400075,easy,5,4,9,False,5.9451,4.156669,2.386439,3.036736,-1.575476,3.027089,clear,5.7678,1.0307,0,,,,
validation,/root/leo_ws/src/leo_pybullet/worlds/benchmark_v4_hard/validation/world_medium_double_block_seed_400076.yaml,400076,medium,8,4,12,True,6.0422,2.603594,-1.665452,1.648808,1.574701,3.021209,double_block,4.7983,1.2592,2,,,,
validation,/root/leo_ws/src/leo_pybullet/worlds/benchmark_v4_hard/validation/world_hard_double_block_seed_400077.yaml,400077,hard,13,4,17,True,7.1039,-4.061689,1.229676,-0.822256,-0.426088,-2.751847,double_block,5.3917,1.3176,2,,,,
validation,/root/leo_ws/src/leo_pybullet/worlds/benchmark_v4_hard/validation/world_easy_direct_block_seed_400078.yaml,400078,easy,5,4,9,True,8.3129,4.179104,-3.865409,2.233992,-0.06215,1.914264,direct_block,7.1689,1.1596,1,,,,
validation,/root/leo_ws/src/leo_pybullet/worlds/benchmark_v4_hard/validation/world_medium_clear_seed_400079.yaml,400079,medium,9,4,13,False,9.4192,3.939239,-1.007466,-2.660252,-4.166854,-4.024566,clear,8.6494,1.089,0,,,,
validation,/root/leo_ws/src/leo_pybullet/worlds/benchmark_v4_hard/validation/world_hard_double_block_seed_400080.yaml,400080,hard,12,4,16,True,6.5278,1.994639,1.580219,-1.796908,1.150376,-3.270048,double_block,4.9232,1.3259,2,,,,
validation,/root/leo_ws/src/leo_pybullet/worlds/benchmark_v4_hard/validation/world_easy_double_block_seed_400081.yaml,400081,easy,5,4,9,True,6.249,-3.674114,1.678284,-0.12459,1.294306,0.58105,double_block,5.0881,1.2282,2,,,,
validation,/root/leo_ws/src/leo_pybullet/worlds/benchmark_v4_hard/validation/world_medium_direct_block_seed_400082.yaml,400082,medium,8,4,12,True,5.841,3.251738,1.854959,-1.792903,1.843271,-2.84738,direct_block,4.9087,1.1899,1,,,,
validation,/root/leo_ws/src/leo_pybullet/worlds/benchmark_v4_hard/validation/world_hard_clear_seed_400083.yaml,400083,hard,13,4,17,False,5.0078,0.842463,-1.128791,-2.754636,-3.267592,-3.380596,clear,4.6865,1.0686,0,,,,
validation,/root/leo_ws/src/leo_pybullet/worlds/benchmark_v4_hard/validation/world_easy_double_block_seed_400084.yaml,400084,easy,5,4,9,True,6.0171,1.136237,-3.845483,2.336026,-2.587207,-0.889339,double_block,4.7542,1.2656,2,,,,
validation,/root/leo_ws/src/leo_pybullet/worlds/benchmark_v4_hard/validation/world_medium_double_block_seed_400085.yaml,400085,medium,9,4,13,True,7.2753,-2.897301,2.145091,-1.763716,-3.716321,-4.215829,double_block,6.4134,1.1344,2,,,,
validation,/root/leo_ws/src/leo_pybullet/worlds/benchmark_v4_hard/validation/world_hard_direct_block_seed_400086.yaml,400086,hard,14,4,18,True,9.0376,1.061227,3.409725,-2.214893,-2.543958,-2.611209,direct_block,7.0178,1.2878,1,,,,
validation,/root/leo_ws/src/leo_pybullet/worlds/benchmark_v4_hard/validation/world_easy_clear_seed_400087.yaml,400087,easy,5,4,9,False,4.7531,-2.363826,0.477334,0.066497,2.358105,0.345423,clear,4.7238,1.0062,0,,,,
validation,/root/leo_ws/src/leo_pybullet/worlds/benchmark_v4_hard/validation/world_medium_double_block_seed_400088.yaml,400088,medium,6,4,10,True,9.5735,-1.791394,3.915025,-1.254972,0.610598,-4.178832,double_block,8.4428,1.1339,2,,,,
validation,/root/leo_ws/src/leo_pybullet/worlds/benchmark_v4_hard/validation/world_hard_double_block_seed_400089.yaml,400089,hard,10,4,14,True,6.7816,-4.206322,2.816364,-1.024584,-0.783469,-1.378226,double_block,5.4139,1.2526,2,,,,
validation,/root/leo_ws/src/leo_pybullet/worlds/benchmark_v2/validation/world_easy_seed_100000.yaml,100000,easy,2,4,6,False,6.6902,-4.197941,-0.853319,1.810828,1.96545,0.416159,,,,,v2,validation,0,validation
validation,/root/leo_ws/src/leo_pybullet/worlds/benchmark_v3_curriculum/validation/world_easy_direct_block_seed_100000.yaml,100000,easy,1,4,5,True,6.7096,-0.119974,-4.101436,1.69712,-0.833702,1.920267,direct_block,6.0639,1.1065,,v3,validation,0,validation
validation,/root/leo_ws/src/leo_pybullet/worlds/benchmark_v2/validation/world_medium_seed_100001.yaml,100001,medium,7,4,11,True,4.6159,1.309907,-0.652972,0.940525,2.267243,2.964634,,,,,v2,validation,0,validation
validation,/root/leo_ws/src/leo_pybullet/worlds/benchmark_v3_curriculum/validation/world_medium_direct_block_seed_100001.yaml,100001,medium,3,4,7,True,8.3518,0.508824,-4.240619,2.097372,-3.130002,2.390123,direct_block,7.5636,1.1042,,v3,validation,0,validation
validation,/root/leo_ws/src/leo_pybullet/worlds/benchmark_v2/validation/world_hard_seed_100002.yaml,100002,hard,11,4,15,True,6.7153,2.004424,0.889956,2.53569,-3.886069,-1.004105,,,,,v2,validation,0,validation
validation,/root/leo_ws/src/leo_pybullet/worlds/benchmark_v3_curriculum/validation/world_hard_direct_block_seed_100002.yaml,100002,hard,5,4,9,True,7.4216,-2.077973,1.958345,-1.117619,0.869497,-3.796734,direct_block,6.466,1.1478,,v3,validation,0,validation
validation,/root/leo_ws/src/leo_pybullet/worlds/benchmark_v2/validation/world_easy_seed_100003.yaml,100003,easy,3,4,7,True,7.5782,-2.803932,4.019058,2.882093,3.945691,2.844376,,,,,v2,validation,0,validation
validation,/root/leo_ws/src/leo_pybullet/worlds/benchmark_v3_curriculum/validation/world_easy_clear_seed_100003.yaml,100003,easy,2,4,6,False,8.2822,-3.604952,-1.474937,-0.277781,3.912183,-3.317748,clear,7.7397,1.0701,,v3,validation,0,validation
validation,/root/leo_ws/src/leo_pybullet/worlds/benchmark_v2/validation/world_medium_seed_100004.yaml,100004,medium,5,4,9,True,4.889,-4.345691,0.561122,-1.272186,-2.461337,-3.361025,,,,,v2,validation,0,validation
validation,/root/leo_ws/src/leo_pybullet/worlds/benchmark_v3_curriculum/validation/world_medium_direct_block_seed_100004.yaml,100004,medium,2,4,6,True,5.369,-3.28376,-1.721035,0.253056,1.315216,-0.914147,direct_block,4.6692,1.1499,,v3,validation,0,validation
validation,/root/leo_ws/src/leo_pybullet/worlds/benchmark_v2/validation/world_hard_seed_100005.yaml,100005,hard,10,4,14,False,4.7565,2.00362,-3.764588,-2.925877,-2.10425,-2.333424,,,,,v2,validation,0,validation
validation,/root/leo_ws/src/leo_pybullet/worlds/benchmark_v3_curriculum/validation/world_hard_direct_block_seed_100005.yaml,100005,hard,6,4,10,True,6.0284,-3.017779,-0.738032,0.068349,2.197188,-0.804781,direct_block,5.2154,1.1559,,v3,validation,0,validation
validation,/root/leo_ws/src/leo_pybullet/worlds/benchmark_v2/validation/world_easy_seed_100006.yaml,100006,easy,4,4,8,True,8.0753,-3.265015,2.494762,-2.816289,4.07077,4.099589,,,,,v2,validation,0,validation
validation,/root/leo_ws/src/leo_pybullet/worlds/benchmark_v3_curriculum/validation/world_easy_direct_block_seed_100006.yaml,100006,easy,1,4,5,True,5.5096,-0.144178,-3.732838,1.788735,-1.498186,1.134496,direct_block,5.0522,1.0905,,v3,validation,0,validation
validation,/root/leo_ws/src/leo_pybullet/worlds/benchmark_v2/validation/world_medium_seed_100007.yaml,100007,medium,5,4,9,False,8.4408,2.880908,-1.746301,-2.739247,-3.417264,3.408764,,,,,v2,validation,0,validation
validation,/root/leo_ws/src/leo_pybullet/worlds/benchmark_v3_curriculum/validation/world_medium_clear_seed_100007.yaml,100007,medium,2,4,6,False,6.6557,3.330401,-3.705699,2.368919,-1.145482,1.062016,clear,6.5395,1.0178,,v3,validation,0,validation
validation,/root/leo_ws/src/leo_pybullet/worlds/benchmark_v2/validation/world_hard_seed_100008.yaml,100008,hard,12,4,16,True,7.5404,0.193905,4.07538,-2.999461,2.731036,-2.419809,,,,,v2,validation,0,validation
validation,/root/leo_ws/src/leo_pybullet/worlds/benchmark_v3_curriculum/validation/world_hard_direct_block_seed_100008.yaml,100008,hard,6,4,10,True,8.8616,-2.364181,-4.057722,1.258081,0.327281,3.328687,direct_block,7.8615,1.1272,,v3,validation,0,validation
validation,/root/leo_ws/src/leo_pybullet/worlds/benchmark_v2/validation/world_easy_seed_100009.yaml,100009,easy,4,4,8,False,7.8192,3.761677,-3.694677,-0.197476,0.787474,2.845911,,,,,v2,validation,0,validation
validation,/root/leo_ws/src/leo_pybullet/worlds/benchmark_v3_curriculum/validation/world_easy_direct_block_seed_100009.yaml,100009,easy,1,4,5,True,5.0022,-3.824825,-0.984886,-0.166554,0.415116,-1.594534,direct_block,4.2835,1.1678,,v3,validation,0,validation
validation,/root/leo_ws/src/leo_pybullet/worlds/benchmark_v2/validation/world_medium_seed_100010.yaml,100010,medium,8,4,12,True,6.5496,2.911004,3.556096,0.319094,1.848698,-2.345037,,,,,v2,validation,0,validation
validation,/root/leo_ws/src/leo_pybullet/worlds/benchmark_v3_curriculum/validation/world_medium_direct_block_seed_100010.yaml,100010,medium,4,4,8,True,6.881,0.999509,-0.357663,2.413402,-3.188205,3.730232,direct_block,5.8522,1.1758,,v3,validation,0,validation
validation,/root/leo_ws/src/leo_pybullet/worlds/benchmark_v2/validation/world_hard_seed_100011.yaml,100011,hard,10,4,14,True,4.6959,-1.752758,3.02865,0.488675,-0.962285,-0.997174,,,,,v2,validation,0,validation
validation,/root/leo_ws/src/leo_pybullet/worlds/benchmark_v3_curriculum/validation/world_hard_clear_seed_100011.yaml,100011,hard,5,4,9,False,6.649,-3.256961,0.160572,0.367354,2.646782,1.992396,clear,6.1814,1.0756,,v3,validation,0,validation
validation,/root/leo_ws/src/leo_pybullet/worlds/benchmark_v2/validation/world_easy_seed_100012.yaml,100012,easy,2,4,6,False,8.7598,3.914625,-2.45336,-0.389394,-3.736951,0.35182,,,,,v2,validation,0,validation
validation,/root/leo_ws/src/leo_pybullet/worlds/benchmark_v3_curriculum/validation/world_easy_direct_block_seed_100012.yaml,100012,easy,1,4,5,True,8.5667,0.378008,3.824634,-1.919173,-2.396961,-3.651044,direct_block,7.9741,1.0743,,v3,validation,0,validation
validation,/root/leo_ws/src/leo_pybullet/worlds/benchmark_v2/validation/world_medium_seed_100013.yaml,100013,medium,6,4,10,True,7.5323,-2.199194,2.398599,-2.472495,2.14959,-2.648637,,,,,v2,validation,0,validation
validation,/root/leo_ws/src/leo_pybullet/worlds/benchmark_v3_curriculum/validation/world_medium_direct_block_seed_100013.yaml,100013,medium,2,4,6,True,5.929,-0.358405,-2.148637,0.951255,2.343459,2.100174,direct_block,5.0351,1.1775,,v3,validation,0,validation
validation,/root/leo_ws/src/leo_pybullet/worlds/benchmark_v2/validation/world_hard_seed_100014.yaml,100014,hard,9,4,13,True,7.129,-4.227872,-2.225378,-0.399027,2.226529,-0.403495,,,,,v2,validation,0,validation
validation,/root/leo_ws/src/leo_pybullet/worlds/benchmark_v3_curriculum/validation/world_hard_direct_block_seed_100014.yaml,100014,hard,4,4,8,True,6.4833,2.185228,2.178624,2.78809,-3.228844,4.029979,direct_block,5.7219,1.1331,,v3,validation,0,validation
validation,/root/leo_ws/src/leo_pybullet/worlds/benchmark_v2/validation/world_easy_seed_100015.yaml,100015,easy,3,4,7,False,9.2455,0.618647,-3.87574,2.829185,3.827627,4.046072,,,,,v2,validation,0,validation
validation,/root/leo_ws/src/leo_pybullet/worlds/benchmark_v3_curriculum/validation/world_easy_clear_seed_100015.yaml,100015,easy,2,4,6,False,7.0523,1.978778,0.604425,2.724695,-3.786642,3.739636,clear,6.5627,1.0746,,v3,validation,0,validation
validation,/root/leo_ws/src/leo_pybullet/worlds/benchmark_v2/validation/world_medium_seed_100016.yaml,100016,medium,7,4,11,True,6.5998,2.971605,3.603702,0.154999,-1.312583,-0.31016,,,,,v2,validation,0,validation
validation,/root/leo_ws/src/leo_pybullet/worlds/benchmark_v3_curriculum/validation/world_medium_direct_block_seed_100016.yaml,100016,medium,4,4,8,True,7.1735,3.143857,-0.704114,2.461387,-1.596449,3.292586,direct_block,6.2003,1.157,,v3,validation,0,validation
validation,/root/leo_ws/src/leo_pybullet/worlds/benchmark_v2/validation/world_hard_seed_100017.yaml,100017,hard,9,4,13,True,7.7804,0.375465,-3.6001,-0.982706,3.325643,2.643716,,,,,v2,validation,0,validation
validation,/root/leo_ws/src/leo_pybullet/worlds/benchmark_v3_curriculum/validation/world_hard_direct_block_seed_100017.yaml,100017,hard,4,4,8,True,7.7771,2.582941,-1.329421,-2.879605,-3.707344,-3.500375,direct_block,6.6544,1.1687,,v3,validation,0,validation
validation,/root/leo_ws/src/leo_pybullet/worlds/benchmark_v2/validation/world_easy_seed_100018.yaml,100018,easy,4,4,8,False,3.36,3.095462,-1.288253,-3.120816,3.098811,2.017544,,,,,v2,validation,0,validation
validation,/root/leo_ws/src/leo_pybullet/worlds/benchmark_v3_curriculum/validation/world_easy_direct_block_seed_100018.yaml,100018,easy,1,4,5,True,8.5255,-1.258638,3.027574,-1.197099,1.971164,-4.221892,direct_block,7.9364,1.0742,,v3,validation,0,validation
validation,/root/leo_ws/src/leo_pybullet/worlds/benchmark_v2/validation/world_medium_seed_100019.yaml,100019,medium,5,4,9,False,6.7872,1.54287,1.73225,-0.49897,-4.186832,4.206414,,,,,v2,validation,0,validation
validation,/root/leo_ws/src/leo_pybullet/worlds/benchmark_v3_curriculum/validation/world_medium_clear_seed_100019.yaml,100019,medium,2,4,6,False,6.3953,-0.190647,1.507402,-1.161916,1.692428,-4.090583,clear,5.9062,1.0828,,v3,validation,0,validation
validation,/root/leo_ws/src/leo_pybullet/worlds/benchmark_v2/validation/world_hard_seed_100020.yaml,100020,hard,8,4,12,False,3.7084,-1.226528,-2.109444,-1.859006,-4.082903,-0.109108,,,,,v2,validation,0,validation
validation,/root/leo_ws/src/leo_pybullet/worlds/benchmark_v3_curriculum/validation/world_hard_direct_block_seed_100020.yaml,100020,hard,4,4,8,True,5.0627,-0.313916,-1.789983,2.865591,-4.140425,-0.563604,direct_block,4.0182,1.2599,,v3,validation,0,validation
validation,/root/leo_ws/src/leo_pybullet/worlds/benchmark_v2/validation/world_easy_seed_100021.yaml,100021,easy,2,4,6,False,8.9965,-2.559771,4.335172,-1.880518,-3.933909,-4.014919,,,,,v2,validation,0,validation
validation,/root/leo_ws/src/leo_pybullet/worlds/benchmark_v3_curriculum/validation/world_easy_direct_block_seed_100021.yaml,100021,easy,1,4,5,True,4.9965,-3.922622,-2.543996,0.157654,0.347194,-1.776756,direct_block,4.3382,1.1517,,v3,validation,0,validation
validation,/root/leo_ws/src/leo_pybullet/worlds/benchmark_v2/validation/world_medium_seed_100022.yaml,100022,medium,8,4,12,True,7.3108,3.899673,0.522799,1.854241,-3.02842,0.088049,,,,,v2,validation,0,validation
validation,/root/leo_ws/src/leo_pybullet/worlds/benchmark_v3_curriculum/validation/world_medium_direct_block_seed_100022.yaml,100022,medium,4,4,8,True,5.4959,3.463329,-0.909657,-2.683371,-0.974281,-2.744154,direct_block,4.8018,1.1445,,v3,validation,0,validation
validation,/root/leo_ws/src/leo_pybullet/worlds/benchmark_v2/validation/world_hard_seed_100023.yaml,100023,hard,8,4,12,True,4.4914,3.994439,-3.117922,-1.667128,2.133125,0.025961,,,,,v2,validation,0,validation
validation,/root/leo_ws/src/leo_pybullet/worlds/benchmark_v3_curriculum/validation/world_hard_clear_seed_100023.yaml,100023,hard,4,4,8,False,6.7863,-2.20048,2.524642,-1.631376,-2.053466,-4.178732,clear,6.705,1.0121,,v3,validation,0,validation
validation,/root/leo_ws/src/leo_pybullet/worlds/benchmark_v2/validation/world_easy_seed_100024.yaml,100024,easy,4,4,8,True,4.5302,0.809114,-2.21477,0.245582,-1.382887,0.842752,,,,,v2,validation,0,validation
validation,/root/leo_ws/src/leo_pybullet/worlds/benchmark_v3_curriculum/validation/world_easy_direct_block_seed_100024.yaml,100024,easy,1,4,5,True,5.0296,-0.095335,1.67565,0.019259,4.183723,1.829832,direct_block,4.2818,1.1746,,v3,validation,0,validation
validation,/root/leo_ws/src/leo_pybullet/worlds/benchmark_v2/validation/world_medium_seed_100025.yaml,100025,medium,7,4,11,False,4.0284,-1.817791,-0.676287,1.822431,-3.776873,-3.88458,,,,,v2,validation,0,validation
validation,/root/leo_ws/src/leo_pybullet/worlds/benchmark_v3_curriculum/validation/world_medium_direct_block_seed_100025.yaml,100025,medium,3,4,7,True,7.5622,-4.093323,-1.683525,0.207827,2.704401,-0.331286,direct_block,6.9309,1.0911,,v3,validation,0,validation
validation,/root/leo_ws/src/leo_pybullet/worlds/benchmark_v2/validation/world_hard_seed_100026.yaml,100026,hard,12,4,16,False,5.3131,-1.573139,-1.115089,0.481682,3.709909,-0.99866,,,,,v2,validation,0,validation
validation,/root/leo_ws/src/leo_pybullet/worlds/benchmark_v3_curriculum/validation/world_hard_direct_block_seed_100026.yaml,100026,hard,6,4,10,True,8.5586,4.167487,-1.536975,2.345311,-1.089455,3.624624,direct_block,7.3673,1.1617,,v3,validation,0,validation
validation,/root/leo_ws/src/leo_pybullet/worlds/benchmark_v2/validation/world_easy_seed_100027.yaml,100027,easy,4,4,8,False,4.7016,-4.186279,-0.077906,2.120597,-2.114337,-3.849542,,,,,v2,validation,0,validation
validation,/root/leo_ws/src/leo_pybullet/worlds/benchmark_v3_curriculum/validation/world_easy_clear_seed_100027.yaml,100027,easy,1,4,5,False,4.88,-2.788548,0.100006,-0.064589,2.115703,0.15621,clear,4.9046,0.995,,v3,validation,0,validation
validation,/root/leo_ws/src/leo_pybullet/worlds/benchmark_v2/validation/world_medium_seed_100028.yaml,100028,medium,8,4,12,True,3.8433,2.018511,-0.257311,-1.906896,2.782379,2.817548,,,,,v2,validation,0,validation
validation,/root/leo_ws/src/leo_pybullet/worlds/benchmark_v3_curriculum/validation/world_medium_direct_block_seed_100028.yaml,100028,medium,3,4,7,True,7.8467,2.752776,-2.579681,2.113704,-0.927168,3.123288,direct_block,6.7872,1.1561,,v3,validation,0,validation
validation,/root/leo_ws/src/leo_pybullet/worlds/benchmark_v2/validation/world_hard_seed_100029.yaml,100029,hard,9,4,13,True,3.8182,-1.897021,-0.59325,-1.912459,-0.288358,2.054487,,,,,v2,validation,0,validation
validation,/root/leo_ws/src/leo_pybullet/worlds/benchmark_v3_curriculum/validation/world_hard_direct_block_seed_100029.yaml,100029,hard,4,4,8,True,8.9312,2.007258,-2.587207,2.404495,-3.703998,2.698718,direct_block,7.782,1.1477,,v3,validation,0,validation
validation,/root/leo_ws/src/leo_pybullet/worlds/benchmark_v2/validation/world_easy_seed_100030.yaml,100030,easy,2,4,6,False,5.2398,-1.035729,-1.921924,-2.750925,3.096345,0.821339,,,,,v2,validation,0,validation
validation,/root/leo_ws/src/leo_pybullet/worlds/benchmark_v3_curriculum/validation/world_easy_direct_block_seed_100030.yaml,100030,easy,1,4,5,True,4.6296,-1.923556,-1.011919,1.575926,-1.877742,3.025165,direct_block,4.0373,1.1467,,v3,validation,0,validation
validation,/root/leo_ws/src/leo_pybullet/worlds/benchmark_v2/validation/world_medium_seed_100031.yaml,100031,medium,7,4,11,True,8.2547,-4.284209,2.315981,2.699161,2.881468,2.863652,,,,,v2,validation,0,validation
validation,/root/leo_ws/src/leo_pybullet/worlds/benchmark_v3_curriculum/validation/world_medium_clear_seed_100031.yaml,100031,medium,3,4,7,False,7.4376,1.285398,-4.185722,1.48954,2.26274,2.815228,clear,7.0688,1.0522,,v3,validation,0,validation
validation,/root/leo_ws/src/leo_pybullet/worlds/benchmark_v2/validation/world_hard_seed_100032.yaml,100032,hard,9,4,13,False,4.8776,-3.287,-1.494404,-0.398081,-4.269011,3.011124,,,,,v2,validation,0,validation
validation,/root/leo_ws/src/leo_pybullet/worlds/benchmark_v3_curriculum/validation/world_hard_direct_block_seed_100032.yaml,100032,hard,4,4,8,True,5.9953,3.695405,-3.211437,-2.89719,-1.46005,-4.170873,direct_block,5.244,1.1433,,v3,validation,0,validation
validation,/root/leo_ws/src/leo_pybullet/worlds/benchmark_v2/validation/world_easy_seed_100033.yaml,100033,easy,4,4,8,True,7.8169,4.246837,2.154437,-2.114902,0.271907,-4.077837,,,,,v2,validation,0,validation
validation,/root/leo_ws/src/leo_pybullet/worlds/benchmark_v3_curriculum/validation/world_easy_direct_block_seed_100033.yaml,100033,easy,1,4,5,True,4.7153,-1.934021,3.812412,-1.284907,-0.615963,0.082107,direct_block,3.9563,1.1918,,v3,validation,0,validation
validation,/root/leo_ws/src/leo_pybullet/worlds/benchmark_v2/validation/world_medium_seed_100034.yaml,100034,medium,8,4,12,True,8.1506,-1.654499,-1.747727,2.538409,3.812413,3.201739,,,,,v2,validation,0,validation
validation,/root/leo_ws/src/leo_pybullet/worlds/benchmark_v3_curriculum/validation/world_medium_direct_block_seed_100034.yaml,100034,medium,3,4,7,True,6.1496,-1.122264,-1.616464,1.74417,-1.707549,3.724771,direct_block,5.3732,1.1445,,v3,validation,0,validation
validation,/root/leo_ws/src/leo_pybullet/worlds/benchmark_v2/validation/world_hard_seed_100035.yaml,100035,hard,11,4,15,True,9.2559,-4.134918,-3.526865,2.779488,4.329267,-3.241669,,,,,v2,validation,0,validation
validation,/root/leo_ws/src/leo_pybullet/worlds/benchmark_v3_curriculum/validation/world_hard_clear_seed_100035.yaml,100035,hard,6,4,10,False,8.321,-3.2469,0.066632,0.319107,4.116508,2.359689,clear,7.7122,1.0789,,v3,validation,0,validation
validation,/root/leo_ws/src/leo_pybullet/worlds/benchmark_v2/validation/world_easy_seed_100036.yaml,100036,easy,3,4,7,True,5.6478,-3.935303,2.369943,-1.517899,0.767793,0.120149,,,,,v2,validation,0,validation
validation,/root/leo_ws/src/leo_pybullet/worlds/benchmark_v3_curriculum/validation/world_easy_direct_block_seed_100036.yaml,100036,easy,2,4,6,True,5.2033,1.234668,1.5888,-2.910172,-3.337606,0.447893,direct_block,4.7125,1.1042,,v3,validation,0,validation
validation,/root/leo_ws/src/leo_pybullet/worlds/benchmark_v2/validation/world_medium_seed_100037.yaml,100037,medium,7,4,11,False,4.7063,-0.620565,-2.721336,-2.914326,4.036544,-2.581094,,,,,v2,validation,0,validation
validation,/root/leo_ws/src/leo_pybullet/worlds/benchmark_v3_curriculum/validation/world_medium_direct_block_seed_100037.yaml,100037,medium,3,4,7,True,8.4649,-2.521758,-3.94255,0.984712,2.021538,1.993979,direct_block,7.4756,1.1323,,v3,validation,0,validation
validation,/root/leo_ws/src/leo_pybullet/worlds/benchmark_v2/validation/world_hard_seed_100038.yaml,100038,hard,10,4,14,True,8.5302,-4.26393,-0.479447,2.465931,3.701506,-1.699328,,,,,v2,validation,0,validation
validation,/root/leo_ws/src/leo_pybullet/worlds/benchmark_v3_curriculum/validation/world_hard_direct_block_seed_100038.yaml,100038,hard,5,4,9,True,5.5176,-1.660263,3.335953,-1.424288,-1.027855,-0.980032,direct_block,4.3621,1.2649,,v3,validation,0,validation
validation,/root/leo_ws/src/leo_pybullet/worlds/benchmark_v2/validation/world_easy_seed_100039.yaml,100039,easy,3,4,7,True,4.4776,3.764532,2.901658,-1.203828,3.352949,-1.153416,,,,,v2,validation,0,validation
validation,/root/leo_ws/src/leo_pybullet/worlds/benchmark_v3_curriculum/validation/world_easy_clear_seed_100039.yaml,100039,easy,2,4,6,False,4.8445,-3.147525,-3.215711,0.258323,1.331982,-2.388676,clear,4.5552,1.0635,,v3,validation,0,validation
validation,/root/leo_ws/src/leo_pybullet/worlds/benchmark_v2/validation/world_medium_seed_100040.yaml,100040,medium,6,4,10,True,8.4455,2.675849,4.309363,1.833101,-0.491805,-2.811579,,,,,v2,validation,0,validation
validation,/root/leo_ws/src/leo_pybullet/worlds/benchmark_v3_curriculum/validation/world_medium_direct_block_seed_100040.yaml,100040,medium,4,4,8,True,7.2729,-2.245083,-1.360915,0.436423,3.791878,1.481216,direct_block,6.6725,1.09,,v3,validation,0,validation
validation,/root/leo_ws/src/leo_pybullet/worlds/benchmark_v2/validation/world_hard_seed_100041.yaml,100041,hard,9,4,13,True,6.9965,2.335713,-2.369151,0.892148,4.210663,3.653608,,,,,v2,validation,0,validation
validation,/root/leo_ws/src/leo_pybullet/worlds/benchmark_v3_curriculum/validation/world_hard_direct_block_seed_100041.yaml,100041,hard,4,4,8,True,8.818,-2.972591,-1.546856,0.805298,2.500455,3.762393,direct_block,7.6251,1.1564,,v3,validation,0,validation
validation,/root/leo_ws/src/leo_pybullet/worlds/benchmark_v2/validation/world_easy_seed_100042.yaml,100042,easy,2,4,6,True,6.5004,-1.949466,-1.464393,2.373963,3.451534,1.072795,,,,,v2,validation,0,validation
validation,/root/leo_ws/src/leo_pybullet/worlds/benchmark_v3_curriculum/validation/world_easy_direct_block_seed_100042.yaml,100042,easy,1,4,5,True,5.9096,-2.122512,-1.90465,1.461963,-1.430729,3.372189,direct_block,5.322,1.1104,,v3,validation,0,validation
validation,/root/leo_ws/src/leo_pybullet/worlds/benchmark_v2/validation/world_medium_seed_100043.yaml,100043,medium,8,4,12,True,8.8535,-4.324194,2.847211,2.121556,3.435615,0.712565,,,,,v2,validation,0,validation
validation,/root/leo_ws/src/leo_pybullet/worlds/benchmark_v3_curriculum/validation/world_medium_clear_seed_100043.yaml,100043,medium,4,4,8,False,5.4594,-2.661787,3.817263,-1.575853,-2.956505,-1.535145,clear,5.3605,1.0184,,v3,validation,0,validation
validation,/root/leo_ws/src/leo_pybullet/worlds/benchmark_v2/validation/world_hard_seed_100044.yaml,100044,hard,12,4,16,True,10.2225,2.632181,2.249244,-1.143216,-4.112247,-3.818744,,,,,v2,validation,0,validation
validation,/root/leo_ws/src/leo_pybullet/worlds/benchmark_v3_curriculum/validation/world_hard_direct_block_seed_100044.yaml,100044,hard,6,4,10,True,8.2855,-2.337987,-2.453745,0.812751,2.237628,3.159108,direct_block,7.2416,1.1442,,v3,validation,0,validation
validation,/root/leo_ws/src/leo_pybullet/worlds/benchmark_v2/validation/world_easy_seed_100045.yaml,100045,easy,3,4,7,False,4.5004,1.632396,-2.289477,0.553328,4.174703,1.193525,,,,,v2,validation,0,validation
validation,/root/leo_ws/src/leo_pybullet/worlds/benchmark_v3_curriculum/validation/world_easy_direct_block_seed_100045.yaml,100045,easy,2,4,6,True,6.3072,3.081427,1.59487,2.7286,-2.236846,4.078733,direct_block,5.8697,1.0745,,v3,validation,0,validation
validation,/root/leo_ws/src/leo_pybullet/worlds/benchmark_v2/validation/world_medium_seed_100046.yaml,100046,medium,7,4,11,True,10.8739,-3.601149,-2.835007,-1.322324,3.809716,3.659297,,,,,v2,validation,0,validation
validation,/root/leo_ws/src/leo_pybullet/worlds/benchmark_v3_curriculum/validation/world_medium_direct_block_seed_100046.yaml,100046,medium,3,4,7,True,7.8959,-2.482508,-3.518364,1.683869,-2.769835,3.722137,direct_block,7.2462,1.0897,,v3,validation,0,validation
validation,/root/leo_ws/src/leo_pybullet/worlds/benchmark_v2/validation/world_hard_seed_100047.yaml,100047,hard,12,4,16,True,9.9371,-3.454118,-0.619113,0.166141,3.320332,-3.302186,,,,,v2,validation,0,validation
validation,/root/leo_ws/src/leo_pybullet/worlds/benchmark_v3_curriculum/validation/world_hard_clear_seed_100047.yaml,100047,hard,6,4,10,False,4.1771,-0.856375,-1.720513,-0.324642,2.8233,-2.902046,clear,3.8647,1.0808,,v3,validation,0,validation
validation,/root/leo_ws/src/leo_pybullet/worlds/benchmark_v2/validation/world_easy_seed_100048.yaml,100048,easy,3,4,7,False,8.4171,2.174794,-4.010898,2.107708,0.997263,3.89979,,,,,v2,validation,0,validation
validation,/root/leo_ws/src/leo_pybullet/worlds/benchmark_v3_curriculum/validation/world_easy_direct_block_seed_100048.yaml,100048,easy,2,4,6,True,5.0684,0.268914,2.124799,-2.795243,-3.918693,0.974337,direct_block,4.3428,1.1671,,v3,validation,0,validation
validation,/root/leo_ws/src/leo_pybullet/worlds/benchmark_v2/validation/world_medium_seed_100049.yaml,100049,medium,8,4,12,False,4.6627,2.442279,-1.584379,-1.161168,0.863203,2.44277,,,,,v2,validation,0,validation
validation,/root/leo_ws/src/leo_pybullet/worlds/benchmark_v3_curriculum/validation/world_medium_direct_block_seed_100049.yaml,100049,medium,4,4,8,True,4.9714,-0.154471,4.01165,-2.679532,-3.575684,2.030982,direct_block,3.9532,1.2576,,v3,validation,0,validation
validation,/root/leo_ws/src/leo_pybullet/worlds/benchmark_v2/validation/world_hard_seed_100050.yaml,100050,hard,8,4,12,True,4.7759,-0.27972,0.041176,0.549134,-3.686658,2.378851,,,,,v2,validation,0,validation
validation,/root/leo_ws/src/leo_pybullet/worlds/benchmark_v3_curriculum/validation/world_hard_direct_block_seed_100050.yaml,100050,hard,4,4,8,True,7.1678,2.324165,0.742878,-2.410359,-1.805703,-3.567181,direct_block,5.9693,1.2008,,v3,validation,0,validation
validation,/root/leo_ws/src/leo_pybullet/worlds/benchmark_v2/validation/world_easy_seed_100051.yaml,100051,easy,4,4,8,False,5.5574,0.389063,0.698605,-0.242447,-3.666427,-3.062644,,,,,v2,validation,0,validation
validation,/root/leo_ws/src/leo_pybullet/worlds/benchmark_v3_curriculum/validation/world_easy_clear_seed_100051.yaml,100051,easy,1,4,5,False,5.0055,0.682546,-3.582141,2.496529,-2.992238,-0.327986,clear,4.9085,1.0198,,v3,validation,0,validation
validation,/root/leo_ws/src/leo_pybullet/worlds/benchmark_v2/validation/world_medium_seed_100052.yaml,100052,medium,5,4,9,True,9.3927,-3.011233,2.035122,-0.53143,4.079898,-3.640717,,,,,v2,validation,0,validation
validation,/root/leo_ws/src/leo_pybullet/worlds/benchmark_v3_curriculum/validation/world_medium_direct_block_seed_100052.yaml,100052,medium,2,4,6,True,7.609,2.148915,-2.94201,1.520932,1.988338,3.986108,direct_block,6.93,1.098,,v3,validation,0,validation
validation,/root/leo_ws/src/leo_pybullet/worlds/benchmark_v2/validation/world_hard_seed_100053.yaml,100053,hard,10,4,14,True,8.3518,-4.267724,-3.144107,-1.291486,-0.93616,3.808051,,,,,v2,validation,0,validation
validation,/root/leo_ws/src/leo_pybullet/worlds/benchmark_v3_curriculum/validation/world_hard_direct_block_seed_100053.yaml,100053,hard,5,4,9,True,7.2502,3.72051,-1.747144,2.86148,-2.33415,0.231218,direct_block,6.3697,1.1382,,v3,validation,0,validation
validation,/root/leo_ws/src/leo_pybullet/worlds/benchmark_v2/validation/world_easy_seed_100054.yaml,100054,easy,4,4,8,False,6.5061,4.141184,-4.11605,2.247815,-1.154424,-1.13885,,,,,v2,validation,0,validation
validation,/root/leo_ws/src/leo_pybullet/worlds/benchmark_v3_curriculum/validation/world_easy_direct_block_seed_100054.yaml,100054,easy,2,4,6,True,6.7072,4.045984,-4.021428,2.691869,-1.127885,-1.11267,direct_block,5.9355,1.13,,v3,validation,0,validation
validation,/root/leo_ws/src/leo_pybullet/worlds/benchmark_v2/validation/world_medium_seed_100055.yaml,100055,medium,6,4,10,True,7.0959,-1.215882,-3.921492,0.729232,-3.456455,1.868678,,,,,v2,validation,0,validation
validation,/root/leo_ws/src/leo_pybullet/worlds/benchmark_v3_curriculum/validation/world_medium_clear_seed_100055.yaml,100055,medium,4,4,8,False,7.3302,2.48204,2.994646,-1.743565,1.259668,-3.787426,clear,6.8913,1.0637,,v3,validation,0,validation
validation,/root/leo_ws/src/leo_pybullet/worlds/benchmark_v2/validation/world_hard_seed_100056.yaml,100056,hard,10,4,14,True,5.1896,1.90889,-2.844082,-1.624786,0.397794,1.739228,,,,,v2,validation,0,validation
validation,/root/leo_ws/src/leo_pybullet/worlds/benchmark_v3_curriculum/validation/world_hard_direct_block_seed_100056.yaml,100056,hard,5,4,9,True,4.7976,0.779482,1.865008,-2.7134,-2.778701,0.388649,direct_block,3.8523,1.2454,,v3,validation,0,validation
validation,/root/leo_ws/src/leo_pybullet/worlds/benchmark_v2/validation/world_easy_seed_100057.yaml,100057,easy,4,4,8,True,6.5027,-1.181544,-2.336739,-2.216509,-2.7528,3.461018,,,,,v2,validation,0,validation
validation,/root/leo_ws/src/leo_pybullet/worlds/benchmark_v3_curriculum/validation/world_easy_direct_block_seed_100057.yaml,100057,easy,2,4,6,True,6.3096,-1.154382,-2.28302,1.77388,-2.689517,3.381455,direct_block,5.8688,1.0751,,v3,validation,0,validation
validation,/root/leo_ws/src/leo_pybullet/worlds/benchmark_v2/validation/world_medium_seed_100058.yaml,100058,medium,5,4,9,True,6.4261,1.158337,3.604416,0.783595,-2.720886,-0.570146,,,,,v2,validation,0,validation
validation,/root/leo_ws/src/leo_pybullet/worlds/benchmark_v3_curriculum/validation/world_medium_direct_block_seed_100058.yaml,100058,medium,2,4,6,True,4.8753,2.372403,1.131708,-1.287841,3.521556,-2.658337,direct_block,3.9604,1.231,,v3,validation,0,validation
validation,/root/leo_ws/src/leo_pybullet/worlds/benchmark_v2/validation/world_hard_seed_100059.yaml,100059,hard,8,4,12,True,7.0353,-3.441407,3.215167,1.613634,2.620734,1.199824,,,,,v2,validation,0,validation
validation,/root/leo_ws/src/leo_pybullet/worlds/benchmark_v3_curriculum/validation/world_hard_clear_seed_100059.yaml,100059,hard,4,4,8,False,6.961,0.839108,-3.362294,1.224145,3.141255,2.560487,clear,6.3545,1.0954,,v3,validation,0,validation
