split,world_file,seed,difficulty,scenario,structured_blocker_count,random_obstacle_count,boundary_wall_count,total_box_count,direct_path_blocked,straight_distance_m,astar_path_length_m,path_stretch_ratio,start_x,start_y,start_yaw,goal_x,goal_y,curriculum_origin
train,/root/leo_ws/src/leo_pybullet/worlds/benchmark_v4_hard/train/world_easy_clear_seed_300231.yaml,300231,easy,clear,0,4,4,8,False,6.9214,7.2308,1.0447,1.624134,-3.754524,1.778261,0.602938,3.09116,original_hard
train,/root/leo_ws/results/comparison_benchmarks/benchmark_v10_dense_001/train/world_hard_double_block_seed_1100068.yaml,1100068,hard,double_block,2,19,4,23,True,5.0267,7.7359,1.539,2.57368,-2.497447,-2.992917,-2.428045,-2.998098,dense_regular
train,/root/leo_ws/results/comparison_benchmarks/benchmark_v10_dense_001/train/world_easy_clear_seed_1100219.yaml,1100219,easy,clear,0,15,4,19,False,4.5117,4.6651,1.034,1.594635,-2.755777,-2.94355,-2.873189,-3.38364,dense_regular
train,/root/leo_ws/src/leo_pybullet/worlds/benchmark_v4_hard/train/world_easy_direct_block_seed_300294.yaml,300294,easy,direct_block,1,4,4,8,True,7.0611,8.1061,1.148,-3.753598,-2.705033,0.653452,1.597701,1.901759,original_hard
train,/root/leo_ws/src/leo_pybullet/worlds/benchmark_v4_hard/train/world_easy_double_block_seed_300072.yaml,300072,easy,double_block,2,5,4,9,True,7.7365,8.641,1.1169,3.638407,4.015117,-2.710385,-3.613288,1.319472,original_hard
train,/root/leo_ws/results/comparison_benchmarks/benchmark_v10_dense_001/train/world_medium_double_block_seed_1100013.yaml,1100013,medium,double_block,2,18,4,22,True,4.5322,5.8457,1.2898,3.855244,1.47571,2.856687,-0.429182,2.9536,dense_failed
train,/root/leo_ws/src/leo_pybullet/worlds/benchmark_v4_hard/train/world_hard_direct_block_seed_300446.yaml,300446,hard,direct_block,1,13,4,17,True,7.6792,9.0135,1.1738,-4.007741,-0.436226,0.599462,2.580806,3.50856,original_hard
train,/root/leo_ws/src/leo_pybullet/worlds/benchmark_v4_hard/train/world_medium_double_block_seed_300316.yaml,300316,medium,double_block,2,9,4,13,True,6.9491,8.1084,1.1668,3.8198,2.613157,-2.126968,0.642127,-3.566803,original_hard
train,/root/leo_ws/results/comparison_benchmarks/benchmark_v10_dense_001/train/world_hard_double_block_seed_1100041.yaml,1100041,hard,double_block,2,19,4,23,True,6.8861,9.3222,1.3538,2.812372,-3.71737,2.506771,-2.968305,0.024599,dense_regular
train,/root/leo_ws/src/leo_pybullet/worlds/benchmark_v4_hard/train/world_hard_double_block_seed_300005.yaml,300005,hard,double_block,2,10,4,14,True,5.4953,7.281,1.325,0.372493,-4.108539,2.274237,-2.809325,0.371876,original_hard
train,/root/leo_ws/results/comparison_benchmarks/benchmark_v10_dense_001/train/world_medium_double_block_seed_1100061.yaml,1100061,medium,double_block,2,16,4,20,True,5.4203,6.8341,1.2608,-1.430453,2.857172,-0.366111,3.590892,0.816163,dense_failed
train,/root/leo_ws/results/comparison_benchmarks/benchmark_v10_dense_001/train/world_hard_double_block_seed_1100188.yaml,1100188,hard,double_block,2,18,4,22,True,7.0327,8.7153,1.2393,3.085142,1.309839,-2.555331,-2.642344,-2.771175,dense_failed
train,/root/leo_ws/results/comparison_benchmarks/benchmark_v10_dense_001/train/world_easy_direct_block_seed_1100222.yaml,1100222,easy,direct_block,1,14,4,18,True,4.6608,5.4651,1.1726,1.46356,-2.760223,1.355085,2.566056,1.768337,dense_regular
train,/root/leo_ws/src/leo_pybullet/worlds/benchmark_v4_hard/train/world_hard_double_block_seed_300245.yaml,300245,hard,double_block,2,11,4,15,True,5.3223,6.6684,1.2529,1.811544,1.360747,2.708255,-2.818519,3.985489,original_hard
train,/root/leo_ws/src/leo_pybullet/worlds/benchmark_v4_hard/train/world_medium_direct_block_seed_300442.yaml,300442,medium,direct_block,1,6,4,10,True,6.6667,7.7004,1.1551,-3.439389,-2.500143,1.54263,-2.94084,4.147867,original_hard
train,/root/leo_ws/src/leo_pybullet/worlds/benchmark_v4_hard/train/world_easy_clear_seed_300303.yaml,300303,easy,clear,0,5,4,9,False,5.7715,6.2135,1.0766,2.702937,0.008734,-2.658019,-2.431505,-2.627178,original_hard
train,/root/leo_ws/results/comparison_benchmarks/benchmark_v10_dense_001/train/world_medium_double_block_seed_1100073.yaml,1100073,medium,double_block,2,16,4,20,True,5.5357,6.9108,1.2484,2.826768,-2.500148,1.989818,0.216792,2.381604,dense_regular
train,/root/leo_ws/src/leo_pybullet/worlds/benchmark_v4_hard/train/world_hard_double_block_seed_300317.yaml,300317,hard,double_block,2,10,4,14,True,7.2124,8.6078,1.1935,-3.952848,-4.216404,0.652083,2.213321,-0.475218,original_hard
train,/root/leo_ws/results/comparison_benchmarks/benchmark_v10_dense_001/train/world_medium_double_block_seed_1100184.yaml,1100184,medium,double_block,2,17,4,21,True,6.38,8.3963,1.316,1.072577,3.662427,-1.922214,-0.661525,-2.477428,dense_failed
train,/root/leo_ws/results/comparison_benchmarks/benchmark_v10_dense_001/train/world_easy_clear_seed_1100231.yaml,1100231,easy,clear,0,14,4,18,False,5.6674,6.0308,1.0641,2.186239,1.025202,-3.000534,-3.382616,-0.027158,dense_regular
train,/root/leo_ws/src/leo_pybullet/worlds/benchmark_v4_hard/train/world_hard_double_block_seed_300320.yaml,300320,hard,double_block,2,10,4,14,True,4.7017,6.249,1.3291,-3.188457,3.524792,-1.01564,-0.650338,-0.432942,original_hard
train,/root/leo_ws/src/leo_pybullet/worlds/benchmark_v4_hard/train/world_hard_direct_block_seed_300266.yaml,300266,hard,direct_block,1,12,4,16,True,6.9613,8.0867,1.1617,-3.943967,2.225207,-0.687221,1.84248,-1.644813,original_hard
train,/root/leo_ws/src/leo_pybullet/worlds/benchmark_v4_hard/train/world_hard_double_block_seed_300029.yaml,300029,hard,double_block,2,14,4,18,True,5.1819,8.2902,1.5998,-1.060901,2.550226,-1.227911,0.67107,-2.333685,original_hard
train,/root/leo_ws/src/leo_pybullet/worlds/benchmark_v4_hard/train/world_easy_double_block_seed_300396.yaml,300396,easy,double_block,2,4,4,8,True,4.9065,6.0227,1.2275,0.291193,-4.127882,2.252603,-2.989328,-0.47935,original_hard
train,/root/leo_ws/results/comparison_benchmarks/benchmark_v10_dense_001/train/world_medium_double_block_seed_1100097.yaml,1100097,medium,double_block,2,16,4,20,True,8.5443,9.8249,1.1499,3.639038,-3.869296,2.077177,-0.963911,3.329194,dense_regular
train,/root/leo_ws/results/comparison_benchmarks/benchmark_v10_dense_001/train/world_hard_direct_block_seed_1100158.yaml,1100158,hard,direct_block,1,19,4,23,True,5.3567,6.3622,1.1877,2.620647,-2.568192,3.138925,-2.735973,-2.593791,dense_regular
train,/root/leo_ws/results/comparison_benchmarks/benchmark_v10_dense_001/train/world_hard_clear_seed_1100167.yaml,1100167,hard,clear,0,18,4,22,False,5.0775,5.1531,1.0149,-1.311139,3.304729,-1.618568,-1.381725,-1.77226,dense_regular
train,/root/leo_ws/src/leo_pybullet/worlds/benchmark_v4_hard/train/world_easy_direct_block_seed_300042.yaml,300042,easy,direct_block,1,3,4,7,True,7.3259,7.9541,1.0858,-3.038621,-3.569561,0.430416,3.824323,-1.006692,original_hard
train,/root/leo_ws/results/comparison_benchmarks/benchmark_v10_dense_001/train/world_medium_double_block_seed_1100016.yaml,1100016,medium,double_block,2,17,4,21,True,7.6417,8.6718,1.1348,3.05858,-4.20271,2.495343,-3.270102,0.080126,dense_regular
train,/root/leo_ws/src/leo_pybullet/worlds/benchmark_v4_hard/train/world_medium_direct_block_seed_300058.yaml,300058,medium,direct_block,1,6,4,10,True,5.0637,5.8216,1.1497,3.455348,2.759347,-1.829334,2.506817,-2.214697,original_hard
train,/root/leo_ws/src/leo_pybullet/worlds/benchmark_v4_hard/train/world_medium_double_block_seed_300232.yaml,300232,medium,double_block,2,9,4,13,True,4.9038,6.2845,1.2816,3.903191,-2.312171,2.804321,-0.505509,-0.164893,original_hard
train,/root/leo_ws/src/leo_pybullet/worlds/benchmark_v4_hard/train/world_hard_direct_block_seed_300434.yaml,300434,hard,direct_block,1,10,4,14,True,4.8152,5.9839,1.2427,2.978448,0.966137,3.120215,-1.780326,1.700832,original_hard
train,/root/leo_ws/src/leo_pybullet/worlds/benchmark_v4_hard/train/world_medium_double_block_seed_300229.yaml,300229,medium,double_block,2,6,4,10,True,8.1906,9.5016,1.1601,-2.389461,-4.103256,1.592891,-2.979923,4.065994,original_hard
train,/root/leo_ws/results/comparison_benchmarks/benchmark_v10_dense_001/train/world_medium_clear_seed_1100091.yaml,1100091,medium,clear,0,18,4,22,False,5.4028,5.849,1.0826,-1.871646,-2.312593,0.231327,3.234096,-0.545763,dense_regular
train,/root/leo_ws/src/leo_pybullet/worlds/benchmark_v4_hard/train/world_medium_clear_seed_300199.yaml,300199,medium,clear,0,9,4,13,False,6.529,7.0822,1.0847,0.793563,-2.091403,1.155302,2.624133,4.17569,original_hard
train,/root/leo_ws/results/comparison_benchmarks/benchmark_v10_dense_001/train/world_hard_double_block_seed_1100092.yaml,1100092,hard,double_block,2,18,4,22,True,5.0305,7.3771,1.4665,-3.193383,-1.500715,0.459827,1.35454,0.649351,dense_failed
train,/root/leo_ws/results/comparison_benchmarks/benchmark_v10_dense_001/train/world_easy_direct_block_seed_1100198.yaml,1100198,easy,direct_block,1,14,4,18,True,5.3705,6.2216,1.1585,2.25907,-0.96433,-2.556227,-2.127203,-4.063217,dense_failed
train,/root/leo_ws/src/leo_pybullet/worlds/benchmark_v4_hard/train/world_easy_direct_block_seed_300162.yaml,300162,easy,direct_block,1,5,4,9,True,4.5366,5.289,1.1659,0.183277,2.577442,-1.519261,0.346125,-1.956233,original_hard
train,/root/leo_ws/results/comparison_benchmarks/benchmark_v10_dense_001/train/world_medium_double_block_seed_1100136.yaml,1100136,medium,double_block,2,18,4,22,True,5.4858,6.5245,1.1893,1.918055,-0.206882,2.684886,-3.17517,1.83105,dense_regular
train,/root/leo_ws/src/leo_pybullet/worlds/benchmark_v4_hard/train/world_easy_double_block_seed_300216.yaml,300216,easy,double_block,2,4,4,8,True,5.5775,6.3096,1.1313,3.049363,2.993162,-1.508449,3.825138,-2.530096,original_hard
train,/root/leo_ws/results/comparison_benchmarks/benchmark_v10_dense_001/train/world_easy_clear_seed_1100183.yaml,1100183,easy,clear,0,14,4,18,False,4.7178,4.8455,1.0271,-1.773113,-3.44156,0.688772,1.754273,-0.308582,dense_regular
train,/root/leo_ws/src/leo_pybullet/worlds/benchmark_v4_hard/train/world_medium_direct_block_seed_300250.yaml,300250,medium,direct_block,1,7,4,11,True,4.7998,5.6171,1.1703,2.32183,3.005892,-1.974917,0.464682,-1.420098,original_hard
train,/root/leo_ws/results/comparison_benchmarks/benchmark_v10_dense_001/train/world_easy_double_block_seed_1100129.yaml,1100129,easy,double_block,2,14,4,18,True,7.7485,9.0855,1.1725,1.04151,3.093264,-2.374979,-3.785197,-2.968314,dense_failed
train,/root/leo_ws/results/comparison_benchmarks/benchmark_v10_dense_001/train/world_medium_double_block_seed_1100061.yaml,1100061,medium,double_block,2,16,4,20,True,5.4203,6.8341,1.2608,-1.430453,2.857172,-0.366111,3.590892,0.816163,dense_regular
train,/root/leo_ws/src/leo_pybullet/worlds/benchmark_v4_hard/train/world_hard_direct_block_seed_300026.yaml,300026,hard,direct_block,1,12,4,16,True,6.4981,9.1025,1.4008,1.687163,-4.182527,1.98101,-1.033548,1.718623,original_hard
train,/root/leo_ws/results/comparison_benchmarks/benchmark_v10_dense_001/train/world_hard_direct_block_seed_1100002.yaml,1100002,hard,direct_block,1,18,4,22,True,6.3653,10.402,1.6342,-2.14741,-2.309576,1.770733,-2.833383,4.018682,dense_regular
train,/root/leo_ws/results/comparison_benchmarks/benchmark_v10_dense_001/train/world_easy_clear_seed_1100123.yaml,1100123,easy,clear,0,16,4,20,False,5.3502,5.7633,1.0772,-1.490129,-1.126484,0.29432,3.691607,0.205697,dense_regular
train,/root/leo_ws/src/leo_pybullet/worlds/benchmark_v4_hard/train/world_hard_double_block_seed_300401.yaml,300401,hard,double_block,2,14,4,18,True,4.5814,6.1633,1.3453,-2.826949,-0.077764,0.098357,1.754141,-0.025314,original_hard
train,/root/leo_ws/src/leo_pybullet/worlds/benchmark_v4_hard/train/world_medium_double_block_seed_300376.yaml,300376,medium,double_block,2,9,4,13,True,5.6758,6.6878,1.1783,3.152727,2.518584,-3.039894,-2.522914,2.564029,original_hard
train,/root/leo_ws/results/comparison_benchmarks/benchmark_v10_dense_001/train/world_hard_double_block_seed_1100005.yaml,1100005,hard,double_block,2,20,4,24,True,6.8308,8.1998,1.2004,3.239233,-0.025235,3.043487,-3.516675,0.983771,dense_failed
train,/root/leo_ws/results/comparison_benchmarks/benchmark_v10_dense_001/train/world_medium_double_block_seed_1100220.yaml,1100220,medium,double_block,2,18,4,22,True,7.1789,10.57,1.4724,-3.092848,1.175912,0.454853,3.623736,3.710573,dense_failed
train,/root/leo_ws/results/comparison_benchmarks/benchmark_v10_dense_001/train/world_easy_double_block_seed_1100141.yaml,1100141,easy,double_block,2,16,4,20,True,5.9353,7.2616,1.2235,3.027588,-1.064694,2.522617,-2.224104,1.700709,dense_failed
train,/root/leo_ws/src/leo_pybullet/worlds/benchmark_v4_hard/train/world_medium_double_block_seed_300400.yaml,300400,medium,double_block,2,8,4,12,True,8.4501,9.6706,1.1444,-3.715244,3.828842,-0.773911,1.710823,-2.648914,original_hard
train,/root/leo_ws/src/leo_pybullet/worlds/benchmark_v4_hard/train/world_medium_clear_seed_300283.yaml,300283,medium,clear,0,9,4,13,False,6.065,6.1231,1.0096,3.256339,0.988545,-2.433696,-1.147459,-3.181687,original_hard
train,/root/leo_ws/results/comparison_benchmarks/benchmark_v10_dense_001/train/world_hard_double_block_seed_1100020.yaml,1100020,hard,double_block,2,19,4,23,True,6.4894,8.0867,1.2461,-3.714313,-1.607582,-0.154692,2.657459,-2.837499,dense_failed
train,/root/leo_ws/results/comparison_benchmarks/benchmark_v10_dense_001/train/world_medium_double_block_seed_1100001.yaml,1100001,medium,double_block,2,16,4,20,True,6.1369,8.9553,1.4593,1.701273,3.096331,-2.571645,-3.226187,-0.56175,dense_failed
train,/root/leo_ws/src/leo_pybullet/worlds/benchmark_v4_hard/train/world_hard_double_block_seed_300392.yaml,300392,hard,double_block,2,12,4,16,True,4.7387,6.2022,1.3088,-3.191597,2.280619,-0.580908,1.010483,0.090192,original_hard
train,/root/leo_ws/results/comparison_benchmarks/benchmark_v10_dense_001/train/world_medium_double_block_seed_1100037.yaml,1100037,medium,double_block,2,18,4,22,True,5.0849,7.8467,1.5431,-0.640977,1.297093,-1.705891,-1.572466,-3.701802,dense_failed
train,/root/leo_ws/results/comparison_benchmarks/benchmark_v10_dense_001/train/world_medium_clear_seed_1100031.yaml,1100031,medium,clear,0,17,4,21,False,4.533,4.712,1.0395,-1.51758,-0.675815,0.148859,2.978099,-0.095598,dense_regular
train,/root/leo_ws/src/leo_pybullet/worlds/benchmark_v4_hard/train/world_medium_clear_seed_300115.yaml,300115,medium,clear,0,8,4,12,False,5.7427,6.1998,1.0796,2.821348,-2.256033,2.510089,-2.219249,0.49555,original_hard
train,/root/leo_ws/results/comparison_benchmarks/benchmark_v10_dense_001/train/world_easy_clear_seed_1100207.yaml,1100207,easy,clear,0,16,4,20,False,4.616,4.9359,1.0693,-3.765328,-4.224218,1.091593,-2.092898,0.07814,dense_regular
train,/root/leo_ws/results/comparison_benchmarks/benchmark_v10_dense_001/train/world_easy_clear_seed_1100063.yaml,1100063,easy,clear,0,15,4,19,False,6.485,6.6457,1.0248,2.260905,2.788352,-1.579904,1.898342,-3.686481,dense_regular
train,/root/leo_ws/src/leo_pybullet/worlds/benchmark_v4_hard/train/world_easy_clear_seed_300363.yaml,300363,easy,clear,0,4,4,8,False,4.574,4.9278,1.0774,-3.009576,2.778063,-1.067911,-0.780358,-1.215907,original_hard
train,/root/leo_ws/src/leo_pybullet/worlds/benchmark_v4_hard/train/world_easy_double_block_seed_300081.yaml,300081,easy,double_block,2,4,4,8,True,6.3823,7.2502,1.136,4.17009,1.860809,2.945227,-1.933059,3.727606,original_hard
train,/root/leo_ws/src/leo_pybullet/worlds/benchmark_v4_hard/train/world_hard_direct_block_seed_300386.yaml,300386,hard,direct_block,1,12,4,16,True,5.0867,11.4604,2.253,-4.094212,2.217938,-1.258433,-2.791234,-2.699095,original_hard
train,/root/leo_ws/results/comparison_benchmarks/benchmark_v10_dense_001/train/world_hard_double_block_seed_1100236.yaml,1100236,hard,double_block,2,20,4,24,True,8.2132,11.5963,1.4119,3.918122,-2.670243,-3.123993,-4.207424,-3.866912,dense_failed
train,/root/leo_ws/results/comparison_benchmarks/benchmark_v10_dense_001/train/world_hard_double_block_seed_1100044.yaml,1100044,hard,double_block,2,20,4,24,True,5.1,6.4776,1.2701,0.009877,-1.161884,2.029618,-2.681295,3.170249,dense_failed
train,/root/leo_ws/results/comparison_benchmarks/benchmark_v10_dense_001/train/world_hard_double_block_seed_1100092.yaml,1100092,hard,double_block,2,18,4,22,True,5.0305,7.3771,1.4665,-3.193383,-1.500715,0.459827,1.35454,0.649351,dense_regular
train,/root/leo_ws/src/leo_pybullet/worlds/benchmark_v4_hard/train/world_easy_clear_seed_300027.yaml,300027,easy,clear,0,5,4,9,False,5.9484,6.1643,1.0363,3.471245,4.222501,-2.505389,-1.157056,0.485919,original_hard
train,/root/leo_ws/src/leo_pybullet/worlds/benchmark_v4_hard/train/world_medium_direct_block_seed_300370.yaml,300370,medium,direct_block,1,6,4,10,True,5.5382,6.2353,1.1259,2.315556,-2.032815,2.719639,-2.622758,0.474199,original_hard
train,/root/leo_ws/src/leo_pybullet/worlds/benchmark_v4_hard/train/world_easy_double_block_seed_300192.yaml,300192,easy,double_block,2,3,4,7,True,4.5569,5.6502,1.2399,2.198591,1.307087,-1.644993,1.646415,-3.216276,original_hard
train,/root/leo_ws/src/leo_pybullet/worlds/benchmark_v4_hard/train/world_medium_direct_block_seed_300190.yaml,300190,medium,direct_block,1,7,4,11,True,4.5094,5.3278,1.1815,2.278976,-0.94117,-2.8409,-2.096545,-2.031787,original_hard
train,/root/leo_ws/src/leo_pybullet/worlds/benchmark_v4_hard/train/world_hard_double_block_seed_300281.yaml,300281,hard,double_block,2,11,4,15,True,6.7746,8.0147,1.1831,-3.310866,3.680121,-0.15299,3.416839,2.884656,original_hard
train,/root/leo_ws/results/comparison_benchmarks/benchmark_v10_dense_001/train/world_medium_double_block_seed_1100169.yaml,1100169,medium,double_block,2,16,4,20,True,5.8693,7.6833,1.3091,-3.903826,-2.28641,1.404873,-3.352007,3.556898,dense_failed
train,/root/leo_ws/results/comparison_benchmarks/benchmark_v10_dense_001/train/world_hard_double_block_seed_1100125.yaml,1100125,hard,double_block,2,20,4,24,True,6.6265,13.3231,2.0106,-3.902102,-0.079118,0.667219,1.471372,3.798488,dense_regular
train,/root/leo_ws/src/leo_pybullet/worlds/benchmark_v4_hard/train/world_easy_double_block_seed_300012.yaml,300012,easy,double_block,2,5,4,9,True,6.1369,7.2947,1.1887,-3.173361,-3.90972,0.722001,1.561122,-0.00506,original_hard
train,/root/leo_ws/results/comparison_benchmarks/benchmark_v10_dense_001/train/world_easy_clear_seed_1100039.yaml,1100039,easy,clear,0,16,4,20,False,4.9746,5.0718,1.0195,-1.885034,-2.920813,0.752111,1.457802,0.763271,dense_failed
train,/root/leo_ws/src/leo_pybullet/worlds/benchmark_v4_hard/train/world_medium_double_block_seed_300085.yaml,300085,medium,double_block,2,7,4,11,True,5.6257,7.6261,1.3556,3.106055,-0.482938,2.976326,-2.355746,0.865207,original_hard
train,/root/leo_ws/src/leo_pybullet/worlds/benchmark_v4_hard/train/world_hard_double_block_seed_300044.yaml,300044,hard,double_block,2,14,4,18,True,5.031,6.6627,1.3243,3.541367,1.347357,-1.871635,2.686285,-3.610421,original_hard
train,/root/leo_ws/src/leo_pybullet/worlds/benchmark_v4_hard/train/world_easy_clear_seed_300327.yaml,300327,easy,clear,0,4,4,8,False,5.0558,5.4547,1.0789,-1.582746,-0.498711,0.418171,2.999248,1.638315,original_hard
train,/root/leo_ws/src/leo_pybullet/worlds/benchmark_v4_hard/train/world_easy_double_block_seed_300189.yaml,300189,easy,double_block,2,3,4,7,True,4.5927,5.8045,1.2638,-1.41237,-0.429421,0.725596,2.392812,2.142311,original_hard
train,/root/leo_ws/src/leo_pybullet/worlds/benchmark_v4_hard/train/world_hard_double_block_seed_300353.yaml,300353,hard,double_block,2,10,4,14,True,7.4935,9.209,1.2289,3.894108,0.343303,2.790481,-2.928447,3.442522,original_hard
train,/root/leo_ws/src/leo_pybullet/worlds/benchmark_v4_hard/train/world_easy_clear_seed_300207.yaml,300207,easy,clear,0,3,4,7,False,5.5095,5.672,1.0295,4.044671,-3.732312,-3.11997,-1.437882,-3.188166,original_hard
train,/root/leo_ws/src/leo_pybullet/worlds/benchmark_v4_hard/train/world_easy_double_block_seed_300405.yaml,300405,easy,double_block,2,4,4,8,True,5.5883,6.3896,1.1434,2.694858,2.802942,3.017794,-2.879941,3.191451,original_hard
train,/root/leo_ws/src/leo_pybullet/worlds/benchmark_v4_hard/train/world_hard_clear_seed_300371.yaml,300371,hard,clear,0,14,4,18,False,5.8494,6.2192,1.0632,3.014673,1.882389,-2.721277,-1.993959,-1.139002,original_hard
train,/root/leo_ws/results/comparison_benchmarks/benchmark_v10_dense_001/train/world_hard_direct_block_seed_1100146.yaml,1100146,hard,direct_block,1,20,4,24,True,8.2361,10.0067,1.215,-2.733375,2.249048,-0.727422,3.797705,-2.768833,dense_failed
train,/root/leo_ws/src/leo_pybullet/worlds/benchmark_v4_hard/train/world_medium_direct_block_seed_300430.yaml,300430,medium,direct_block,1,8,4,12,True,6.4955,7.369,1.1345,-2.003791,-3.10571,1.588849,-2.172165,3.387613,original_hard
train,/root/leo_ws/results/comparison_benchmarks/benchmark_v10_dense_001/train/world_hard_direct_block_seed_1100026.yaml,1100026,hard,direct_block,1,19,4,23,True,6.7467,10.2684,1.522,3.882281,-1.751413,-3.093346,-2.826042,-2.469786,dense_regular
train,/root/leo_ws/results/comparison_benchmarks/benchmark_v10_dense_001/train/world_easy_double_block_seed_1100036.yaml,1100036,easy,double_block,2,15,4,19,True,7.6482,9.2365,1.2077,3.619725,3.407439,-3.105638,-3.994956,2.692603,dense_regular
train,/root/leo_ws/src/leo_pybullet/worlds/benchmark_v4_hard/train/world_easy_double_block_seed_300024.yaml,300024,easy,double_block,2,5,4,9,True,8.2045,9.0798,1.1067,-0.892852,4.050463,-1.872915,-4.0108,-3.538463,original_hard
train,/root/leo_ws/src/leo_pybullet/worlds/benchmark_v4_hard/train/world_hard_clear_seed_300071.yaml,300071,hard,clear,0,13,4,17,False,4.6605,4.9633,1.065,3.433915,-1.963352,2.860535,-1.013901,-0.571525,original_hard
train,/root/leo_ws/src/leo_pybullet/worlds/benchmark_v4_hard/train/world_medium_clear_seed_300307.yaml,300307,medium,clear,0,6,4,10,False,6.0568,6.5416,1.08,-1.009945,-3.000093,1.348868,1.083556,2.683439,original_hard
train,/root/leo_ws/src/leo_pybullet/worlds/benchmark_v4_hard/train/world_medium_direct_block_seed_300238.yaml,300238,medium,direct_block,1,6,4,10,True,5.5423,6.6353,1.1972,-0.28096,0.734011,-0.960356,2.817651,-3.861201,original_hard
train,/root/leo_ws/results/comparison_benchmarks/benchmark_v10_dense_001/train/world_easy_clear_seed_1100015.yaml,1100015,easy,clear,0,14,4,18,False,5.9485,6.1506,1.034,-2.377981,1.462221,-0.984423,1.454606,-3.087008,dense_regular
train,/root/leo_ws/src/leo_pybullet/worlds/benchmark_v4_hard/train/world_hard_clear_seed_300359.yaml,300359,hard,clear,0,10,4,14,False,4.5711,4.9496,1.0828,2.57554,2.53311,-2.005431,1.045584,-1.774398,original_hard
train,/root/leo_ws/src/leo_pybullet/worlds/benchmark_v4_hard/train/world_medium_double_block_seed_300184.yaml,300184,medium,double_block,2,6,4,10,True,5.1536,6.641,1.2886,-0.742352,-3.890786,1.940131,-2.177538,1.058968,original_hard
train,/root/leo_ws/results/comparison_benchmarks/benchmark_v10_dense_001/train/world_medium_double_block_seed_1100064.yaml,1100064,medium,double_block,2,17,4,21,True,7.6592,8.8455,1.1549,4.114634,2.77442,-2.522191,-2.336012,-1.355065,dense_failed
train,/root/leo_ws/src/leo_pybullet/worlds/benchmark_v4_hard/train/world_medium_clear_seed_300007.yaml,300007,medium,clear,0,7,4,11,False,5.4294,5.4731,1.0081,-3.990625,-1.587321,1.496425,-4.008752,3.842022,original_hard
train,/root/leo_ws/src/leo_pybullet/worlds/benchmark_v4_hard/train/world_hard_double_block_seed_300032.yaml,300032,hard,double_block,2,10,4,14,True,5.522,6.9714,1.2625,-1.986578,-2.008566,0.536108,2.973868,0.417735,original_hard
train,/root/leo_ws/src/leo_pybullet/worlds/benchmark_v4_hard/train/world_medium_double_block_seed_300289.yaml,300289,medium,double_block,2,9,4,13,True,6.9863,8.1359,1.1645,0.243106,-3.724881,1.097794,3.020296,2.685717,original_hard
train,/root/leo_ws/src/leo_pybullet/worlds/benchmark_v4_hard/train/world_medium_clear_seed_300187.yaml,300187,medium,clear,0,9,4,13,False,5.0177,5.2318,1.0427,2.161473,-0.227691,-2.375802,-1.620629,-3.525113,original_hard
train,/root/leo_ws/src/leo_pybullet/worlds/benchmark_v4_hard/train/world_medium_direct_block_seed_300130.yaml,300130,medium,direct_block,1,6,4,10,True,5.7799,6.4914,1.1231,-1.606356,-2.476793,1.814494,-2.716446,3.195543,original_hard
train,/root/leo_ws/results/comparison_benchmarks/benchmark_v10_dense_001/train/world_medium_double_block_seed_1100133.yaml,1100133,medium,double_block,2,16,4,20,True,4.9636,6.6765,1.3451,3.436906,-0.821604,2.620523,-0.59674,2.070974,dense_regular
train,/root/leo_ws/results/comparison_benchmarks/benchmark_v10_dense_001/train/world_medium_clear_seed_1100199.yaml,1100199,medium,clear,0,16,4,20,False,4.7692,5.0708,1.0632,4.106457,-4.1121,3.011476,-0.557888,-3.117411,dense_regular
train,/root/leo_ws/results/comparison_benchmarks/benchmark_v10_dense_001/train/world_medium_double_block_seed_1100016.yaml,1100016,medium,double_block,2,17,4,21,True,7.6417,8.6718,1.1348,3.05858,-4.20271,2.495343,-3.270102,0.080126,dense_failed
train,/root/leo_ws/results/comparison_benchmarks/benchmark_v10_dense_001/train/world_hard_double_block_seed_1100236.yaml,1100236,hard,double_block,2,20,4,24,True,8.2132,11.5963,1.4119,3.918122,-2.670243,-3.123993,-4.207424,-3.866912,dense_regular
train,/root/leo_ws/src/leo_pybullet/worlds/benchmark_v4_hard/train/world_medium_double_block_seed_300061.yaml,300061,medium,double_block,2,6,4,10,True,4.7669,6.2765,1.3167,3.805869,3.36133,-1.561784,4.044949,-1.399561,original_hard
train,/root/leo_ws/src/leo_pybullet/worlds/benchmark_v4_hard/train/world_easy_double_block_seed_300432.yaml,300432,easy,double_block,2,4,4,8,True,6.7245,7.8935,1.1738,2.562015,-2.618233,2.13716,-1.759468,2.53383,original_hard
train,/root/leo_ws/results/comparison_benchmarks/benchmark_v10_dense_001/train/world_easy_double_block_seed_1100225.yaml,1100225,easy,double_block,2,14,4,18,True,6.3725,8.7849,1.3786,3.81769,3.314344,-1.631038,4.008905,-3.055257,dense_failed
train,/root/leo_ws/src/leo_pybullet/worlds/benchmark_v4_hard/train/world_hard_clear_seed_300239.yaml,300239,hard,clear,0,14,4,18,False,6.4092,6.7106,1.047,-3.461217,3.38974,-0.725128,1.674284,-0.444932,original_hard
train,/root/leo_ws/results/comparison_benchmarks/benchmark_v10_dense_001/train/world_easy_double_block_seed_1100141.yaml,1100141,easy,double_block,2,16,4,20,True,5.9353,7.2616,1.2235,3.027588,-1.064694,2.522617,-2.224104,1.700709,dense_failed
train,/root/leo_ws/results/comparison_benchmarks/benchmark_v10_dense_001/train/world_hard_double_block_seed_1100161.yaml,1100161,hard,double_block,2,20,4,24,True,6.6231,9.5769,1.446,-2.227488,2.452621,-1.394034,-1.057681,-4.066389,dense_regular
train,/root/leo_ws/src/leo_pybullet/worlds/benchmark_v4_hard/train/world_easy_clear_seed_300279.yaml,300279,easy,clear,0,5,4,9,False,4.9128,5.0788,1.0338,-1.050696,-2.734027,0.005207,3.831944,-3.27733,original_hard
train,/root/leo_ws/src/leo_pybullet/worlds/benchmark_v4_hard/train/world_hard_direct_block_seed_300230.yaml,300230,hard,direct_block,1,10,4,14,True,4.7925,6.0639,1.2653,2.521779,0.931136,-2.63231,-1.304113,-1.955199,original_hard
train,/root/leo_ws/results/comparison_benchmarks/benchmark_v10_dense_001/train/world_medium_double_block_seed_1100028.yaml,1100028,medium,double_block,2,16,4,20,True,6.0116,8.4478,1.4053,3.9503,0.998712,-2.461368,-0.208832,-3.341932,dense_failed
train,/root/leo_ws/results/comparison_benchmarks/benchmark_v10_dense_001/train/world_medium_direct_block_seed_1100142.yaml,1100142,medium,direct_block,1,18,4,22,True,5.2312,6.4833,1.2394,-3.93077,4.025387,-0.576072,0.372224,1.050625,dense_failed
train,/root/leo_ws/src/leo_pybullet/worlds/benchmark_v4_hard/train/world_medium_double_block_seed_300025.yaml,300025,medium,double_block,2,9,4,13,True,6.4071,7.3472,1.1467,2.436438,-2.7551,-3.134501,-3.911782,-3.62189,original_hard
train,/root/leo_ws/results/comparison_benchmarks/benchmark_v10_dense_001/train/world_easy_clear_seed_1100075.yaml,1100075,easy,clear,0,14,4,18,False,6.6802,7.1953,1.0771,-2.470603,-2.050754,-0.388802,3.929587,-3.964727,dense_regular
train,/root/leo_ws/results/comparison_benchmarks/benchmark_v10_dense_001/train/world_easy_double_block_seed_1100057.yaml,1100057,easy,double_block,2,14,4,18,True,6.5219,7.1153,1.091,2.146251,2.941596,-2.870478,-4.153346,1.253502,dense_regular
train,/root/leo_ws/src/leo_pybullet/worlds/benchmark_v4_hard/train/world_hard_clear_seed_300287.yaml,300287,hard,clear,0,11,4,15,False,4.5075,4.6125,1.0233,-3.034346,3.064624,0.017435,1.463255,3.363611,original_hard
train,/root/leo_ws/results/comparison_benchmarks/benchmark_v10_dense_001/train/world_hard_double_block_seed_1100020.yaml,1100020,hard,double_block,2,19,4,23,True,6.4894,8.0867,1.2461,-3.714313,-1.607582,-0.154692,2.657459,-2.837499,dense_failed
train,/root/leo_ws/src/leo_pybullet/worlds/benchmark_v4_hard/train/world_hard_double_block_seed_300260.yaml,300260,hard,double_block,2,12,4,16,True,5.1154,6.5771,1.2857,2.406301,-3.928157,2.290169,-1.388469,-0.497805,original_hard
train,/root/leo_ws/src/leo_pybullet/worlds/benchmark_v4_hard/train/world_medium_direct_block_seed_300322.yaml,300322,medium,direct_block,1,8,4,12,True,6.4627,7.6535,1.1843,1.445663,-1.289717,2.423425,-3.054472,3.348762,original_hard
train,/root/leo_ws/src/leo_pybullet/worlds/benchmark_v4_hard/train/world_easy_clear_seed_300063.yaml,300063,easy,clear,0,5,4,9,False,6.3429,6.7953,1.0713,1.665696,-3.110964,1.270275,3.57796,2.936814,original_hard
train,/root/leo_ws/src/leo_pybullet/worlds/benchmark_v4_hard/train/world_hard_direct_block_seed_300122.yaml,300122,hard,direct_block,1,12,4,16,True,5.2324,6.2547,1.1954,1.419676,1.285263,2.621639,-3.180597,3.778378,original_hard
train,/root/leo_ws/results/comparison_benchmarks/benchmark_v10_dense_001/train/world_hard_clear_seed_1100227.yaml,1100227,hard,clear,0,18,4,22,False,7.0119,7.2057,1.0276,-4.248039,-0.890934,0.130107,2.754453,-0.528454,dense_failed
train,/root/leo_ws/results/comparison_benchmarks/benchmark_v10_dense_001/train/world_easy_direct_block_seed_1100198.yaml,1100198,easy,direct_block,1,14,4,18,True,5.3705,6.2216,1.1585,2.25907,-0.96433,-2.556227,-2.127203,-4.063217,dense_regular
train,/root/leo_ws/results/comparison_benchmarks/benchmark_v10_dense_001/train/world_hard_direct_block_seed_1100182.yaml,1100182,hard,direct_block,1,20,4,24,True,4.854,5.9839,1.2328,-1.691609,0.123869,-0.543162,2.467713,-2.378428,dense_regular
train,/root/leo_ws/results/comparison_benchmarks/benchmark_v10_dense_001/train/world_easy_direct_block_seed_1100162.yaml,1100162,easy,direct_block,1,15,4,19,True,5.0508,7.9929,1.5825,0.189884,0.636217,-1.092423,2.568584,-3.819369,dense_failed
train,/root/leo_ws/src/leo_pybullet/worlds/benchmark_v4_hard/train/world_medium_double_block_seed_300001.yaml,300001,medium,double_block,2,8,4,12,True,6.8594,8.6031,1.2542,3.7686,-3.520276,1.520223,3.464521,3.332377,original_hard
train,/root/leo_ws/results/comparison_benchmarks/benchmark_v10_dense_001/train/world_hard_double_block_seed_1100017.yaml,1100017,hard,double_block,2,20,4,24,True,7.0059,10.712,1.529,4.152154,-1.273453,2.488902,-1.03152,3.439538,dense_regular
train,/root/leo_ws/src/leo_pybullet/worlds/benchmark_v4_hard/train/world_medium_direct_block_seed_300310.yaml,300310,medium,direct_block,1,9,4,13,True,4.9897,5.7747,1.1573,2.495899,3.965796,-1.511424,3.39066,-0.943031,original_hard
train,/root/leo_ws/results/comparison_benchmarks/benchmark_v10_dense_001/train/world_hard_double_block_seed_1100185.yaml,1100185,hard,double_block,2,19,4,23,True,7.1882,8.3816,1.166,-1.71081,2.862984,-1.321351,0.913051,-3.829211,dense_failed
train,/root/leo_ws/results/comparison_benchmarks/benchmark_v10_dense_001/train/world_medium_double_block_seed_1100148.yaml,1100148,medium,double_block,2,17,4,21,True,7.7873,8.809,1.1312,-0.46314,-3.818885,1.496796,0.38147,3.922522,dense_regular
train,/root/leo_ws/results/comparison_benchmarks/benchmark_v10_dense_001/train/world_easy_double_block_seed_1100177.yaml,1100177,easy,double_block,2,16,4,20,True,7.5079,8.6467,1.1517,0.923514,-3.999632,2.208791,-2.916956,2.451671,dense_regular
train,/root/leo_ws/results/comparison_benchmarks/benchmark_v10_dense_001/train/world_medium_double_block_seed_1100157.yaml,1100157,medium,double_block,2,18,4,22,True,7.2729,8.2523,1.1347,2.959702,3.124646,-2.068268,-0.992599,-2.980652,dense_failed
train,/root/leo_ws/src/leo_pybullet/worlds/benchmark_v4_hard/train/world_easy_double_block_seed_300249.yaml,300249,easy,double_block,2,5,4,9,True,5.0677,6.0616,1.1961,-1.542749,2.398846,0.000272,3.520803,2.604689,original_hard
train,/root/leo_ws/results/comparison_benchmarks/benchmark_v10_dense_001/train/world_medium_double_block_seed_1100133.yaml,1100133,medium,double_block,2,16,4,20,True,4.9636,6.6765,1.3451,3.436906,-0.821604,2.620523,-0.59674,2.070974,dense_failed
train,/root/leo_ws/results/comparison_benchmarks/benchmark_v10_dense_001/train/world_medium_clear_seed_1100079.yaml,1100079,medium,clear,0,16,4,20,False,4.6919,4.8194,1.0272,-1.451788,3.00726,0.026725,3.233013,3.265843,dense_regular
train,/root/leo_ws/results/comparison_benchmarks/benchmark_v10_dense_001/train/world_easy_direct_block_seed_1100054.yaml,1100054,easy,direct_block,1,15,4,19,True,5.38,6.8478,1.2728,-0.275776,2.279143,-0.939695,2.905275,-2.059646,dense_regular
train,/root/leo_ws/results/comparison_benchmarks/benchmark_v10_dense_001/train/world_easy_double_block_seed_1100009.yaml,1100009,easy,double_block,2,15,4,19,True,6.3011,7.3804,1.1713,0.378626,-2.97169,1.892001,-1.089981,3.155839,dense_regular
train,/root/leo_ws/src/leo_pybullet/worlds/benchmark_v4_hard/train/world_medium_clear_seed_300031.yaml,300031,medium,clear,0,8,4,12,False,6.652,7.0627,1.0618,3.183729,-3.544146,2.787507,-3.275073,-1.95278,original_hard
train,/root/leo_ws/src/leo_pybullet/worlds/benchmark_v4_hard/train/world_hard_double_block_seed_300449.yaml,300449,hard,double_block,2,12,4,16,True,6.1346,8.5027,1.386,1.44954,-2.716499,2.151127,-1.792532,2.491355,original_hard
train,/root/leo_ws/results/comparison_benchmarks/benchmark_v10_dense_001/train/world_easy_double_block_seed_1100177.yaml,1100177,easy,double_block,2,16,4,20,True,7.5079,8.6467,1.1517,0.923514,-3.999632,2.208791,-2.916956,2.451671,dense_failed
train,/root/leo_ws/results/comparison_benchmarks/benchmark_v10_dense_001/train/world_hard_double_block_seed_1100212.yaml,1100212,hard,double_block,2,19,4,23,True,5.4172,7.4045,1.3669,0.88701,1.268637,-2.189916,-2.256602,-3.143102,dense_regular
train,/root/leo_ws/results/comparison_benchmarks/benchmark_v10_dense_001/train/world_easy_clear_seed_1100051.yaml,1100051,easy,clear,0,15,4,19,False,5.8929,6.0857,1.0327,-3.855781,-1.901038,-0.038526,2.024517,-1.516476,dense_regular
train,/root/leo_ws/results/comparison_benchmarks/benchmark_v10_dense_001/train/world_hard_double_block_seed_1100065.yaml,1100065,hard,double_block,2,19,4,23,True,5.2915,9.0022,1.7012,-1.655057,-2.108581,0.862356,1.202386,2.345096,dense_regular
train,/root/leo_ws/src/leo_pybullet/worlds/benchmark_v4_hard/train/world_easy_double_block_seed_300117.yaml,300117,easy,double_block,2,5,4,9,True,7.8281,8.5747,1.0954,0.138597,-3.656667,1.803471,-1.390484,4.020615,original_hard
train,/root/leo_ws/src/leo_pybullet/worlds/benchmark_v4_hard/train/world_hard_double_block_seed_300413.yaml,300413,hard,double_block,2,11,4,15,True,4.6801,6.1359,1.3111,0.197244,-2.220359,0.506408,4.07385,0.401714,original_hard
train,/root/leo_ws/results/comparison_benchmarks/benchmark_v10_dense_001/train/world_medium_double_block_seed_1100145.yaml,1100145,medium,double_block,2,18,4,22,True,6.8138,8.3759,1.2293,-3.969482,-1.031981,0.257302,2.334674,1.553677,dense_failed
train,/root/leo_ws/src/leo_pybullet/worlds/benchmark_v4_hard/train/world_medium_clear_seed_300343.yaml,300343,medium,clear,0,6,4,10,False,5.9279,6.1382,1.0355,3.864173,1.98567,-1.721617,3.178954,-3.902482,original_hard
train,/root/leo_ws/src/leo_pybullet/worlds/benchmark_v4_hard/train/world_medium_double_block_seed_300124.yaml,300124,medium,double_block,2,8,4,12,True,5.2692,6.5771,1.2482,1.749636,-3.357842,2.356307,-2.447112,-0.171617,original_hard
train,/root/leo_ws/results/comparison_benchmarks/benchmark_v10_dense_001/train/world_hard_double_block_seed_1100176.yaml,1100176,hard,double_block,2,18,4,22,True,4.7713,7.4467,1.5607,2.731229,-0.294232,-2.678559,-1.522647,-2.455125,dense_regular
train,/root/leo_ws/src/leo_pybullet/worlds/benchmark_v4_hard/train/world_easy_double_block_seed_300228.yaml,300228,easy,double_block,2,3,4,7,True,5.8398,6.8341,1.1703,-1.062032,-2.909031,0.515915,4.211825,-0.401188,original_hard
train,/root/leo_ws/results/comparison_benchmarks/benchmark_v10_dense_001/train/world_hard_double_block_seed_1100065.yaml,1100065,hard,double_block,2,19,4,23,True,5.2915,9.0022,1.7012,-1.655057,-2.108581,0.862356,1.202386,2.345096,dense_failed
train,/root/leo_ws/src/leo_pybullet/worlds/benchmark_v4_hard/train/world_easy_clear_seed_300243.yaml,300243,easy,clear,0,4,4,8,False,6.8914,7.3918,1.0726,-2.257092,-1.086948,0.584499,3.754915,2.281656,original_hard
train,/root/leo_ws/results/comparison_benchmarks/benchmark_v10_dense_001/train/world_easy_double_block_seed_1100012.yaml,1100012,easy,double_block,2,15,4,19,True,7.0566,7.8798,1.1167,3.994354,3.593883,-2.056985,0.484664,-2.528016,dense_failed
train,/root/leo_ws/results/comparison_benchmarks/benchmark_v10_dense_001/train/world_easy_clear_seed_1100027.yaml,1100027,easy,clear,0,14,4,18,False,6.7811,7.2923,1.0754,-3.796529,2.273939,-0.446252,2.23742,-0.820459,dense_regular
train,/root/leo_ws/src/leo_pybullet/worlds/benchmark_v4_hard/train/world_hard_direct_block_seed_300170.yaml,300170,hard,direct_block,1,10,4,14,True,6.8401,8.9037,1.3017,2.519967,-2.361354,2.476764,-2.935104,1.765274,original_hard
train,/root/leo_ws/results/comparison_benchmarks/benchmark_v10_dense_001/train/world_easy_double_block_seed_1100225.yaml,1100225,easy,double_block,2,14,4,18,True,6.3725,8.7849,1.3786,3.81769,3.314344,-1.631038,4.008905,-3.055257,dense_regular
train,/root/leo_ws/results/comparison_benchmarks/benchmark_v10_dense_001/train/world_hard_clear_seed_1100095.yaml,1100095,hard,clear,0,20,4,24,False,5.5207,6.001,1.087,4.047525,3.688178,-2.843751,-0.969828,1.385089,dense_regular
train,/root/leo_ws/src/leo_pybullet/worlds/benchmark_v4_hard/train/world_hard_double_block_seed_300161.yaml,300161,hard,double_block,2,13,4,17,True,5.1547,6.6627,1.2926,1.929088,0.264825,-2.508265,-2.162257,-2.870725,original_hard
train,/root/leo_ws/results/comparison_benchmarks/benchmark_v10_dense_001/train/world_medium_double_block_seed_1100037.yaml,1100037,medium,double_block,2,18,4,22,True,5.0849,7.8467,1.5431,-0.640977,1.297093,-1.705891,-1.572466,-3.701802,dense_regular
train,/root/leo_ws/results/comparison_benchmarks/benchmark_v10_dense_001/train/world_easy_double_block_seed_1100180.yaml,1100180,easy,double_block,2,15,4,19,True,5.253,6.329,1.2048,-0.053874,3.327933,-0.803053,3.676056,-0.370908,dense_regular
train,/root/leo_ws/src/leo_pybullet/worlds/benchmark_v4_hard/train/world_medium_clear_seed_300163.yaml,300163,medium,clear,0,7,4,11,False,7.4901,7.8708,1.0508,4.09927,-1.392642,3.040765,-3.314663,-0.327455,original_hard
train,/root/leo_ws/src/leo_pybullet/worlds/benchmark_v4_hard/train/world_hard_double_block_seed_300080.yaml,300080,hard,double_block,2,11,4,15,True,5.2739,6.6935,1.2692,3.284973,-2.121477,1.951863,1.7073,2.910959,original_hard
train,/root/leo_ws/src/leo_pybullet/worlds/benchmark_v4_hard/train/world_medium_double_block_seed_300049.yaml,300049,medium,double_block,2,8,4,12,True,4.7792,6.7735,1.4173,0.935965,2.795232,-1.402978,1.170654,-1.978176,original_hard
train,/root/leo_ws/src/leo_pybullet/worlds/benchmark_v4_hard/train/world_medium_double_block_seed_300265.yaml,300265,medium,double_block,2,9,4,13,True,5.2448,6.6708,1.2719,-0.193388,2.742383,-0.99506,2.684054,-1.642679,original_hard
train,/root/leo_ws/results/comparison_benchmarks/benchmark_v10_dense_001/train/world_easy_clear_seed_1100195.yaml,1100195,easy,clear,0,14,4,18,False,5.9863,6.3896,1.0674,-3.168944,-3.433707,1.296753,-1.647366,2.355987,dense_regular
train,/root/leo_ws/results/comparison_benchmarks/benchmark_v10_dense_001/train/world_medium_double_block_seed_1100160.yaml,1100160,medium,double_block,2,17,4,21,True,6.1105,9.2535,1.5144,-2.781623,-0.850584,0.025206,3.290908,-1.53031,dense_failed
train,/root/leo_ws/src/leo_pybullet/worlds/benchmark_v4_hard/train/world_easy_double_block_seed_300276.yaml,300276,easy,double_block,2,5,4,9,True,6.2591,7.2204,1.1536,1.664541,1.517938,-2.550748,-3.327126,-2.258267,original_hard
train,/root/leo_ws/results/comparison_benchmarks/benchmark_v10_dense_001/train/world_hard_clear_seed_1100227.yaml,1100227,hard,clear,0,18,4,22,False,7.0119,7.2057,1.0276,-4.248039,-0.890934,0.130107,2.754453,-0.528454,dense_regular
train,/root/leo_ws/src/leo_pybullet/worlds/benchmark_v4_hard/train/world_hard_direct_block_seed_300254.yaml,300254,hard,direct_block,1,14,4,18,True,4.7581,7.4571,1.5672,-0.275056,1.952041,-2.010447,-1.775966,-2.563152,original_hard
train,/root/leo_ws/results/comparison_benchmarks/benchmark_v10_dense_001/train/world_hard_double_block_seed_1100212.yaml,1100212,hard,double_block,2,19,4,23,True,5.4172,7.4045,1.3669,0.88701,1.268637,-2.189916,-2.256602,-3.143102,dense_failed
train,/root/leo_ws/results/comparison_benchmarks/benchmark_v10_dense_001/train/world_hard_direct_block_seed_1100218.yaml,1100218,hard,direct_block,1,18,4,22,True,4.6708,5.4627,1.1695,0.31056,3.330181,-1.845313,-0.964874,-1.163157,dense_regular
train,/root/leo_ws/src/leo_pybullet/worlds/benchmark_v4_hard/train/world_easy_clear_seed_300111.yaml,300111,easy,clear,0,3,4,7,False,5.3206,5.7141,1.074,-1.990661,1.727081,-0.412112,2.74716,-0.69402,original_hard
train,/root/leo_ws/src/leo_pybullet/worlds/benchmark_v4_hard/train/world_medium_double_block_seed_300121.yaml,300121,medium,double_block,2,6,4,10,True,4.5846,6.009,1.3107,-3.744695,3.849913,-1.053545,-1.098891,0.105765,original_hard
train,/root/leo_ws/src/leo_pybullet/worlds/benchmark_v4_hard/train/world_hard_double_block_seed_300404.yaml,300404,hard,double_block,2,13,4,17,True,5.4205,6.8227,1.2587,-3.454225,-0.810531,-0.509579,0.902813,-4.035075,original_hard
train,/root/leo_ws/src/leo_pybullet/worlds/benchmark_v4_hard/train/world_hard_double_block_seed_300056.yaml,300056,hard,double_block,2,12,4,16,True,5.9035,7.6227,1.2912,-1.630143,4.243983,-1.809857,-3.266632,-1.42817,original_hard
train,/root/leo_ws/results/comparison_benchmarks/benchmark_v10_dense_001/train/world_medium_direct_block_seed_1100082.yaml,1100082,medium,direct_block,1,16,4,20,True,8.0304,9.4765,1.1801,3.361537,-2.623189,2.804502,-4.194302,0.096351,dense_regular
train,/root/leo_ws/src/leo_pybullet/worlds/benchmark_v4_hard/train/world_medium_double_block_seed_300112.yaml,300112,medium,double_block,2,7,4,11,True,5.7428,7.0822,1.2332,4.100033,-1.235248,2.239057,0.222128,3.000519,original_hard
train,/root/leo_ws/src/leo_pybullet/worlds/benchmark_v4_hard/train/world_easy_clear_seed_300411.yaml,300411,easy,clear,0,3,4,7,False,6.7273,7.2559,1.0786,3.634283,-2.462527,-2.959227,-2.894591,-4.084558,original_hard
train,/root/leo_ws/results/comparison_benchmarks/benchmark_v10_dense_001/train/world_hard_direct_block_seed_1100098.yaml,1100098,hard,direct_block,1,20,4,24,True,5.963,7.761,1.3015,1.858777,-3.879423,2.429204,-3.029739,-0.464811,dense_regular
train,/root/leo_ws/src/leo_pybullet/worlds/benchmark_v4_hard/train/world_hard_clear_seed_300215.yaml,300215,hard,clear,0,14,4,18,False,6.5385,7.0878,1.084,-2.928737,0.162575,0.322446,3.201833,2.435888,original_hard
train,/root/leo_ws/results/comparison_benchmarks/benchmark_v10_dense_001/train/world_medium_double_block_seed_1100004.yaml,1100004,medium,double_block,2,18,4,22,True,5.1083,11.1712,2.1869,3.543948,-1.601903,1.899813,1.334295,3.003714,dense_failed
train,/root/leo_ws/results/comparison_benchmarks/benchmark_v10_dense_001/train/world_hard_double_block_seed_1100164.yaml,1100164,hard,double_block,2,19,4,23,True,5.5993,7.1347,1.2742,2.451235,2.429532,-1.596052,2.665206,-3.165643,dense_regular
train,/root/leo_ws/src/leo_pybullet/worlds/benchmark_v4_hard/train/world_medium_direct_block_seed_300166.yaml,300166,medium,direct_block,1,7,4,11,True,6.0554,6.9302,1.1445,-3.736561,-2.144614,-0.345629,1.992306,-4.106181,original_hard
train,/root/leo_ws/results/comparison_benchmarks/benchmark_v10_dense_001/train/world_easy_double_block_seed_1100021.yaml,1100021,easy,double_block,2,15,4,19,True,6.0047,6.8947,1.1482,2.965067,-0.391734,-3.101344,-3.026245,-0.79263,dense_failed
train,/root/leo_ws/src/leo_pybullet/worlds/benchmark_v4_hard/train/world_hard_double_block_seed_300308.yaml,300308,hard,double_block,2,12,4,16,True,5.5556,7.2147,1.2986,-3.36513,-2.530511,1.611294,-3.933956,2.995847,original_hard
train,/root/leo_ws/src/leo_pybullet/worlds/benchmark_v4_hard/train/world_easy_direct_block_seed_300246.yaml,300246,easy,direct_block,1,5,4,9,True,6.3523,6.9861,1.0998,0.655784,-4.05187,2.1829,-2.677294,1.355783,original_hard
train,/root/leo_ws/src/leo_pybullet/worlds/benchmark_v4_hard/train/world_hard_clear_seed_300155.yaml,300155,hard,clear,0,13,4,17,False,7.2279,7.3463,1.0164,3.943936,2.749142,-3.029843,-3.282096,2.913237,original_hard
train,/root/leo_ws/src/leo_pybullet/worlds/benchmark_v4_hard/train/world_hard_double_block_seed_300113.yaml,300113,hard,double_block,2,10,4,14,True,5.9392,7.2753,1.225,2.257653,3.54452,-2.485812,-2.316311,-0.243963,original_hard
train,/root/leo_ws/src/leo_pybullet/worlds/benchmark_v4_hard/train/world_medium_direct_block_seed_300214.yaml,300214,medium,direct_block,1,8,4,12,True,6.8562,7.8467,1.1445,-3.986708,3.670974,-0.615472,1.790169,-0.021644,original_hard
train,/root/leo_ws/results/comparison_benchmarks/benchmark_v10_dense_001/train/world_medium_double_block_seed_1100196.yaml,1100196,medium,double_block,2,16,4,20,True,6.8453,7.8822,1.1515,3.376629,-3.294185,1.611529,3.242079,3.549789,dense_failed
train,/root/leo_ws/src/leo_pybullet/worlds/benchmark_v4_hard/train/world_easy_double_block_seed_300045.yaml,300045,easy,double_block,2,5,4,9,True,5.2845,6.2684,1.1862,-0.802667,3.190272,-0.627614,3.657827,0.356596,original_hard
train,/root/leo_ws/src/leo_pybullet/worlds/benchmark_v4_hard/train/world_easy_clear_seed_300147.yaml,300147,easy,clear,0,5,4,9,False,5.1273,5.4045,1.0541,-2.817354,3.125505,-1.625941,-3.759766,-1.914462,original_hard
train,/root/leo_ws/results/comparison_benchmarks/benchmark_v10_dense_001/train/world_medium_double_block_seed_1100184.yaml,1100184,medium,double_block,2,17,4,21,True,6.38,8.3963,1.316,1.072577,3.662427,-1.922214,-0.661525,-2.477428,dense_failed
train,/root/leo_ws/src/leo_pybullet/worlds/benchmark_v4_hard/train/world_hard_double_block_seed_300437.yaml,300437,hard,double_block,2,10,4,14,True,5.5322,6.9141,1.2498,-2.225781,-0.953051,-0.066363,3.305429,-0.846816,original_hard
train,/root/leo_ws/results/comparison_benchmarks/benchmark_v10_dense_001/train/world_easy_direct_block_seed_1100174.yaml,1100174,easy,direct_block,1,15,4,19,True,6.3364,6.9472,1.0964,2.075335,-0.435964,2.685222,-3.881582,1.723858,dense_regular
train,/root/leo_ws/results/comparison_benchmarks/benchmark_v10_dense_001/train/world_medium_double_block_seed_1100112.yaml,1100112,medium,double_block,2,16,4,20,True,5.1699,6.7451,1.3047,-2.694987,0.704843,-0.267815,2.338582,-0.474438,dense_failed
train,/root/leo_ws/results/comparison_benchmarks/benchmark_v10_dense_001/train/world_easy_double_block_seed_1100144.yaml,1100144,easy,double_block,2,16,4,20,True,6.5834,7.4216,1.1273,-2.376245,-2.663733,-0.143222,4.205019,-2.831818,dense_regular
train,/root/leo_ws/src/leo_pybullet/worlds/benchmark_v4_hard/train/world_medium_double_block_seed_300376.yaml,300376,medium,double_block,2,9,4,13,True,5.6758,6.6878,1.1783,3.152727,2.518584,-3.039894,-2.522914,2.564029,original_hard
train,/root/leo_ws/src/leo_pybullet/worlds/benchmark_v4_hard/train/world_hard_double_block_seed_300341.yaml,300341,hard,double_block,2,14,4,18,True,5.566,8.5084,1.5286,-0.691329,-3.790402,1.573118,-0.415863,1.768754,original_hard
train,/root/leo_ws/src/leo_pybullet/worlds/benchmark_v4_hard/train/world_easy_clear_seed_300075.yaml,300075,easy,clear,0,5,4,9,False,6.4109,6.7243,1.0489,4.196825,-0.403368,-2.413252,-1.032101,-4.112565,original_hard
train,/root/leo_ws/src/leo_pybullet/worlds/benchmark_v4_hard/train/world_easy_direct_block_seed_300018.yaml,300018,easy,direct_block,1,5,4,9,True,7.5415,8.2159,1.0894,3.778035,-3.244353,-3.00282,-3.731559,-3.936933,original_hard
train,/root/leo_ws/src/leo_pybullet/worlds/benchmark_v4_hard/train/world_medium_double_block_seed_300244.yaml,300244,medium,double_block,2,7,4,11,True,5.0227,6.4639,1.287,3.949575,-0.22169,-2.234925,0.853225,-4.176404,original_hard
train,/root/leo_ws/results/comparison_benchmarks/benchmark_v10_dense_001/train/world_hard_double_block_seed_1100209.yaml,1100209,hard,double_block,2,19,4,23,True,5.4536,15.45,2.833,-2.174875,-2.266591,1.47628,-1.956312,3.182654,dense_failed
train,/root/leo_ws/src/leo_pybullet/worlds/benchmark_v4_hard/train/world_easy_clear_seed_300183.yaml,300183,easy,clear,0,5,4,9,False,4.9183,4.9918,1.0149,2.726684,2.706572,-2.402202,-0.824307,-0.696369,original_hard
train,/root/leo_ws/src/leo_pybullet/worlds/benchmark_v4_hard/train/world_medium_double_block_seed_300076.yaml,300076,medium,double_block,2,6,4,10,True,6.582,7.4353,1.1296,4.155262,1.374126,-3.124529,-2.413219,1.796378,original_hard
train,/root/leo_ws/results/comparison_benchmarks/benchmark_v10_dense_001/train/world_easy_direct_block_seed_1100150.yaml,1100150,easy,direct_block,1,15,4,19,True,4.8126,5.5565,1.1546,-1.671531,1.178424,-1.724641,-2.903727,-3.473721,dense_regular
train,/root/leo_ws/src/leo_pybullet/worlds/benchmark_v4_hard/train/world_medium_clear_seed_300235.yaml,300235,medium,clear,0,9,4,13,False,8.2174,8.392,1.0212,3.033642,-3.979665,1.582192,2.410162,4.214072,original_hard
train,/root/leo_ws/src/leo_pybullet/worlds/benchmark_v4_hard/train/world_medium_direct_block_seed_300154.yaml,300154,medium,direct_block,1,7,4,11,True,7.3287,8.6353,1.1783,4.197254,-4.159694,1.612438,2.944155,3.061059,original_hard
train,/root/leo_ws/results/comparison_benchmarks/benchmark_v10_dense_001/train/world_medium_double_block_seed_1100013.yaml,1100013,medium,double_block,2,18,4,22,True,4.5322,5.8457,1.2898,3.855244,1.47571,2.856687,-0.429182,2.9536,dense_failed
train,/root/leo_ws/src/leo_pybullet/worlds/benchmark_v4_hard/train/world_hard_clear_seed_300431.yaml,300431,hard,clear,0,14,4,18,False,6.4833,6.9359,1.0698,1.665472,-3.722341,1.971314,-0.040645,2.532407,original_hard
train,/root/leo_ws/src/leo_pybullet/worlds/benchmark_v4_hard/train/world_easy_double_block_seed_300189.yaml,300189,easy,double_block,2,3,4,7,True,4.5927,5.8045,1.2638,-1.41237,-0.429421,0.725596,2.392812,2.142311,original_hard
train,/root/leo_ws/src/leo_pybullet/worlds/benchmark_v4_hard/train/world_easy_direct_block_seed_300354.yaml,300354,easy,direct_block,1,4,4,8,True,5.8093,6.5472,1.127,-0.456094,3.09823,-2.194427,-3.489757,-1.856084,original_hard
train,/root/leo_ws/src/leo_pybullet/worlds/benchmark_v4_hard/train/world_hard_direct_block_seed_300410.yaml,300410,hard,direct_block,1,14,4,18,True,6.8884,9.1233,1.3244,0.329518,1.744139,-2.176957,-3.184785,-4.180367,original_hard
train,/root/leo_ws/results/comparison_benchmarks/benchmark_v10_dense_001/train/world_medium_direct_block_seed_1100178.yaml,1100178,medium,direct_block,1,16,4,20,True,5.8416,7.9929,1.3683,4.158687,1.608816,2.828689,-1.309842,3.663024,dense_regular
train,/root/leo_ws/results/comparison_benchmarks/benchmark_v10_dense_001/train/world_medium_clear_seed_1100139.yaml,1100139,medium,clear,0,16,4,20,False,5.753,5.9976,1.0425,-3.918955,1.535843,-0.078966,1.758683,0.607816,dense_regular
train,/root/leo_ws/results/comparison_benchmarks/benchmark_v10_dense_001/train/world_hard_double_block_seed_1100128.yaml,1100128,hard,double_block,2,18,4,22,True,5.889,7.9565,1.3511,-2.805505,1.75675,0.198972,2.764036,3.670022,dense_failed
train,/root/leo_ws/src/leo_pybullet/worlds/benchmark_v4_hard/train/world_medium_direct_block_seed_300394.yaml,300394,medium,direct_block,1,6,4,10,True,8.9277,10.0157,1.1219,-3.940029,2.403539,-0.915322,2.14065,-4.133237,original_hard
train,/root/leo_ws/src/leo_pybullet/worlds/benchmark_v4_hard/train/world_easy_direct_block_seed_300330.yaml,300330,easy,direct_block,1,4,4,8,True,8.0553,8.729,1.0836,4.216717,2.593249,3.068244,-3.822793,3.098076,original_hard
train,/root/leo_ws/results/comparison_benchmarks/benchmark_v10_dense_001/train/world_easy_double_block_seed_1100165.yaml,1100165,easy,double_block,2,15,4,19,True,8.3972,9.5986,1.1431,3.962778,-2.020301,2.568208,-3.28891,2.21368,dense_regular
train,/root/leo_ws/src/leo_pybullet/worlds/benchmark_v4_hard/train/world_hard_double_block_seed_300149.yaml,300149,hard,double_block,2,12,4,16,True,7.2602,8.5998,1.1845,-0.606184,-4.23985,0.82794,4.009943,1.363935,original_hard
train,/root/leo_ws/src/leo_pybullet/worlds/benchmark_v4_hard/train/world_medium_double_block_seed_300388.yaml,300388,medium,double_block,2,8,4,12,True,7.9242,9.0523,1.1424,0.66844,3.053088,-1.945797,-2.68599,-4.126091,original_hard
train,/root/leo_ws/results/comparison_benchmarks/benchmark_v10_dense_001/train/world_easy_double_block_seed_1100201.yaml,1100201,easy,double_block,2,14,4,18,True,4.9327,6.249,1.2668,-1.274543,-2.477454,1.604504,-1.528023,2.448778,dense_regular
train,/root/leo_ws/results/comparison_benchmarks/benchmark_v10_dense_001/train/world_easy_double_block_seed_1100093.yaml,1100093,easy,double_block,2,16,4,20,True,5.2368,6.4502,1.2317,-0.374764,-1.106469,2.020546,-3.137781,3.342058,dense_regular
train,/root/leo_ws/results/comparison_benchmarks/benchmark_v10_dense_001/train/world_easy_double_block_seed_1100144.yaml,1100144,easy,double_block,2,16,4,20,True,6.5834,7.4216,1.1273,-2.376245,-2.663733,-0.143222,4.205019,-2.831818,dense_failed
train,/root/leo_ws/src/leo_pybullet/worlds/benchmark_v4_hard/train/world_hard_double_block_seed_300233.yaml,300233,hard,double_block,2,13,4,17,True,5.754,7.049,1.2251,0.080284,1.265958,-0.77763,4.121935,-2.829653,original_hard
train,/root/leo_ws/src/leo_pybullet/worlds/benchmark_v4_hard/train/world_easy_double_block_seed_300069.yaml,300069,easy,double_block,2,5,4,9,True,5.6562,6.641,1.1741,3.950011,2.513994,-2.142614,1.305072,-2.485675,original_hard
train,/root/leo_ws/results/comparison_benchmarks/benchmark_v10_dense_001/train/world_easy_double_block_seed_1100081.yaml,1100081,easy,double_block,2,14,4,18,True,7.6016,8.3816,1.1026,-4.099096,3.408225,-0.213816,3.114617,1.011099,dense_regular
train,/root/leo_ws/results/comparison_benchmarks/benchmark_v10_dense_001/train/world_easy_double_block_seed_1100000.yaml,1100000,easy,double_block,2,15,4,19,True,6.8207,10.9141,1.6001,3.127941,-2.968147,1.720571,3.01706,3.851639,dense_failed
train,/root/leo_ws/src/leo_pybullet/worlds/benchmark_v4_hard/train/world_easy_double_block_seed_300369.yaml,300369,easy,double_block,2,4,4,8,True,6.2249,7.0822,1.1377,3.9868,-1.981874,2.013583,1.980518,3.91088,original_hard
train,/root/leo_ws/src/leo_pybullet/worlds/benchmark_v4_hard/train/world_hard_double_block_seed_300164.yaml,300164,hard,double_block,2,12,4,16,True,6.3129,10.3404,1.638,-3.291093,3.71797,-1.611516,-4.094842,-2.543565,original_hard
train,/root/leo_ws/results/comparison_benchmarks/benchmark_v10_dense_001/train/world_easy_direct_block_seed_1100126.yaml,1100126,easy,direct_block,1,15,4,19,True,6.0838,8.8114,1.4483,-3.334231,-2.723401,0.802114,0.853146,1.690022,dense_failed
train,/root/leo_ws/src/leo_pybullet/worlds/benchmark_v4_hard/train/world_medium_clear_seed_300415.yaml,300415,medium,clear,0,9,4,13,False,5.5186,5.9039,1.0698,1.340575,-1.171277,1.49864,2.412692,4.242221,original_hard
train,/root/leo_ws/src/leo_pybullet/worlds/benchmark_v4_hard/train/world_hard_direct_block_seed_300374.yaml,300374,hard,direct_block,1,13,4,17,True,5.7331,6.7176,1.1717,2.181369,2.284328,2.795766,-3.255267,4.104153,original_hard
train,/root/leo_ws/results/comparison_benchmarks/benchmark_v10_dense_001/train/world_medium_double_block_seed_1100037.yaml,1100037,medium,double_block,2,18,4,22,True,5.0849,7.8467,1.5431,-0.640977,1.297093,-1.705891,-1.572466,-3.701802,dense_failed
train,/root/leo_ws/results/comparison_benchmarks/benchmark_v10_dense_001/train/world_medium_direct_block_seed_1100214.yaml,1100214,medium,direct_block,1,17,4,21,True,5.3735,6.2959,1.1716,2.487642,-3.356281,2.115407,-0.147617,1.326692,dense_failed
train,/root/leo_ws/results/comparison_benchmarks/benchmark_v10_dense_001/train/world_hard_double_block_seed_1100104.yaml,1100104,hard,double_block,2,19,4,23,True,5.6599,9.8627,1.7426,3.09686,2.510417,-1.745644,2.214237,-3.080257,dense_failed
train,/root/leo_ws/results/comparison_benchmarks/benchmark_v10_dense_001/train/world_hard_double_block_seed_1100065.yaml,1100065,hard,double_block,2,19,4,23,True,5.2915,9.0022,1.7012,-1.655057,-2.108581,0.862356,1.202386,2.345096,dense_failed
train,/root/leo_ws/results/comparison_benchmarks/benchmark_v10_dense_001/train/world_hard_direct_block_seed_1100014.yaml,1100014,hard,direct_block,1,19,4,23,True,4.7329,6.7896,1.4345,-1.254275,1.216389,-1.998174,-3.081125,-3.149774,dense_regular
train,/root/leo_ws/results/comparison_benchmarks/benchmark_v10_dense_001/train/world_medium_double_block_seed_1100004.yaml,1100004,medium,double_block,2,18,4,22,True,5.1083,11.1712,2.1869,3.543948,-1.601903,1.899813,1.334295,3.003714,dense_failed
train,/root/leo_ws/src/leo_pybullet/worlds/benchmark_v4_hard/train/world_medium_double_block_seed_300301.yaml,300301,medium,double_block,2,8,4,12,True,5.323,6.7702,1.2719,-1.779314,2.201229,-1.038715,0.88522,-2.406854,original_hard
train,/root/leo_ws/src/leo_pybullet/worlds/benchmark_v4_hard/train/world_easy_direct_block_seed_300222.yaml,300222,easy,direct_block,1,4,4,8,True,4.7113,5.4959,1.1665,0.096525,-0.193233,2.096689,-1.871131,4.087507,original_hard
train,/root/leo_ws/results/comparison_benchmarks/benchmark_v10_dense_001/train/world_easy_direct_block_seed_1100090.yaml,1100090,easy,direct_block,1,14,4,18,True,5.8822,6.801,1.1562,-2.611834,-1.529821,1.137768,0.512445,3.45409,dense_regular
train,/root/leo_ws/src/leo_pybullet/worlds/benchmark_v4_hard/train/world_hard_double_block_seed_300425.yaml,300425,hard,double_block,2,11,4,15,True,5.0991,6.4971,1.2742,-3.98623,-1.786928,0.85053,-0.784891,2.181947,original_hard
train,/root/leo_ws/results/comparison_benchmarks/benchmark_v10_dense_001/train/world_medium_direct_block_seed_1100154.yaml,1100154,medium,direct_block,1,18,4,22,True,5.0433,6.2433,1.2379,3.717375,0.689634,-2.556229,-0.302541,-2.35592,dense_regular
train,/root/leo_ws/results/comparison_benchmarks/benchmark_v10_dense_001/train/world_hard_double_block_seed_1100068.yaml,1100068,hard,double_block,2,19,4,23,True,5.0267,7.7359,1.539,2.57368,-2.497447,-2.992917,-2.428045,-2.998098,dense_failed
train,/root/leo_ws/results/comparison_benchmarks/benchmark_v10_dense_001/train/world_easy_double_block_seed_1100048.yaml,1100048,easy,double_block,2,16,4,20,True,5.1011,6.2296,1.2212,-0.763653,2.285108,-0.763541,3.256406,-0.854955,dense_failed
train,/root/leo_ws/src/leo_pybullet/worlds/benchmark_v4_hard/train/world_easy_double_block_seed_300348.yaml,300348,easy,double_block,2,3,4,7,True,5.4674,6.569,1.2015,-0.02667,-3.428706,2.213227,-3.599879,0.709469,original_hard
train,/root/leo_ws/src/leo_pybullet/worlds/benchmark_v4_hard/train/world_medium_clear_seed_300295.yaml,300295,medium,clear,0,9,4,13,False,5.5242,6.0147,1.0888,-1.121713,-3.832236,0.382,3.964526,-1.67661,original_hard
train,/root/leo_ws/results/comparison_benchmarks/benchmark_v10_dense_001/train/world_hard_double_block_seed_1100173.yaml,1100173,hard,double_block,2,19,4,23,True,5.1067,10.1392,1.9855,0.76474,-1.255355,-2.841614,-4.093541,-2.828854,dense_failed
train,/root/leo_ws/results/comparison_benchmarks/benchmark_v10_dense_001/train/world_medium_double_block_seed_1100157.yaml,1100157,medium,double_block,2,18,4,22,True,7.2729,8.2523,1.1347,2.959702,3.124646,-2.068268,-0.992599,-2.980652,dense_regular
train,/root/leo_ws/src/leo_pybullet/worlds/benchmark_v4_hard/train/world_hard_double_block_seed_300077.yaml,300077,hard,double_block,2,12,4,16,True,4.6511,6.5027,1.3981,-2.463709,2.378015,-1.77945,-3.384729,-2.180983,original_hard
train,/root/leo_ws/results/comparison_benchmarks/benchmark_v10_dense_001/train/world_easy_double_block_seed_1100048.yaml,1100048,easy,double_block,2,16,4,20,True,5.1011,6.2296,1.2212,-0.763653,2.285108,-0.763541,3.256406,-0.854955,dense_regular
train,/root/leo_ws/src/leo_pybullet/worlds/benchmark_v4_hard/train/world_hard_direct_block_seed_300326.yaml,300326,hard,direct_block,1,12,4,16,True,5.7238,6.8582,1.1982,-2.31268,-0.168579,0.339471,3.100244,1.692078,original_hard
train,/root/leo_ws/src/leo_pybullet/worlds/benchmark_v4_hard/train/world_medium_direct_block_seed_300358.yaml,300358,medium,direct_block,1,9,4,13,True,6.0356,6.8753,1.1391,-2.748165,2.972748,-1.620645,-2.408892,-3.053261,original_hard
train,/root/leo_ws/src/leo_pybullet/worlds/benchmark_v4_hard/train/world_hard_double_block_seed_300068.yaml,300068,hard,double_block,2,14,4,18,True,5.9083,8.0284,1.3588,-0.219232,-3.842323,1.253962,1.822653,1.701971,original_hard
train,/root/leo_ws/src/leo_pybullet/worlds/benchmark_v4_hard/train/world_easy_double_block_seed_300297.yaml,300297,easy,double_block,2,5,4,9,True,5.0486,6.1439,1.2169,-0.822883,-2.657414,0.116293,4.076685,-1.439632,original_hard
train,/root/leo_ws/results/comparison_benchmarks/benchmark_v10_dense_001/train/world_medium_clear_seed_1100103.yaml,1100103,medium,clear,0,16,4,20,False,5.4221,5.7633,1.0629,-2.792246,0.104745,0.332079,2.461889,1.443894,dense_regular
train,/root/leo_ws/src/leo_pybullet/worlds/benchmark_v4_hard/train/world_easy_double_block_seed_300381.yaml,300381,easy,double_block,2,5,4,9,True,4.9608,6.1576,1.2413,0.730153,-3.818305,2.970569,-4.01403,-2.368283,original_hard
train,/root/leo_ws/src/leo_pybullet/worlds/benchmark_v4_hard/train/world_easy_double_block_seed_300300.yaml,300300,easy,double_block,2,3,4,7,True,4.5795,5.6365,1.2308,-0.272243,0.353256,2.355569,-3.848844,3.213282,original_hard
train,/root/leo_ws/src/leo_pybullet/worlds/benchmark_v4_hard/train/world_easy_clear_seed_300399.yaml,300399,easy,clear,0,3,4,7,False,4.8607,5.1267,1.0547,-3.56105,-1.377099,-0.587177,0.439169,-4.138316,original_hard
train,/root/leo_ws/results/comparison_benchmarks/benchmark_v10_dense_001/train/world_easy_direct_block_seed_1100126.yaml,1100126,easy,direct_block,1,15,4,19,True,6.0838,8.8114,1.4483,-3.334231,-2.723401,0.802114,0.853146,1.690022,dense_regular
train,/root/leo_ws/results/comparison_benchmarks/benchmark_v10_dense_001/train/world_easy_double_block_seed_1100129.yaml,1100129,easy,double_block,2,14,4,18,True,7.7485,9.0855,1.1725,1.04151,3.093264,-2.374979,-3.785197,-2.968314,dense_regular
train,/root/leo_ws/results/comparison_benchmarks/benchmark_v10_dense_001/train/world_hard_double_block_seed_1100032.yaml,1100032,hard,double_block,2,20,4,24,True,5.5506,8.0445,1.4493,0.203166,1.294297,-1.8636,-1.843259,-3.865315,dense_regular
train,/root/leo_ws/results/comparison_benchmarks/benchmark_v10_dense_001/train/world_medium_double_block_seed_1100004.yaml,1100004,medium,double_block,2,18,4,22,True,5.1083,11.1712,2.1869,3.543948,-1.601903,1.899813,1.334295,3.003714,dense_failed
train,/root/leo_ws/src/leo_pybullet/worlds/benchmark_v4_hard/train/world_easy_double_block_seed_300000.yaml,300000,easy,double_block,2,5,4,9,True,4.7329,5.9096,1.2486,-2.117236,-0.94813,-0.407975,2.136289,-3.023757,original_hard
train,/root/leo_ws/src/leo_pybullet/worlds/benchmark_v4_hard/train/world_easy_double_block_seed_300336.yaml,300336,easy,double_block,2,5,4,9,True,7.5991,8.7986,1.1578,-1.800723,-1.407453,0.709038,3.848541,3.675092,original_hard
train,/root/leo_ws/results/comparison_benchmarks/benchmark_v10_dense_001/train/world_easy_direct_block_seed_1100018.yaml,1100018,easy,direct_block,1,15,4,19,True,4.5155,6.6684,1.4768,-0.333125,-3.949053,1.354313,1.04223,0.351878,dense_regular
train,/root/leo_ws/src/leo_pybullet/worlds/benchmark_v4_hard/train/world_easy_double_block_seed_300048.yaml,300048,easy,double_block,2,5,4,9,True,4.9611,6.1884,1.2474,-1.12105,-0.61389,0.358905,3.497192,1.198462,original_hard
train,/root/leo_ws/src/leo_pybullet/worlds/benchmark_v4_hard/train/world_medium_double_block_seed_300193.yaml,300193,medium,double_block,2,9,4,13,True,5.9007,7.9176,1.3418,-3.5697,-2.118308,0.577086,1.593508,0.738195,original_hard
train,/root/leo_ws/results/comparison_benchmarks/benchmark_v10_dense_001/train/world_easy_clear_seed_1100159.yaml,1100159,easy,clear,0,15,4,19,False,5.0727,5.1049,1.0064,2.846867,0.117766,2.311138,-0.639311,3.802677,dense_failed
train,/root/leo_ws/src/leo_pybullet/worlds/benchmark_v4_hard/train/world_easy_direct_block_seed_300174.yaml,300174,easy,direct_block,1,4,4,8,True,7.6599,8.3153,1.0856,0.75673,3.94722,-1.393545,2.228646,-3.56995,original_hard
train,/root/leo_ws/src/leo_pybullet/worlds/benchmark_v4_hard/train/world_easy_direct_block_seed_300270.yaml,300270,easy,direct_block,1,3,4,7,True,4.5314,5.5508,1.225,0.853604,3.864252,-2.067087,-1.433951,-0.047312,original_hard
train,/root/leo_ws/results/comparison_benchmarks/benchmark_v10_dense_001/train/world_hard_double_block_seed_1100089.yaml,1100089,hard,double_block,2,19,4,23,True,6.0089,7.449,1.2397,-2.334619,-0.373309,0.776686,1.757974,4.026461,dense_failed
train,/root/leo_ws/src/leo_pybullet/worlds/benchmark_v4_hard/train/world_medium_clear_seed_300079.yaml,300079,medium,clear,0,9,4,13,False,6.6129,7.0992,1.0735,2.557323,2.507184,-2.085114,-0.523428,-3.344252,original_hard
train,/root/leo_ws/src/leo_pybullet/worlds/benchmark_v4_hard/train/world_medium_double_block_seed_300100.yaml,300100,medium,double_block,2,6,4,10,True,6.3826,7.5872,1.1887,-1.317023,1.923084,-0.867312,3.149786,-2.636031,original_hard
train,/root/leo_ws/results/comparison_benchmarks/benchmark_v10_dense_001/train/world_easy_double_block_seed_1100108.yaml,1100108,easy,double_block,2,14,4,18,True,7.3658,8.5392,1.1593,-4.178156,2.59615,-0.868138,0.383943,-3.186804,dense_failed
train,/root/leo_ws/results/comparison_benchmarks/benchmark_v10_dense_001/train/world_easy_direct_block_seed_1100234.yaml,1100234,easy,direct_block,1,14,4,18,True,5.2761,6.1359,1.1629,3.559065,4.014069,-2.095795,1.172218,-0.691319,dense_regular
train,/root/leo_ws/src/leo_pybullet/worlds/benchmark_v4_hard/train/world_easy_direct_block_seed_300090.yaml,300090,easy,direct_block,1,5,4,9,True,6.9943,7.5792,1.0836,1.28131,-2.969247,1.894264,-1.753112,3.332519,original_hard
train,/root/leo_ws/results/comparison_benchmarks/benchmark_v10_dense_001/train/world_medium_direct_block_seed_1100106.yaml,1100106,medium,direct_block,1,18,4,22,True,6.3371,7.1347,1.1259,2.661041,0.662249,2.842931,-3.132472,3.230163,dense_regular
train,/root/leo_ws/results/comparison_benchmarks/benchmark_v10_dense_001/train/world_medium_double_block_seed_1100112.yaml,1100112,medium,double_block,2,16,4,20,True,5.1699,6.7451,1.3047,-2.694987,0.704843,-0.267815,2.338582,-0.474438,dense_regular
train,/root/leo_ws/src/leo_pybullet/worlds/benchmark_v4_hard/train/world_medium_double_block_seed_300157.yaml,300157,medium,double_block,2,9,4,13,True,6.1122,7.2365,1.1839,-0.159971,-1.524641,1.242062,2.273659,4.082175,original_hard
train,/root/leo_ws/results/comparison_benchmarks/benchmark_v10_dense_001/train/world_hard_double_block_seed_1100080.yaml,1100080,hard,double_block,2,18,4,22,True,4.6332,7.5816,1.6363,2.610065,-4.105313,2.183668,-0.349155,-0.540232,dense_regular
train,/root/leo_ws/results/comparison_benchmarks/benchmark_v10_dense_001/train/world_hard_double_block_seed_1100008.yaml,1100008,hard,double_block,2,18,4,22,True,4.8495,17.539,3.6166,2.053034,3.859543,-2.348224,-1.360015,0.414372,dense_regular
train,/root/leo_ws/results/comparison_benchmarks/benchmark_v10_dense_001/train/world_easy_double_block_seed_1100237.yaml,1100237,easy,double_block,2,15,4,19,True,5.044,6.8147,1.3511,-2.780943,-3.680064,1.29206,-1.593509,1.222164,dense_failed
train,/root/leo_ws/results/comparison_benchmarks/benchmark_v10_dense_001/train/world_medium_double_block_seed_1100133.yaml,1100133,medium,double_block,2,16,4,20,True,4.9636,6.6765,1.3451,3.436906,-0.821604,2.620523,-0.59674,2.070974,dense_failed
train,/root/leo_ws/results/comparison_benchmarks/benchmark_v10_dense_001/train/world_medium_double_block_seed_1100172.yaml,1100172,medium,double_block,2,18,4,22,True,8.6,10.6386,1.237,3.258958,4.140694,-1.941375,-0.851094,-3.413625,dense_regular
train,/root/leo_ws/src/leo_pybullet/worlds/benchmark_v4_hard/train/world_hard_clear_seed_300299.yaml,300299,hard,clear,0,10,4,14,False,5.2602,5.3463,1.0164,2.611476,1.892564,3.107485,-2.646462,2.047607,original_hard
train,/root/leo_ws/results/comparison_benchmarks/benchmark_v10_dense_001/train/world_medium_double_block_seed_1100124.yaml,1100124,medium,double_block,2,18,4,22,True,7.7638,11.3359,1.4601,-3.606593,3.197798,-0.963207,1.339851,-2.786225,dense_failed
train,/root/leo_ws/src/leo_pybullet/worlds/benchmark_v4_hard/train/world_easy_clear_seed_300219.yaml,300219,easy,clear,0,3,4,7,False,6.792,7.1508,1.0528,-0.657347,2.737545,-1.767576,-1.714695,-3.971646,original_hard
train,/root/leo_ws/src/leo_pybullet/worlds/benchmark_v4_hard/train/world_easy_clear_seed_300015.yaml,300015,easy,clear,0,5,4,9,False,5.4496,5.8798,1.0789,1.050833,-2.880979,1.147524,3.897318,1.766115,original_hard
train,/root/leo_ws/results/comparison_benchmarks/benchmark_v10_dense_001/train/world_easy_double_block_seed_1100228.yaml,1100228,easy,double_block,2,14,4,18,True,6.0985,7.1735,1.1763,-2.665623,3.896519,-1.281115,-0.595146,-1.839708,dense_failed
train,/root/leo_ws/results/comparison_benchmarks/benchmark_v10_dense_001/train/world_medium_direct_block_seed_1100046.yaml,1100046,medium,direct_block,1,16,4,20,True,6.372,7.1565,1.1231,-1.17549,3.779429,-1.298738,0.542703,-2.356508,dense_regular
train,/root/leo_ws/results/comparison_benchmarks/benchmark_v10_dense_001/train/world_hard_double_block_seed_1100089.yaml,1100089,hard,double_block,2,19,4,23,True,6.0089,7.449,1.2397,-2.334619,-0.373309,0.776686,1.757974,4.026461,dense_failed
train,/root/leo_ws/results/comparison_benchmarks/benchmark_v10_dense_001/train/world_easy_double_block_seed_1100105.yaml,1100105,easy,double_block,2,14,4,18,True,4.501,5.5976,1.2437,3.414242,3.167708,-1.886763,1.927762,-1.080726,dense_regular
train,/root/leo_ws/src/leo_pybullet/worlds/benchmark_v4_hard/train/world_hard_double_block_seed_300272.yaml,300272,hard,double_block,2,11,4,15,True,5.0291,6.4422,1.281,3.978327,-0.554369,-2.41831,-0.100943,-3.495779,original_hard
train,/root/leo_ws/src/leo_pybullet/worlds/benchmark_v4_hard/train/world_hard_clear_seed_300227.yaml,300227,hard,clear,0,12,4,16,False,4.5491,4.889,1.0747,1.189133,-1.32633,1.970405,-0.5806,2.864465,original_hard
train,/root/leo_ws/src/leo_pybullet/worlds/benchmark_v4_hard/train/world_medium_clear_seed_300391.yaml,300391,medium,clear,0,6,4,10,False,4.894,5.0982,1.0417,3.277366,-0.869953,1.636102,2.524124,3.965691,original_hard
train,/root/leo_ws/results/comparison_benchmarks/benchmark_v10_dense_001/train/world_medium_double_block_seed_1100112.yaml,1100112,medium,double_block,2,16,4,20,True,5.1699,6.7451,1.3047,-2.694987,0.704843,-0.267815,2.338582,-0.474438,dense_failed
train,/root/leo_ws/src/leo_pybullet/worlds/benchmark_v4_hard/train/world_medium_clear_seed_300091.yaml,300091,medium,clear,0,9,4,13,False,7.7691,8.2296,1.0593,4.227869,-1.726539,2.858278,-3.383402,-0.168644,original_hard
train,/root/leo_ws/src/leo_pybullet/worlds/benchmark_v4_hard/train/world_medium_direct_block_seed_300382.yaml,300382,medium,direct_block,1,8,4,12,True,7.9714,9.2043,1.1547,1.920518,-3.500334,2.413201,-3.842622,2.006926,original_hard
train,/root/leo_ws/src/leo_pybullet/worlds/benchmark_v4_hard/train/world_easy_double_block_seed_300165.yaml,300165,easy,double_block,2,3,4,7,True,5.6579,6.7484,1.1928,3.179422,3.343779,-2.207813,-0.632346,-0.837357,original_hard
train,/root/leo_ws/src/leo_pybullet/worlds/benchmark_v4_hard/train/world_medium_double_block_seed_300208.yaml,300208,medium,double_block,2,6,4,10,True,5.4114,6.7371,1.245,-1.024706,1.656192,-0.45048,3.533657,-1.26008,original_hard
train,/root/leo_ws/results/comparison_benchmarks/benchmark_v10_dense_001/train/world_easy_double_block_seed_1100069.yaml,1100069,easy,double_block,2,14,4,18,True,7.6413,9.4547,1.2373,1.423842,-3.321196,2.141134,-3.211922,2.753277,dense_failed
train,/root/leo_ws/src/leo_pybullet/worlds/benchmark_v4_hard/train/world_medium_double_block_seed_300436.yaml,300436,medium,double_block,2,7,4,11,True,6.3871,7.5233,1.1779,4.14762,2.485508,-2.935473,-2.16044,1.483668,original_hard
train,/root/leo_ws/results/comparison_benchmarks/benchmark_v10_dense_001/train/world_medium_double_block_seed_1100049.yaml,1100049,medium,double_block,2,16,4,20,True,5.8501,7.2147,1.2333,-1.891397,-1.972869,0.202154,3.826378,-0.735618,dense_failed
train,/root/leo_ws/results/comparison_benchmarks/benchmark_v10_dense_001/train/world_hard_clear_seed_1100071.yaml,1100071,hard,clear,0,19,4,23,False,4.5821,4.9302,1.076,-1.108539,0.011318,-0.383516,3.309364,-1.204273,dense_regular
train,/root/leo_ws/src/leo_pybullet/worlds/benchmark_v4_hard/train/world_easy_double_block_seed_300321.yaml,300321,easy,double_block,2,5,4,9,True,5.2744,6.5335,1.2387,-1.14505,2.474241,-0.514326,3.523579,0.020013,original_hard
train,/root/leo_ws/results/comparison_benchmarks/benchmark_v10_dense_001/train/world_medium_double_block_seed_1100028.yaml,1100028,medium,double_block,2,16,4,20,True,6.0116,8.4478,1.4053,3.9503,0.998712,-2.461368,-0.208832,-3.341932,dense_failed
train,/root/leo_ws/src/leo_pybullet/worlds/benchmark_v4_hard/train/world_medium_double_block_seed_300337.yaml,300337,medium,double_block,2,8,4,12,True,7.7814,8.7622,1.126,1.921472,3.291919,-1.249973,3.938429,-4.223527,original_hard
train,/root/leo_ws/src/leo_pybullet/worlds/benchmark_v4_hard/train/world_medium_clear_seed_300151.yaml,300151,medium,clear,0,8,4,12,False,4.5423,4.6925,1.0331,0.826638,3.445991,3.081078,-3.707913,3.180589,original_hard
train,/root/leo_ws/src/leo_pybullet/worlds/benchmark_v4_hard/train/world_hard_double_block_seed_300209.yaml,300209,hard,double_block,2,13,4,17,True,5.9413,7.7416,1.303,1.292087,-2.40234,1.715044,0.544807,3.491727,original_hard
train,/root/leo_ws/src/leo_pybullet/worlds/benchmark_v4_hard/train/world_medium_double_block_seed_300445.yaml,300445,medium,double_block,2,6,4,10,True,7.1233,8.1004,1.1372,-2.798979,-2.167683,0.316919,4.155642,-0.626859,original_hard
train,/root/leo_ws/src/leo_pybullet/worlds/benchmark_v4_hard/train/world_hard_direct_block_seed_300182.yaml,300182,hard,direct_block,1,10,4,14,True,4.5536,5.6502,1.2408,1.477945,2.469756,-2.186706,-1.312292,-1.12887,original_hard
train,/root/leo_ws/results/comparison_benchmarks/benchmark_v10_dense_001/train/world_hard_clear_seed_1100203.yaml,1100203,hard,clear,0,19,4,23,False,5.0537,5.272,1.0432,-1.732962,3.214896,0.201549,3.288544,3.784853,dense_regular
train,/root/leo_ws/results/comparison_benchmarks/benchmark_v10_dense_001/train/world_easy_double_block_seed_1100204.yaml,1100204,easy,double_block,2,14,4,18,True,5.1971,6.3233,1.2167,-1.420816,-1.29279,1.597988,-1.043317,3.890621,dense_failed
train,/root/leo_ws/src/leo_pybullet/worlds/benchmark_v4_hard/train/world_medium_double_block_seed_300448.yaml,300448,medium,double_block,2,7,4,11,True,5.7103,6.881,1.205,-2.609401,-2.370945,0.32487,3.001798,-1.311759,original_hard
train,/root/leo_ws/results/comparison_benchmarks/benchmark_v10_dense_001/train/world_easy_double_block_seed_1100120.yaml,1100120,easy,double_block,2,16,4,20,True,4.5962,5.5759,1.2132,1.219453,-3.94355,1.429293,1.270403,0.652339,dense_regular
train,/root/leo_ws/src/leo_pybullet/worlds/benchmark_v4_hard/train/world_medium_clear_seed_300067.yaml,300067,medium,clear,0,7,4,11,False,5.3752,5.3974,1.0041,1.915596,0.264267,2.347427,-1.936107,4.013569,original_hard
train,/root/leo_ws/src/leo_pybullet/worlds/benchmark_v4_hard/train/world_medium_double_block_seed_300205.yaml,300205,medium,double_block,2,9,4,13,True,5.8771,7.289,1.2402,3.284599,-4.207802,2.595391,-1.305758,-0.537764,original_hard
train,/root/leo_ws/results/comparison_benchmarks/benchmark_v10_dense_001/train/world_hard_double_block_seed_1100188.yaml,1100188,hard,double_block,2,18,4,22,True,7.0327,8.7153,1.2393,3.085142,1.309839,-2.555331,-2.642344,-2.771175,dense_failed
train,/root/leo_ws/results/comparison_benchmarks/benchmark_v10_dense_001/train/world_medium_double_block_seed_1100157.yaml,1100157,medium,double_block,2,18,4,22,True,7.2729,8.2523,1.1347,2.959702,3.124646,-2.068268,-0.992599,-2.980652,dense_failed
train,/root/leo_ws/src/leo_pybullet/worlds/benchmark_v4_hard/train/world_easy_clear_seed_300387.yaml,300387,easy,clear,0,5,4,9,False,5.9545,6.3049,1.0589,2.714853,-2.488111,2.666198,-2.179376,0.90338,original_hard
train,/root/leo_ws/src/leo_pybullet/worlds/benchmark_v4_hard/train/world_easy_double_block_seed_300324.yaml,300324,easy,double_block,2,3,4,7,True,5.8874,6.7404,1.1449,-1.932744,3.898807,-1.953897,-3.404311,-1.801706,original_hard
train,/root/leo_ws/src/leo_pybullet/worlds/benchmark_v4_hard/train/world_hard_double_block_seed_300368.yaml,300368,hard,double_block,2,12,4,16,True,5.638,7.0902,1.2576,0.032128,-1.091548,2.076738,-3.155834,3.558569,original_hard
train,/root/leo_ws/src/leo_pybullet/worlds/benchmark_v4_hard/train/world_hard_direct_block_seed_300074.yaml,300074,hard,direct_block,1,11,4,15,True,4.9337,6.6902,1.356,4.098706,-1.829141,2.550945,0.302958,1.322619,original_hard
train,/root/leo_ws/results/comparison_benchmarks/benchmark_v10_dense_001/train/world_hard_direct_block_seed_1100074.yaml,1100074,hard,direct_block,1,19,4,23,True,8.4654,9.9849,1.1795,-3.639031,-1.958796,0.824163,2.180805,4.188793,dense_regular
train,/root/leo_ws/results/comparison_benchmarks/benchmark_v10_dense_001/train/world_hard_double_block_seed_1100005.yaml,1100005,hard,double_block,2,20,4,24,True,6.8308,8.1998,1.2004,3.239233,-0.025235,3.043487,-3.516675,0.983771,dense_failed
train,/root/leo_ws/src/leo_pybullet/worlds/benchmark_v4_hard/train/world_medium_double_block_seed_300328.yaml,300328,medium,double_block,2,9,4,13,True,7.4171,9.4467,1.2736,3.72618,-2.467903,2.183807,-0.96282,3.278956,original_hard
train,/root/leo_ws/results/comparison_benchmarks/benchmark_v10_dense_001/train/world_medium_double_block_seed_1100220.yaml,1100220,medium,double_block,2,18,4,22,True,7.1789,10.57,1.4724,-3.092848,1.175912,0.454853,3.623736,3.710573,dense_regular
train,/root/leo_ws/src/leo_pybullet/worlds/benchmark_v4_hard/train/world_medium_direct_block_seed_300226.yaml,300226,medium,direct_block,1,6,4,10,True,4.5417,5.6776,1.2501,0.401098,-3.190899,2.252527,-2.057511,0.627771,original_hard
train,/root/leo_ws/src/leo_pybullet/worlds/benchmark_v4_hard/train/world_easy_double_block_seed_300057.yaml,300057,easy,double_block,2,4,4,8,True,7.1953,8.1061,1.1266,-2.194952,-4.209897,0.575714,4.08769,-0.702731,original_hard
train,/root/leo_ws/src/leo_pybullet/worlds/benchmark_v4_hard/train/world_hard_double_block_seed_300356.yaml,300356,hard,double_block,2,14,4,18,True,5.8728,9.6947,1.6508,1.899594,2.986804,-1.53034,1.999842,-2.88513,original_hard
train,/root/leo_ws/src/leo_pybullet/worlds/benchmark_v4_hard/train/world_medium_double_block_seed_300040.yaml,300040,medium,double_block,2,9,4,13,True,8.9178,10.1586,1.1391,4.094061,1.742832,-2.777481,-3.731806,-2.53301,original_hard
train,/root/leo_ws/src/leo_pybullet/worlds/benchmark_v4_hard/train/world_hard_direct_block_seed_300206.yaml,300206,hard,direct_block,1,12,4,16,True,5.425,6.5359,1.2048,-4.020955,0.663053,-0.964875,-0.969233,-3.822218,original_hard
train,/root/leo_ws/results/comparison_benchmarks/benchmark_v10_dense_001/train/world_hard_double_block_seed_1100152.yaml,1100152,hard,double_block,2,19,4,23,True,4.7775,6.1576,1.2889,1.805729,-3.670433,2.405105,-1.768557,-0.500486,dense_failed
train,/root/leo_ws/results/comparison_benchmarks/benchmark_v10_dense_001/train/world_medium_double_block_seed_1100208.yaml,1100208,medium,double_block,2,17,4,21,True,5.7299,7.281,1.2707,-0.813581,-4.013914,1.60381,-1.522634,1.6719,dense_regular
train,/root/leo_ws/results/comparison_benchmarks/benchmark_v10_dense_001/train/world_medium_clear_seed_1100067.yaml,1100067,medium,clear,0,18,4,22,False,4.9151,4.88,0.9929,-1.27632,0.601232,-0.01249,3.638706,0.63438,dense_regular
train,/root/leo_ws/results/comparison_benchmarks/benchmark_v10_dense_001/train/world_hard_double_block_seed_1100212.yaml,1100212,hard,double_block,2,19,4,23,True,5.4172,7.4045,1.3669,0.88701,1.268637,-2.189916,-2.256602,-3.143102,dense_failed
train,/root/leo_ws/results/comparison_benchmarks/benchmark_v10_dense_001/train/world_easy_double_block_seed_1100168.yaml,1100168,easy,double_block,2,14,4,18,True,7.6995,9.9233,1.2888,-3.473314,-2.545004,0.521992,2.821684,1.888436,dense_regular
train,/root/leo_ws/results/comparison_benchmarks/benchmark_v10_dense_001/train/world_medium_direct_block_seed_1100070.yaml,1100070,medium,direct_block,1,16,4,20,True,4.6682,5.8102,1.2446,0.384997,-4.049397,0.674775,4.06091,-1.171926,dense_regular
train,/root/leo_ws/src/leo_pybullet/worlds/benchmark_v4_hard/train/world_medium_double_block_seed_300016.yaml,300016,medium,double_block,2,8,4,12,True,5.2991,6.6878,1.2621,4.023159,1.934829,-2.03571,1.573176,-2.763879,original_hard
train,/root/leo_ws/src/leo_pybullet/worlds/benchmark_v4_hard/train/world_easy_direct_block_seed_300306.yaml,300306,easy,direct_block,1,3,4,7,True,7.9669,9.0306,1.1335,-4.088384,1.408548,-0.796558,1.733037,-4.030475,original_hard
train,/root/leo_ws/src/leo_pybullet/worlds/benchmark_v4_hard/train/world_easy_double_block_seed_300213.yaml,300213,easy,double_block,2,4,4,8,True,7.0849,8.2523,1.1648,1.163293,-3.140165,2.384254,-3.703534,2.008633,original_hard
train,/root/leo_ws/src/leo_pybullet/worlds/benchmark_v4_hard/train/world_hard_double_block_seed_300428.yaml,300428,hard,double_block,2,10,4,14,True,6.7596,7.8935,1.1677,-0.68913,-3.532512,1.700054,-1.081193,3.215711,original_hard
train,/root/leo_ws/src/leo_pybullet/worlds/benchmark_v4_hard/train/world_easy_double_block_seed_300333.yaml,300333,easy,double_block,2,5,4,9,True,4.8414,5.9153,1.2218,3.450387,3.755314,-2.33832,-0.246707,0.629471,original_hard
train,/root/leo_ws/src/leo_pybullet/worlds/benchmark_v4_hard/train/world_easy_clear_seed_300315.yaml,300315,easy,clear,0,4,4,8,False,4.5917,4.9439,1.0767,2.379772,-3.486288,1.9511,1.265349,0.968106,original_hard
train,/root/leo_ws/src/leo_pybullet/worlds/benchmark_v4_hard/train/world_medium_double_block_seed_300196.yaml,300196,medium,double_block,2,8,4,12,True,5.223,6.5084,1.2461,1.551293,-1.150223,1.92339,-0.830124,3.498276,original_hard
train,/root/leo_ws/results/comparison_benchmarks/benchmark_v10_dense_001/train/world_medium_double_block_seed_1100073.yaml,1100073,medium,double_block,2,16,4,20,True,5.5357,6.9108,1.2484,2.826768,-2.500148,1.989818,0.216792,2.381604,dense_failed
train,/root/leo_ws/results/comparison_benchmarks/benchmark_v10_dense_001/train/world_hard_direct_block_seed_1100086.yaml,1100086,hard,direct_block,1,19,4,23,True,4.5492,7.3472,1.6151,2.752505,0.500749,-2.667777,-1.324021,-1.51849,dense_regular
train,/root/leo_ws/src/leo_pybullet/worlds/benchmark_v4_hard/train/world_hard_double_block_seed_300008.yaml,300008,hard,double_block,2,12,4,16,True,5.6887,7.0651,1.242,1.457265,-1.605115,1.302586,3.044504,3.857637,original_hard
train,/root/leo_ws/src/leo_pybullet/worlds/benchmark_v4_hard/train/world_hard_double_block_seed_300281.yaml,300281,hard,double_block,2,11,4,15,True,6.7746,8.0147,1.1831,-3.310866,3.680121,-0.15299,3.416839,2.884656,original_hard
train,/root/leo_ws/results/comparison_benchmarks/benchmark_v10_dense_001/train/world_medium_double_block_seed_1100049.yaml,1100049,medium,double_block,2,16,4,20,True,5.8501,7.2147,1.2333,-1.891397,-1.972869,0.202154,3.826378,-0.735618,dense_regular
train,/root/leo_ws/src/leo_pybullet/worlds/benchmark_v4_hard/train/world_medium_double_block_seed_300148.yaml,300148,medium,double_block,2,7,4,11,True,5.6786,6.9941,1.2317,3.313466,-1.509438,-2.600922,-1.843421,-3.88709,original_hard
train,/root/leo_ws/results/comparison_benchmarks/benchmark_v10_dense_001/train/world_hard_double_block_seed_1100221.yaml,1100221,hard,double_block,2,19,4,23,True,8.2496,9.8822,1.1979,-3.708601,0.650226,-0.417785,3.804322,-2.75733,dense_regular
train,/root/leo_ws/results/comparison_benchmarks/benchmark_v10_dense_001/train/world_easy_clear_seed_1100087.yaml,1100087,easy,clear,0,15,4,19,False,4.6523,4.8867,1.0504,3.845776,-3.159586,2.49315,0.092455,-0.410689,dense_regular
train,/root/leo_ws/src/leo_pybullet/worlds/benchmark_v4_hard/train/world_medium_double_block_seed_300037.yaml,300037,medium,double_block,2,8,4,12,True,6.2992,7.6535,1.215,-3.600502,3.222485,-0.535202,1.975346,0.291676,original_hard
train,/root/leo_ws/src/leo_pybullet/worlds/benchmark_v4_hard/train/world_easy_double_block_seed_300285.yaml,300285,easy,double_block,2,3,4,7,True,4.6492,5.8845,1.2657,-3.283567,-0.067157,0.350131,1.137487,1.371442,original_hard
train,/root/leo_ws/src/leo_pybullet/worlds/benchmark_v4_hard/train/world_easy_direct_block_seed_300414.yaml,300414,easy,direct_block,1,3,4,7,True,6.5592,7.5461,1.1505,-3.589263,-0.530405,0.724027,1.360294,3.773647,original_hard
train,/root/leo_ws/src/leo_pybullet/worlds/benchmark_v4_hard/train/world_easy_double_block_seed_300252.yaml,300252,easy,double_block,2,5,4,9,True,7.102,7.9986,1.1263,2.829246,-2.598053,2.529349,-2.908633,1.587007,original_hard
train,/root/leo_ws/results/comparison_benchmarks/benchmark_v10_dense_001/train/world_hard_double_block_seed_1100005.yaml,1100005,hard,double_block,2,20,4,24,True,6.8308,8.1998,1.2004,3.239233,-0.025235,3.043487,-3.516675,0.983771,dense_failed
train,/root/leo_ws/results/comparison_benchmarks/benchmark_v10_dense_001/train/world_hard_double_block_seed_1100200.yaml,1100200,hard,double_block,2,19,4,23,True,7.5609,8.7929,1.163,-1.284216,3.181752,-1.156333,2.418276,-3.41055,dense_regular
train,/root/leo_ws/src/leo_pybullet/worlds/benchmark_v4_hard/train/world_easy_double_block_seed_300417.yaml,300417,easy,double_block,2,3,4,7,True,4.6716,5.9371,1.2709,-3.532599,-2.644085,0.748881,-0.022319,0.438434,original_hard
train,/root/leo_ws/results/comparison_benchmarks/benchmark_v10_dense_001/train/world_easy_clear_seed_1100039.yaml,1100039,easy,clear,0,16,4,20,False,4.9746,5.0718,1.0195,-1.885034,-2.920813,0.752111,1.457802,0.763271,dense_regular
train,/root/leo_ws/src/leo_pybullet/worlds/benchmark_v4_hard/train/world_easy_clear_seed_300351.yaml,300351,easy,clear,0,5,4,9,False,6.363,6.881,1.0814,-2.715758,2.868415,-1.056033,-0.375686,-3.048677,original_hard
train,/root/leo_ws/results/comparison_benchmarks/benchmark_v10_dense_001/train/world_easy_direct_block_seed_1100030.yaml,1100030,easy,direct_block,1,16,4,20,True,4.6549,6.3872,1.3722,3.237379,-3.080453,1.589269,3.435708,1.570173,dense_regular
train,/root/leo_ws/results/comparison_benchmarks/benchmark_v10_dense_001/train/world_hard_double_block_seed_1100128.yaml,1100128,hard,double_block,2,18,4,22,True,5.889,7.9565,1.3511,-2.805505,1.75675,0.198972,2.764036,3.670022,dense_failed
train,/root/leo_ws/src/leo_pybullet/worlds/benchmark_v4_hard/train/world_medium_double_block_seed_300241.yaml,300241,medium,double_block,2,7,4,11,True,7.046,8.1118,1.1513,-2.187073,0.84498,-0.607357,3.599354,-3.175305,original_hard
train,/root/leo_ws/results/comparison_benchmarks/benchmark_v10_dense_001/train/world_medium_double_block_seed_1100076.yaml,1100076,medium,double_block,2,18,4,22,True,6.8841,8.4398,1.226,-0.742639,-4.138524,1.494349,0.658581,2.601459,dense_failed
train,/root/leo_ws/results/comparison_benchmarks/benchmark_v10_dense_001/train/world_medium_double_block_seed_1100232.yaml,1100232,medium,double_block,2,16,4,20,True,8.2161,11.0045,1.3394,-3.114633,3.876917,-0.906093,1.19953,-3.115432,dense_failed
train,/root/leo_ws/results/comparison_benchmarks/benchmark_v10_dense_001/train/world_medium_double_block_seed_1100193.yaml,1100193,medium,double_block,2,18,4,22,True,5.8295,7.1622,1.2286,2.459756,-1.593017,1.816529,0.899455,4.023799,dense_regular
train,/root/leo_ws/results/comparison_benchmarks/benchmark_v10_dense_001/train/world_easy_double_block_seed_1100216.yaml,1100216,easy,double_block,2,15,4,19,True,6.585,7.8604,1.1937,1.940935,1.368953,-2.462579,-2.633756,-3.367497,dense_regular
train,/root/leo_ws/results/comparison_benchmarks/benchmark_v10_dense_001/train/world_medium_double_block_seed_1100064.yaml,1100064,medium,double_block,2,17,4,21,True,7.6592,8.8455,1.1549,4.114634,2.77442,-2.522191,-2.336012,-1.355065,dense_failed
train,/root/leo_ws/src/leo_pybullet/worlds/benchmark_v4_hard/train/world_easy_double_block_seed_300240.yaml,300240,easy,double_block,2,3,4,7,True,6.0745,6.9804,1.1491,2.203318,-2.652727,2.337151,-1.409184,2.230884,original_hard
train,/root/leo_ws/results/comparison_benchmarks/benchmark_v10_dense_001/train/world_medium_direct_block_seed_1100238.yaml,1100238,medium,direct_block,1,16,4,20,True,5.831,6.7953,1.1654,3.712404,3.096209,-1.383599,4.073776,-2.72357,dense_regular
train,/root/leo_ws/src/leo_pybullet/worlds/benchmark_v4_hard/train/world_hard_direct_block_seed_300350.yaml,300350,hard,direct_block,1,13,4,17,True,6.5391,7.6147,1.1645,0.697796,-2.353788,2.059779,-2.516427,3.340831,original_hard
train,/root/leo_ws/results/comparison_benchmarks/benchmark_v10_dense_001/train/world_medium_double_block_seed_1100124.yaml,1100124,medium,double_block,2,18,4,22,True,7.7638,11.3359,1.4601,-3.606593,3.197798,-0.963207,1.339851,-2.786225,dense_failed
train,/root/leo_ws/results/comparison_benchmarks/benchmark_v10_dense_001/train/world_hard_double_block_seed_1100233.yaml,1100233,hard,double_block,2,19,4,23,True,7.9835,10.8204,1.3553,-3.943573,1.465646,-0.146009,3.828818,-0.358061,dense_regular
train,/root/leo_ws/results/comparison_benchmarks/benchmark_v10_dense_001/train/world_easy_direct_block_seed_1100114.yaml,1100114,easy,direct_block,1,14,4,18,True,4.9949,6.3153,1.2644,2.23904,-3.056778,-3.122578,-2.726752,-2.518739,dense_failed
train,/root/leo_ws/src/leo_pybullet/worlds/benchmark_v4_hard/train/world_hard_clear_seed_300407.yaml,300407,hard,clear,0,13,4,17,False,5.8712,5.9725,1.0173,-1.951008,-3.281618,-0.032498,3.909413,-3.637771,original_hard
train,/root/leo_ws/results/comparison_benchmarks/benchmark_v10_dense_001/train/world_hard_direct_block_seed_1100194.yaml,1100194,hard,direct_block,1,20,4,24,True,6.2548,7.6478,1.2227,-3.18397,1.522322,-0.599951,1.563275,-2.550323,dense_failed
train,/root/leo_ws/src/leo_pybullet/worlds/benchmark_v4_hard/train/world_medium_direct_block_seed_300262.yaml,300262,medium,direct_block,1,6,4,10,True,8.2338,10.1288,1.2302,1.974959,4.022088,-1.377907,2.674977,-4.181859,original_hard
train,/root/leo_ws/results/comparison_benchmarks/benchmark_v10_dense_001/train/world_medium_double_block_seed_1100208.yaml,1100208,medium,double_block,2,17,4,21,True,5.7299,7.281,1.2707,-0.813581,-4.013914,1.60381,-1.522634,1.6719,dense_failed
train,/root/leo_ws/src/leo_pybullet/worlds/benchmark_v4_hard/train/world_easy_double_block_seed_300393.yaml,300393,easy,double_block,2,4,4,8,True,8.3662,9.1735,1.0965,3.808378,4.100573,-1.831722,0.907181,-3.746456,original_hard
train,/root/leo_ws/src/leo_pybullet/worlds/benchmark_v4_hard/train/world_medium_double_block_seed_300160.yaml,300160,medium,double_block,2,9,4,13,True,7.1003,8.641,1.217,-3.531832,3.870221,-0.891112,0.643093,-1.872958,original_hard
train,/root/leo_ws/src/leo_pybullet/worlds/benchmark_v4_hard/train/world_easy_double_block_seed_300120.yaml,300120,easy,double_block,2,4,4,8,True,4.6567,5.7302,1.2305,-1.817651,2.456778,-0.141417,2.831409,2.189643,original_hard
train,/root/leo_ws/results/comparison_benchmarks/benchmark_v10_dense_001/train/world_medium_double_block_seed_1100001.yaml,1100001,medium,double_block,2,16,4,20,True,6.1369,8.9553,1.4593,1.701273,3.096331,-2.571645,-3.226187,-0.56175,dense_failed
train,/root/leo_ws/src/leo_pybullet/worlds/benchmark_v4_hard/train/world_medium_clear_seed_300259.yaml,300259,medium,clear,0,7,4,11,False,5.6229,5.9655,1.0609,-2.872655,-2.062386,0.95589,0.328953,2.560071,original_hard
train,/root/leo_ws/src/leo_pybullet/worlds/benchmark_v4_hard/train/world_easy_double_block_seed_300429.yaml,300429,easy,double_block,2,4,4,8,True,7.858,8.9174,1.1348,3.816219,-3.710433,2.492365,-1.866902,1.716332,original_hard
train,/root/leo_ws/results/comparison_benchmarks/benchmark_v10_dense_001/train/world_medium_double_block_seed_1100145.yaml,1100145,medium,double_block,2,18,4,22,True,6.8138,8.3759,1.2293,-3.969482,-1.031981,0.257302,2.334674,1.553677,dense_failed
train,/root/leo_ws/results/comparison_benchmarks/benchmark_v10_dense_001/train/world_medium_double_block_seed_1100064.yaml,1100064,medium,double_block,2,17,4,21,True,7.6592,8.8455,1.1549,4.114634,2.77442,-2.522191,-2.336012,-1.355065,dense_failed
train,/root/leo_ws/results/comparison_benchmarks/benchmark_v10_dense_001/train/world_easy_double_block_seed_1100144.yaml,1100144,easy,double_block,2,16,4,20,True,6.5834,7.4216,1.1273,-2.376245,-2.663733,-0.143222,4.205019,-2.831818,dense_failed
train,/root/leo_ws/results/comparison_benchmarks/benchmark_v10_dense_001/train/world_hard_double_block_seed_1100209.yaml,1100209,hard,double_block,2,19,4,23,True,5.4536,15.45,2.833,-2.174875,-2.266591,1.47628,-1.956312,3.182654,dense_regular
train,/root/leo_ws/results/comparison_benchmarks/benchmark_v10_dense_001/train/world_hard_direct_block_seed_1100014.yaml,1100014,hard,direct_block,1,19,4,23,True,4.7329,6.7896,1.4345,-1.254275,1.216389,-1.998174,-3.081125,-3.149774,dense_failed
train,/root/leo_ws/results/comparison_benchmarks/benchmark_v10_dense_001/train/world_medium_clear_seed_1100211.yaml,1100211,medium,clear,0,18,4,22,False,4.8159,5.1976,1.0793,2.881449,-0.116727,-3.059546,-1.842414,-1.053664,dense_regular
train,/root/leo_ws/results/comparison_benchmarks/benchmark_v10_dense_001/train/world_easy_double_block_seed_1100012.yaml,1100012,easy,double_block,2,15,4,19,True,7.0566,7.8798,1.1167,3.994354,3.593883,-2.056985,0.484664,-2.528016,dense_regular
train,/root/leo_ws/results/comparison_benchmarks/benchmark_v10_dense_001/train/world_easy_double_block_seed_1100108.yaml,1100108,easy,double_block,2,14,4,18,True,7.3658,8.5392,1.1593,-4.178156,2.59615,-0.868138,0.383943,-3.186804,dense_regular
train,/root/leo_ws/src/leo_pybullet/worlds/benchmark_v4_hard/train/world_medium_direct_block_seed_300406.yaml,300406,medium,direct_block,1,7,4,11,True,6.8727,8.0729,1.1746,2.032058,-4.133719,2.437405,-2.888681,0.664255,original_hard
train,/root/leo_ws/src/leo_pybullet/worlds/benchmark_v4_hard/train/world_hard_clear_seed_300095.yaml,300095,hard,clear,0,10,4,14,False,4.9531,5.1782,1.0455,-1.212551,2.431262,-1.419829,-0.536529,-2.475499,original_hard
train,/root/leo_ws/results/comparison_benchmarks/benchmark_v10_dense_001/train/world_medium_double_block_seed_1100112.yaml,1100112,medium,double_block,2,16,4,20,True,5.1699,6.7451,1.3047,-2.694987,0.704843,-0.267815,2.338582,-0.474438,dense_failed
train,/root/leo_ws/results/comparison_benchmarks/benchmark_v10_dense_001/train/world_easy_double_block_seed_1100213.yaml,1100213,easy,double_block,2,15,4,19,True,4.8952,6.0559,1.2371,2.793739,-3.118907,1.763445,2.27378,1.748605,dense_failed
train,/root/leo_ws/src/leo_pybullet/worlds/benchmark_v4_hard/train/world_hard_clear_seed_300383.yaml,300383,hard,clear,0,13,4,17,False,6.9639,7.0925,1.0185,1.60308,-3.096596,1.651436,1.352118,3.862783,original_hard
train,/root/leo_ws/results/comparison_benchmarks/benchmark_v10_dense_001/train/world_medium_double_block_seed_1100196.yaml,1100196,medium,double_block,2,16,4,20,True,6.8453,7.8822,1.1515,3.376629,-3.294185,1.611529,3.242079,3.549789,dense_failed
train,/root/leo_ws/results/comparison_benchmarks/benchmark_v10_dense_001/train/world_hard_double_block_seed_1100008.yaml,1100008,hard,double_block,2,18,4,22,True,4.8495,17.539,3.6166,2.053034,3.859543,-2.348224,-1.360015,0.414372,dense_failed
train,/root/leo_ws/src/leo_pybullet/worlds/benchmark_v4_hard/train/world_easy_direct_block_seed_300318.yaml,300318,easy,direct_block,1,3,4,7,True,5.8536,6.881,1.1755,-1.977416,1.195386,-0.949238,1.957879,-3.13797,original_hard
train,/root/leo_ws/src/leo_pybullet/worlds/benchmark_v4_hard/train/world_easy_clear_seed_300159.yaml,300159,easy,clear,0,3,4,7,False,5.2485,5.7084,1.0876,-0.000162,-3.874979,1.120136,1.942378,1.000754,original_hard
train,/root/leo_ws/results/comparison_benchmarks/benchmark_v10_dense_001/train/world_hard_double_block_seed_1100092.yaml,1100092,hard,double_block,2,18,4,22,True,5.0305,7.3771,1.4665,-3.193383,-1.500715,0.459827,1.35454,0.649351,dense_failed
train,/root/leo_ws/results/comparison_benchmarks/benchmark_v10_dense_001/train/world_medium_direct_block_seed_1100022.yaml,1100022,medium,direct_block,1,18,4,22,True,8.1839,9.8992,1.2096,4.113823,-3.686347,2.05806,0.685248,3.744795,dense_failed
train,/root/leo_ws/results/comparison_benchmarks/benchmark_v10_dense_001/train/world_hard_direct_block_seed_1100230.yaml,1100230,hard,direct_block,1,20,4,24,True,8.2947,10.089,1.2163,3.211657,1.143969,-2.747168,-4.212706,-2.554789,dense_regular
train,/root/leo_ws/results/comparison_benchmarks/benchmark_v10_dense_001/train/world_hard_double_block_seed_1100185.yaml,1100185,hard,double_block,2,19,4,23,True,7.1882,8.3816,1.166,-1.71081,2.862984,-1.321351,0.913051,-3.829211,dense_failed
train,/root/leo_ws/results/comparison_benchmarks/benchmark_v10_dense_001/train/world_medium_double_block_seed_1100040.yaml,1100040,medium,double_block,2,17,4,21,True,5.6444,7.1645,1.2693,0.48454,3.002343,-1.350488,2.326481,-2.333024,dense_regular
train,/root/leo_ws/src/leo_pybullet/worlds/benchmark_v4_hard/train/world_hard_double_block_seed_300284.yaml,300284,hard,double_block,2,12,4,16,True,5.6519,7.1541,1.2658,-1.91737,-2.043467,1.835561,-3.195499,3.462046,original_hard
train,/root/leo_ws/src/leo_pybullet/worlds/benchmark_v4_hard/train/world_hard_double_block_seed_300116.yaml,300116,hard,double_block,2,12,4,16,True,4.5296,6.1027,1.3473,2.690691,1.215736,-1.292646,3.334631,-3.267894,original_hard
train,/root/leo_ws/results/comparison_benchmarks/benchmark_v10_dense_001/train/world_easy_clear_seed_1100171.yaml,1100171,easy,clear,0,16,4,20,False,6.1354,6.2788,1.0234,3.896737,2.361913,-1.733229,3.390373,-3.752604,dense_regular
train,/root/leo_ws/src/leo_pybullet/worlds/benchmark_v4_hard/train/world_easy_direct_block_seed_300066.yaml,300066,easy,direct_block,1,5,4,9,True,7.0173,7.689,1.0957,1.626192,-4.165543,1.379986,2.593615,2.784766,original_hard
train,/root/leo_ws/results/comparison_benchmarks/benchmark_v10_dense_001/train/world_easy_double_block_seed_1100204.yaml,1100204,easy,double_block,2,14,4,18,True,5.1971,6.3233,1.2167,-1.420816,-1.29279,1.597988,-1.043317,3.890621,dense_failed
train,/root/leo_ws/src/leo_pybullet/worlds/benchmark_v4_hard/train/world_hard_direct_block_seed_300278.yaml,300278,hard,direct_block,1,11,4,15,True,5.1723,6.0147,1.1629,-1.517609,4.040211,-1.840779,-2.21994,-1.084197,original_hard
train,/root/leo_ws/src/leo_pybullet/worlds/benchmark_v4_hard/train/world_easy_double_block_seed_300144.yaml,300144,easy,double_block,2,3,4,7,True,8.5592,9.7369,1.1376,3.030562,2.411515,-2.350334,-2.942616,-3.718873,original_hard
train,/root/leo_ws/src/leo_pybullet/worlds/benchmark_v4_hard/train/world_medium_clear_seed_300271.yaml,300271,medium,clear,0,8,4,12,False,5.2969,5.3312,1.0065,-2.675592,0.57942,0.82244,1.165202,4.227154,original_hard
train,/root/leo_ws/src/leo_pybullet/worlds/benchmark_v4_hard/train/world_easy_direct_block_seed_300258.yaml,300258,easy,direct_block,1,4,4,8,True,5.9948,6.6239,1.1049,-3.573493,-1.731173,1.25198,-2.426498,4.152867,original_hard
train,/root/leo_ws/results/comparison_benchmarks/benchmark_v10_dense_001/train/world_medium_double_block_seed_1100208.yaml,1100208,medium,double_block,2,17,4,21,True,5.7299,7.281,1.2707,-0.813581,-4.013914,1.60381,-1.522634,1.6719,dense_failed
train,/root/leo_ws/results/comparison_benchmarks/benchmark_v10_dense_001/train/world_hard_double_block_seed_1100152.yaml,1100152,hard,double_block,2,19,4,23,True,4.7775,6.1576,1.2889,1.805729,-3.670433,2.405105,-1.768557,-0.500486,dense_regular
train,/root/leo_ws/results/comparison_benchmarks/benchmark_v10_dense_001/train/world_easy_double_block_seed_1100192.yaml,1100192,easy,double_block,2,14,4,18,True,5.8982,6.7759,1.1488,-2.414919,0.354462,0.030469,3.402178,1.32908,dense_failed
train,/root/leo_ws/src/leo_pybullet/worlds/benchmark_v4_hard/train/world_medium_double_block_seed_300253.yaml,300253,medium,double_block,2,6,4,10,True,6.7761,8.1084,1.1966,-3.299365,-3.918766,0.680231,2.469471,-0.364041,original_hard
train,/root/leo_ws/results/comparison_benchmarks/benchmark_v10_dense_001/train/world_medium_direct_block_seed_1100094.yaml,1100094,medium,direct_block,1,17,4,21,True,6.332,9.6592,1.5255,0.727209,-3.955073,2.242848,-3.699919,0.571986,dense_regular
train,/root/leo_ws/results/comparison_benchmarks/benchmark_v10_dense_001/train/world_medium_direct_block_seed_1100214.yaml,1100214,medium,direct_block,1,17,4,21,True,5.3735,6.2959,1.1716,2.487642,-3.356281,2.115407,-0.147617,1.326692,dense_failed
train,/root/leo_ws/src/leo_pybullet/worlds/benchmark_v4_hard/train/world_hard_clear_seed_300059.yaml,300059,hard,clear,0,12,4,16,False,7.4437,7.672,1.0307,-3.606259,-4.085598,0.033189,3.820439,-3.583241,original_hard
train,/root/leo_ws/src/leo_pybullet/worlds/benchmark_v4_hard/train/world_easy_direct_block_seed_300138.yaml,300138,easy,direct_block,1,3,4,7,True,6.3515,7.1929,1.1325,-0.41162,1.498114,-0.877773,3.234741,-3.702374,original_hard
train,/root/leo_ws/src/leo_pybullet/worlds/benchmark_v4_hard/train/world_medium_direct_block_seed_300274.yaml,300274,medium,direct_block,1,9,4,13,True,4.602,5.4159,1.1768,2.937679,-1.75669,1.653458,3.032266,2.844352,original_hard
train,/root/leo_ws/results/comparison_benchmarks/benchmark_v10_dense_001/train/world_hard_double_block_seed_1100116.yaml,1100116,hard,double_block,2,18,4,22,True,4.7745,7.6067,1.5932,-0.291575,0.949211,-0.537689,3.839475,-1.444628,dense_failed
train,/root/leo_ws/results/comparison_benchmarks/benchmark_v10_dense_001/train/world_hard_clear_seed_1100083.yaml,1100083,hard,clear,0,18,4,22,False,4.6026,5.0022,1.0868,1.849713,0.305243,-2.096371,0.070913,-3.939733,dense_regular
train,/root/leo_ws/results/comparison_benchmarks/benchmark_v10_dense_001/train/world_easy_direct_block_seed_1100006.yaml,1100006,easy,direct_block,1,14,4,18,True,6.2984,7.9233,1.258,-3.579293,2.250828,-0.896333,-0.009662,-2.938327,dense_regular
train,/root/leo_ws/results/comparison_benchmarks/benchmark_v10_dense_001/train/world_hard_double_block_seed_1100041.yaml,1100041,hard,double_block,2,19,4,23,True,6.8861,9.3222,1.3538,2.812372,-3.71737,2.506771,-2.968305,0.024599,dense_failed
train,/root/leo_ws/src/leo_pybullet/worlds/benchmark_v4_hard/train/world_hard_direct_block_seed_300242.yaml,300242,hard,direct_block,1,11,4,15,True,5.0339,6.1084,1.2135,1.222312,3.852395,-1.619962,0.343282,-1.104122,original_hard
train,/root/leo_ws/results/comparison_benchmarks/benchmark_v10_dense_001/train/world_medium_double_block_seed_1100112.yaml,1100112,medium,double_block,2,16,4,20,True,5.1699,6.7451,1.3047,-2.694987,0.704843,-0.267815,2.338582,-0.474438,dense_failed
train,/root/leo_ws/results/comparison_benchmarks/benchmark_v10_dense_001/train/world_easy_direct_block_seed_1100138.yaml,1100138,easy,direct_block,1,16,4,20,True,6.4179,8.321,1.2965,3.683685,-1.328131,-2.889441,-2.60852,-2.592264,dense_failed
train,/root/leo_ws/src/leo_pybullet/worlds/benchmark_v4_hard/train/world_easy_double_block_seed_300096.yaml,300096,easy,double_block,2,4,4,8,True,5.3686,6.4696,1.2051,0.576816,2.190716,-2.001398,-1.380881,-2.808204,original_hard
train,/root/leo_ws/results/comparison_benchmarks/benchmark_v10_dense_001/train/world_medium_double_block_seed_1100076.yaml,1100076,medium,double_block,2,18,4,22,True,6.8841,8.4398,1.226,-0.742639,-4.138524,1.494349,0.658581,2.601459,dense_regular
train,/root/leo_ws/src/leo_pybullet/worlds/benchmark_v4_hard/train/world_easy_double_block_seed_300432.yaml,300432,easy,double_block,2,4,4,8,True,6.7245,7.8935,1.1738,2.562015,-2.618233,2.13716,-1.759468,2.53383,original_hard
train,/root/leo_ws/results/comparison_benchmarks/benchmark_v10_dense_001/train/world_easy_double_block_seed_1100021.yaml,1100021,easy,double_block,2,15,4,19,True,6.0047,6.8947,1.1482,2.965067,-0.391734,-3.101344,-3.026245,-0.79263,dense_failed
train,/root/leo_ws/src/leo_pybullet/worlds/benchmark_v4_hard/train/world_easy_double_block_seed_300021.yaml,300021,easy,double_block,2,3,4,7,True,5.1282,6.0147,1.1729,-2.358139,2.013838,-1.401202,-1.920463,-3.095607,original_hard
train,/root/leo_ws/src/leo_pybullet/worlds/benchmark_v4_hard/train/world_hard_direct_block_seed_300206.yaml,300206,hard,direct_block,1,12,4,16,True,5.425,6.5359,1.2048,-4.020955,0.663053,-0.964875,-0.969233,-3.822218,original_hard
train,/root/leo_ws/src/leo_pybullet/worlds/benchmark_v4_hard/train/world_easy_direct_block_seed_300210.yaml,300210,easy,direct_block,1,4,4,8,True,5.8894,6.4672,1.0981,-3.575795,-0.081271,0.470325,1.85838,2.189115,original_hard
train,/root/leo_ws/results/comparison_benchmarks/benchmark_v10_dense_001/train/world_medium_direct_block_seed_1100130.yaml,1100130,medium,direct_block,1,16,4,20,True,5.2681,6.1965,1.1762,-2.602227,3.615087,-0.084803,2.595899,2.759596,dense_failed
train,/root/leo_ws/results/comparison_benchmarks/benchmark_v10_dense_001/train/world_hard_direct_block_seed_1100110.yaml,1100110,hard,direct_block,1,18,4,22,True,4.6674,6.1027,1.3075,1.488796,3.102983,-1.999496,-0.059302,-1.300151,dense_regular
train,/root/leo_ws/results/comparison_benchmarks/benchmark_v10_dense_001/train/world_medium_double_block_seed_1100232.yaml,1100232,medium,double_block,2,16,4,20,True,8.2161,11.0045,1.3394,-3.114633,3.876917,-0.906093,1.19953,-3.115432,dense_failed
train,/root/leo_ws/results/comparison_benchmarks/benchmark_v10_dense_001/train/world_easy_double_block_seed_1100021.yaml,1100021,easy,double_block,2,15,4,19,True,6.0047,6.8947,1.1482,2.965067,-0.391734,-3.101344,-3.026245,-0.79263,dense_regular
train,/root/leo_ws/results/comparison_benchmarks/benchmark_v10_dense_001/train/world_medium_double_block_seed_1100013.yaml,1100013,medium,double_block,2,18,4,22,True,4.5322,5.8457,1.2898,3.855244,1.47571,2.856687,-0.429182,2.9536,dense_regular
train,/root/leo_ws/src/leo_pybullet/worlds/benchmark_v4_hard/train/world_easy_double_block_seed_300108.yaml,300108,easy,double_block,2,3,4,7,True,5.405,6.481,1.1991,-1.880327,4.198565,-1.272638,0.106514,-0.828025,original_hard
train,/root/leo_ws/results/comparison_benchmarks/benchmark_v10_dense_001/train/world_hard_double_block_seed_1100041.yaml,1100041,hard,double_block,2,19,4,23,True,6.8861,9.3222,1.3538,2.812372,-3.71737,2.506771,-2.968305,0.024599,dense_failed
train,/root/leo_ws/src/leo_pybullet/worlds/benchmark_v4_hard/train/world_medium_clear_seed_300427.yaml,300427,medium,clear,0,8,4,12,False,5.8008,5.9394,1.0239,-1.40281,-4.172516,1.645807,-1.167147,1.623475,original_hard
train,/root/leo_ws/src/leo_pybullet/worlds/benchmark_v4_hard/train/world_medium_direct_block_seed_300082.yaml,300082,medium,direct_block,1,8,4,12,True,5.6828,6.4478,1.1346,-0.510597,3.563425,-1.809948,-1.816752,-1.967238,original_hard
train,/root/leo_ws/results/comparison_benchmarks/benchmark_v10_dense_001/train/world_medium_direct_block_seed_1100058.yaml,1100058,medium,direct_block,1,17,4,21,True,8.4098,10.2135,1.2145,-3.92881,4.060573,-0.47063,3.571855,0.257207,dense_failed
train,/root/leo_ws/src/leo_pybullet/worlds/benchmark_v4_hard/train/world_medium_double_block_seed_300421.yaml,300421,medium,double_block,2,8,4,12,True,6.4423,7.3553,1.1417,-2.424302,3.314838,-0.149507,4.01391,3.084346,original_hard
train,/root/leo_ws/src/leo_pybullet/worlds/benchmark_v4_hard/train/world_hard_direct_block_seed_300170.yaml,300170,hard,direct_block,1,10,4,14,True,6.8401,8.9037,1.3017,2.519967,-2.361354,2.476764,-2.935104,1.765274,original_hard
train,/root/leo_ws/src/leo_pybullet/worlds/benchmark_v4_hard/train/world_easy_double_block_seed_300129.yaml,300129,easy,double_block,2,4,4,8,True,6.2322,7.2204,1.1586,0.037128,3.572846,-0.842736,3.707956,-1.463601,original_hard
train,/root/leo_ws/src/leo_pybullet/worlds/benchmark_v4_hard/train/world_medium_double_block_seed_300304.yaml,300304,medium,double_block,2,6,4,10,True,6.4853,7.6478,1.1793,2.42906,2.170791,3.045458,-4.05597,2.112401,original_hard
train,/root/leo_ws/src/leo_pybullet/worlds/benchmark_v4_hard/train/world_easy_clear_seed_300291.yaml,300291,easy,clear,0,3,4,7,False,8.1145,8.7929,1.0836,2.643749,-3.939361,1.818413,-0.196813,3.66172,original_hard
train,/root/leo_ws/src/leo_pybullet/worlds/benchmark_v4_hard/train/world_medium_clear_seed_300367.yaml,300367,medium,clear,0,9,4,13,False,5.4331,5.7861,1.065,3.293282,-3.599347,2.651523,-1.242254,-0.60814,original_hard
train,/root/leo_ws/results/comparison_benchmarks/benchmark_v10_dense_001/train/world_hard_double_block_seed_1100089.yaml,1100089,hard,double_block,2,19,4,23,True,6.0089,7.449,1.2397,-2.334619,-0.373309,0.776686,1.757974,4.026461,dense_failed
train,/root/leo_ws/results/comparison_benchmarks/benchmark_v10_dense_001/train/world_hard_double_block_seed_1100056.yaml,1100056,hard,double_block,2,18,4,22,True,5.0835,8.801,1.7313,1.244812,0.52954,2.520492,-2.900141,3.472538,dense_regular
train,/root/leo_ws/results/comparison_benchmarks/benchmark_v10_dense_001/train/world_hard_direct_block_seed_1100122.yaml,1100122,hard,direct_block,1,19,4,23,True,4.9918,5.8216,1.1662,-3.99187,1.70895,-0.067334,0.987328,2.063512,dense_regular
train,/root/leo_ws/src/leo_pybullet/worlds/benchmark_v4_hard/train/world_hard_direct_block_seed_300074.yaml,300074,hard,direct_block,1,11,4,15,True,4.9337,6.6902,1.356,4.098706,-1.829141,2.550945,0.302958,1.322619,original_hard
train,/root/leo_ws/src/leo_pybullet/worlds/benchmark_v4_hard/train/world_hard_double_block_seed_300017.yaml,300017,hard,double_block,2,10,4,14,True,5.3616,6.712,1.2518,2.808877,-1.111764,2.849212,-2.206812,0.783005,original_hard
train,/root/leo_ws/src/leo_pybullet/worlds/benchmark_v4_hard/train/world_easy_double_block_seed_300105.yaml,300105,easy,double_block,2,3,4,7,True,6.1682,7.121,1.1545,2.433487,-0.728335,-2.917059,-3.709477,-1.285801,original_hard
train,/root/leo_ws/results/comparison_benchmarks/benchmark_v10_dense_001/train/world_hard_double_block_seed_1100173.yaml,1100173,hard,double_block,2,19,4,23,True,5.1067,10.1392,1.9855,0.76474,-1.255355,-2.841614,-4.093541,-2.828854,dense_failed
train,/root/leo_ws/src/leo_pybullet/worlds/benchmark_v4_hard/train/world_medium_double_block_seed_300277.yaml,300277,medium,double_block,2,7,4,11,True,6.3682,7.6833,1.2065,-2.181021,3.473982,-0.4642,3.573162,0.745729,original_hard
train,/root/leo_ws/src/leo_pybullet/worlds/benchmark_v4_hard/train/world_hard_double_block_seed_300344.yaml,300344,hard,double_block,2,13,4,17,True,7.408,8.8833,1.1991,3.755199,-0.989608,-2.725941,-3.059585,-3.894395,original_hard
train,/root/leo_ws/results/comparison_benchmarks/benchmark_v10_dense_001/train/world_hard_double_block_seed_1100029.yaml,1100029,hard,double_block,2,18,4,22,True,6.7269,9.3667,1.3924,3.387261,-3.643219,2.384152,-1.096508,1.371415,dense_regular
train,/root/leo_ws/results/comparison_benchmarks/benchmark_v10_dense_001/train/world_hard_double_block_seed_1100089.yaml,1100089,hard,double_block,2,19,4,23,True,6.0089,7.449,1.2397,-2.334619,-0.373309,0.776686,1.757974,4.026461,dense_regular
train,/root/leo_ws/src/leo_pybullet/worlds/benchmark_v4_hard/train/world_medium_direct_block_seed_300286.yaml,300286,medium,direct_block,1,9,4,13,True,4.9693,5.9565,1.1987,2.689793,1.363868,2.666121,-1.43958,4.128236,original_hard
train,/root/leo_ws/src/leo_pybullet/worlds/benchmark_v4_hard/train/world_hard_double_block_seed_300248.yaml,300248,hard,double_block,2,11,4,15,True,4.7875,6.1108,1.2764,2.880507,-4.179953,1.499698,3.805678,0.517273,original_hard
train,/root/leo_ws/src/leo_pybullet/worlds/benchmark_v4_hard/train/world_hard_clear_seed_300203.yaml,300203,hard,clear,0,12,4,16,False,6.0226,6.4729,1.0748,-2.174669,-1.557276,1.094346,0.65936,3.756858,original_hard
train,/root/leo_ws/src/leo_pybullet/worlds/benchmark_v4_hard/train/world_medium_double_block_seed_300073.yaml,300073,medium,double_block,2,8,4,12,True,5.8222,7.1622,1.2301,-0.384273,3.28942,-0.763686,3.781939,-0.777667,original_hard
train,/root/leo_ws/src/leo_pybullet/worlds/benchmark_v4_hard/train/world_hard_clear_seed_300119.yaml,300119,hard,clear,0,10,4,14,False,6.1491,6.4971,1.0566,-3.075478,4.067837,-1.246055,-1.873045,-1.962515,original_hard
train,/root/leo_ws/src/leo_pybullet/worlds/benchmark_v4_hard/train/world_hard_clear_seed_300011.yaml,300011,hard,clear,0,14,4,18,False,4.9068,4.88,0.9945,-3.188002,2.691978,-1.574961,-3.146374,-2.214628,original_hard
train,/root/leo_ws/src/leo_pybullet/worlds/benchmark_v4_hard/train/world_easy_double_block_seed_300228.yaml,300228,easy,double_block,2,3,4,7,True,5.8398,6.8341,1.1703,-1.062032,-2.909031,0.515915,4.211825,-0.401188,original_hard
train,/root/leo_ws/results/comparison_benchmarks/benchmark_v10_dense_001/train/world_medium_double_block_seed_1100145.yaml,1100145,medium,double_block,2,18,4,22,True,6.8138,8.3759,1.2293,-3.969482,-1.031981,0.257302,2.334674,1.553677,dense_regular
train,/root/leo_ws/results/comparison_benchmarks/benchmark_v10_dense_001/train/world_medium_double_block_seed_1100157.yaml,1100157,medium,double_block,2,18,4,22,True,7.2729,8.2523,1.1347,2.959702,3.124646,-2.068268,-0.992599,-2.980652,dense_failed
train,/root/leo_ws/results/comparison_benchmarks/benchmark_v10_dense_001/train/world_hard_double_block_seed_1100113.yaml,1100113,hard,double_block,2,20,4,24,True,6.8416,8.329,1.2174,-0.117348,2.197856,-0.941867,3.398965,-3.671001,dense_failed
train,/root/leo_ws/src/leo_pybullet/worlds/benchmark_v4_hard/train/world_easy_direct_block_seed_300234.yaml,300234,easy,direct_block,1,4,4,8,True,5.6019,6.329,1.1298,-0.422336,3.532081,-1.615588,-0.443276,-2.069824,original_hard
train,/root/leo_ws/results/comparison_benchmarks/benchmark_v10_dense_001/train/world_hard_clear_seed_1100047.yaml,1100047,hard,clear,0,19,4,23,False,6.1586,6.5586,1.065,-2.383071,3.944513,-0.631642,2.860369,0.714317,dense_regular
train,/root/leo_ws/results/comparison_benchmarks/benchmark_v10_dense_001/train/world_easy_double_block_seed_1100033.yaml,1100033,easy,double_block,2,14,4,18,True,5.5296,6.7371,1.2184,-0.81471,-1.541109,1.165729,1.627612,3.419877,dense_regular
train,/root/leo_ws/src/leo_pybullet/worlds/benchmark_v4_hard/train/world_easy_clear_seed_300135.yaml,300135,easy,clear,0,3,4,7,False,5.8864,6.1908,1.0517,2.685732,3.372539,-2.967841,-3.116665,2.381871,original_hard
train,/root/leo_ws/results/comparison_benchmarks/benchmark_v10_dense_001/train/world_hard_double_block_seed_1100077.yaml,1100077,hard,double_block,2,19,4,23,True,7.8391,10.33,1.3178,-3.744932,3.11405,-0.575621,3.240352,-0.443679,dense_regular
train,/root/leo_ws/src/leo_pybullet/worlds/benchmark_v4_hard/train/world_hard_direct_block_seed_300146.yaml,300146,hard,direct_block,1,12,4,16,True,5.7482,6.8833,1.1975,-3.324829,2.759521,-1.069041,-0.782746,-2.396001,original_hard
train,/root/leo_ws/results/comparison_benchmarks/benchmark_v10_dense_001/train/world_medium_double_block_seed_1100073.yaml,1100073,medium,double_block,2,16,4,20,True,5.5357,6.9108,1.2484,2.826768,-2.500148,1.989818,0.216792,2.381604,dense_failed
train,/root/leo_ws/src/leo_pybullet/worlds/benchmark_v4_hard/train/world_hard_double_block_seed_300173.yaml,300173,hard,double_block,2,12,4,16,True,5.9927,9.69,1.617,1.861254,1.322746,-2.820448,-3.58166,-1.18469,original_hard
train,/root/leo_ws/src/leo_pybullet/worlds/benchmark_v4_hard/train/world_hard_direct_block_seed_300110.yaml,300110,hard,direct_block,1,12,4,16,True,4.7663,5.7245,1.201,0.391462,-3.257272,1.029937,2.312919,1.104611,original_hard
train,/root/leo_ws/src/leo_pybullet/worlds/benchmark_v4_hard/train/world_hard_double_block_seed_300200.yaml,300200,hard,double_block,2,11,4,15,True,6.7124,12.178,1.8143,-3.348243,-1.977686,-0.439913,3.024712,-4.085313,original_hard
train,/root/leo_ws/results/comparison_benchmarks/benchmark_v10_dense_001/train/world_hard_double_block_seed_1100209.yaml,1100209,hard,double_block,2,19,4,23,True,5.4536,15.45,2.833,-2.174875,-2.266591,1.47628,-1.956312,3.182654,dense_failed
train,/root/leo_ws/src/leo_pybullet/worlds/benchmark_v4_hard/train/world_hard_direct_block_seed_300062.yaml,300062,hard,direct_block,1,14,4,18,True,6.8367,8.1998,1.1994,3.226089,-2.455293,3.035823,-3.464815,-1.050806,original_hard
train,/root/leo_ws/results/comparison_benchmarks/benchmark_v10_dense_001/train/world_easy_double_block_seed_1100048.yaml,1100048,easy,double_block,2,16,4,20,True,5.1011,6.2296,1.2212,-0.763653,2.285108,-0.763541,3.256406,-0.854955,dense_failed
train,/root/leo_ws/src/leo_pybullet/worlds/benchmark_v4_hard/train/world_hard_double_block_seed_300329.yaml,300329,hard,double_block,2,13,4,17,True,8.203,9.5849,1.1685,2.506359,-3.808141,2.500245,-3.493024,1.786187,original_hard
train,/root/leo_ws/results/comparison_benchmarks/benchmark_v10_dense_001/train/world_easy_double_block_seed_1100213.yaml,1100213,easy,double_block,2,15,4,19,True,4.8952,6.0559,1.2371,2.793739,-3.118907,1.763445,2.27378,1.748605,dense_failed
train,/root/leo_ws/src/leo_pybullet/worlds/benchmark_v4_hard/train/world_hard_double_block_seed_300365.yaml,300365,hard,double_block,2,10,4,14,True,7.4141,11.5622,1.5595,3.932271,3.229698,-2.43294,-1.549961,-1.761724,original_hard
train,/root/leo_ws/results/comparison_benchmarks/benchmark_v10_dense_001/train/world_medium_double_block_seed_1100097.yaml,1100097,medium,double_block,2,16,4,20,True,8.5443,9.8249,1.1499,3.639038,-3.869296,2.077177,-0.963911,3.329194,dense_failed
train,/root/leo_ws/results/comparison_benchmarks/benchmark_v10_dense_001/train/world_medium_double_block_seed_1100169.yaml,1100169,medium,double_block,2,16,4,20,True,5.8693,7.6833,1.3091,-3.903826,-2.28641,1.404873,-3.352007,3.556898,dense_failed
train,/root/leo_ws/results/comparison_benchmarks/benchmark_v10_dense_001/train/world_hard_double_block_seed_1100185.yaml,1100185,hard,double_block,2,19,4,23,True,7.1882,8.3816,1.166,-1.71081,2.862984,-1.321351,0.913051,-3.829211,dense_regular
train,/root/leo_ws/src/leo_pybullet/worlds/benchmark_v4_hard/train/world_hard_double_block_seed_300101.yaml,300101,hard,double_block,2,12,4,16,True,6.9564,8.978,1.2906,-2.10262,2.888181,-0.717418,2.8159,-2.031099,original_hard
train,/root/leo_ws/src/leo_pybullet/worlds/benchmark_v4_hard/train/world_medium_double_block_seed_300133.yaml,300133,medium,double_block,2,8,4,12,True,6.5625,7.6867,1.1713,-2.017493,2.647148,-0.917309,2.052528,-2.500844,original_hard
train,/root/leo_ws/src/leo_pybullet/worlds/benchmark_v4_hard/train/world_hard_double_block_seed_300404.yaml,300404,hard,double_block,2,13,4,17,True,5.4205,6.8227,1.2587,-3.454225,-0.810531,-0.509579,0.902813,-4.035075,original_hard
train,/root/leo_ws/src/leo_pybullet/worlds/benchmark_v4_hard/train/world_easy_direct_block_seed_300282.yaml,300282,easy,direct_block,1,4,4,8,True,4.9768,5.9896,1.2035,-0.859014,3.287406,-2.227939,-3.582554,-0.877991,original_hard
train,/root/leo_ws/results/comparison_benchmarks/benchmark_v10_dense_001/train/world_medium_direct_block_seed_1100034.yaml,1100034,medium,direct_block,1,16,4,20,True,5.7894,7.0216,1.2128,-3.785899,-3.77286,0.719415,0.570978,0.039584,dense_regular
train,/root/leo_ws/src/leo_pybullet/worlds/benchmark_v4_hard/train/world_easy_clear_seed_300339.yaml,300339,easy,clear,0,4,4,8,False,7.26,7.8741,1.0846,-2.81579,4.008121,-1.242363,-0.400909,-2.838457,original_hard
train,/root/leo_ws/src/leo_pybullet/worlds/benchmark_v4_hard/train/world_easy_direct_block_seed_300102.yaml,300102,easy,direct_block,1,4,4,8,True,5.3283,5.9565,1.1179,-1.679698,2.246928,0.233162,3.523761,3.39373,original_hard
train,/root/leo_ws/src/leo_pybullet/worlds/benchmark_v4_hard/train/world_hard_direct_block_seed_300218.yaml,300218,hard,direct_block,1,11,4,15,True,5.1255,6.4639,1.2611,-2.628526,3.928482,-0.582664,1.554273,0.966147,original_hard
train,/root/leo_ws/src/leo_pybullet/worlds/benchmark_v4_hard/train/world_medium_double_block_seed_300352.yaml,300352,medium,double_block,2,9,4,13,True,5.7677,7.1702,1.2432,2.885641,-1.927617,2.92958,-2.857453,-1.395655,original_hard
train,/root/leo_ws/src/leo_pybullet/worlds/benchmark_v4_hard/train/world_hard_double_block_seed_300329.yaml,300329,hard,double_block,2,13,4,17,True,8.203,9.5849,1.1685,2.506359,-3.808141,2.500245,-3.493024,1.786187,original_hard
train,/root/leo_ws/results/comparison_benchmarks/benchmark_v10_dense_001/train/world_hard_clear_seed_1100119.yaml,1100119,hard,clear,0,20,4,24,False,4.9146,5.2445,1.0671,1.330243,3.368265,-1.499156,2.163496,-1.475158,dense_regular
train,/root/leo_ws/results/comparison_benchmarks/benchmark_v10_dense_001/train/world_easy_direct_block_seed_1100162.yaml,1100162,easy,direct_block,1,15,4,19,True,5.0508,7.9929,1.5825,0.189884,0.636217,-1.092423,2.568584,-3.819369,dense_regular
train,/root/leo_ws/src/leo_pybullet/worlds/benchmark_v4_hard/train/world_easy_double_block_seed_300444.yaml,300444,easy,double_block,2,5,4,9,True,6.0364,6.8753,1.139,4.227507,-3.066449,1.957801,1.666259,2.399623,original_hard
train,/root/leo_ws/results/comparison_benchmarks/benchmark_v10_dense_001/train/world_easy_double_block_seed_1100069.yaml,1100069,easy,double_block,2,14,4,18,True,7.6413,9.4547,1.2373,1.423842,-3.321196,2.141134,-3.211922,2.753277,dense_failed
train,/root/leo_ws/results/comparison_benchmarks/benchmark_v10_dense_001/train/world_medium_direct_block_seed_1100142.yaml,1100142,medium,direct_block,1,18,4,22,True,5.2312,6.4833,1.2394,-3.93077,4.025387,-0.576072,0.372224,1.050625,dense_regular
train,/root/leo_ws/src/leo_pybullet/worlds/benchmark_v4_hard/train/world_easy_double_block_seed_300405.yaml,300405,easy,double_block,2,4,4,8,True,5.5883,6.3896,1.1434,2.694858,2.802942,3.017794,-2.879941,3.191451,original_hard
train,/root/leo_ws/src/leo_pybullet/worlds/benchmark_v4_hard/train/world_medium_double_block_seed_300196.yaml,300196,medium,double_block,2,8,4,12,True,5.223,6.5084,1.2461,1.551293,-1.150223,1.92339,-0.830124,3.498276,original_hard
train,/root/leo_ws/results/comparison_benchmarks/benchmark_v10_dense_001/train/world_medium_direct_block_seed_1100166.yaml,1100166,medium,direct_block,1,17,4,21,True,5.8844,6.8672,1.167,-2.581278,-3.134081,0.492194,2.36927,0.046865,dense_regular
train,/root/leo_ws/src/leo_pybullet/worlds/benchmark_v4_hard/train/world_medium_double_block_seed_300028.yaml,300028,medium,double_block,2,7,4,11,True,7.9474,8.9643,1.128,-1.410634,2.478793,-0.816045,3.495932,-3.773114,original_hard
train,/root/leo_ws/results/comparison_benchmarks/benchmark_v10_dense_001/train/world_medium_double_block_seed_1100121.yaml,1100121,medium,double_block,2,17,4,21,True,6.1363,9.0055,1.4676,0.998225,3.462783,-1.917987,-0.369679,-2.519059,dense_regular
train,/root/leo_ws/src/leo_pybullet/worlds/benchmark_v4_hard/train/world_hard_direct_block_seed_300014.yaml,300014,hard,direct_block,1,12,4,16,True,6.1969,7.8239,1.2626,-1.483921,-3.582866,1.75184,-2.614877,2.509943,original_hard
train,/root/leo_ws/results/comparison_benchmarks/benchmark_v10_dense_001/train/world_easy_direct_block_seed_1100042.yaml,1100042,easy,direct_block,1,16,4,20,True,6.3782,7.0022,1.0978,0.611905,-3.824828,1.449324,1.779186,2.445669,dense_regular
train,/root/leo_ws/results/comparison_benchmarks/benchmark_v10_dense_001/train/world_medium_double_block_seed_1100220.yaml,1100220,medium,double_block,2,18,4,22,True,7.1789,10.57,1.4724,-3.092848,1.175912,0.454853,3.623736,3.710573,dense_failed
train,/root/leo_ws/results/comparison_benchmarks/benchmark_v10_dense_001/train/world_medium_double_block_seed_1100169.yaml,1100169,medium,double_block,2,16,4,20,True,5.8693,7.6833,1.3091,-3.903826,-2.28641,1.404873,-3.352007,3.556898,dense_failed
train,/root/leo_ws/src/leo_pybullet/worlds/benchmark_v4_hard/train/world_hard_clear_seed_300191.yaml,300191,hard,clear,0,13,4,17,False,7.3467,7.3931,1.0063,-3.184761,-3.090059,-0.046556,4.16093,-2.969209,original_hard
train,/root/leo_ws/src/leo_pybullet/worlds/benchmark_v4_hard/train/world_easy_clear_seed_300099.yaml,300099,easy,clear,0,5,4,9,False,7.3645,7.4594,1.0129,3.867209,3.483005,-1.659873,3.676694,-3.879054,original_hard
train,/root/leo_ws/results/comparison_benchmarks/benchmark_v10_dense_001/train/world_hard_clear_seed_1100023.yaml,1100023,hard,clear,0,18,4,22,False,5.0405,5.3245,1.0563,-3.011875,-3.075243,-0.281004,1.952413,-3.948376,dense_regular
train,/root/leo_ws/src/leo_pybullet/worlds/benchmark_v4_hard/train/world_easy_double_block_seed_300372.yaml,300372,easy,double_block,2,4,4,8,True,8.825,10.0706,1.1411,-3.230358,4.22094,-1.029339,2.056967,-2.844785,original_hard
train,/root/leo_ws/results/comparison_benchmarks/benchmark_v10_dense_001/train/world_hard_direct_block_seed_1100062.yaml,1100062,hard,direct_block,1,19,4,23,True,5.5592,6.729,1.2104,1.250507,-0.657178,2.467387,-3.315011,2.514646,dense_regular
train,/root/leo_ws/src/leo_pybullet/worlds/benchmark_v4_hard/train/world_medium_double_block_seed_300013.yaml,300013,medium,double_block,2,6,4,10,True,5.2573,6.4914,1.2347,-1.963352,0.879017,-1.177049,-0.245607,-4.089718,original_hard
train,/root/leo_ws/src/leo_pybullet/worlds/benchmark_v4_hard/train/world_easy_double_block_seed_300033.yaml,300033,easy,double_block,2,3,4,7,True,4.5455,5.6308,1.2388,0.436304,0.294776,-1.896536,-1.058901,-3.997745,original_hard
train,/root/leo_ws/results/comparison_benchmarks/benchmark_v10_dense_001/train/world_hard_direct_block_seed_1100170.yaml,1100170,hard,direct_block,1,20,4,24,True,4.5803,8.9988,1.9647,0.107905,0.139951,2.663696,-4.194527,1.711129,dense_regular
train,/root/leo_ws/src/leo_pybullet/worlds/benchmark_v4_hard/train/world_easy_direct_block_seed_300342.yaml,300342,easy,direct_block,1,3,4,7,True,5.2892,6.2684,1.1851,0.832252,2.960465,-2.380652,-3.272664,-0.374972,original_hard
train,/root/leo_ws/src/leo_pybullet/worlds/benchmark_v4_hard/train/world_easy_clear_seed_300375.yaml,300375,easy,clear,0,3,4,7,False,5.9993,6.0331,1.0056,4.058581,3.83245,-1.554388,3.922143,-2.165345,original_hard
train,/root/leo_ws/results/comparison_benchmarks/benchmark_v10_dense_001/train/world_medium_double_block_seed_1100076.yaml,1100076,medium,double_block,2,18,4,22,True,6.8841,8.4398,1.226,-0.742639,-4.138524,1.494349,0.658581,2.601459,dense_failed
train,/root/leo_ws/src/leo_pybullet/worlds/benchmark_v4_hard/train/world_hard_double_block_seed_300188.yaml,300188,hard,double_block,2,12,4,16,True,5.6875,7.9233,1.3931,3.381958,1.47693,3.055739,-2.169653,2.712677,original_hard
train,/root/leo_ws/src/leo_pybullet/worlds/benchmark_v4_hard/train/world_medium_double_block_seed_300109.yaml,300109,medium,double_block,2,7,4,11,True,6.8322,7.841,1.1476,2.38579,2.585567,-1.483158,2.582887,-4.243809,original_hard
train,/root/leo_ws/results/comparison_benchmarks/benchmark_v10_dense_001/train/world_easy_double_block_seed_1100024.yaml,1100024,easy,double_block,2,14,4,18,True,5.0034,6.009,1.201,1.222073,-1.305653,-2.540012,-3.05618,-3.900051,dense_regular
train,/root/leo_ws/results/comparison_benchmarks/benchmark_v10_dense_001/train/world_hard_clear_seed_1100035.yaml,1100035,hard,clear,0,20,4,24,False,4.8376,5.2365,1.0825,-1.895433,-0.044914,0.358894,2.725191,1.387545,dense_regular
train,/root/leo_ws/src/leo_pybullet/worlds/benchmark_v4_hard/train/world_medium_double_block_seed_300433.yaml,300433,medium,double_block,2,7,4,11,True,5.7193,6.7759,1.1847,1.904947,3.565704,-3.047219,-3.812288,3.413571,original_hard
train,/root/leo_ws/results/comparison_benchmarks/benchmark_v10_dense_001/train/world_medium_double_block_seed_1100205.yaml,1100205,medium,double_block,2,16,4,20,True,6.7213,8.1141,1.2072,2.035544,-2.504267,2.028056,-1.704704,3.08017,dense_regular
train,/root/leo_ws/results/comparison_benchmarks/benchmark_v10_dense_001/train/world_hard_double_block_seed_1100212.yaml,1100212,hard,double_block,2,19,4,23,True,5.4172,7.4045,1.3669,0.88701,1.268637,-2.189916,-2.256602,-3.143102,dense_failed
train,/root/leo_ws/src/leo_pybullet/worlds/benchmark_v4_hard/train/world_hard_direct_block_seed_300158.yaml,300158,hard,direct_block,1,11,4,15,True,6.1351,7.2971,1.1894,-1.246284,3.711189,-1.118784,1.104476,-1.95566,original_hard
train,/root/leo_ws/results/comparison_benchmarks/benchmark_v10_dense_001/train/world_hard_double_block_seed_1100224.yaml,1100224,hard,double_block,2,18,4,22,True,6.3254,10.8341,1.7128,2.000528,3.442566,-1.441969,2.371083,-2.871972,dense_failed
train,/root/leo_ws/results/comparison_benchmarks/benchmark_v10_dense_001/train/world_medium_direct_block_seed_1100226.yaml,1100226,medium,direct_block,1,16,4,20,True,4.9856,6.1302,1.2296,-2.555583,2.592715,0.061022,2.421973,2.309557,dense_regular
train,/root/leo_ws/results/comparison_benchmarks/benchmark_v10_dense_001/train/world_hard_double_block_seed_1100233.yaml,1100233,hard,double_block,2,19,4,23,True,7.9835,10.8204,1.3553,-3.943573,1.465646,-0.146009,3.828818,-0.358061,dense_failed
train,/root/leo_ws/results/comparison_benchmarks/benchmark_v10_dense_001/train/world_medium_double_block_seed_1100037.yaml,1100037,medium,double_block,2,18,4,22,True,5.0849,7.8467,1.5431,-0.640977,1.297093,-1.705891,-1.572466,-3.701802,dense_failed
train,/root/leo_ws/results/comparison_benchmarks/benchmark_v10_dense_001/train/world_medium_double_block_seed_1100124.yaml,1100124,medium,double_block,2,18,4,22,True,7.7638,11.3359,1.4601,-3.606593,3.197798,-0.963207,1.339851,-2.786225,dense_failed
train,/root/leo_ws/results/comparison_benchmarks/benchmark_v10_dense_001/train/world_easy_double_block_seed_1100132.yaml,1100132,easy,double_block,2,15,4,19,True,4.7762,5.9508,1.2459,-0.30597,4.100822,-2.081681,-2.576156,-0.101416,dense_regular
train,/root/leo_ws/results/comparison_benchmarks/benchmark_v10_dense_001/train/world_medium_double_block_seed_1100100.yaml,1100100,medium,double_block,2,17,4,21,True,5.3313,6.6708,1.2512,-1.379883,3.041196,-1.21161,0.590033,-1.912839,dense_regular
train,/root/leo_ws/src/leo_pybullet/worlds/benchmark_v4_hard/train/world_medium_double_block_seed_300316.yaml,300316,medium,double_block,2,9,4,13,True,6.9491,8.1084,1.1668,3.8198,2.613157,-2.126968,0.642127,-3.566803,original_hard
train,/root/leo_ws/results/comparison_benchmarks/benchmark_v10_dense_001/train/world_medium_double_block_seed_1100013.yaml,1100013,medium,double_block,2,18,4,22,True,4.5322,5.8457,1.2898,3.855244,1.47571,2.856687,-0.429182,2.9536,dense_failed
train,/root/leo_ws/src/leo_pybullet/worlds/benchmark_v4_hard/train/world_medium_direct_block_seed_300118.yaml,300118,medium,direct_block,1,7,4,11,True,7.3055,8.1861,1.1205,-2.775109,0.183679,-0.624216,3.590486,-3.400875,original_hard
train,/root/leo_ws/src/leo_pybullet/worlds/benchmark_v4_hard/train/world_easy_direct_block_seed_300030.yaml,300030,easy,direct_block,1,3,4,7,True,5.7427,6.3541,1.1065,3.987129,-4.062492,1.911957,2.060799,1.347446,original_hard
train,/root/leo_ws/src/leo_pybullet/worlds/benchmark_v4_hard/train/world_medium_double_block_seed_300313.yaml,300313,medium,double_block,2,6,4,10,True,5.2339,6.721,1.2841,1.668459,-1.690455,2.717684,-3.03479,0.60592,original_hard
train,/root/leo_ws/src/leo_pybullet/worlds/benchmark_v4_hard/train/world_easy_double_block_seed_300237.yaml,300237,easy,double_block,2,4,4,8,True,7.6078,8.8123,1.1583,-3.853882,-3.198992,1.024384,0.611274,2.960696,original_hard
train,/root/leo_ws/src/leo_pybullet/worlds/benchmark_v4_hard/train/world_hard_double_block_seed_300236.yaml,300236,hard,double_block,2,12,4,16,True,5.2655,6.7953,1.2905,-2.105065,-0.049541,0.451461,2.347047,2.761912,original_hard
train,/root/leo_ws/results/comparison_benchmarks/benchmark_v10_dense_001/train/world_medium_double_block_seed_1100004.yaml,1100004,medium,double_block,2,18,4,22,True,5.1083,11.1712,2.1869,3.543948,-1.601903,1.899813,1.334295,3.003714,dense_regular
train,/root/leo_ws/results/comparison_benchmarks/benchmark_v10_dense_001/train/world_hard_double_block_seed_1100233.yaml,1100233,hard,double_block,2,19,4,23,True,7.9835,10.8204,1.3553,-3.943573,1.465646,-0.146009,3.828818,-0.358061,dense_failed
train,/root/leo_ws/src/leo_pybullet/worlds/benchmark_v4_hard/train/world_easy_double_block_seed_300153.yaml,300153,easy,double_block,2,5,4,9,True,5.4791,6.7678,1.2352,-2.342211,2.57987,-0.578731,1.803007,-1.003156,original_hard
train,/root/leo_ws/src/leo_pybullet/worlds/benchmark_v4_hard/train/world_easy_direct_block_seed_300426.yaml,300426,easy,direct_block,1,5,4,9,True,8.3802,9.0822,1.0838,3.955319,4.227407,-1.478812,4.035495,-4.152436,original_hard
train,/root/leo_ws/src/leo_pybullet/worlds/benchmark_v4_hard/train/world_easy_clear_seed_300015.yaml,300015,easy,clear,0,5,4,9,False,5.4496,5.8798,1.0789,1.050833,-2.880979,1.147524,3.897318,1.766115,original_hard
train,/root/leo_ws/results/comparison_benchmarks/benchmark_v10_dense_001/train/world_easy_double_block_seed_1100069.yaml,1100069,easy,double_block,2,14,4,18,True,7.6413,9.4547,1.2373,1.423842,-3.321196,2.141134,-3.211922,2.753277,dense_failed
train,/root/leo_ws/src/leo_pybullet/worlds/benchmark_v4_hard/train/world_easy_double_block_seed_300312.yaml,300312,easy,double_block,2,4,4,8,True,4.652,5.5039,1.1831,2.760827,4.072485,-1.686461,1.72707,-0.46322,original_hard
train,/root/leo_ws/src/leo_pybullet/worlds/benchmark_v4_hard/train/world_hard_direct_block_seed_300302.yaml,300302,hard,direct_block,1,14,4,18,True,4.8948,6.4171,1.311,-0.725517,-1.175308,0.543925,3.625572,1.066701,original_hard
train,/root/leo_ws/src/leo_pybullet/worlds/benchmark_v4_hard/train/world_easy_direct_block_seed_300006.yaml,300006,easy,direct_block,1,5,4,9,True,5.2889,5.929,1.121,1.948213,-1.528555,1.247454,3.109686,3.631191,original_hard
train,/root/leo_ws/results/comparison_benchmarks/benchmark_v10_dense_001/train/world_hard_double_block_seed_1100113.yaml,1100113,hard,double_block,2,20,4,24,True,6.8416,8.329,1.2174,-0.117348,2.197856,-0.941867,3.398965,-3.671001,dense_failed
train,/root/leo_ws/results/comparison_benchmarks/benchmark_v10_dense_001/train/world_medium_double_block_seed_1100208.yaml,1100208,medium,double_block,2,17,4,21,True,5.7299,7.281,1.2707,-0.813581,-4.013914,1.60381,-1.522634,1.6719,dense_failed
train,/root/leo_ws/results/comparison_benchmarks/benchmark_v10_dense_001/train/world_easy_clear_seed_1100003.yaml,1100003,easy,clear,0,16,4,20,False,4.6556,5.0433,1.0833,-0.965417,-0.322385,1.942012,-2.395267,4.108241,dense_regular
train,/root/leo_ws/results/comparison_benchmarks/benchmark_v10_dense_001/train/world_medium_double_block_seed_1100004.yaml,1100004,medium,double_block,2,18,4,22,True,5.1083,11.1712,2.1869,3.543948,-1.601903,1.899813,1.334295,3.003714,dense_failed
train,/root/leo_ws/src/leo_pybullet/worlds/benchmark_v4_hard/train/world_hard_direct_block_seed_300038.yaml,300038,hard,direct_block,1,10,4,14,True,7.6307,9.2318,1.2098,0.834868,3.973613,-1.629526,-0.663242,-3.508577,original_hard
train,/root/leo_ws/results/comparison_benchmarks/benchmark_v10_dense_001/train/world_medium_double_block_seed_1100025.yaml,1100025,medium,double_block,2,17,4,21,True,6.5447,7.7941,1.1909,1.332284,2.073388,-2.351663,-2.932341,-2.891061,dense_failed
train,/root/leo_ws/src/leo_pybullet/worlds/benchmark_v4_hard/train/world_medium_double_block_seed_300409.yaml,300409,medium,double_block,2,6,4,10,True,7.4692,8.7541,1.172,-2.855317,-1.134881,0.417964,3.650505,2.53426,original_hard
train,/root/leo_ws/src/leo_pybullet/worlds/benchmark_v4_hard/train/world_medium_direct_block_seed_300178.yaml,300178,medium,direct_block,1,7,4,11,True,5.0955,5.8627,1.1506,-0.091554,-1.231538,1.137417,1.537904,3.596371,original_hard
train,/root/leo_ws/src/leo_pybullet/worlds/benchmark_v4_hard/train/world_easy_double_block_seed_300204.yaml,300204,easy,double_block,2,4,4,8,True,7.2085,7.9622,1.1045,-2.536866,-3.735207,1.630346,-3.803205,3.361228,original_hard
train,/root/leo_ws/results/comparison_benchmarks/benchmark_v10_dense_001/train/world_hard_clear_seed_1100191.yaml,1100191,hard,clear,0,20,4,24,False,5.647,5.9645,1.0562,3.260402,-2.666608,1.358692,4.137356,2.91193,dense_regular
train,/root/leo_ws/src/leo_pybullet/worlds/benchmark_v4_hard/train/world_medium_clear_seed_300319.yaml,300319,medium,clear,0,9,4,13,False,5.3663,5.8216,1.0848,-1.727455,-3.202759,0.517448,3.236104,-1.163174,original_hard
train,/root/leo_ws/src/leo_pybullet/worlds/benchmark_v4_hard/train/world_medium_double_block_seed_300217.yaml,300217,medium,double_block,2,9,4,13,True,5.0158,7.3051,1.4564,4.207654,3.583556,-1.911421,2.784389,-1.226065,original_hard
train,/root/leo_ws/results/comparison_benchmarks/benchmark_v10_dense_001/train/world_hard_direct_block_seed_1100134.yaml,1100134,hard,direct_block,1,18,4,22,True,5.2564,6.3565,1.2093,3.817692,-0.099883,2.44975,-0.63965,2.686171,dense_regular
train,/root/leo_ws/results/comparison_benchmarks/benchmark_v10_dense_001/train/world_medium_clear_seed_1100163.yaml,1100163,medium,clear,0,16,4,20,False,4.68,4.9908,1.0664,2.723665,3.151959,-1.800201,1.714249,-1.417856,dense_regular
train,/root/leo_ws/results/comparison_benchmarks/benchmark_v10_dense_001/train/world_medium_double_block_seed_1100124.yaml,1100124,medium,double_block,2,18,4,22,True,7.7638,11.3359,1.4601,-3.606593,3.197798,-0.963207,1.339851,-2.786225,dense_failed
train,/root/leo_ws/src/leo_pybullet/worlds/benchmark_v4_hard/train/world_hard_clear_seed_300287.yaml,300287,hard,clear,0,11,4,15,False,4.5075,4.6125,1.0233,-3.034346,3.064624,0.017435,1.463255,3.363611,original_hard
train,/root/leo_ws/results/comparison_benchmarks/benchmark_v10_dense_001/train/world_hard_double_block_seed_1100101.yaml,1100101,hard,double_block,2,20,4,24,True,5.7329,8.9335,1.5583,0.155425,-2.279998,0.664904,4.229864,1.752945,dense_regular
train,/root/leo_ws/results/comparison_benchmarks/benchmark_v10_dense_001/train/world_medium_double_block_seed_1100160.yaml,1100160,medium,double_block,2,17,4,21,True,6.1105,9.2535,1.5144,-2.781623,-0.850584,0.025206,3.290908,-1.53031,dense_failed
train,/root/leo_ws/src/leo_pybullet/worlds/benchmark_v4_hard/train/world_easy_direct_block_seed_300366.yaml,300366,easy,direct_block,1,5,4,9,True,5.9475,7.0078,1.1783,-1.846424,-0.065851,-0.650309,2.949964,-3.582639,original_hard
train,/root/leo_ws/src/leo_pybullet/worlds/benchmark_v4_hard/train/world_easy_double_block_seed_300168.yaml,300168,easy,double_block,2,4,4,8,True,4.9973,6.0445,1.2096,-0.755177,-3.427253,0.228102,3.955072,-1.758102,original_hard
train,/root/leo_ws/src/leo_pybullet/worlds/benchmark_v4_hard/train/world_medium_clear_seed_300103.yaml,300103,medium,clear,0,7,4,11,False,7.8638,8.0739,1.0267,1.694615,2.435799,-2.510953,-4.175737,-2.796616,original_hard
train,/root/leo_ws/src/leo_pybullet/worlds/benchmark_v4_hard/train/world_easy_double_block_seed_300336.yaml,300336,easy,double_block,2,5,4,9,True,7.5991,8.7986,1.1578,-1.800723,-1.407453,0.709038,3.848541,3.675092,original_hard
train,/root/leo_ws/results/comparison_benchmarks/benchmark_v10_dense_001/train/world_hard_double_block_seed_1100044.yaml,1100044,hard,double_block,2,20,4,24,True,5.1,6.4776,1.2701,0.009877,-1.161884,2.029618,-2.681295,3.170249,dense_failed
train,/root/leo_ws/results/comparison_benchmarks/benchmark_v10_dense_001/train/world_hard_double_block_seed_1100137.yaml,1100137,hard,double_block,2,19,4,23,True,6.0622,7.3529,1.2129,-2.796114,0.40446,-0.232852,2.956198,-1.509014,dense_failed
train,/root/leo_ws/src/leo_pybullet/worlds/benchmark_v4_hard/train/world_hard_double_block_seed_300008.yaml,300008,hard,double_block,2,12,4,16,True,5.6887,7.0651,1.242,1.457265,-1.605115,1.302586,3.044504,3.857637,original_hard
train,/root/leo_ws/src/leo_pybullet/worlds/benchmark_v4_hard/train/world_hard_double_block_seed_300224.yaml,300224,hard,double_block,2,14,4,18,True,4.5111,6.3176,1.4005,-3.532611,-3.058598,-0.059266,0.953477,-3.532984,original_hard
train,/root/leo_ws/src/leo_pybullet/worlds/benchmark_v4_hard/train/world_medium_double_block_seed_300064.yaml,300064,medium,double_block,2,6,4,10,True,6.5405,7.9371,1.2135,-1.963248,-3.677975,1.224573,0.773765,2.262341,original_hard
train,/root/leo_ws/src/leo_pybullet/worlds/benchmark_v4_hard/train/world_medium_clear_seed_300439.yaml,300439,medium,clear,0,8,4,12,False,6.2667,6.6386,1.0593,3.563768,3.492571,-2.167079,0.256242,-1.830205,original_hard
train,/root/leo_ws/results/comparison_benchmarks/benchmark_v10_dense_001/train/world_medium_double_block_seed_1100133.yaml,1100133,medium,double_block,2,16,4,20,True,4.9636,6.6765,1.3451,3.436906,-0.821604,2.620523,-0.59674,2.070974,dense_failed
train,/root/leo_ws/src/leo_pybullet/worlds/benchmark_v4_hard/train/world_medium_direct_block_seed_300022.yaml,300022,medium,direct_block,1,8,4,12,True,5.1638,6.0616,1.1739,2.508647,3.688128,-3.135401,-2.653258,3.548787,original_hard
train,/root/leo_ws/src/leo_pybullet/worlds/benchmark_v4_hard/train/world_easy_clear_seed_300447.yaml,300447,easy,clear,0,5,4,9,False,4.5428,4.7782,1.0518,2.577622,3.2926,-2.960963,-1.916448,2.629248,original_hard
train,/root/leo_ws/src/leo_pybullet/worlds/benchmark_v4_hard/train/world_hard_double_block_seed_300188.yaml,300188,hard,double_block,2,12,4,16,True,5.6875,7.9233,1.3931,3.381958,1.47693,3.055739,-2.169653,2.712677,original_hard
train,/root/leo_ws/src/leo_pybullet/worlds/benchmark_v4_hard/train/world_hard_direct_block_seed_300422.yaml,300422,hard,direct_block,1,14,4,18,True,6.8758,9.6308,1.4007,3.641206,-1.554605,2.349412,-1.751244,2.711283,original_hard
train,/root/leo_ws/results/comparison_benchmarks/benchmark_v10_dense_001/train/world_medium_double_block_seed_1100160.yaml,1100160,medium,double_block,2,17,4,21,True,6.1105,9.2535,1.5144,-2.781623,-0.850584,0.025206,3.290908,-1.53031,dense_regular
train,/root/leo_ws/results/comparison_benchmarks/benchmark_v10_dense_001/train/world_medium_double_block_seed_1100109.yaml,1100109,medium,double_block,2,16,4,20,True,4.9445,6.2216,1.2583,-1.446707,-1.477003,1.538973,-1.536052,3.466687,dense_regular
train,/root/leo_ws/src/leo_pybullet/worlds/benchmark_v4_hard/train/world_hard_double_block_seed_300221.yaml,300221,hard,double_block,2,11,4,15,True,5.6725,7.0627,1.2451,-3.565511,1.575113,-0.78019,0.730646,-2.128951,original_hard
train,/root/leo_ws/src/leo_pybullet/worlds/benchmark_v4_hard/train/world_hard_direct_block_seed_300134.yaml,300134,hard,direct_block,1,11,4,15,True,6.265,7.4741,1.193,1.685136,-0.685068,2.368103,-2.986901,3.488965,original_hard
train,/root/leo_ws/results/comparison_benchmarks/benchmark_v10_dense_001/train/world_hard_double_block_seed_1100116.yaml,1100116,hard,double_block,2,18,4,22,True,4.7745,7.6067,1.5932,-0.291575,0.949211,-0.537689,3.839475,-1.444628,dense_failed
train,/root/leo_ws/src/leo_pybullet/worlds/benchmark_v4_hard/train/world_easy_double_block_seed_300393.yaml,300393,easy,double_block,2,4,4,8,True,8.3662,9.1735,1.0965,3.808378,4.100573,-1.831722,0.907181,-3.746456,original_hard
train,/root/leo_ws/results/comparison_benchmarks/benchmark_v10_dense_001/train/world_easy_clear_seed_1100135.yaml,1100135,easy,clear,0,15,4,19,False,6.6494,6.9837,1.0503,-1.167669,1.705167,-0.931619,2.737689,-3.676569,dense_regular
train,/root/leo_ws/results/comparison_benchmarks/benchmark_v10_dense_001/train/world_medium_direct_block_seed_1100190.yaml,1100190,medium,direct_block,1,17,4,21,True,4.6659,6.7153,1.4392,-4.157232,-2.192481,-0.032097,0.497153,-1.864393,dense_failed
train,/root/leo_ws/src/leo_pybullet/worlds/benchmark_v4_hard/train/world_hard_double_block_seed_300185.yaml,300185,hard,double_block,2,13,4,17,True,5.2097,6.7678,1.2991,2.124098,-2.524737,1.505628,2.833823,2.636366,original_hard
train,/root/leo_ws/results/comparison_benchmarks/benchmark_v10_dense_001/train/world_hard_double_block_seed_1100173.yaml,1100173,hard,double_block,2,19,4,23,True,5.1067,10.1392,1.9855,0.76474,-1.255355,-2.841614,-4.093541,-2.828854,dense_regular
train,/root/leo_ws/results/comparison_benchmarks/benchmark_v10_dense_001/train/world_medium_double_block_seed_1100049.yaml,1100049,medium,double_block,2,16,4,20,True,5.8501,7.2147,1.2333,-1.891397,-1.972869,0.202154,3.826378,-0.735618,dense_failed
train,/root/leo_ws/results/comparison_benchmarks/benchmark_v10_dense_001/train/world_medium_double_block_seed_1100061.yaml,1100061,medium,double_block,2,16,4,20,True,5.4203,6.8341,1.2608,-1.430453,2.857172,-0.366111,3.590892,0.816163,dense_failed
train,/root/leo_ws/src/leo_pybullet/worlds/benchmark_v4_hard/train/world_easy_direct_block_seed_300390.yaml,300390,easy,direct_block,1,5,4,9,True,5.1208,5.8741,1.1471,2.008166,1.245749,-2.637119,-2.619675,-0.946446,original_hard
train,/root/leo_ws/results/comparison_benchmarks/benchmark_v10_dense_001/train/world_medium_double_block_seed_1100196.yaml,1100196,medium,double_block,2,16,4,20,True,6.8453,7.8822,1.1515,3.376629,-3.294185,1.611529,3.242079,3.549789,dense_failed
train,/root/leo_ws/src/leo_pybullet/worlds/benchmark_v4_hard/train/world_hard_direct_block_seed_300002.yaml,300002,hard,direct_block,1,13,4,17,True,6.8624,9.2488,1.3478,2.902352,-0.636278,2.835087,-3.725977,1.140693,original_hard
train,/root/leo_ws/results/comparison_benchmarks/benchmark_v10_dense_001/train/world_medium_double_block_seed_1100028.yaml,1100028,medium,double_block,2,16,4,20,True,6.0116,8.4478,1.4053,3.9503,0.998712,-2.461368,-0.208832,-3.341932,dense_failed
train,/root/leo_ws/src/leo_pybullet/worlds/benchmark_v4_hard/train/world_medium_double_block_seed_300256.yaml,300256,medium,double_block,2,7,4,11,True,5.7448,6.9965,1.2179,-3.564839,-2.298797,0.673072,1.330581,0.707369,original_hard
train,/root/leo_ws/results/comparison_benchmarks/benchmark_v10_dense_001/train/world_medium_double_block_seed_1100064.yaml,1100064,medium,double_block,2,17,4,21,True,7.6592,8.8455,1.1549,4.114634,2.77442,-2.522191,-2.336012,-1.355065,dense_regular
train,/root/leo_ws/src/leo_pybullet/worlds/benchmark_v4_hard/train/world_hard_double_block_seed_300140.yaml,300140,hard,double_block,2,14,4,18,True,6.5003,8.8914,1.3678,-1.572206,4.053908,-1.788993,-3.207402,-2.23734,original_hard
train,/root/leo_ws/src/leo_pybullet/worlds/benchmark_v4_hard/train/world_medium_direct_block_seed_300142.yaml,300142,medium,direct_block,1,9,4,13,True,4.5637,5.6559,1.2393,-0.641799,-0.961751,-0.054293,3.912721,-0.671704,original_hard
train,/root/leo_ws/src/leo_pybullet/worlds/benchmark_v4_hard/train/world_hard_clear_seed_300143.yaml,300143,hard,clear,0,10,4,14,False,6.703,7.0708,1.0549,0.569338,-3.886403,1.455722,1.610029,2.735342,original_hard
train,/root/leo_ws/results/comparison_benchmarks/benchmark_v10_dense_001/train/world_medium_direct_block_seed_1100190.yaml,1100190,medium,direct_block,1,17,4,21,True,4.6659,6.7153,1.4392,-4.157232,-2.192481,-0.032097,0.497153,-1.864393,dense_regular
train,/root/leo_ws/src/leo_pybullet/worlds/benchmark_v4_hard/train/world_easy_double_block_seed_300180.yaml,300180,easy,double_block,2,5,4,9,True,5.9783,6.9222,1.1579,-2.747012,-2.821338,0.091922,3.229805,-2.952511,original_hard
train,/root/leo_ws/src/leo_pybullet/worlds/benchmark_v4_hard/train/world_hard_clear_seed_300275.yaml,300275,hard,clear,0,14,4,18,False,6.0649,6.4639,1.0658,2.000643,-2.694157,2.884035,-3.951689,-1.531014,original_hard
train,/root/leo_ws/src/leo_pybullet/worlds/benchmark_v4_hard/train/world_hard_double_block_seed_300020.yaml,300020,hard,double_block,2,12,4,16,True,6.8778,8.1804,1.1894,-1.960542,-1.085359,0.629666,3.186043,3.477221,original_hard
train,/root/leo_ws/results/comparison_benchmarks/benchmark_v10_dense_001/train/world_easy_double_block_seed_1100045.yaml,1100045,easy,double_block,2,15,4,19,True,6.2948,7.129,1.1325,4.08747,1.660299,-3.108863,-2.177332,1.046387,dense_regular
train,/root/leo_ws/results/comparison_benchmarks/benchmark_v10_dense_001/train/world_hard_double_block_seed_1100104.yaml,1100104,hard,double_block,2,19,4,23,True,5.6599,9.8627,1.7426,3.09686,2.510417,-1.745644,2.214237,-3.080257,dense_failed
train,/root/leo_ws/results/comparison_benchmarks/benchmark_v10_dense_001/train/world_hard_double_block_seed_1100137.yaml,1100137,hard,double_block,2,19,4,23,True,6.0622,7.3529,1.2129,-2.796114,0.40446,-0.232852,2.956198,-1.509014,dense_failed
train,/root/leo_ws/results/comparison_benchmarks/benchmark_v10_dense_001/train/world_medium_double_block_seed_1100061.yaml,1100061,medium,double_block,2,16,4,20,True,5.4203,6.8341,1.2608,-1.430453,2.857172,-0.366111,3.590892,0.816163,dense_failed
train,/root/leo_ws/src/leo_pybullet/worlds/benchmark_v4_hard/train/world_medium_clear_seed_300175.yaml,300175,medium,clear,0,9,4,13,False,7.3649,7.8912,1.0715,3.738555,-3.815812,2.74656,-2.658593,-0.166469,original_hard
train,/root/leo_ws/src/leo_pybullet/worlds/benchmark_v4_hard/train/world_medium_clear_seed_300043.yaml,300043,medium,clear,0,7,4,11,False,7.0235,7.192,1.024,-1.775045,-3.675418,1.61821,-2.332722,3.325905,original_hard
train,/root/leo_ws/src/leo_pybullet/worlds/benchmark_v4_hard/train/world_hard_clear_seed_300251.yaml,300251,hard,clear,0,14,4,18,False,5.1397,5.4708,1.0644,0.880359,3.091679,-2.905698,-4.152386,2.04839,original_hard
train,/root/leo_ws/src/leo_pybullet/worlds/benchmark_v4_hard/train/world_medium_clear_seed_300127.yaml,300127,medium,clear,0,6,4,10,False,4.7915,5.209,1.0871,2.41837,-3.73506,2.026277,0.701126,0.738158,original_hard
train,/root/leo_ws/results/comparison_benchmarks/benchmark_v10_dense_001/train/world_easy_double_block_seed_1100192.yaml,1100192,easy,double_block,2,14,4,18,True,5.8982,6.7759,1.1488,-2.414919,0.354462,0.030469,3.402178,1.32908,dense_regular
train,/root/leo_ws/results/comparison_benchmarks/benchmark_v10_dense_001/train/world_easy_double_block_seed_1100117.yaml,1100117,easy,double_block,2,16,4,20,True,5.7045,7.2639,1.2734,-2.754421,1.601604,-1.025927,-0.094273,-3.444643,dense_failed
train,/root/leo_ws/results/comparison_benchmarks/benchmark_v10_dense_001/train/world_easy_double_block_seed_1100141.yaml,1100141,easy,double_block,2,16,4,20,True,5.9353,7.2616,1.2235,3.027588,-1.064694,2.522617,-2.224104,1.700709,dense_regular
train,/root/leo_ws/src/leo_pybullet/worlds/benchmark_v4_hard/train/world_medium_double_block_seed_300097.yaml,300097,medium,double_block,2,7,4,11,True,4.5331,8.9771,1.9803,-4.024735,-3.218049,1.433895,-3.56849,1.292012,original_hard
train,/root/leo_ws/src/leo_pybullet/worlds/benchmark_v4_hard/train/world_medium_clear_seed_300379.yaml,300379,medium,clear,0,8,4,12,False,5.2476,5.681,1.0826,-0.841168,0.511049,-1.060974,1.489647,-4.190465,original_hard
train,/root/leo_ws/results/comparison_benchmarks/benchmark_v10_dense_001/train/world_medium_double_block_seed_1100016.yaml,1100016,medium,double_block,2,17,4,21,True,7.6417,8.6718,1.1348,3.05858,-4.20271,2.495343,-3.270102,0.080126,dense_failed
train,/root/leo_ws/src/leo_pybullet/worlds/benchmark_v4_hard/train/world_medium_clear_seed_300355.yaml,300355,medium,clear,0,6,4,10,False,8.142,8.8261,1.084,-3.737027,1.850798,-0.392599,3.861714,-1.0735,original_hard
train,/root/leo_ws/results/comparison_benchmarks/benchmark_v10_dense_001/train/world_medium_clear_seed_1100019.yaml,1100019,medium,clear,0,16,4,20,False,5.3095,5.5976,1.0543,-4.082527,-2.958104,1.317701,-3.172733,2.272835,dense_regular
train,/root/leo_ws/results/comparison_benchmarks/benchmark_v10_dense_001/train/world_medium_direct_block_seed_1100070.yaml,1100070,medium,direct_block,1,16,4,20,True,4.6682,5.8102,1.2446,0.384997,-4.049397,0.674775,4.06091,-1.171926,dense_failed
train,/root/leo_ws/src/leo_pybullet/worlds/benchmark_v4_hard/train/world_hard_clear_seed_300335.yaml,300335,hard,clear,0,10,4,14,False,4.6355,4.6925,1.0123,0.752569,2.399786,-1.578146,1.064232,-2.225187,original_hard
train,/root/leo_ws/src/leo_pybullet/worlds/benchmark_v4_hard/train/world_easy_direct_block_seed_300198.yaml,300198,easy,direct_block,1,3,4,7,True,6.7962,7.5953,1.1176,-3.135846,3.3247,-0.054791,3.645335,2.873349,original_hard
train,/root/leo_ws/results/comparison_benchmarks/benchmark_v10_dense_001/train/world_medium_direct_block_seed_1100130.yaml,1100130,medium,direct_block,1,16,4,20,True,5.2681,6.1965,1.1762,-2.602227,3.615087,-0.084803,2.595899,2.759596,dense_regular
train,/root/leo_ws/src/leo_pybullet/worlds/benchmark_v4_hard/train/world_medium_clear_seed_300247.yaml,300247,medium,clear,0,7,4,11,False,6.0905,6.5804,1.0804,-3.639838,-1.168106,-0.479949,1.900335,-3.697965,original_hard
train,/root/leo_ws/results/comparison_benchmarks/benchmark_v10_dense_001/train/world_medium_double_block_seed_1100049.yaml,1100049,medium,double_block,2,16,4,20,True,5.8501,7.2147,1.2333,-1.891397,-1.972869,0.202154,3.826378,-0.735618,dense_failed
train,/root/leo_ws/results/comparison_benchmarks/benchmark_v10_dense_001/train/world_hard_direct_block_seed_1100050.yaml,1100050,hard,direct_block,1,18,4,22,True,4.6278,5.8571,1.2656,3.253545,1.668548,3.134954,-1.37159,1.512078,dense_regular
train,/root/leo_ws/src/leo_pybullet/worlds/benchmark_v4_hard/train/world_hard_direct_block_seed_300122.yaml,300122,hard,direct_block,1,12,4,16,True,5.2324,6.2547,1.1954,1.419676,1.285263,2.621639,-3.180597,3.778378,original_hard
train,/root/leo_ws/src/leo_pybullet/worlds/benchmark_v4_hard/train/world_easy_clear_seed_300003.yaml,300003,easy,clear,0,5,4,9,False,4.7772,4.8331,1.0117,-2.376321,-2.530055,1.67044,-2.439297,2.246753,original_hard
train,/root/leo_ws/src/leo_pybullet/worlds/benchmark_v4_hard/train/world_medium_direct_block_seed_300046.yaml,300046,medium,direct_block,1,9,4,13,True,5.4011,6.2547,1.158,1.983699,2.431363,-3.026859,-3.371171,1.725961,original_hard
train,/root/leo_ws/src/leo_pybullet/worlds/benchmark_v4_hard/train/world_hard_double_block_seed_300041.yaml,300041,hard,double_block,2,14,4,18,True,4.9346,6.5439,1.3261,-1.502138,-1.940295,0.210878,3.237448,-0.566677,original_hard
train,/root/leo_ws/results/comparison_benchmarks/benchmark_v10_dense_001/train/world_hard_double_block_seed_1100128.yaml,1100128,hard,double_block,2,18,4,22,True,5.889,7.9565,1.3511,-2.805505,1.75675,0.198972,2.764036,3.670022,dense_regular
train,/root/leo_ws/src/leo_pybullet/worlds/benchmark_v4_hard/train/world_medium_direct_block_seed_300094.yaml,300094,medium,direct_block,1,9,4,13,True,6.6434,7.9186,1.1919,-3.258769,2.682181,0.129422,3.268026,3.921574,original_hard
train,/root/leo_ws/results/comparison_benchmarks/benchmark_v10_dense_001/train/world_medium_double_block_seed_1100133.yaml,1100133,medium,double_block,2,16,4,20,True,4.9636,6.6765,1.3451,3.436906,-0.821604,2.620523,-0.59674,2.070974,dense_failed
train,/root/leo_ws/results/comparison_benchmarks/benchmark_v10_dense_001/train/world_hard_double_block_seed_1100044.yaml,1100044,hard,double_block,2,20,4,24,True,5.1,6.4776,1.2701,0.009877,-1.161884,2.029618,-2.681295,3.170249,dense_regular
train,/root/leo_ws/src/leo_pybullet/worlds/benchmark_v4_hard/train/world_easy_double_block_seed_300441.yaml,300441,easy,double_block,2,4,4,8,True,6.2051,7.3747,1.1885,2.493947,0.526273,2.533853,-2.545991,4.145927,original_hard
train,/root/leo_ws/src/leo_pybullet/worlds/benchmark_v4_hard/train/world_easy_double_block_seed_300036.yaml,300036,easy,double_block,2,3,4,7,True,7.6249,8.5312,1.1189,3.586043,-0.814897,2.590871,-2.514003,3.759896,original_hard
train,/root/leo_ws/src/leo_pybullet/worlds/benchmark_v4_hard/train/world_medium_double_block_seed_300340.yaml,300340,medium,double_block,2,6,4,10,True,5.5474,6.9633,1.2552,-1.348981,-3.210317,1.79442,-3.136766,2.041093,original_hard
train,/root/leo_ws/results/comparison_benchmarks/benchmark_v10_dense_001/train/world_easy_double_block_seed_1100129.yaml,1100129,easy,double_block,2,14,4,18,True,7.7485,9.0855,1.1725,1.04151,3.093264,-2.374979,-3.785197,-2.968314,dense_failed
train,/root/leo_ws/src/leo_pybullet/worlds/benchmark_v4_hard/train/world_hard_direct_block_seed_300134.yaml,300134,hard,direct_block,1,11,4,15,True,6.265,7.4741,1.193,1.685136,-0.685068,2.368103,-2.986901,3.488965,original_hard
train,/root/leo_ws/src/leo_pybullet/worlds/benchmark_v4_hard/train/world_easy_clear_seed_300255.yaml,300255,easy,clear,0,4,4,8,False,4.8339,5.0982,1.0547,4.24227,2.521677,2.948457,-0.534239,3.264519,original_hard
train,/root/leo_ws/results/comparison_benchmarks/benchmark_v10_dense_001/train/world_easy_direct_block_seed_1100210.yaml,1100210,easy,direct_block,1,16,4,20,True,6.6518,7.9598,1.1966,-2.797312,-3.003891,0.865798,1.424341,2.13657,dense_regular
train,/root/leo_ws/src/leo_pybullet/worlds/benchmark_v4_hard/train/world_easy_double_block_seed_300141.yaml,300141,easy,double_block,2,3,4,7,True,6.6866,7.5016,1.1219,1.589586,-3.579156,1.53223,1.736056,3.105833,original_hard
train,/root/leo_ws/results/comparison_benchmarks/benchmark_v10_dense_001/train/world_easy_clear_seed_1100111.yaml,1100111,easy,clear,0,15,4,19,False,7.6381,8.1974,1.0732,-2.78719,2.810534,-0.414244,3.898869,-0.882306,dense_regular
train,/root/leo_ws/results/comparison_benchmarks/benchmark_v10_dense_001/train/world_medium_direct_block_seed_1100202.yaml,1100202,medium,direct_block,1,16,4,20,True,5.6611,6.9278,1.2238,0.07256,-1.931818,1.021979,3.219018,2.774283,dense_regular
train,/root/leo_ws/src/leo_pybullet/worlds/benchmark_v4_hard/train/world_hard_double_block_seed_300197.yaml,300197,hard,double_block,2,14,4,18,True,7.9995,9.4135,1.1768,-4.081192,-1.123609,0.319067,3.432856,1.620687,original_hard
train,/root/leo_ws/src/leo_pybullet/worlds/benchmark_v4_hard/train/world_medium_double_block_seed_300172.yaml,300172,medium,double_block,2,6,4,10,True,6.7668,7.6422,1.1294,3.89278,-1.256052,2.976501,-2.699874,0.269387,original_hard
train,/root/leo_ws/results/comparison_benchmarks/benchmark_v10_dense_001/train/world_hard_double_block_seed_1100188.yaml,1100188,hard,double_block,2,18,4,22,True,7.0327,8.7153,1.2393,3.085142,1.309839,-2.555331,-2.642344,-2.771175,dense_regular
train,/root/leo_ws/src/leo_pybullet/worlds/benchmark_v4_hard/train/world_medium_double_block_seed_300268.yaml,300268,medium,double_block,2,9,4,13,True,6.4151,7.4878,1.1672,-2.866725,-0.311816,-0.469331,3.104949,-2.655499,original_hard
train,/root/leo_ws/src/leo_pybullet/worlds/benchmark_v4_hard/train/world_medium_double_block_seed_300292.yaml,300292,medium,double_block,2,7,4,11,True,5.5261,6.721,1.2162,-3.562232,-1.119545,0.754328,0.742082,2.346039,original_hard
train,/root/leo_ws/results/comparison_benchmarks/benchmark_v10_dense_001/train/world_medium_double_block_seed_1100124.yaml,1100124,medium,double_block,2,18,4,22,True,7.7638,11.3359,1.4601,-3.606593,3.197798,-0.963207,1.339851,-2.786225,dense_failed
train,/root/leo_ws/src/leo_pybullet/worlds/benchmark_v4_hard/train/world_medium_clear_seed_300211.yaml,300211,medium,clear,0,6,4,10,False,6.9362,7.0088,1.0105,2.39718,-2.4566,2.436423,-2.781682,2.157494,original_hard
train,/root/leo_ws/src/leo_pybullet/worlds/benchmark_v4_hard/train/world_hard_double_block_seed_300104.yaml,300104,hard,double_block,2,14,4,18,True,5.7662,8.5472,1.4823,1.975434,2.067322,-2.317023,-2.487922,-1.583368,original_hard
train,/root/leo_ws/src/leo_pybullet/worlds/benchmark_v4_hard/train/world_easy_direct_block_seed_300150.yaml,300150,easy,direct_block,1,5,4,9,True,8.014,9.0637,1.131,-2.498338,-3.07992,0.814267,3.408179,2.336439,original_hard
train,/root/leo_ws/src/leo_pybullet/worlds/benchmark_v4_hard/train/world_hard_double_block_seed_300152.yaml,300152,hard,double_block,2,12,4,16,True,6.9011,8.1335,1.1786,-1.43495,3.870661,-0.579089,4.008286,-0.371491,original_hard
train,/root/leo_ws/results/comparison_benchmarks/benchmark_v10_dense_001/train/world_hard_double_block_seed_1100236.yaml,1100236,hard,double_block,2,20,4,24,True,8.2132,11.5963,1.4119,3.918122,-2.670243,-3.123993,-4.207424,-3.866912,dense_failed
train,/root/leo_ws/src/leo_pybullet/worlds/benchmark_v4_hard/train/world_easy_double_block_seed_300060.yaml,300060,easy,double_block,2,4,4,8,True,6.5763,7.6398,1.1617,1.595191,-2.577262,2.274719,-2.967035,2.159114,original_hard
train,/root/leo_ws/results/comparison_benchmarks/benchmark_v10_dense_001/train/world_easy_direct_block_seed_1100102.yaml,1100102,easy,direct_block,1,14,4,18,True,8.3112,9.4306,1.1347,2.525921,-1.902205,2.446973,-4.010749,3.23079,dense_regular
train,/root/leo_ws/results/comparison_benchmarks/benchmark_v10_dense_001/train/world_medium_clear_seed_1100115.yaml,1100115,medium,clear,0,17,4,21,False,5.9853,6.09,1.0175,-3.209157,2.429278,-0.692166,1.171687,-1.648959,dense_regular
train,/root/leo_ws/src/leo_pybullet/worlds/benchmark_v4_hard/train/world_hard_clear_seed_300035.yaml,300035,hard,clear,0,13,4,17,False,6.2955,6.7792,1.0768,4.095613,-0.200397,-2.614698,-1.413405,-3.247277,original_hard
train,/root/leo_ws/results/comparison_benchmarks/benchmark_v10_dense_001/train/world_easy_double_block_seed_1100117.yaml,1100117,easy,double_block,2,16,4,20,True,5.7045,7.2639,1.2734,-2.754421,1.601604,-1.025927,-0.094273,-3.444643,dense_failed
train,/root/leo_ws/results/comparison_benchmarks/benchmark_v10_dense_001/train/world_easy_direct_block_seed_1100066.yaml,1100066,easy,direct_block,1,16,4,20,True,8.433,9.138,1.0836,2.879802,3.636027,-2.030939,-0.671425,-4.012778,dense_regular
train,/root/leo_ws/results/comparison_benchmarks/benchmark_v10_dense_001/train/world_medium_double_block_seed_1100145.yaml,1100145,medium,double_block,2,18,4,22,True,6.8138,8.3759,1.2293,-3.969482,-1.031981,0.257302,2.334674,1.553677,dense_failed
train,/root/leo_ws/results/comparison_benchmarks/benchmark_v10_dense_001/train/world_medium_direct_block_seed_1100118.yaml,1100118,medium,direct_block,1,17,4,21,True,8.4427,9.6706,1.1454,-2.850391,-3.787187,0.870166,3.243316,2.056206,dense_regular
train,/root/leo_ws/results/comparison_benchmarks/benchmark_v10_dense_001/train/world_medium_double_block_seed_1100028.yaml,1100028,medium,double_block,2,16,4,20,True,6.0116,8.4478,1.4053,3.9503,0.998712,-2.461368,-0.208832,-3.341932,dense_regular
train,/root/leo_ws/src/leo_pybullet/worlds/benchmark_v4_hard/train/world_easy_direct_block_seed_300078.yaml,300078,easy,direct_block,1,3,4,7,True,7.8239,8.7906,1.1236,2.630967,3.933128,-2.56433,-3.370238,-1.086772,original_hard
train,/root/leo_ws/src/leo_pybullet/worlds/benchmark_v4_hard/train/world_easy_double_block_seed_300093.yaml,300093,easy,double_block,2,5,4,9,True,4.7948,5.9508,1.2411,-3.615083,-0.606543,1.093115,-1.236721,3.556865,original_hard
train,/root/leo_ws/results/comparison_benchmarks/benchmark_v10_dense_001/train/world_medium_double_block_seed_1100097.yaml,1100097,medium,double_block,2,16,4,20,True,8.5443,9.8249,1.1499,3.639038,-3.869296,2.077177,-0.963911,3.329194,dense_failed
train,/root/leo_ws/results/comparison_benchmarks/benchmark_v10_dense_001/train/world_hard_double_block_seed_1100224.yaml,1100224,hard,double_block,2,18,4,22,True,6.3254,10.8341,1.7128,2.000528,3.442566,-1.441969,2.371083,-2.871972,dense_regular
train,/root/leo_ws/results/comparison_benchmarks/benchmark_v10_dense_001/train/world_medium_double_block_seed_1100145.yaml,1100145,medium,double_block,2,18,4,22,True,6.8138,8.3759,1.2293,-3.969482,-1.031981,0.257302,2.334674,1.553677,dense_failed
train,/root/leo_ws/src/leo_pybullet/worlds/benchmark_v4_hard/train/world_medium_direct_block_seed_300106.yaml,300106,medium,direct_block,1,6,4,10,True,5.7405,6.6902,1.1654,2.514042,3.038998,-2.778231,-2.815989,0.907191,original_hard
train,/root/leo_ws/results/comparison_benchmarks/benchmark_v10_dense_001/train/world_medium_double_block_seed_1100001.yaml,1100001,medium,double_block,2,16,4,20,True,6.1369,8.9553,1.4593,1.701273,3.096331,-2.571645,-3.226187,-0.56175,dense_failed
train,/root/leo_ws/results/comparison_benchmarks/benchmark_v10_dense_001/train/world_medium_double_block_seed_1100025.yaml,1100025,medium,double_block,2,17,4,21,True,6.5447,7.7941,1.1909,1.332284,2.073388,-2.351663,-2.932341,-2.891061,dense_regular
train,/root/leo_ws/results/comparison_benchmarks/benchmark_v10_dense_001/train/world_hard_direct_block_seed_1100206.yaml,1100206,hard,direct_block,1,20,4,24,True,7.22,9.769,1.3531,-3.809465,-2.149964,0.637365,1.766421,2.436676,dense_failed
train,/root/leo_ws/src/leo_pybullet/worlds/benchmark_v4_hard/train/world_easy_double_block_seed_300177.yaml,300177,easy,double_block,2,3,4,7,True,8.7324,10.0512,1.151,-3.605922,2.064829,-0.684377,3.640698,-2.807691,original_hard
train,/root/leo_ws/results/comparison_benchmarks/benchmark_v10_dense_001/train/world_medium_clear_seed_1100175.yaml,1100175,medium,clear,0,16,4,20,False,5.1747,5.5176,1.0663,-2.896438,0.519516,0.121454,2.192693,1.456823,dense_regular
train,/root/leo_ws/src/leo_pybullet/worlds/benchmark_v4_hard/train/world_medium_clear_seed_300331.yaml,300331,medium,clear,0,6,4,10,False,4.5486,4.7645,1.0475,-1.436676,-2.255358,-0.211937,3.016656,-3.181373,original_hard
train,/root/leo_ws/src/leo_pybullet/worlds/benchmark_v4_hard/train/world_easy_double_block_seed_300360.yaml,300360,easy,double_block,2,4,4,8,True,5.0584,6.0478,1.1956,0.646691,1.068411,2.777435,-4.218037,2.454784,original_hard
train,/root/leo_ws/results/comparison_benchmarks/benchmark_v10_dense_001/train/world_medium_double_block_seed_1100076.yaml,1100076,medium,double_block,2,18,4,22,True,6.8841,8.4398,1.226,-0.742639,-4.138524,1.494349,0.658581,2.601459,dense_failed
train,/root/leo_ws/src/leo_pybullet/worlds/benchmark_v4_hard/train/world_hard_double_block_seed_300128.yaml,300128,hard,double_block,2,10,4,14,True,5.4274,6.881,1.2678,2.368258,1.223274,-1.570344,2.722352,-4.192545,original_hard
train,/root/leo_ws/results/comparison_benchmarks/benchmark_v10_dense_001/train/world_medium_double_block_seed_1100076.yaml,1100076,medium,double_block,2,18,4,22,True,6.8841,8.4398,1.226,-0.742639,-4.138524,1.494349,0.658581,2.601459,dense_failed
train,/root/leo_ws/results/comparison_benchmarks/benchmark_v10_dense_001/train/world_easy_double_block_seed_1100177.yaml,1100177,easy,double_block,2,16,4,20,True,7.5079,8.6467,1.1517,0.923514,-3.999632,2.208791,-2.916956,2.451671,dense_failed
train,/root/leo_ws/results/comparison_benchmarks/benchmark_v10_dense_001/train/world_medium_double_block_seed_1100169.yaml,1100169,medium,double_block,2,16,4,20,True,5.8693,7.6833,1.3091,-3.903826,-2.28641,1.404873,-3.352007,3.556898,dense_failed
train,/root/leo_ws/results/comparison_benchmarks/benchmark_v10_dense_001/train/world_medium_double_block_seed_1100217.yaml,1100217,medium,double_block,2,18,4,22,True,8.0277,10.4308,1.2993,4.180187,2.665329,-2.820522,-3.31418,-0.21189,dense_regular
train,/root/leo_ws/results/comparison_benchmarks/benchmark_v10_dense_001/train/world_easy_double_block_seed_1100189.yaml,1100189,easy,double_block,2,15,4,19,True,5.566,7.3771,1.3254,3.194909,-2.821669,1.828372,1.077534,2.325878,dense_regular
train,/root/leo_ws/results/comparison_benchmarks/benchmark_v10_dense_001/train/world_medium_double_block_seed_1100232.yaml,1100232,medium,double_block,2,16,4,20,True,8.2161,11.0045,1.3394,-3.114633,3.876917,-0.906093,1.19953,-3.115432,dense_failed
train,/root/leo_ws/results/comparison_benchmarks/benchmark_v10_dense_001/train/world_hard_double_block_seed_1100185.yaml,1100185,hard,double_block,2,19,4,23,True,7.1882,8.3816,1.166,-1.71081,2.862984,-1.321351,0.913051,-3.829211,dense_failed
train,/root/leo_ws/src/leo_pybullet/worlds/benchmark_v4_hard/train/world_easy_clear_seed_300039.yaml,300039,easy,clear,0,3,4,7,False,5.1183,5.5153,1.0776,2.229549,-3.584939,1.834913,0.311377,1.16028,original_hard
train,/root/leo_ws/src/leo_pybullet/worlds/benchmark_v4_hard/train/world_hard_clear_seed_300443.yaml,300443,hard,clear,0,11,4,15,False,5.7956,6.1633,1.0635,-0.167073,-2.869123,1.342518,1.121002,2.781502,original_hard
train,/root/leo_ws/results/comparison_benchmarks/benchmark_v10_dense_001/train/world_hard_clear_seed_1100215.yaml,1100215,hard,clear,0,18,4,22,False,4.9093,4.9931,1.0171,0.072152,4.081594,-1.685821,0.083326,-0.827709,dense_regular
train,/root/leo_ws/src/leo_pybullet/worlds/benchmark_v4_hard/train/world_hard_double_block_seed_300332.yaml,300332,hard,double_block,2,12,4,16,True,6.0343,8.2135,1.3611,1.364998,2.959518,-2.523912,-3.246403,-0.932568,original_hard
train,/root/leo_ws/results/comparison_benchmarks/benchmark_v10_dense_001/train/world_medium_double_block_seed_1100061.yaml,1100061,medium,double_block,2,16,4,20,True,5.4203,6.8341,1.2608,-1.430453,2.857172,-0.366111,3.590892,0.816163,dense_failed
train,/root/leo_ws/src/leo_pybullet/worlds/benchmark_v4_hard/train/world_easy_direct_block_seed_300438.yaml,300438,easy,direct_block,1,4,4,8,True,4.9212,5.929,1.2048,-2.090838,-1.299911,0.635946,1.769955,1.751745,original_hard
train,/root/leo_ws/src/leo_pybullet/worlds/benchmark_v4_hard/train/world_easy_double_block_seed_300420.yaml,300420,easy,double_block,2,3,4,7,True,5.4967,6.481,1.1791,1.845056,1.567691,2.93193,-3.625537,2.102512,original_hard
train,/root/leo_ws/results/comparison_benchmarks/benchmark_v10_dense_001/train/world_hard_double_block_seed_1100116.yaml,1100116,hard,double_block,2,18,4,22,True,4.7745,7.6067,1.5932,-0.291575,0.949211,-0.537689,3.839475,-1.444628,dense_regular
train,/root/leo_ws/results/comparison_benchmarks/benchmark_v10_dense_001/train/world_medium_double_block_seed_1100196.yaml,1100196,medium,double_block,2,16,4,20,True,6.8453,7.8822,1.1515,3.376629,-3.294185,1.611529,3.242079,3.549789,dense_regular
train,/root/leo_ws/results/comparison_benchmarks/benchmark_v10_dense_001/train/world_medium_double_block_seed_1100097.yaml,1100097,medium,double_block,2,16,4,20,True,8.5443,9.8249,1.1499,3.639038,-3.869296,2.077177,-0.963911,3.329194,dense_failed
train,/root/leo_ws/src/leo_pybullet/worlds/benchmark_v4_hard/train/world_hard_double_block_seed_300212.yaml,300212,hard,double_block,2,13,4,17,True,4.5854,6.6765,1.456,-2.304133,-2.620304,1.602368,-3.04473,1.904929,original_hard
train,/root/leo_ws/src/leo_pybullet/worlds/benchmark_v4_hard/train/world_hard_direct_block_seed_300314.yaml,300314,hard,direct_block,1,10,4,14,True,4.7443,5.841,1.2311,-1.236853,-2.095363,-0.166304,3.406074,-3.071022,original_hard
train,/root/leo_ws/results/comparison_benchmarks/benchmark_v10_dense_001/train/world_medium_clear_seed_1100007.yaml,1100007,medium,clear,0,18,4,22,False,5.9048,6.0194,1.0194,1.01033,3.875379,-1.517471,0.743102,-2.023394,dense_regular
train,/root/leo_ws/results/comparison_benchmarks/benchmark_v10_dense_001/train/world_easy_double_block_seed_1100000.yaml,1100000,easy,double_block,2,15,4,19,True,6.8207,10.9141,1.6001,3.127941,-2.968147,1.720571,3.01706,3.851639,dense_failed
train,/root/leo_ws/src/leo_pybullet/worlds/benchmark_v4_hard/train/world_hard_double_block_seed_300440.yaml,300440,hard,double_block,2,13,4,17,True,5.486,6.801,1.2397,-3.356031,2.385238,-0.474827,1.306734,-0.505185,original_hard
train,/root/leo_ws/results/comparison_benchmarks/benchmark_v10_dense_001/train/world_easy_double_block_seed_1100228.yaml,1100228,easy,double_block,2,14,4,18,True,6.0985,7.1735,1.1763,-2.665623,3.896519,-1.281115,-0.595146,-1.839708,dense_failed
train,/root/leo_ws/results/comparison_benchmarks/benchmark_v10_dense_001/train/world_medium_direct_block_seed_1100214.yaml,1100214,medium,direct_block,1,17,4,21,True,5.3735,6.2959,1.1716,2.487642,-3.356281,2.115407,-0.147617,1.326692,dense_regular
train,/root/leo_ws/src/leo_pybullet/worlds/benchmark_v4_hard/train/world_easy_double_block_seed_300132.yaml,300132,easy,double_block,2,3,4,7,True,6.1855,7.361,1.19,2.433481,1.98369,-2.338691,-2.202621,-2.111073,original_hard
train,/root/leo_ws/src/leo_pybullet/worlds/benchmark_v4_hard/train/world_hard_direct_block_seed_300050.yaml,300050,hard,direct_block,1,10,4,14,True,5.5478,6.7622,1.2189,2.177548,-1.315827,2.533731,-2.092127,2.226546,original_hard
train,/root/leo_ws/src/leo_pybullet/worlds/benchmark_v4_hard/train/world_hard_double_block_seed_300380.yaml,300380,hard,double_block,2,11,4,15,True,4.6567,6.409,1.3763,-3.422224,2.123096,0.069779,1.227689,1.870886,original_hard
train,/root/leo_ws/results/comparison_benchmarks/benchmark_v10_dense_001/train/world_easy_double_block_seed_1100204.yaml,1100204,easy,double_block,2,14,4,18,True,5.1971,6.3233,1.2167,-1.420816,-1.29279,1.597988,-1.043317,3.890621,dense_regular
train,/root/leo_ws/results/comparison_benchmarks/benchmark_v10_dense_001/train/world_hard_clear_seed_1100107.yaml,1100107,hard,clear,0,20,4,24,False,5.0479,5.3771,1.0652,-4.128466,-0.86704,0.147023,0.76823,0.359077,dense_regular
train,/root/leo_ws/results/comparison_benchmarks/benchmark_v10_dense_001/train/world_medium_double_block_seed_1100124.yaml,1100124,medium,double_block,2,18,4,22,True,7.7638,11.3359,1.4601,-3.606593,3.197798,-0.963207,1.339851,-2.786225,dense_regular
train,/root/leo_ws/src/leo_pybullet/worlds/benchmark_v4_hard/train/world_easy_double_block_seed_300225.yaml,300225,easy,double_block,2,4,4,8,True,6.5205,7.5598,1.1594,-3.412781,1.605783,-0.945077,0.666803,-3.480892,original_hard
train,/root/leo_ws/src/leo_pybullet/worlds/benchmark_v4_hard/train/world_medium_direct_block_seed_300298.yaml,300298,medium,direct_block,1,7,4,11,True,5.1107,6.0753,1.1887,1.497004,1.169411,-1.659009,1.504907,-3.941314,original_hard
train,/root/leo_ws/results/comparison_benchmarks/benchmark_v10_dense_001/train/world_medium_double_block_seed_1100001.yaml,1100001,medium,double_block,2,16,4,20,True,6.1369,8.9553,1.4593,1.701273,3.096331,-2.571645,-3.226187,-0.56175,dense_regular
train,/root/leo_ws/src/leo_pybullet/worlds/benchmark_v4_hard/train/world_medium_double_block_seed_300088.yaml,300088,medium,double_block,2,9,4,13,True,4.5989,5.8925,1.2813,3.335837,-0.614888,2.022429,1.602172,3.644733,original_hard
train,/root/leo_ws/src/leo_pybullet/worlds/benchmark_v4_hard/train/world_easy_direct_block_seed_300402.yaml,300402,easy,direct_block,1,5,4,9,True,4.651,5.6696,1.219,-2.618451,3.617085,-0.599557,0.851713,0.520369,original_hard
train,/root/leo_ws/src/leo_pybullet/worlds/benchmark_v4_hard/train/world_easy_direct_block_seed_300054.yaml,300054,easy,direct_block,1,3,4,7,True,6.0868,6.7872,1.1151,2.031415,0.306681,2.641012,-3.368701,3.11524,original_hard
train,/root/leo_ws/src/leo_pybullet/worlds/benchmark_v4_hard/train/world_hard_double_block_seed_300257.yaml,300257,hard,double_block,2,12,4,16,True,7.1046,8.7267,1.2283,-2.235886,-0.347993,0.448119,4.078854,2.90771,original_hard
train,/root/leo_ws/src/leo_pybullet/worlds/benchmark_v4_hard/train/world_easy_direct_block_seed_300186.yaml,300186,easy,direct_block,1,3,4,7,True,5.1884,5.9153,1.1401,-1.087786,-0.38575,-0.089844,4.037151,-1.194607,original_hard
train,/root/leo_ws/results/comparison_benchmarks/benchmark_v10_dense_001/train/world_hard_double_block_seed_1100008.yaml,1100008,hard,double_block,2,18,4,22,True,4.8495,17.539,3.6166,2.053034,3.859543,-2.348224,-1.360015,0.414372,dense_failed
train,/root/leo_ws/src/leo_pybullet/worlds/benchmark_v4_hard/train/world_easy_clear_seed_300051.yaml,300051,easy,clear,0,4,4,8,False,7.8556,8.4227,1.0722,-1.029683,-3.930977,1.478792,0.564592,3.761153,original_hard
train,/root/leo_ws/results/comparison_benchmarks/benchmark_v10_dense_001/train/world_medium_double_block_seed_1100145.yaml,1100145,medium,double_block,2,18,4,22,True,6.8138,8.3759,1.2293,-3.969482,-1.031981,0.257302,2.334674,1.553677,dense_failed
train,/root/leo_ws/results/comparison_benchmarks/benchmark_v10_dense_001/train/world_hard_double_block_seed_1100089.yaml,1100089,hard,double_block,2,19,4,23,True,6.0089,7.449,1.2397,-2.334619,-0.373309,0.776686,1.757974,4.026461,dense_failed
train,/root/leo_ws/results/comparison_benchmarks/benchmark_v10_dense_001/train/world_easy_double_block_seed_1100213.yaml,1100213,easy,double_block,2,15,4,19,True,4.8952,6.0559,1.2371,2.793739,-3.118907,1.763445,2.27378,1.748605,dense_regular
train,/root/leo_ws/src/leo_pybullet/worlds/benchmark_v4_hard/train/world_hard_direct_block_seed_300338.yaml,300338,hard,direct_block,1,12,4,16,True,5.2134,6.4308,1.2335,1.378325,-1.277649,2.009917,-0.30268,3.657343,original_hard
train,/root/leo_ws/results/comparison_benchmarks/benchmark_v10_dense_001/train/world_hard_direct_block_seed_1100038.yaml,1100038,hard,direct_block,1,18,4,22,True,5.6273,6.5553,1.1649,-0.921913,-2.239105,1.624296,-0.908176,3.388156,dense_regular
train,/root/leo_ws/results/comparison_benchmarks/benchmark_v10_dense_001/train/world_hard_direct_block_seed_1100206.yaml,1100206,hard,direct_block,1,20,4,24,True,7.22,9.769,1.3531,-3.809465,-2.149964,0.637365,1.766421,2.436676,dense_regular
train,/root/leo_ws/src/leo_pybullet/worlds/benchmark_v4_hard/train/world_hard_direct_block_seed_300086.yaml,300086,hard,direct_block,1,14,4,18,True,7.6503,8.9861,1.1746,-2.955551,1.304524,-0.763291,2.917755,-3.59771,original_hard
train,/root/leo_ws/results/comparison_benchmarks/benchmark_v10_dense_001/train/world_hard_direct_block_seed_1100170.yaml,1100170,hard,direct_block,1,20,4,24,True,4.5803,8.9988,1.9647,0.107905,0.139951,2.663696,-4.194527,1.711129,dense_failed
train,/root/leo_ws/results/comparison_benchmarks/benchmark_v10_dense_001/train/world_medium_double_block_seed_1100001.yaml,1100001,medium,double_block,2,16,4,20,True,6.1369,8.9553,1.4593,1.701273,3.096331,-2.571645,-3.226187,-0.56175,dense_failed
train,/root/leo_ws/results/comparison_benchmarks/benchmark_v10_dense_001/train/world_easy_double_block_seed_1100237.yaml,1100237,easy,double_block,2,15,4,19,True,5.044,6.8147,1.3511,-2.780943,-3.680064,1.29206,-1.593509,1.222164,dense_regular
train,/root/leo_ws/results/comparison_benchmarks/benchmark_v10_dense_001/train/world_medium_double_block_seed_1100184.yaml,1100184,medium,double_block,2,17,4,21,True,6.38,8.3963,1.316,1.072577,3.662427,-1.922214,-0.661525,-2.477428,dense_failed
train,/root/leo_ws/src/leo_pybullet/worlds/benchmark_v4_hard/train/world_hard_direct_block_seed_300194.yaml,300194,hard,direct_block,1,11,4,15,True,6.0296,7.1678,1.1888,-2.618032,3.69064,-1.00545,1.01696,-1.120092,original_hard
train,/root/leo_ws/results/comparison_benchmarks/benchmark_v10_dense_001/train/world_medium_double_block_seed_1100025.yaml,1100025,medium,double_block,2,17,4,21,True,6.5447,7.7941,1.1909,1.332284,2.073388,-2.351663,-2.932341,-2.891061,dense_failed
train,/root/leo_ws/src/leo_pybullet/worlds/benchmark_v4_hard/train/world_easy_double_block_seed_300213.yaml,300213,easy,double_block,2,4,4,8,True,7.0849,8.2523,1.1648,1.163293,-3.140165,2.384254,-3.703534,2.008633,original_hard
train,/root/leo_ws/results/comparison_benchmarks/benchmark_v10_dense_001/train/world_medium_clear_seed_1100055.yaml,1100055,medium,clear,0,16,4,20,False,7.7035,7.8339,1.0169,-1.00224,3.940882,-0.951097,4.230233,-1.712911,dense_regular
train,/root/leo_ws/results/comparison_benchmarks/benchmark_v10_dense_001/train/world_easy_double_block_seed_1100228.yaml,1100228,easy,double_block,2,14,4,18,True,6.0985,7.1735,1.1763,-2.665623,3.896519,-1.281115,-0.595146,-1.839708,dense_regular
train,/root/leo_ws/results/comparison_benchmarks/benchmark_v10_dense_001/train/world_medium_double_block_seed_1100160.yaml,1100160,medium,double_block,2,17,4,21,True,6.1105,9.2535,1.5144,-2.781623,-0.850584,0.025206,3.290908,-1.53031,dense_failed
train,/root/leo_ws/src/leo_pybullet/worlds/benchmark_v4_hard/train/world_easy_double_block_seed_300264.yaml,300264,easy,double_block,2,5,4,9,True,5.647,6.7267,1.1912,4.170995,1.385466,-1.933721,2.806012,-4.09408,original_hard
train,/root/leo_ws/results/comparison_benchmarks/benchmark_v10_dense_001/train/world_medium_double_block_seed_1100028.yaml,1100028,medium,double_block,2,16,4,20,True,6.0116,8.4478,1.4053,3.9503,0.998712,-2.461368,-0.208832,-3.341932,dense_failed
train,/root/leo_ws/src/leo_pybullet/worlds/benchmark_v4_hard/train/world_hard_double_block_seed_300065.yaml,300065,hard,double_block,2,14,4,18,True,6.6333,8.3096,1.2527,-3.589928,-2.524051,0.652105,1.813146,1.323968,original_hard
train,/root/leo_ws/results/comparison_benchmarks/benchmark_v10_dense_001/train/world_hard_clear_seed_1100011.yaml,1100011,hard,clear,0,20,4,24,False,5.3495,5.4594,1.0205,3.142622,2.372891,-1.544878,3.415335,-2.969679,dense_regular
train,/root/leo_ws/results/comparison_benchmarks/benchmark_v10_dense_001/train/world_hard_double_block_seed_1100233.yaml,1100233,hard,double_block,2,19,4,23,True,7.9835,10.8204,1.3553,-3.943573,1.465646,-0.146009,3.828818,-0.358061,dense_failed
train,/root/leo_ws/src/leo_pybullet/worlds/benchmark_v4_hard/train/world_medium_double_block_seed_300181.yaml,300181,medium,double_block,2,9,4,13,True,4.6311,5.8982,1.2736,-0.353764,-0.328898,2.005819,-1.831678,4.06008,original_hard
train,/root/leo_ws/results/comparison_benchmarks/benchmark_v10_dense_001/train/world_medium_direct_block_seed_1100010.yaml,1100010,medium,direct_block,1,18,4,22,True,4.9173,5.9016,1.2002,3.895881,2.137091,-1.929667,2.117873,-2.447464,dense_failed
train,/root/leo_ws/src/leo_pybullet/worlds/benchmark_v4_hard/train/world_hard_clear_seed_300323.yaml,300323,hard,clear,0,10,4,14,False,5.499,5.9484,1.0817,-3.674447,-0.457691,-0.489472,1.452648,-2.445614,original_hard
train,/root/leo_ws/results/comparison_benchmarks/benchmark_v10_dense_001/train/world_medium_double_block_seed_1100049.yaml,1100049,medium,double_block,2,16,4,20,True,5.8501,7.2147,1.2333,-1.891397,-1.972869,0.202154,3.826378,-0.735618,dense_failed
train,/root/leo_ws/results/comparison_benchmarks/benchmark_v10_dense_001/train/world_hard_direct_block_seed_1100158.yaml,1100158,hard,direct_block,1,19,4,23,True,5.3567,6.3622,1.1877,2.620647,-2.568192,3.138925,-2.735973,-2.593791,dense_failed
train,/root/leo_ws/results/comparison_benchmarks/benchmark_v10_dense_001/train/world_hard_double_block_seed_1100137.yaml,1100137,hard,double_block,2,19,4,23,True,6.0622,7.3529,1.2129,-2.796114,0.40446,-0.232852,2.956198,-1.509014,dense_regular
train,/root/leo_ws/src/leo_pybullet/worlds/benchmark_v4_hard/train/world_hard_direct_block_seed_300290.yaml,300290,hard,direct_block,1,10,4,14,True,4.6388,5.9645,1.2858,1.287921,0.359346,2.650384,-2.60384,2.883821,original_hard
train,/root/leo_ws/results/comparison_benchmarks/benchmark_v10_dense_001/train/world_medium_double_block_seed_1100184.yaml,1100184,medium,double_block,2,17,4,21,True,6.38,8.3963,1.316,1.072577,3.662427,-1.922214,-0.661525,-2.477428,dense_regular
train,/root/leo_ws/results/comparison_benchmarks/benchmark_v10_dense_001/train/world_medium_double_block_seed_1100232.yaml,1100232,medium,double_block,2,16,4,20,True,8.2161,11.0045,1.3394,-3.114633,3.876917,-0.906093,1.19953,-3.115432,dense_failed
train,/root/leo_ws/results/comparison_benchmarks/benchmark_v10_dense_001/train/world_easy_clear_seed_1100147.yaml,1100147,easy,clear,0,14,4,18,False,5.3757,5.5986,1.0415,-3.792474,-2.131269,0.538578,0.463581,1.152643,dense_regular
train,/root/leo_ws/results/comparison_benchmarks/benchmark_v10_dense_001/train/world_easy_double_block_seed_1100153.yaml,1100153,easy,double_block,2,16,4,20,True,8.0739,10.2774,1.2729,-2.596814,-0.524043,0.714074,4.165975,3.886387,dense_regular
train,/root/leo_ws/results/comparison_benchmarks/benchmark_v10_dense_001/train/world_medium_double_block_seed_1100028.yaml,1100028,medium,double_block,2,16,4,20,True,6.0116,8.4478,1.4053,3.9503,0.998712,-2.461368,-0.208832,-3.341932,dense_failed
train,/root/leo_ws/src/leo_pybullet/worlds/benchmark_v4_hard/train/world_medium_double_block_seed_300364.yaml,300364,medium,double_block,2,6,4,10,True,5.0839,6.3816,1.2552,-3.637546,3.134859,-1.226372,-1.364582,-1.412673,original_hard
train,/root/leo_ws/src/leo_pybullet/worlds/benchmark_v4_hard/train/world_medium_double_block_seed_300373.yaml,300373,medium,double_block,2,6,4,10,True,4.754,6.0639,1.2755,-0.267749,3.563597,-0.906892,2.828484,-0.043933,original_hard
train,/root/leo_ws/results/comparison_benchmarks/benchmark_v10_dense_001/train/world_medium_direct_block_seed_1100058.yaml,1100058,medium,direct_block,1,17,4,21,True,8.4098,10.2135,1.2145,-3.92881,4.060573,-0.47063,3.571855,0.257207,dense_regular
train,/root/leo_ws/results/comparison_benchmarks/benchmark_v10_dense_001/train/world_medium_clear_seed_1100043.yaml,1100043,medium,clear,0,18,4,22,False,5.2319,5.609,1.0721,-2.060197,1.759457,-1.770021,-3.778883,-3.182072,dense_regular
train,/root/leo_ws/results/comparison_benchmarks/benchmark_v10_dense_001/train/world_medium_double_block_seed_1100232.yaml,1100232,medium,double_block,2,16,4,20,True,8.2161,11.0045,1.3394,-3.114633,3.876917,-0.906093,1.19953,-3.115432,dense_regular
train,/root/leo_ws/src/leo_pybullet/worlds/benchmark_v4_hard/train/world_easy_direct_block_seed_300114.yaml,300114,easy,direct_block,1,5,4,9,True,8.2448,9.2753,1.125,-0.277073,-3.715742,1.895685,-2.832422,4.123087,original_hard
train,/root/leo_ws/src/leo_pybullet/worlds/benchmark_v4_hard/train/world_hard_clear_seed_300107.yaml,300107,hard,clear,0,12,4,16,False,4.961,5.2114,1.0505,-3.966674,2.43023,-1.442479,-3.125256,-2.45888,original_hard
train,/root/leo_ws/results/comparison_benchmarks/benchmark_v10_dense_001/train/world_medium_double_block_seed_1100097.yaml,1100097,medium,double_block,2,16,4,20,True,8.5443,9.8249,1.1499,3.639038,-3.869296,2.077177,-0.963911,3.329194,dense_failed
train,/root/leo_ws/results/comparison_benchmarks/benchmark_v10_dense_001/train/world_hard_double_block_seed_1100152.yaml,1100152,hard,double_block,2,19,4,23,True,4.7775,6.1576,1.2889,1.805729,-3.670433,2.405105,-1.768557,-0.500486,dense_failed
train,/root/leo_ws/src/leo_pybullet/worlds/benchmark_v4_hard/train/world_medium_clear_seed_300223.yaml,300223,medium,clear,0,9,4,13,False,6.7685,7.0031,1.0347,2.866404,0.433441,-2.574115,-2.466778,-3.734332,original_hard
train,/root/leo_ws/results/comparison_benchmarks/benchmark_v10_dense_001/train/world_medium_direct_block_seed_1100010.yaml,1100010,medium,direct_block,1,18,4,22,True,4.9173,5.9016,1.2002,3.895881,2.137091,-1.929667,2.117873,-2.447464,dense_regular
train,/root/leo_ws/src/leo_pybullet/worlds/benchmark_v4_hard/train/world_medium_direct_block_seed_300202.yaml,300202,medium,direct_block,1,7,4,11,True,4.6999,5.5484,1.1805,1.75881,-3.494357,3.04585,-2.910949,-2.962586,original_hard
train,/root/leo_ws/results/comparison_benchmarks/benchmark_v10_dense_001/train/world_easy_clear_seed_1100099.yaml,1100099,easy,clear,0,14,4,18,False,7.9183,8.152,1.0295,3.873851,-4.135306,-3.074794,-4.025202,-3.583964,dense_regular
train,/root/leo_ws/src/leo_pybullet/worlds/benchmark_v4_hard/train/world_hard_double_block_seed_300137.yaml,300137,hard,double_block,2,12,4,16,True,5.6427,6.9747,1.2361,-1.375568,3.688127,-2.033559,-4.053762,-1.27849,original_hard
train,/root/leo_ws/src/leo_pybullet/worlds/benchmark_v4_hard/train/world_easy_clear_seed_300435.yaml,300435,easy,clear,0,5,4,9,False,6.1016,6.5884,1.0798,0.856998,-2.794093,1.231628,2.80564,2.987942,original_hard
train,/root/leo_ws/src/leo_pybullet/worlds/benchmark_v4_hard/train/world_easy_double_block_seed_300201.yaml,300201,easy,double_block,2,5,4,9,True,5.6442,6.7896,1.2029,3.185151,1.925835,-1.602374,2.611412,-3.689111,original_hard
train,/root/leo_ws/src/leo_pybullet/worlds/benchmark_v4_hard/train/world_hard_clear_seed_300083.yaml,300083,hard,clear,0,10,4,14,False,4.7043,4.8857,1.0386,0.851091,4.08972,-1.801495,0.41608,-0.594457,original_hard
train,/root/leo_ws/src/leo_pybullet/worlds/benchmark_v4_hard/train/world_easy_double_block_seed_300357.yaml,300357,easy,double_block,2,3,4,7,True,5.087,6.3645,1.2511,-1.004791,0.56204,-1.12425,1.231309,-4.007183,original_hard
train,/root/leo_ws/src/leo_pybullet/worlds/benchmark_v4_hard/train/world_hard_double_block_seed_300416.yaml,300416,hard,double_block,2,11,4,15,True,4.5013,6.0365,1.3411,1.219382,-3.248094,-3.11144,-3.253832,-3.749835,original_hard
train,/root/leo_ws/src/leo_pybullet/worlds/benchmark_v4_hard/train/world_hard_clear_seed_300347.yaml,300347,hard,clear,0,13,4,17,False,5.5391,5.9427,1.0729,0.200576,1.911248,-2.004645,-1.418215,-3.386018,original_hard
train,/root/leo_ws/results/comparison_benchmarks/benchmark_v10_dense_001/train/world_hard_direct_block_seed_1100074.yaml,1100074,hard,direct_block,1,19,4,23,True,8.4654,9.9849,1.1795,-3.639031,-1.958796,0.824163,2.180805,4.188793,dense_failed
train,/root/leo_ws/src/leo_pybullet/worlds/benchmark_v4_hard/train/world_easy_double_block_seed_300084.yaml,300084,easy,double_block,2,5,4,9,True,4.5904,6.0559,1.3192,3.785942,-3.666887,1.765292,2.353544,0.694331,original_hard
train,/root/leo_ws/src/leo_pybullet/worlds/benchmark_v4_hard/train/world_hard_double_block_seed_300092.yaml,300092,hard,double_block,2,11,4,15,True,4.5353,10.0341,2.2125,2.405601,4.167901,-1.60232,1.932252,-0.342622,original_hard
train,/root/leo_ws/src/leo_pybullet/worlds/benchmark_v4_hard/train/world_hard_clear_seed_300179.yaml,300179,hard,clear,0,13,4,17,False,5.178,5.352,1.0336,-3.038002,-1.514598,0.10043,2.110095,-0.958452,original_hard
train,/root/leo_ws/results/comparison_benchmarks/benchmark_v10_dense_001/train/world_medium_double_block_seed_1100013.yaml,1100013,medium,double_block,2,18,4,22,True,4.5322,5.8457,1.2898,3.855244,1.47571,2.856687,-0.429182,2.9536,dense_failed
train,/root/leo_ws/src/leo_pybullet/worlds/benchmark_v4_hard/train/world_medium_double_block_seed_300052.yaml,300052,medium,double_block,2,8,4,12,True,5.9947,8.1884,1.3659,3.114891,3.649562,-3.074782,-2.878421,3.521524,original_hard
train,/root/leo_ws/src/leo_pybullet/worlds/benchmark_v4_hard/train/world_easy_double_block_seed_300384.yaml,300384,easy,double_block,2,5,4,9,True,4.7271,5.9371,1.256,0.303018,-3.684934,2.32329,-3.103402,-0.407427,original_hard
train,/root/leo_ws/results/comparison_benchmarks/benchmark_v10_dense_001/train/world_hard_double_block_seed_1100233.yaml,1100233,hard,double_block,2,19,4,23,True,7.9835,10.8204,1.3553,-3.943573,1.465646,-0.146009,3.828818,-0.358061,dense_failed
train,/root/leo_ws/src/leo_pybullet/worlds/benchmark_v4_hard/train/world_hard_double_block_seed_300053.yaml,300053,hard,double_block,2,11,4,15,True,7.4349,8.7759,1.1804,-2.306043,3.864686,-1.21197,0.385045,-3.066089,original_hard
train,/root/leo_ws/src/leo_pybullet/worlds/benchmark_v4_hard/train/world_hard_double_block_seed_300089.yaml,300089,hard,double_block,2,10,4,14,True,4.504,5.8651,1.3022,0.505766,-1.02654,2.791374,-3.631733,0.753188,original_hard
train,/root/leo_ws/src/leo_pybullet/worlds/benchmark_v4_hard/train/world_hard_clear_seed_300023.yaml,300023,hard,clear,0,10,4,14,False,5.3887,5.8604,1.0875,1.62066,-0.97773,-2.598925,-3.124119,-3.532143,original_hard
train,/root/leo_ws/results/comparison_benchmarks/benchmark_v10_dense_001/train/world_medium_double_block_seed_1100073.yaml,1100073,medium,double_block,2,16,4,20,True,5.5357,6.9108,1.2484,2.826768,-2.500148,1.989818,0.216792,2.381604,dense_failed
train,/root/leo_ws/results/comparison_benchmarks/benchmark_v10_dense_001/train/world_hard_double_block_seed_1100125.yaml,1100125,hard,double_block,2,20,4,24,True,6.6265,13.3231,2.0106,-3.902102,-0.079118,0.667219,1.471372,3.798488,dense_failed
train,/root/leo_ws/src/leo_pybullet/worlds/benchmark_v4_hard/train/world_easy_clear_seed_300087.yaml,300087,easy,clear,0,3,4,7,False,5.9733,6.4261,1.0758,0.299546,-3.016865,1.025797,3.230447,2.187918,original_hard
train,/root/leo_ws/results/comparison_benchmarks/benchmark_v10_dense_001/train/world_easy_direct_block_seed_1100186.yaml,1100186,easy,direct_block,1,16,4,20,True,4.8851,5.6422,1.155,2.37215,3.535432,-1.790223,1.616813,-1.290869,dense_regular
train,/root/leo_ws/results/comparison_benchmarks/benchmark_v10_dense_001/train/world_hard_clear_seed_1100059.yaml,1100059,hard,clear,0,20,4,24,False,5.1887,5.609,1.081,0.231742,-2.429113,2.004137,-1.530562,2.451138,dense_regular
train,/root/leo_ws/src/leo_pybullet/worlds/benchmark_v4_hard/train/world_hard_direct_block_seed_300374.yaml,300374,hard,direct_block,1,13,4,17,True,5.7331,6.7176,1.1717,2.181369,2.284328,2.795766,-3.255267,4.104153,original_hard
train,/root/leo_ws/src/leo_pybullet/worlds/benchmark_v4_hard/train/world_hard_clear_seed_300047.yaml,300047,hard,clear,0,14,4,18,False,5.2531,5.4651,1.0404,-2.49379,0.446594,0.189514,2.717432,1.108552,original_hard
train,/root/leo_ws/results/comparison_benchmarks/benchmark_v10_dense_001/train/world_easy_double_block_seed_1100060.yaml,1100060,easy,double_block,2,16,4,20,True,4.5123,5.6227,1.2461,2.094575,3.362487,-3.045663,-2.415292,3.51028,dense_regular
train,/root/leo_ws/results/comparison_benchmarks/benchmark_v10_dense_001/train/world_easy_direct_block_seed_1100114.yaml,1100114,easy,direct_block,1,14,4,18,True,4.9949,6.3153,1.2644,2.23904,-3.056778,-3.122578,-2.726752,-2.518739,dense_regular
train,/root/leo_ws/results/comparison_benchmarks/benchmark_v10_dense_001/train/world_easy_double_block_seed_1100237.yaml,1100237,easy,double_block,2,15,4,19,True,5.044,6.8147,1.3511,-2.780943,-3.680064,1.29206,-1.593509,1.222164,dense_failed
train,/root/leo_ws/src/leo_pybullet/worlds/benchmark_v4_hard/train/world_medium_direct_block_seed_300334.yaml,300334,medium,direct_block,1,7,4,11,True,6.5512,7.6616,1.1695,-1.83744,0.539298,0.505852,3.953725,3.602087,original_hard
train,/root/leo_ws/src/leo_pybullet/worlds/benchmark_v4_hard/train/world_hard_clear_seed_300419.yaml,300419,hard,clear,0,14,4,18,False,5.1357,5.5427,1.0793,3.882354,-1.876884,-2.724805,-1.003408,-3.459604,original_hard
train,/root/leo_ws/results/comparison_benchmarks/benchmark_v10_dense_001/train/world_medium_clear_seed_1100235.yaml,1100235,medium,clear,0,18,4,22,False,5.6021,5.6663,1.0114,-2.708066,3.559092,-1.646657,-2.866586,-2.040803,dense_regular
train,/root/leo_ws/src/leo_pybullet/worlds/benchmark_v4_hard/train/world_medium_double_block_seed_300397.yaml,300397,medium,double_block,2,8,4,12,True,6.3913,7.7084,1.2061,3.321509,2.785508,-2.258122,-0.360017,-2.438922,original_hard
train,/root/leo_ws/results/comparison_benchmarks/benchmark_v10_dense_001/train/world_hard_direct_block_seed_1100230.yaml,1100230,hard,direct_block,1,20,4,24,True,8.2947,10.089,1.2163,3.211657,1.143969,-2.747168,-4.212706,-2.554789,dense_failed
train,/root/leo_ws/src/leo_pybullet/worlds/benchmark_v4_hard/train/world_hard_double_block_seed_300125.yaml,300125,hard,double_block,2,14,4,18,True,5.6827,7.3472,1.2929,-3.584071,1.380925,-0.931927,0.032517,-3.002445,original_hard
train,/root/leo_ws/src/leo_pybullet/worlds/benchmark_v4_hard/train/world_easy_double_block_seed_300009.yaml,300009,easy,double_block,2,4,4,8,True,4.8564,6.0639,1.2486,1.018159,4.113386,-2.569224,-3.012815,1.404847,original_hard
train,/root/leo_ws/src/leo_pybullet/worlds/benchmark_v4_hard/train/world_medium_double_block_seed_300292.yaml,300292,medium,double_block,2,7,4,11,True,5.5261,6.721,1.2162,-3.562232,-1.119545,0.754328,0.742082,2.346039,original_hard
train,/root/leo_ws/src/leo_pybullet/worlds/benchmark_v4_hard/train/world_medium_double_block_seed_300220.yaml,300220,medium,double_block,2,9,4,13,True,6.4091,7.6923,1.2002,-1.648672,-4.140481,1.072012,1.273295,1.563831,original_hard
train,/root/leo_ws/results/comparison_benchmarks/benchmark_v10_dense_001/train/world_easy_double_block_seed_1100213.yaml,1100213,easy,double_block,2,15,4,19,True,4.8952,6.0559,1.2371,2.793739,-3.118907,1.763445,2.27378,1.748605,dense_failed
train,/root/leo_ws/src/leo_pybullet/worlds/benchmark_v4_hard/train/world_easy_double_block_seed_300273.yaml,300273,easy,double_block,2,3,4,7,True,4.5652,5.4902,1.2026,-0.707373,-1.394366,1.506411,-0.001889,3.115972,original_hard
train,/root/leo_ws/src/leo_pybullet/worlds/benchmark_v4_hard/train/world_medium_clear_seed_300055.yaml,300055,medium,clear,0,9,4,13,False,4.9372,5.0523,1.0233,-2.520326,2.794128,-0.751506,0.608838,-1.024865,original_hard
train,/root/leo_ws/src/leo_pybullet/worlds/benchmark_v4_hard/train/world_hard_direct_block_seed_300098.yaml,300098,hard,direct_block,1,13,4,17,True,5.2238,6.4971,1.2437,-2.45126,-2.139854,0.103157,2.75574,-1.72121,original_hard
train,/root/leo_ws/src/leo_pybullet/worlds/benchmark_v4_hard/train/world_medium_double_block_seed_300169.yaml,300169,medium,double_block,2,8,4,12,True,8.7707,10.5335,1.201,-3.008743,-3.459673,0.902683,1.626929,3.9859,original_hard
train,/root/leo_ws/src/leo_pybullet/worlds/benchmark_v4_hard/train/world_medium_double_block_seed_300412.yaml,300412,medium,double_block,2,9,4,13,True,4.7171,8.0729,1.7114,2.099374,1.100667,2.691644,-2.221624,2.992708,original_hard
train,/root/leo_ws/src/leo_pybullet/worlds/benchmark_v4_hard/train/world_medium_direct_block_seed_300010.yaml,300010,medium,direct_block,1,6,4,10,True,4.6291,5.7302,1.2379,-0.204988,-0.073494,2.354151,-3.832725,2.801972,original_hard
train,/root/leo_ws/results/comparison_benchmarks/benchmark_v10_dense_001/train/world_hard_double_block_seed_1100005.yaml,1100005,hard,double_block,2,20,4,24,True,6.8308,8.1998,1.2004,3.239233,-0.025235,3.043487,-3.516675,0.983771,dense_regular
train,/root/leo_ws/results/comparison_benchmarks/benchmark_v10_dense_001/train/world_hard_double_block_seed_1100113.yaml,1100113,hard,double_block,2,20,4,24,True,6.8416,8.329,1.2174,-0.117348,2.197856,-0.941867,3.398965,-3.671001,dense_regular
train,/root/leo_ws/results/comparison_benchmarks/benchmark_v10_dense_001/train/world_hard_double_block_seed_1100008.yaml,1100008,hard,double_block,2,18,4,22,True,4.8495,17.539,3.6166,2.053034,3.859543,-2.348224,-1.360015,0.414372,dense_failed
train,/root/leo_ws/results/comparison_benchmarks/benchmark_v10_dense_001/train/world_hard_double_block_seed_1100104.yaml,1100104,hard,double_block,2,19,4,23,True,5.6599,9.8627,1.7426,3.09686,2.510417,-1.745644,2.214237,-3.080257,dense_regular
train,/root/leo_ws/results/comparison_benchmarks/benchmark_v10_dense_001/train/world_medium_double_block_seed_1100208.yaml,1100208,medium,double_block,2,17,4,21,True,5.7299,7.281,1.2707,-0.813581,-4.013914,1.60381,-1.522634,1.6719,dense_failed
train,/root/leo_ws/src/leo_pybullet/worlds/benchmark_v4_hard/train/world_easy_double_block_seed_300288.yaml,300288,easy,double_block,2,5,4,9,True,7.9219,9.1849,1.1594,-4.010236,-2.412256,0.700082,2.268769,2.417856,original_hard
train,/root/leo_ws/results/comparison_benchmarks/benchmark_v10_dense_001/train/world_hard_double_block_seed_1100017.yaml,1100017,hard,double_block,2,20,4,24,True,7.0059,10.712,1.529,4.152154,-1.273453,2.488902,-1.03152,3.439538,dense_failed
train,/root/leo_ws/src/leo_pybullet/worlds/benchmark_v4_hard/train/world_easy_clear_seed_300339.yaml,300339,easy,clear,0,4,4,8,False,7.26,7.8741,1.0846,-2.81579,4.008121,-1.242363,-0.400909,-2.838457,original_hard
train,/root/leo_ws/src/leo_pybullet/worlds/benchmark_v4_hard/train/world_easy_clear_seed_300267.yaml,300267,easy,clear,0,3,4,7,False,5.4508,5.7586,1.0565,-4.248715,-1.632166,1.025612,-1.006798,2.749735,original_hard
train,/root/leo_ws/results/comparison_benchmarks/benchmark_v10_dense_001/train/world_hard_direct_block_seed_1100086.yaml,1100086,hard,direct_block,1,19,4,23,True,4.5492,7.3472,1.6151,2.752505,0.500749,-2.667777,-1.324021,-1.51849,dense_failed
train,/root/leo_ws/src/leo_pybullet/worlds/benchmark_v4_hard/train/world_medium_clear_seed_300211.yaml,300211,medium,clear,0,6,4,10,False,6.9362,7.0088,1.0105,2.39718,-2.4566,2.436423,-2.781682,2.157494,original_hard
train,/root/leo_ws/results/comparison_benchmarks/benchmark_v10_dense_001/train/world_hard_double_block_seed_1100020.yaml,1100020,hard,double_block,2,19,4,23,True,6.4894,8.0867,1.2461,-3.714313,-1.607582,-0.154692,2.657459,-2.837499,dense_regular
train,/root/leo_ws/src/leo_pybullet/worlds/benchmark_v4_hard/train/world_medium_double_block_seed_300364.yaml,300364,medium,double_block,2,6,4,10,True,5.0839,6.3816,1.2552,-3.637546,3.134859,-1.226372,-1.364582,-1.412673,original_hard
train,/root/leo_ws/results/comparison_benchmarks/benchmark_v10_dense_001/train/world_medium_double_block_seed_1100184.yaml,1100184,medium,double_block,2,17,4,21,True,6.38,8.3963,1.316,1.072577,3.662427,-1.922214,-0.661525,-2.477428,dense_failed
train,/root/leo_ws/results/comparison_benchmarks/benchmark_v10_dense_001/train/world_medium_double_block_seed_1100220.yaml,1100220,medium,double_block,2,18,4,22,True,7.1789,10.57,1.4724,-3.092848,1.175912,0.454853,3.623736,3.710573,dense_failed
train,/root/leo_ws/src/leo_pybullet/worlds/benchmark_v4_hard/train/world_medium_double_block_seed_300400.yaml,300400,medium,double_block,2,8,4,12,True,8.4501,9.6706,1.1444,-3.715244,3.828842,-0.773911,1.710823,-2.648914,original_hard
train,/root/leo_ws/results/comparison_benchmarks/benchmark_v10_dense_001/train/world_easy_double_block_seed_1100072.yaml,1100072,easy,double_block,2,15,4,19,True,6.1273,7.1072,1.1599,3.414888,3.731567,-2.150071,-0.364625,-1.091171,dense_regular
train,/root/leo_ws/results/comparison_benchmarks/benchmark_v10_dense_001/train/world_medium_double_block_seed_1100160.yaml,1100160,medium,double_block,2,17,4,21,True,6.1105,9.2535,1.5144,-2.781623,-0.850584,0.025206,3.290908,-1.53031,dense_failed
train,/root/leo_ws/results/comparison_benchmarks/benchmark_v10_dense_001/train/world_medium_double_block_seed_1100064.yaml,1100064,medium,double_block,2,17,4,21,True,7.6592,8.8455,1.1549,4.114634,2.77442,-2.522191,-2.336012,-1.355065,dense_failed
train,/root/leo_ws/results/comparison_benchmarks/benchmark_v10_dense_001/train/world_easy_double_block_seed_1100225.yaml,1100225,easy,double_block,2,14,4,18,True,6.3725,8.7849,1.3786,3.81769,3.314344,-1.631038,4.008905,-3.055257,dense_failed
train,/root/leo_ws/results/comparison_benchmarks/benchmark_v10_dense_001/train/world_medium_clear_seed_1100223.yaml,1100223,medium,clear,0,18,4,22,False,5.0444,5.1655,1.024,2.586914,-3.272419,2.489306,-1.272303,-0.023937,dense_regular
train,/root/leo_ws/src/leo_pybullet/worlds/benchmark_v4_hard/train/world_hard_double_block_seed_300389.yaml,300389,hard,double_block,2,12,4,16,True,6.8464,9.9872,1.4588,2.325666,-3.909213,2.394885,-2.682148,0.759285,original_hard
train,/root/leo_ws/results/comparison_benchmarks/benchmark_v10_dense_001/train/world_hard_double_block_seed_1100068.yaml,1100068,hard,double_block,2,19,4,23,True,5.0267,7.7359,1.539,2.57368,-2.497447,-2.992917,-2.428045,-2.998098,dense_failed
train,/root/leo_ws/results/comparison_benchmarks/benchmark_v10_dense_001/train/world_easy_double_block_seed_1100096.yaml,1100096,easy,double_block,2,14,4,18,True,4.6477,5.7359,1.2341,4.087705,-2.546461,2.06119,1.732314,1.460161,dense_regular
train,/root/leo_ws/src/leo_pybullet/worlds/benchmark_v4_hard/train/world_easy_double_block_seed_300156.yaml,300156,easy,double_block,2,3,4,7,True,4.7906,5.9039,1.2324,0.382878,-1.513993,2.151028,-2.232248,2.499852,original_hard
train,/root/leo_ws/results/comparison_benchmarks/benchmark_v10_dense_001/train/world_hard_clear_seed_1100179.yaml,1100179,hard,clear,0,19,4,23,False,5.6781,5.9655,1.0506,-2.726503,-2.228959,1.105563,0.455212,2.473992,dense_regular
train,/root/leo_ws/src/leo_pybullet/worlds/benchmark_v4_hard/train/world_easy_clear_seed_300111.yaml,300111,easy,clear,0,3,4,7,False,5.3206,5.7141,1.074,-1.990661,1.727081,-0.412112,2.74716,-0.69402,original_hard
train,/root/leo_ws/results/comparison_benchmarks/benchmark_v10_dense_001/train/world_easy_double_block_seed_1100156.yaml,1100156,easy,double_block,2,16,4,20,True,6.2137,7.1678,1.1536,1.652838,3.552987,-1.808961,-0.51007,-2.272111,dense_regular
train,/root/leo_ws/results/comparison_benchmarks/benchmark_v10_dense_001/train/world_medium_direct_block_seed_1100106.yaml,1100106,medium,direct_block,1,18,4,22,True,6.3371,7.1347,1.1259,2.661041,0.662249,2.842931,-3.132472,3.230163,dense_failed
train,/root/leo_ws/results/comparison_benchmarks/benchmark_v10_dense_001/train/world_hard_double_block_seed_1100017.yaml,1100017,hard,double_block,2,20,4,24,True,7.0059,10.712,1.529,4.152154,-1.273453,2.488902,-1.03152,3.439538,dense_failed
train,/root/leo_ws/results/comparison_benchmarks/benchmark_v10_dense_001/train/world_hard_double_block_seed_1100017.yaml,1100017,hard,double_block,2,20,4,24,True,7.0059,10.712,1.529,4.152154,-1.273453,2.488902,-1.03152,3.439538,dense_failed
train,/root/leo_ws/results/comparison_benchmarks/benchmark_v10_dense_001/train/world_easy_double_block_seed_1100084.yaml,1100084,easy,double_block,2,16,4,20,True,6.0324,7.1735,1.1892,3.249438,3.897503,-2.816266,-2.287358,1.502991,dense_regular
train,/root/leo_ws/results/comparison_benchmarks/benchmark_v10_dense_001/train/world_medium_double_block_seed_1100229.yaml,1100229,medium,double_block,2,18,4,22,True,5.1764,6.9804,1.3485,-1.273566,0.632778,-1.301315,0.65396,-4.171401,dense_regular
train,/root/leo_ws/results/comparison_benchmarks/benchmark_v10_dense_001/train/world_easy_direct_block_seed_1100078.yaml,1100078,easy,direct_block,1,16,4,20,True,6.9531,8.4341,1.213,-2.372584,-2.643713,0.690002,2.514659,2.302061,dense_regular
train,/root/leo_ws/results/comparison_benchmarks/benchmark_v10_dense_001/train/world_hard_direct_block_seed_1100146.yaml,1100146,hard,direct_block,1,20,4,24,True,8.2361,10.0067,1.215,-2.733375,2.249048,-0.727422,3.797705,-2.768833,dense_regular
train,/root/leo_ws/results/comparison_benchmarks/benchmark_v10_dense_001/train/world_medium_double_block_seed_1100196.yaml,1100196,medium,double_block,2,16,4,20,True,6.8453,7.8822,1.1515,3.376629,-3.294185,1.611529,3.242079,3.549789,dense_failed
train,/root/leo_ws/results/comparison_benchmarks/benchmark_v10_dense_001/train/world_medium_double_block_seed_1100001.yaml,1100001,medium,double_block,2,16,4,20,True,6.1369,8.9553,1.4593,1.701273,3.096331,-2.571645,-3.226187,-0.56175,dense_failed
train,/root/leo_ws/results/comparison_benchmarks/benchmark_v10_dense_001/train/world_medium_clear_seed_1100151.yaml,1100151,medium,clear,0,16,4,20,False,4.9871,5.1451,1.0317,2.666706,-3.586034,1.799099,2.02499,1.359592,dense_regular
train,/root/leo_ws/results/comparison_benchmarks/benchmark_v10_dense_001/train/world_medium_double_block_seed_1100088.yaml,1100088,medium,double_block,2,16,4,20,True,5.402,6.9245,1.2818,3.657204,-1.210705,1.785673,2.218548,3.99623,dense_regular
train,/root/leo_ws/src/leo_pybullet/worlds/benchmark_v4_hard/train/world_medium_double_block_seed_300385.yaml,300385,medium,double_block,2,7,4,11,True,6.2045,7.6227,1.2286,0.38935,-2.412402,1.990069,-2.900115,2.84833,original_hard
train,/root/leo_ws/results/comparison_benchmarks/benchmark_v10_dense_001/train/world_hard_clear_seed_1100155.yaml,1100155,hard,clear,0,18,4,22,False,4.8148,4.9657,1.0313,-0.397522,2.469264,-1.430654,0.042427,-2.325403,dense_regular
train,/root/leo_ws/results/comparison_benchmarks/benchmark_v10_dense_001/train/world_easy_double_block_seed_1100012.yaml,1100012,easy,double_block,2,15,4,19,True,7.0566,7.8798,1.1167,3.994354,3.593883,-2.056985,0.484664,-2.528016,dense_failed
train,/root/leo_ws/src/leo_pybullet/worlds/benchmark_v4_hard/train/world_hard_double_block_seed_300269.yaml,300269,hard,double_block,2,11,4,15,True,7.7875,9.2398,1.1865,-3.772859,2.682947,0.080632,3.977873,3.438966,original_hard
train,/root/leo_ws/results/comparison_benchmarks/benchmark_v10_dense_001/train/world_medium_double_block_seed_1100025.yaml,1100025,medium,double_block,2,17,4,21,True,6.5447,7.7941,1.1909,1.332284,2.073388,-2.351663,-2.932341,-2.891061,dense_failed
train,/root/leo_ws/results/comparison_benchmarks/benchmark_v10_dense_001/train/world_easy_double_block_seed_1100192.yaml,1100192,easy,double_block,2,14,4,18,True,5.8982,6.7759,1.1488,-2.414919,0.354462,0.030469,3.402178,1.32908,dense_failed
train,/root/leo_ws/results/comparison_benchmarks/benchmark_v10_dense_001/train/world_hard_clear_seed_1100227.yaml,1100227,hard,clear,0,18,4,22,False,7.0119,7.2057,1.0276,-4.248039,-0.890934,0.130107,2.754453,-0.528454,dense_failed
train,/root/leo_ws/src/leo_pybullet/worlds/benchmark_v4_hard/train/world_hard_double_block_seed_300296.yaml,300296,hard,double_block,2,12,4,16,True,4.7763,6.2982,1.3186,-2.428421,0.988799,-1.835347,-3.552471,-3.653375,original_hard
train,/root/leo_ws/results/comparison_benchmarks/benchmark_v10_dense_001/train/world_medium_double_block_seed_1100037.yaml,1100037,medium,double_block,2,18,4,22,True,5.0849,7.8467,1.5431,-0.640977,1.297093,-1.705891,-1.572466,-3.701802,dense_failed
train,/root/leo_ws/results/comparison_benchmarks/benchmark_v10_dense_001/train/world_easy_double_block_seed_1100069.yaml,1100069,easy,double_block,2,14,4,18,True,7.6413,9.4547,1.2373,1.423842,-3.321196,2.141134,-3.211922,2.753277,dense_regular
train,/root/leo_ws/results/comparison_benchmarks/benchmark_v10_dense_001/train/world_easy_double_block_seed_1100000.yaml,1100000,easy,double_block,2,15,4,19,True,6.8207,10.9141,1.6001,3.127941,-2.968147,1.720571,3.01706,3.851639,dense_regular
train,/root/leo_ws/results/comparison_benchmarks/benchmark_v10_dense_001/train/world_medium_double_block_seed_1100181.yaml,1100181,medium,double_block,2,18,4,22,True,6.295,7.6753,1.2193,3.609913,3.575641,-2.160243,-0.112164,-1.501132,dense_regular
train,/root/leo_ws/results/comparison_benchmarks/benchmark_v10_dense_001/train/world_hard_direct_block_seed_1100074.yaml,1100074,hard,direct_block,1,19,4,23,True,8.4654,9.9849,1.1795,-3.639031,-1.958796,0.824163,2.180805,4.188793,dense_failed
train,/root/leo_ws/src/leo_pybullet/worlds/benchmark_v4_hard/train/world_hard_clear_seed_300131.yaml,300131,hard,clear,0,12,4,16,False,6.8894,7.3174,1.0621,-0.854838,2.868994,-0.927796,2.897815,-2.908656,original_hard
train,/root/leo_ws/results/comparison_benchmarks/benchmark_v10_dense_001/train/world_easy_double_block_seed_1100108.yaml,1100108,easy,double_block,2,14,4,18,True,7.3658,8.5392,1.1593,-4.178156,2.59615,-0.868138,0.383943,-3.186804,dense_failed
train,/root/leo_ws/results/comparison_benchmarks/benchmark_v10_dense_001/train/world_medium_double_block_seed_1100016.yaml,1100016,medium,double_block,2,17,4,21,True,7.6417,8.6718,1.1348,3.05858,-4.20271,2.495343,-3.270102,0.080126,dense_failed
train,/root/leo_ws/src/leo_pybullet/worlds/benchmark_v4_hard/train/world_medium_direct_block_seed_300034.yaml,300034,medium,direct_block,1,7,4,11,True,5.3321,6.249,1.172,-3.400599,1.16511,-1.066889,-0.796985,-3.488118,original_hard
train,/root/leo_ws/src/leo_pybullet/worlds/benchmark_v4_hard/train/world_hard_clear_seed_300095.yaml,300095,hard,clear,0,10,4,14,False,4.9531,5.1782,1.0455,-1.212551,2.431262,-1.419829,-0.536529,-2.475499,original_hard
train,/root/leo_ws/results/comparison_benchmarks/benchmark_v10_dense_001/train/world_easy_clear_seed_1100135.yaml,1100135,easy,clear,0,15,4,19,False,6.6494,6.9837,1.0503,-1.167669,1.705167,-0.931619,2.737689,-3.676569,dense_failed
train,/root/leo_ws/src/leo_pybullet/worlds/benchmark_v4_hard/train/world_easy_double_block_seed_300408.yaml,300408,easy,double_block,2,3,4,7,True,7.9029,8.8592,1.121,3.669859,2.972077,-2.624524,-3.396674,-0.56618,original_hard
train,/root/leo_ws/results/comparison_benchmarks/benchmark_v10_dense_001/train/world_easy_direct_block_seed_1100126.yaml,1100126,easy,direct_block,1,15,4,19,True,6.0838,8.8114,1.4483,-3.334231,-2.723401,0.802114,0.853146,1.690022,dense_failed
train,/root/leo_ws/results/comparison_benchmarks/benchmark_v10_dense_001/train/world_easy_direct_block_seed_1100138.yaml,1100138,easy,direct_block,1,16,4,20,True,6.4179,8.321,1.2965,3.683685,-1.328131,-2.889441,-2.60852,-2.592264,dense_regular
train,/root/leo_ws/src/leo_pybullet/worlds/benchmark_v4_hard/train/world_hard_direct_block_seed_300362.yaml,300362,hard,direct_block,1,12,4,16,True,5.8942,6.9908,1.186,-2.895741,-3.057862,1.095146,-0.836803,2.465023,original_hard
train,/root/leo_ws/results/comparison_benchmarks/benchmark_v10_dense_001/train/world_medium_double_block_seed_1100157.yaml,1100157,medium,double_block,2,18,4,22,True,7.2729,8.2523,1.1347,2.959702,3.124646,-2.068268,-0.992599,-2.980652,dense_failed
train,/root/leo_ws/src/leo_pybullet/worlds/benchmark_v4_hard/train/world_medium_clear_seed_300403.yaml,300403,medium,clear,0,6,4,10,False,4.91,5.2171,1.0625,-2.186127,3.563931,-1.894059,-3.398654,-1.193955,original_hard
train,/root/leo_ws/src/leo_pybullet/worlds/benchmark_v4_hard/train/world_medium_direct_block_seed_300070.yaml,300070,medium,direct_block,1,7,4,11,True,4.9267,6.1439,1.2471,-1.9541,1.352918,0.652006,2.205829,3.992411,original_hard
train,/root/leo_ws/results/comparison_benchmarks/benchmark_v10_dense_001/train/world_medium_direct_block_seed_1100166.yaml,1100166,medium,direct_block,1,17,4,21,True,5.8844,6.8672,1.167,-2.581278,-3.134081,0.492194,2.36927,0.046865,dense_failed
train,/root/leo_ws/src/leo_pybullet/worlds/benchmark_v4_hard/train/world_easy_clear_seed_300123.yaml,300123,easy,clear,0,4,4,8,False,4.6878,4.9667,1.0595,-1.452935,-4.102731,2.117512,-4.161684,-0.276693,original_hard
train,/root/leo_ws/src/leo_pybullet/worlds/benchmark_v4_hard/train/world_medium_double_block_seed_300280.yaml,300280,medium,double_block,2,6,4,10,True,5.1952,6.4365,1.2389,2.398837,-1.146951,2.320261,-1.077363,2.7139,original_hard
train,/root/leo_ws/results/comparison_benchmarks/benchmark_v10_dense_001/train/world_medium_double_block_seed_1100025.yaml,1100025,medium,double_block,2,17,4,21,True,6.5447,7.7941,1.1909,1.332284,2.073388,-2.351663,-2.932341,-2.891061,dense_failed
train,/root/leo_ws/src/leo_pybullet/worlds/benchmark_v4_hard/train/world_easy_direct_block_seed_300378.yaml,300378,easy,direct_block,1,4,4,8,True,6.4768,7.1735,1.1076,-0.62947,3.670819,-1.837029,-2.787172,-2.436024,original_hard
train,/root/leo_ws/results/comparison_benchmarks/benchmark_v10_dense_001/train/world_medium_clear_seed_1100127.yaml,1100127,medium,clear,0,16,4,20,False,5.8237,6.3153,1.0844,-3.160405,-2.925925,0.324014,2.347787,-1.03493,dense_regular
train,/root/leo_ws/src/leo_pybullet/worlds/benchmark_v4_hard/train/world_hard_clear_seed_300311.yaml,300311,hard,clear,0,11,4,15,False,7.0666,7.5427,1.0674,-2.759396,3.617037,-1.317604,-1.182775,-3.271478,original_hard
train,/root/leo_ws/results/comparison_benchmarks/benchmark_v10_dense_001/train/world_medium_double_block_seed_1100157.yaml,1100157,medium,double_block,2,18,4,22,True,7.2729,8.2523,1.1347,2.959702,3.124646,-2.068268,-0.992599,-2.980652,dense_failed
train,/root/leo_ws/results/comparison_benchmarks/benchmark_v10_dense_001/train/world_medium_double_block_seed_1100052.yaml,1100052,medium,double_block,2,16,4,20,True,4.7211,6.0445,1.2803,-1.956427,-3.58456,0.680516,1.876439,-0.828165,dense_regular
train,/root/leo_ws/src/leo_pybullet/worlds/benchmark_v4_hard/train/world_easy_double_block_seed_300345.yaml,300345,easy,double_block,2,4,4,8,True,5.8483,7.2227,1.235,2.123388,2.618871,-2.593335,-2.675872,-0.723184,original_hard
train,/root/leo_ws/src/leo_pybullet/worlds/benchmark_v4_hard/train/world_hard_clear_seed_300263.yaml,300263,hard,clear,0,13,4,17,False,6.7061,7.0571,1.0523,-2.871876,4.10682,-0.036292,3.734767,2.956212,original_hard
train,/root/leo_ws/src/leo_pybullet/worlds/benchmark_v4_hard/train/world_easy_direct_block_seed_300126.yaml,300126,easy,direct_block,1,3,4,7,True,6.8153,7.369,1.0812,0.247838,3.312787,-1.9321,-1.471822,-3.28197,original_hard
train,/root/leo_ws/results/comparison_benchmarks/benchmark_v10_dense_001/train/world_medium_double_block_seed_1100220.yaml,1100220,medium,double_block,2,18,4,22,True,7.1789,10.57,1.4724,-3.092848,1.175912,0.454853,3.623736,3.710573,dense_failed
train,/root/leo_ws/results/comparison_benchmarks/benchmark_v10_dense_001/train/world_hard_double_block_seed_1100197.yaml,1100197,hard,double_block,2,19,4,23,True,5.1783,6.5714,1.269,1.458632,-1.15422,2.911316,-3.386979,0.67187,dense_regular
train,/root/leo_ws/results/comparison_benchmarks/benchmark_v10_dense_001/train/world_hard_direct_block_seed_1100002.yaml,1100002,hard,direct_block,1,18,4,22,True,6.3653,10.402,1.6342,-2.14741,-2.309576,1.770733,-2.833383,4.018682,dense_failed
train,/root/leo_ws/src/leo_pybullet/worlds/benchmark_v4_hard/train/world_easy_double_block_seed_300261.yaml,300261,easy,double_block,2,3,4,7,True,7.3264,8.0227,1.095,3.244679,-0.590232,2.989496,-3.881715,1.110045,original_hard
train,/root/leo_ws/src/leo_pybullet/worlds/benchmark_v4_hard/train/world_hard_double_block_seed_300377.yaml,300377,hard,double_block,2,14,4,18,True,7.3062,9.5049,1.3009,1.499979,-3.56036,1.343737,3.369602,3.502599,original_hard
train,/root/leo_ws/results/comparison_benchmarks/benchmark_v10_dense_001/train/world_easy_clear_seed_1100159.yaml,1100159,easy,clear,0,15,4,19,False,5.0727,5.1049,1.0064,2.846867,0.117766,2.311138,-0.639311,3.802677,dense_regular
train,/root/leo_ws/src/leo_pybullet/worlds/benchmark_v4_hard/train/world_medium_clear_seed_300019.yaml,300019,medium,clear,0,8,4,12,False,5.787,5.76,0.9953,1.508358,-3.41878,1.510614,1.496662,2.368237,original_hard
train,/root/leo_ws/results/comparison_benchmarks/benchmark_v10_dense_001/train/world_hard_double_block_seed_1100224.yaml,1100224,hard,double_block,2,18,4,22,True,6.3254,10.8341,1.7128,2.000528,3.442566,-1.441969,2.371083,-2.871972,dense_failed
train,/root/leo_ws/src/leo_pybullet/worlds/benchmark_v4_hard/train/world_hard_direct_block_seed_300398.yaml,300398,hard,direct_block,1,10,4,14,True,4.5525,5.6971,1.2514,-2.032616,0.426662,0.79411,0.773182,4.011763,original_hard
train,/root/leo_ws/src/leo_pybullet/worlds/benchmark_v4_hard/train/world_medium_double_block_seed_300145.yaml,300145,medium,double_block,2,9,4,13,True,5.3085,6.9198,1.3035,1.441243,-1.635225,-3.012195,-3.836573,-2.205088,original_hard
train,/root/leo_ws/results/comparison_benchmarks/benchmark_v10_dense_001/train/world_medium_double_block_seed_1100160.yaml,1100160,medium,double_block,2,17,4,21,True,6.1105,9.2535,1.5144,-2.781623,-0.850584,0.025206,3.290908,-1.53031,dense_failed
train,/root/leo_ws/results/comparison_benchmarks/benchmark_v10_dense_001/train/world_hard_clear_seed_1100143.yaml,1100143,hard,clear,0,20,4,24,False,4.7946,5.2422,1.0933,-0.88464,-1.026438,0.361984,3.541111,0.817703,dense_regular
train,/root/leo_ws/src/leo_pybullet/worlds/benchmark_v4_hard/train/world_medium_double_block_seed_300325.yaml,300325,medium,double_block,2,9,4,13,True,7.8421,8.9586,1.1424,3.376912,0.414353,-3.009321,-4.177778,-1.689108,original_hard
train,/root/leo_ws/results/comparison_benchmarks/benchmark_v10_dense_001/train/world_medium_direct_block_seed_1100022.yaml,1100022,medium,direct_block,1,18,4,22,True,8.1839,9.8992,1.2096,4.113823,-3.686347,2.05806,0.685248,3.744795,dense_regular
train,/root/leo_ws/src/leo_pybullet/worlds/benchmark_v4_hard/train/world_medium_double_block_seed_300349.yaml,300349,medium,double_block,2,9,4,13,True,7.2364,8.2855,1.145,2.364528,-3.726752,2.155872,-2.206974,1.882797,original_hard
train,/root/leo_ws/results/comparison_benchmarks/benchmark_v10_dense_001/train/world_hard_direct_block_seed_1100194.yaml,1100194,hard,direct_block,1,20,4,24,True,6.2548,7.6478,1.2227,-3.18397,1.522322,-0.599951,1.563275,-2.550323,dense_regular
train,/root/leo_ws/src/leo_pybullet/worlds/benchmark_v4_hard/train/world_easy_clear_seed_300423.yaml,300423,easy,clear,0,5,4,9,False,7.7936,8.1014,1.0395,2.192211,3.31078,-2.492055,-3.868836,-1.588612,original_hard
train,/root/leo_ws/src/leo_pybullet/worlds/benchmark_v4_hard/train/world_easy_double_block_seed_300309.yaml,300309,easy,double_block,2,5,4,9,True,4.6393,5.9176,1.2755,3.669962,2.180238,2.941357,-0.732758,3.642902,original_hard
train,/root/leo_ws/results/comparison_benchmarks/benchmark_v10_dense_001/train/world_medium_double_block_seed_1100085.yaml,1100085,medium,double_block,2,17,4,21,True,6.3159,7.6753,1.2152,-1.387864,-2.73973,0.650474,3.75459,0.927096,dense_regular
train,/root/leo_ws/results/comparison_benchmarks/benchmark_v10_dense_001/train/world_medium_double_block_seed_1100073.yaml,1100073,medium,double_block,2,16,4,20,True,5.5357,6.9108,1.2484,2.826768,-2.500148,1.989818,0.216792,2.381604,dense_failed
train,/root/leo_ws/src/leo_pybullet/worlds/benchmark_v4_hard/train/world_hard_clear_seed_300395.yaml,300395,hard,clear,0,13,4,17,False,5.7588,5.7369,0.9962,-0.191125,-4.149846,0.866327,3.814345,-0.012161,original_hard
train,/root/leo_ws/results/comparison_benchmarks/benchmark_v10_dense_001/train/world_medium_double_block_seed_1100232.yaml,1100232,medium,double_block,2,16,4,20,True,8.2161,11.0045,1.3394,-3.114633,3.876917,-0.906093,1.19953,-3.115432,dense_failed
train,/root/leo_ws/src/leo_pybullet/worlds/benchmark_v4_hard/train/world_easy_clear_seed_300195.yaml,300195,easy,clear,0,5,4,9,False,5.6321,5.7643,1.0235,0.139242,0.04431,-0.834748,3.816676,-4.221479,original_hard
train,/root/leo_ws/src/leo_pybullet/worlds/benchmark_v4_hard/train/world_medium_clear_seed_300139.yaml,300139,medium,clear,0,6,4,10,False,5.4529,5.8959,1.0812,-0.478914,2.985183,-1.159851,1.269001,-2.180023,original_hard
train,/root/leo_ws/src/leo_pybullet/worlds/benchmark_v4_hard/train/world_hard_clear_seed_300167.yaml,300167,hard,clear,0,14,4,18,False,7.9063,8.1814,1.0348,1.994743,-1.279584,2.36798,-4.212423,3.617359,original_hard
train,/root/leo_ws/src/leo_pybullet/worlds/benchmark_v4_hard/train/world_medium_double_block_seed_300424.yaml,300424,medium,double_block,2,9,4,13,True,8.2385,9.6261,1.1684,-1.290753,3.750753,-1.131645,3.094329,-3.22382,original_hard
train,/root/leo_ws/results/comparison_benchmarks/benchmark_v10_dense_001/train/world_medium_clear_seed_1100187.yaml,1100187,medium,clear,0,17,4,21,False,5.6161,5.9702,1.063,-4.060914,-0.061921,-0.177959,1.41654,-1.302209,dense_regular
train,/root/leo_ws/results/comparison_benchmarks/benchmark_v10_dense_001/train/world_hard_clear_seed_1100131.yaml,1100131,hard,clear,0,19,4,23,False,8.1906,8.6765,1.0593,4.089139,-2.267424,2.958015,-3.977084,-0.845243,dense_regular
train,/root/leo_ws/src/leo_pybullet/worlds/benchmark_v4_hard/train/world_hard_double_block_seed_300176.yaml,300176,hard,double_block,2,11,4,15,True,6.7758,10.3072,1.5212,-2.806119,3.500404,-1.564162,-2.265325,-3.253825,original_hard
train,/root/leo_ws/results/comparison_benchmarks/benchmark_v10_dense_001/train/world_hard_double_block_seed_1100125.yaml,1100125,hard,double_block,2,20,4,24,True,6.6265,13.3231,2.0106,-3.902102,-0.079118,0.667219,1.471372,3.798488,dense_failed
train,/root/leo_ws/results/comparison_benchmarks/benchmark_v10_dense_001/train/world_hard_double_block_seed_1100053.yaml,1100053,hard,double_block,2,19,4,23,True,4.9239,11.138,2.262,1.356285,-2.961186,1.185782,3.779818,1.325018,dense_regular
train,/root/leo_ws/src/leo_pybullet/worlds/benchmark_v4_hard/train/world_medium_direct_block_seed_300346.yaml,300346,medium,direct_block,1,7,4,11,True,5.497,6.3016,1.1464,2.310615,-1.631275,2.215985,-0.614975,3.022546,original_hard
train,/root/leo_ws/results/comparison_benchmarks/benchmark_v10_dense_001/train/world_medium_double_block_seed_1100016.yaml,1100016,medium,double_block,2,17,4,21,True,7.6417,8.6718,1.1348,3.05858,-4.20271,2.495343,-3.270102,0.080126,dense_failed
train,/root/leo_ws/src/leo_pybullet/worlds/benchmark_v4_hard/train/world_hard_double_block_seed_300305.yaml,300305,hard,double_block,2,10,4,14,True,6.4867,8.1108,1.2504,-3.321655,4.132672,-1.515688,-2.253413,-2.265473,original_hard
train,/root/leo_ws/results/comparison_benchmarks/benchmark_v10_dense_001/train/world_hard_clear_seed_1100239.yaml,1100239,hard,clear,0,19,4,23,False,4.6048,4.6855,1.0175,1.064966,0.413812,-2.292932,-2.099164,-2.931711,dense_regular
train,/root/leo_ws/src/leo_pybullet/worlds/benchmark_v4_hard/train/world_medium_direct_block_seed_300418.yaml,300418,medium,direct_block,1,6,4,10,True,6.9338,7.9872,1.1519,2.75741,0.909325,2.777238,-3.570878,3.743192,original_hard
train,/root/leo_ws/results/comparison_benchmarks/benchmark_v10_dense_001/train/world_easy_double_block_seed_1100108.yaml,1100108,easy,double_block,2,14,4,18,True,7.3658,8.5392,1.1593,-4.178156,2.59615,-0.868138,0.383943,-3.186804,dense_failed
train,/root/leo_ws/results/comparison_benchmarks/benchmark_v10_dense_001/train/world_medium_double_block_seed_1100169.yaml,1100169,medium,double_block,2,16,4,20,True,5.8693,7.6833,1.3091,-3.903826,-2.28641,1.404873,-3.352007,3.556898,dense_regular
train,/root/leo_ws/results/comparison_benchmarks/benchmark_v10_dense_001/train/world_hard_direct_block_seed_1100098.yaml,1100098,hard,direct_block,1,20,4,24,True,5.963,7.761,1.3015,1.858777,-3.879423,2.429204,-3.029739,-0.464811,dense_failed
train,/root/leo_ws/results/comparison_benchmarks/benchmark_v10_dense_001/train/world_hard_double_block_seed_1100140.yaml,1100140,hard,double_block,2,20,4,24,True,7.9258,10.0261,1.265,3.637782,2.788859,-2.307243,-1.250844,-3.449703,dense_regular
train,/root/leo_ws/src/leo_pybullet/worlds/benchmark_v4_hard/train/world_hard_double_block_seed_300293.yaml,300293,hard,double_block,2,10,4,14,True,6.9035,9.0878,1.3164,-2.323246,2.537773,-1.192331,-0.148338,-4.014216,original_hard
train,/root/leo_ws/src/leo_pybullet/worlds/benchmark_v4_hard/train/world_easy_clear_seed_300171.yaml,300171,easy,clear,0,4,4,8,False,5.7677,6.0251,1.0446,-2.479622,3.003366,-1.57019,-1.809663,-2.72526,original_hard
train,/root/leo_ws/results/comparison_benchmarks/benchmark_v10_dense_001/train/world_easy_direct_block_seed_1100162.yaml,1100162,easy,direct_block,1,15,4,19,True,5.0508,7.9929,1.5825,0.189884,0.636217,-1.092423,2.568584,-3.819369,dense_failed
train,/root/leo_ws/results/comparison_benchmarks/benchmark_v10_dense_001/train/world_medium_double_block_seed_1100004.yaml,1100004,medium,double_block,2,18,4,22,True,5.1083,11.1712,2.1869,3.543948,-1.601903,1.899813,1.334295,3.003714,dense_failed
train,/root/leo_ws/results/comparison_benchmarks/benchmark_v10_dense_001/train/world_hard_double_block_seed_1100149.yaml,1100149,hard,double_block,2,19,4,23,True,5.1641,7.2478,1.4035,0.905518,-0.616723,-2.363462,-3.147833,-3.816456,dense_regular
train,/root/leo_ws/results/comparison_benchmarks/benchmark_v10_dense_001/train/world_easy_double_block_seed_1100117.yaml,1100117,easy,double_block,2,16,4,20,True,5.7045,7.2639,1.2734,-2.754421,1.601604,-1.025927,-0.094273,-3.444643,dense_regular
train,/root/leo_ws/src/leo_pybullet/worlds/benchmark_v4_hard/train/world_medium_double_block_seed_300361.yaml,300361,medium,double_block,2,8,4,12,True,5.3572,6.9278,1.2932,-2.571117,-3.718554,0.270467,2.554873,-2.161543,original_hard
train,/root/leo_ws/results/comparison_benchmarks/benchmark_v10_dense_001/train/world_easy_double_block_seed_1100228.yaml,1100228,easy,double_block,2,14,4,18,True,6.0985,7.1735,1.1763,-2.665623,3.896519,-1.281115,-0.595146,-1.839708,dense_failed
train,/root/leo_ws/src/leo_pybullet/worlds/benchmark_v4_hard/train/world_medium_double_block_seed_300004.yaml,300004,medium,double_block,2,7,4,11,True,4.6439,5.9976,1.2915,-0.76159,0.310336,0.868773,2.671955,3.437047,original_hard
train,/root/leo_ws/src/leo_pybullet/worlds/benchmark_v4_hard/train/world_medium_double_block_seed_300136.yaml,300136,medium,double_block,2,6,4,10,True,4.9219,7.8765,1.6003,-0.688403,-2.377802,-0.14469,4.076534,-3.611005,original_hard
validation,/root/leo_ws/src/leo_pybullet/worlds/benchmark_v4_hard/validation/world_easy_double_block_seed_400000.yaml,400000,easy,double_block,2,3,4,7,True,4.7666,5.7496,1.2062,1.600996,-0.917551,2.274861,-1.176607,2.956069,original_hard_validation
validation,/root/leo_ws/results/comparison_benchmarks/benchmark_v10_dense_001/validation/world_easy_double_block_seed_1200000.yaml,1200000,easy,double_block,2,16,4,20,True,7.0465,7.9598,1.1296,-3.780705,1.260264,0.200754,2.982062,3.239538,dense_validation
validation,/root/leo_ws/src/leo_pybullet/worlds/benchmark_v4_hard/validation/world_medium_double_block_seed_400001.yaml,400001,medium,double_block,2,6,4,10,True,6.1912,7.5953,1.2268,1.105792,3.641151,-2.389339,-3.146113,-0.859141,original_hard_validation
validation,/root/leo_ws/results/comparison_benchmarks/benchmark_v10_dense_001/validation/world_medium_double_block_seed_1200001.yaml,1200001,medium,double_block,2,16,4,20,True,5.0171,8.0478,1.6041,-2.014075,0.76377,0.042562,2.991197,0.41927,dense_validation
validation,/root/leo_ws/src/leo_pybullet/worlds/benchmark_v4_hard/validation/world_hard_direct_block_seed_400002.yaml,400002,hard,direct_block,1,11,4,15,True,6.2544,8.0947,1.2942,2.312115,-1.242958,-2.87873,-3.662258,-3.093439,original_hard_validation
validation,/root/leo_ws/results/comparison_benchmarks/benchmark_v10_dense_001/validation/world_hard_direct_block_seed_1200002.yaml,1200002,hard,direct_block,1,20,4,24,True,5.1689,6.2822,1.2154,-0.527714,-0.743088,-0.606925,3.720597,-3.68752,dense_validation
validation,/root/leo_ws/src/leo_pybullet/worlds/benchmark_v4_hard/validation/world_easy_clear_seed_400003.yaml,400003,easy,clear,0,4,4,8,False,5.5423,5.7714,1.0413,2.356713,-1.885165,1.366473,3.162374,3.598303,original_hard_validation
validation,/root/leo_ws/results/comparison_benchmarks/benchmark_v10_dense_001/validation/world_easy_clear_seed_1200003.yaml,1200003,easy,clear,0,14,4,18,False,6.0986,6.08,0.997,-4.151652,-1.056239,-0.026227,1.946944,-1.049735,dense_validation
validation,/root/leo_ws/src/leo_pybullet/worlds/benchmark_v4_hard/validation/world_medium_double_block_seed_400004.yaml,400004,medium,double_block,2,8,4,12,True,7.896,9.1986,1.165,-2.650546,3.59261,-0.618891,3.160743,-1.753055,original_hard_validation
validation,/root/leo_ws/results/comparison_benchmarks/benchmark_v10_dense_001/validation/world_medium_double_block_seed_1200004.yaml,1200004,medium,double_block,2,18,4,22,True,5.1811,11.378,2.196,-1.750862,-1.049738,1.218327,-0.540701,3.988094,dense_validation
validation,/root/leo_ws/src/leo_pybullet/worlds/benchmark_v4_hard/validation/world_hard_double_block_seed_400005.yaml,400005,hard,double_block,2,13,4,17,True,4.8098,6.6078,1.3738,4.007664,3.76061,-2.990702,-0.622618,2.45865,original_hard_validation
validation,/root/leo_ws/results/comparison_benchmarks/benchmark_v10_dense_001/validation/world_hard_double_block_seed_1200005.yaml,1200005,hard,double_block,2,19,4,23,True,5.3691,7.3747,1.3735,-0.026834,-1.981134,2.500574,-3.988144,1.643133,dense_validation
validation,/root/leo_ws/src/leo_pybullet/worlds/benchmark_v4_hard/validation/world_easy_direct_block_seed_400006.yaml,400006,easy,direct_block,1,3,4,7,True,7.7227,8.7712,1.1358,2.383262,2.890759,-2.407809,-2.756359,-2.873352,original_hard_validation
validation,/root/leo_ws/results/comparison_benchmarks/benchmark_v10_dense_001/validation/world_easy_direct_block_seed_1200006.yaml,1200006,easy,direct_block,1,15,4,19,True,8.0231,9.3643,1.1672,0.864234,-3.800133,1.2487,3.220346,3.869202,dense_validation
validation,/root/leo_ws/src/leo_pybullet/worlds/benchmark_v4_hard/validation/world_medium_clear_seed_400007.yaml,400007,medium,clear,0,9,4,13,False,6.0956,6.3645,1.0441,-3.887296,4.187484,-0.034478,2.148853,3.338421,original_hard_validation
validation,/root/leo_ws/results/comparison_benchmarks/benchmark_v10_dense_001/validation/world_medium_clear_seed_1200007.yaml,1200007,medium,clear,0,17,4,21,False,7.4856,7.8088,1.0432,-3.986602,-3.355674,0.609784,1.935233,1.223243,dense_validation
validation,/root/leo_ws/src/leo_pybullet/worlds/benchmark_v4_hard/validation/world_hard_double_block_seed_400008.yaml,400008,hard,double_block,2,14,4,18,True,5.925,7.7747,1.3122,-3.460167,-2.823113,-0.109131,2.306978,-4.181822,original_hard_validation
validation,/root/leo_ws/results/comparison_benchmarks/benchmark_v10_dense_001/validation/world_hard_double_block_seed_1200008.yaml,1200008,hard,double_block,2,18,4,22,True,6.3834,9.6971,1.5191,0.609872,-2.872173,2.031022,-2.185269,2.866678,dense_validation
validation,/root/leo_ws/src/leo_pybullet/worlds/benchmark_v4_hard/validation/world_easy_double_block_seed_400009.yaml,400009,easy,double_block,2,4,4,8,True,6.1164,7.1404,1.1674,-2.945009,2.248807,-0.81067,1.610003,-1.833192,original_hard_validation
validation,/root/leo_ws/results/comparison_benchmarks/benchmark_v10_dense_001/validation/world_easy_double_block_seed_1200009.yaml,1200009,easy,double_block,2,15,4,19,True,7.7439,10.0123,1.2929,3.888722,2.139669,-2.723085,-3.002706,-1.392464,dense_validation
validation,/root/leo_ws/src/leo_pybullet/worlds/benchmark_v4_hard/validation/world_medium_direct_block_seed_400010.yaml,400010,medium,direct_block,1,9,4,13,True,7.2851,8.2192,1.1282,3.263787,-2.77442,2.005232,-0.614905,3.392298,original_hard_validation
validation,/root/leo_ws/results/comparison_benchmarks/benchmark_v10_dense_001/validation/world_medium_direct_block_seed_1200010.yaml,1200010,medium,direct_block,1,17,4,21,True,4.754,5.5153,1.1601,2.735645,-3.04556,1.465323,3.801338,1.587439,dense_validation
validation,/root/leo_ws/src/leo_pybullet/worlds/benchmark_v4_hard/validation/world_hard_clear_seed_400011.yaml,400011,hard,clear,0,12,4,16,False,6.6801,7.0637,1.0574,-3.249083,0.924326,-0.485359,2.183788,-2.962511,original_hard_validation
validation,/root/leo_ws/results/comparison_benchmarks/benchmark_v10_dense_001/validation/world_hard_clear_seed_1200011.yaml,1200011,hard,clear,0,20,4,24,False,4.6082,4.9141,1.0664,1.328156,-2.486761,2.626417,-2.635633,-0.136452,dense_validation
validation,/root/leo_ws/src/leo_pybullet/worlds/benchmark_v4_hard/validation/world_easy_double_block_seed_400012.yaml,400012,easy,double_block,2,5,4,9,True,4.8727,5.8547,1.2015,-1.105001,-3.427884,0.147579,3.689457,-2.558214,original_hard_validation
validation,/root/leo_ws/results/comparison_benchmarks/benchmark_v10_dense_001/validation/world_easy_double_block_seed_1200012.yaml,1200012,easy,double_block,2,14,4,18,True,8.0699,9.1106,1.129,-3.390634,-3.25396,0.883478,2.538994,2.219819,dense_validation
validation,/root/leo_ws/src/leo_pybullet/worlds/benchmark_v4_hard/validation/world_medium_double_block_seed_400013.yaml,400013,medium,double_block,2,7,4,11,True,8.0189,9.0272,1.1258,-3.820483,1.08619,0.072269,4.176788,1.674089,original_hard_validation
validation,/root/leo_ws/results/comparison_benchmarks/benchmark_v10_dense_001/validation/world_medium_double_block_seed_1200013.yaml,1200013,medium,double_block,2,18,4,22,True,7.695,9.9494,1.293,1.854577,3.977324,-1.449087,2.957637,-3.638247,dense_validation
validation,/root/leo_ws/src/leo_pybullet/worlds/benchmark_v4_hard/validation/world_hard_direct_block_seed_400014.yaml,400014,hard,direct_block,1,12,4,16,True,4.798,6.0171,1.2541,-2.249499,-3.66919,1.686831,-2.978877,1.073027,original_hard_validation
validation,/root/leo_ws/results/comparison_benchmarks/benchmark_v10_dense_001/validation/world_hard_direct_block_seed_1200014.yaml,1200014,hard,direct_block,1,20,4,24,True,6.9078,10.1255,1.4658,-4.113525,2.421953,-0.141085,2.574153,0.691966,dense_validation
validation,/root/leo_ws/src/leo_pybullet/worlds/benchmark_v4_hard/validation/world_easy_clear_seed_400015.yaml,400015,easy,clear,0,4,4,8,False,5.8909,6.0525,1.0274,-2.19319,-1.926624,0.052949,3.688785,-2.250309,original_hard_validation
validation,/root/leo_ws/results/comparison_benchmarks/benchmark_v10_dense_001/validation/world_easy_clear_seed_1200015.yaml,1200015,easy,clear,0,14,4,18,False,6.0708,6.4649,1.0649,-3.636589,1.950297,-0.615981,1.368664,-1.485131,dense_validation
validation,/root/leo_ws/src/leo_pybullet/worlds/benchmark_v4_hard/validation/world_medium_double_block_seed_400016.yaml,400016,medium,double_block,2,6,4,10,True,4.7992,6.0445,1.2595,-2.011972,1.692794,-2.038813,-4.093737,-2.631351,original_hard_validation
validation,/root/leo_ws/results/comparison_benchmarks/benchmark_v10_dense_001/validation/world_medium_double_block_seed_1200016.yaml,1200016,medium,double_block,2,16,4,20,True,4.8502,6.4971,1.3395,-2.85266,0.132098,0.106087,1.996152,0.248696,dense_validation
validation,/root/leo_ws/src/leo_pybullet/worlds/benchmark_v4_hard/validation/world_hard_double_block_seed_400017.yaml,400017,hard,double_block,2,10,4,14,True,4.8492,6.3896,1.3177,-1.153398,-0.299474,2.156787,-4.096843,3.554239,original_hard_validation
validation,/root/leo_ws/results/comparison_benchmarks/benchmark_v10_dense_001/validation/world_hard_double_block_seed_1200017.yaml,1200017,hard,double_block,2,19,4,23,True,6.5217,7.9896,1.2251,1.333563,3.330925,-2.108824,-1.933973,-2.31314,dense_validation
validation,/root/leo_ws/src/leo_pybullet/worlds/benchmark_v4_hard/validation/world_easy_direct_block_seed_400018.yaml,400018,easy,direct_block,1,3,4,7,True,7.7655,8.8843,1.1441,3.553089,-2.923731,2.450928,-2.01171,2.492588,original_hard_validation
validation,/root/leo_ws/results/comparison_benchmarks/benchmark_v10_dense_001/validation/world_easy_direct_block_seed_1200018.yaml,1200018,easy,direct_block,1,16,4,20,True,6.3883,10.6022,1.6596,0.232999,2.754043,-1.175685,2.255651,-3.305592,dense_validation
validation,/root/leo_ws/src/leo_pybullet/worlds/benchmark_v4_hard/validation/world_medium_clear_seed_400019.yaml,400019,medium,clear,0,6,4,10,False,6.406,6.9335,1.0824,1.405595,-3.314195,2.039078,-1.24263,2.518759,original_hard_validation
validation,/root/leo_ws/results/comparison_benchmarks/benchmark_v10_dense_001/validation/world_medium_clear_seed_1200019.yaml,1200019,medium,clear,0,18,4,22,False,4.604,4.7725,1.0366,-3.540158,-1.843633,1.524407,-3.909984,2.745503,dense_validation
validation,/root/leo_ws/src/leo_pybullet/worlds/benchmark_v4_hard/validation/world_hard_double_block_seed_400020.yaml,400020,hard,double_block,2,13,4,17,True,4.6598,6.2159,1.334,-3.798049,2.530268,0.146323,0.816834,3.175371,original_hard_validation
validation,/root/leo_ws/results/comparison_benchmarks/benchmark_v10_dense_001/validation/world_hard_double_block_seed_1200020.yaml,1200020,hard,double_block,2,19,4,23,True,7.5624,11.7037,1.5476,-3.87224,-1.404124,-0.201827,3.509971,-3.044964,dense_validation
validation,/root/leo_ws/src/leo_pybullet/worlds/benchmark_v4_hard/validation/world_easy_double_block_seed_400021.yaml,400021,easy,double_block,2,5,4,9,True,5.4639,6.4502,1.1805,1.65561,0.607287,-2.751976,-3.414021,-1.430735,original_hard_validation
validation,/root/leo_ws/results/comparison_benchmarks/benchmark_v10_dense_001/validation/world_easy_double_block_seed_1200021.yaml,1200021,easy,double_block,2,15,4,19,True,6.8516,10.3267,1.5072,-4.171637,-2.799846,1.387958,-3.30428,3.996676,dense_validation
validation,/root/leo_ws/src/leo_pybullet/worlds/benchmark_v4_hard/validation/world_medium_direct_block_seed_400022.yaml,400022,medium,direct_block,1,6,4,10,True,4.8019,5.7965,1.2071,3.08808,-0.181843,2.188733,0.613641,3.933472,original_hard_validation
validation,/root/leo_ws/results/comparison_benchmarks/benchmark_v10_dense_001/validation/world_medium_direct_block_seed_1200022.yaml,1200022,medium,direct_block,1,18,4,22,True,5.693,8.6022,1.511,1.874083,0.762147,-3.078325,-3.801537,0.317787,dense_validation
validation,/root/leo_ws/src/leo_pybullet/worlds/benchmark_v4_hard/validation/world_hard_clear_seed_400023.yaml,400023,hard,clear,0,14,4,18,False,4.511,4.8616,1.0777,0.647482,-1.489268,2.770211,-3.343298,0.613735,original_hard_validation
validation,/root/leo_ws/results/comparison_benchmarks/benchmark_v10_dense_001/validation/world_hard_clear_seed_1200023.yaml,1200023,hard,clear,0,19,4,23,False,5.0009,5.2114,1.0421,-3.67887,-3.824301,0.025044,1.258785,-3.031428,dense_validation
validation,/root/leo_ws/src/leo_pybullet/worlds/benchmark_v4_hard/validation/world_easy_double_block_seed_400024.yaml,400024,easy,double_block,2,4,4,8,True,6.3708,7.3667,1.1563,-1.874848,-3.151995,0.757375,3.100332,0.827227,original_hard_validation
validation,/root/leo_ws/results/comparison_benchmarks/benchmark_v10_dense_001/validation/world_easy_double_block_seed_1200024.yaml,1200024,easy,double_block,2,15,4,19,True,4.8727,6.009,1.2332,-3.163777,-1.911619,-0.53922,1.214274,-4.050658,dense_validation
validation,/root/leo_ws/src/leo_pybullet/worlds/benchmark_v4_hard/validation/world_medium_double_block_seed_400025.yaml,400025,medium,double_block,2,6,4,10,True,8.5535,10.1667,1.1886,-3.81986,-3.293257,0.430946,3.432622,1.241571,original_hard_validation
validation,/root/leo_ws/results/comparison_benchmarks/benchmark_v10_dense_001/validation/world_medium_double_block_seed_1200025.yaml,1200025,medium,double_block,2,16,4,20,True,7.246,8.6547,1.1944,-4.197912,-4.241588,0.479118,2.056493,-0.582772,dense_validation
validation,/root/leo_ws/src/leo_pybullet/worlds/benchmark_v4_hard/validation/world_hard_direct_block_seed_400026.yaml,400026,hard,direct_block,1,10,4,14,True,6.7789,8.1004,1.1949,3.532429,1.450723,-2.367547,-0.820167,-3.746205,original_hard_validation
validation,/root/leo_ws/results/comparison_benchmarks/benchmark_v10_dense_001/validation/world_hard_direct_block_seed_1200026.yaml,1200026,hard,direct_block,1,20,4,24,True,7.2862,8.5278,1.1704,2.955024,-2.552415,-2.826969,-4.14016,-4.209972,dense_validation
validation,/root/leo_ws/src/leo_pybullet/worlds/benchmark_v4_hard/validation/world_easy_clear_seed_400027.yaml,400027,easy,clear,0,3,4,7,False,7.4504,7.7482,1.04,-1.908123,-2.884581,0.821996,2.903173,2.803975,original_hard_validation
validation,/root/leo_ws/results/comparison_benchmarks/benchmark_v10_dense_001/validation/world_easy_clear_seed_1200027.yaml,1200027,easy,clear,0,16,4,20,False,5.4699,5.8571,1.0708,-3.234871,-0.887878,0.331697,2.117399,0.240611,dense_validation
validation,/root/leo_ws/src/leo_pybullet/worlds/benchmark_v4_hard/validation/world_medium_double_block_seed_400028.yaml,400028,medium,double_block,2,6,4,10,True,7.6641,8.7896,1.1468,-3.694963,-1.859655,-0.352981,3.589065,-4.243333,original_hard_validation
validation,/root/leo_ws/results/comparison_benchmarks/benchmark_v10_dense_001/validation/world_medium_double_block_seed_1200028.yaml,1200028,medium,double_block,2,18,4,22,True,4.5754,6.1908,1.3531,0.3986,-3.661858,-2.941288,-4.165735,-3.979831,dense_validation
validation,/root/leo_ws/src/leo_pybullet/worlds/benchmark_v4_hard/validation/world_hard_double_block_seed_400029.yaml,400029,hard,double_block,2,10,4,14,True,6.8189,8.3096,1.2186,-2.894006,3.981225,-1.119045,-0.130517,-2.252547,original_hard_validation
validation,/root/leo_ws/results/comparison_benchmarks/benchmark_v10_dense_001/validation/world_hard_double_block_seed_1200029.yaml,1200029,hard,double_block,2,20,4,24,True,5.5448,7.4022,1.335,-0.320473,-3.455511,1.111806,2.291693,1.435435,dense_validation
validation,/root/leo_ws/src/leo_pybullet/worlds/benchmark_v4_hard/validation/world_easy_direct_block_seed_400030.yaml,400030,easy,direct_block,1,3,4,7,True,5.2959,6.1884,1.1685,-3.150261,-3.270407,0.817805,-0.070801,1.038073,original_hard_validation
validation,/root/leo_ws/results/comparison_benchmarks/benchmark_v10_dense_001/validation/world_easy_direct_block_seed_1200030.yaml,1200030,easy,direct_block,1,16,4,20,True,6.0942,7.1404,1.1717,-2.087833,-2.928675,0.808425,2.231321,1.370688,dense_validation
validation,/root/leo_ws/src/leo_pybullet/worlds/benchmark_v4_hard/validation/world_medium_clear_seed_400031.yaml,400031,medium,clear,0,9,4,13,False,6.0224,6.232,1.0348,-2.455605,2.482839,-1.772834,-2.966003,-3.517895,original_hard_validation
validation,/root/leo_ws/results/comparison_benchmarks/benchmark_v10_dense_001/validation/world_medium_clear_seed_1200031.yaml,1200031,medium,clear,0,17,4,21,False,4.6047,4.9576,1.0767,3.197197,-3.848843,1.696878,2.231888,0.653529,dense_validation
validation,/root/leo_ws/src/leo_pybullet/worlds/benchmark_v4_hard/validation/world_hard_double_block_seed_400032.yaml,400032,hard,double_block,2,14,4,18,True,7.2818,8.7404,1.2003,1.364132,2.226686,-2.387078,-3.585744,-3.114081,original_hard_validation
validation,/root/leo_ws/results/comparison_benchmarks/benchmark_v10_dense_001/validation/world_hard_double_block_seed_1200032.yaml,1200032,hard,double_block,2,19,4,23,True,5.1253,6.9141,1.349,-0.096402,1.030587,-1.083385,2.497305,-3.390029,dense_validation
validation,/root/leo_ws/src/leo_pybullet/worlds/benchmark_v4_hard/validation/world_easy_double_block_seed_400033.yaml,400033,easy,double_block,2,4,4,8,True,7.2325,8.1449,1.1262,1.653067,-4.094697,2.289675,-2.572194,1.775252,original_hard_validation
validation,/root/leo_ws/results/comparison_benchmarks/benchmark_v10_dense_001/validation/world_easy_double_block_seed_1200033.yaml,1200033,easy,double_block,2,16,4,20,True,4.6673,5.6639,1.2135,1.893587,4.218479,-1.395118,2.801653,-0.359582,dense_validation
validation,/root/leo_ws/src/leo_pybullet/worlds/benchmark_v4_hard/validation/world_medium_direct_block_seed_400034.yaml,400034,medium,direct_block,1,8,4,12,True,4.6132,5.4878,1.1896,3.354663,0.920304,2.767217,-0.861367,2.792873,original_hard_validation
validation,/root/leo_ws/results/comparison_benchmarks/benchmark_v10_dense_001/validation/world_medium_direct_block_seed_1200034.yaml,1200034,medium,direct_block,1,18,4,22,True,6.0045,7.2914,1.2143,1.425314,2.992338,-1.284391,3.347381,-2.696193,dense_validation
validation,/root/leo_ws/src/leo_pybullet/worlds/benchmark_v4_hard/validation/world_hard_clear_seed_400035.yaml,400035,hard,clear,0,13,4,17,False,6.5994,6.8251,1.0342,-1.486255,2.509872,-1.56556,-2.119482,-4.05906,original_hard_validation
validation,/root/leo_ws/results/comparison_benchmarks/benchmark_v10_dense_001/validation/world_hard_clear_seed_1200035.yaml,1200035,hard,clear,0,20,4,24,False,5.4821,5.7118,1.0419,-3.672366,2.900657,-0.93897,-0.25967,-1.389721,dense_validation
validation,/root/leo_ws/src/leo_pybullet/worlds/benchmark_v4_hard/validation/world_easy_double_block_seed_400036.yaml,400036,easy,double_block,2,5,4,9,True,4.5928,5.769,1.2561,0.896388,-2.702178,1.565998,1.227779,1.87865,original_hard_validation
validation,/root/leo_ws/results/comparison_benchmarks/benchmark_v10_dense_001/validation/world_easy_double_block_seed_1200036.yaml,1200036,easy,double_block,2,14,4,18,True,5.893,7.6318,1.2951,2.489206,2.510892,-2.901295,-3.319297,1.516454,dense_validation
validation,/root/leo_ws/src/leo_pybullet/worlds/benchmark_v4_hard/validation/world_medium_double_block_seed_400037.yaml,400037,medium,double_block,2,8,4,12,True,7.0985,8.0867,1.1392,-3.650433,3.0426,-0.307235,3.337351,1.79372,original_hard_validation
validation,/root/leo_ws/results/comparison_benchmarks/benchmark_v10_dense_001/validation/world_medium_double_block_seed_1200037.yaml,1200037,medium,double_block,2,18,4,22,True,5.2477,6.5965,1.257,-3.621189,2.67061,-0.811281,0.400877,-0.700126,dense_validation
validation,/root/leo_ws/src/leo_pybullet/worlds/benchmark_v4_hard/validation/world_hard_direct_block_seed_400038.yaml,400038,hard,direct_block,1,12,4,16,True,5.2142,6.3782,1.2232,-2.475751,-0.485526,-0.293236,2.416325,-2.289784,original_hard_validation
validation,/root/leo_ws/results/comparison_benchmarks/benchmark_v10_dense_001/validation/world_hard_direct_block_seed_1200038.yaml,1200038,hard,direct_block,1,20,4,24,True,4.6439,5.6559,1.2179,1.448103,-1.218554,1.519955,1.400695,3.425093,dense_validation
validation,/root/leo_ws/src/leo_pybullet/worlds/benchmark_v4_hard/validation/world_easy_clear_seed_400039.yaml,400039,easy,clear,0,5,4,9,False,6.7593,7.2649,1.0748,-2.58555,-3.158277,1.135616,0.802699,2.69043,original_hard_validation
validation,/root/leo_ws/results/comparison_benchmarks/benchmark_v10_dense_001/validation/world_easy_clear_seed_1200039.yaml,1200039,easy,clear,0,15,4,19,False,7.9049,8.5198,1.0778,4.235539,1.852503,-2.844792,-3.165172,-0.925552,dense_validation
validation,/root/leo_ws/src/leo_pybullet/worlds/benchmark_v4_hard/validation/world_medium_double_block_seed_400040.yaml,400040,medium,double_block,2,9,4,13,True,6.7028,8.4971,1.2677,1.747495,2.645141,-1.7877,-0.545063,-3.65343,original_hard_validation
validation,/root/leo_ws/results/comparison_benchmarks/benchmark_v10_dense_001/validation/world_medium_double_block_seed_1200040.yaml,1200040,medium,double_block,2,16,4,20,True,6.1201,11.0992,1.8136,-2.422142,-2.403654,0.967608,0.969674,2.690625,dense_validation
validation,/root/leo_ws/src/leo_pybullet/worlds/benchmark_v4_hard/validation/world_hard_double_block_seed_400041.yaml,400041,hard,double_block,2,13,4,17,True,6.9943,12.3106,1.7601,-3.990052,-3.709569,1.16573,-2.065263,3.014673,original_hard_validation
validation,/root/leo_ws/results/comparison_benchmarks/benchmark_v10_dense_001/validation/world_hard_double_block_seed_1200041.yaml,1200041,hard,double_block,2,20,4,24,True,7.8723,9.4353,1.1985,-4.170544,2.296359,-0.238017,3.49958,0.523727,dense_validation
validation,/root/leo_ws/src/leo_pybullet/worlds/benchmark_v4_hard/validation/world_easy_direct_block_seed_400042.yaml,400042,easy,direct_block,1,4,4,8,True,5.9014,6.5141,1.1038,-1.52721,2.69826,-1.848375,-3.464835,-2.875929,original_hard_validation
validation,/root/leo_ws/results/comparison_benchmarks/benchmark_v10_dense_001/validation/world_easy_direct_block_seed_1200042.yaml,1200042,easy,direct_block,1,16,4,20,True,7.0001,8.3072,1.1867,0.298673,-2.115816,2.089453,-2.702212,4.208472,dense_validation
validation,/root/leo_ws/src/leo_pybullet/worlds/benchmark_v4_hard/validation/world_medium_clear_seed_400043.yaml,400043,medium,clear,0,7,4,11,False,4.7736,5.0045,1.0484,3.837547,-1.039104,1.730291,2.949482,3.651185,original_hard_validation
validation,/root/leo_ws/results/comparison_benchmarks/benchmark_v10_dense_001/validation/world_medium_clear_seed_1200043.yaml,1200043,medium,clear,0,16,4,20,False,5.256,5.6171,1.0687,1.570758,2.162915,-2.877714,-3.562002,1.031216,dense_validation
validation,/root/leo_ws/src/leo_pybullet/worlds/benchmark_v4_hard/validation/world_hard_double_block_seed_400044.yaml,400044,hard,double_block,2,14,4,18,True,5.0793,6.5988,1.2992,-3.392309,-2.665983,-0.228981,1.525077,-3.938136,original_hard_validation
validation,/root/leo_ws/results/comparison_benchmarks/benchmark_v10_dense_001/validation/world_hard_double_block_seed_1200044.yaml,1200044,hard,double_block,2,19,4,23,True,6.8267,8.3622,1.2249,2.094367,2.481859,-2.493433,-3.732719,-1.074652,dense_validation
validation,/root/leo_ws/src/leo_pybullet/worlds/benchmark_v4_hard/validation/world_easy_double_block_seed_400045.yaml,400045,easy,double_block,2,3,4,7,True,4.9181,6.0696,1.2341,3.389184,-0.022279,2.343602,-0.275259,3.257885,original_hard_validation
validation,/root/leo_ws/results/comparison_benchmarks/benchmark_v10_dense_001/validation/world_easy_double_block_seed_1200045.yaml,1200045,easy,double_block,2,14,4,18,True,5.7839,6.5965,1.1405,1.809696,-3.896001,2.843804,-3.858943,-2.746886,dense_validation
validation,/root/leo_ws/src/leo_pybullet/worlds/benchmark_v4_hard/validation/world_medium_direct_block_seed_400046.yaml,400046,medium,direct_block,1,7,4,11,True,4.5865,5.4159,1.1808,-1.723751,2.637955,-0.074146,2.854733,2.367365,original_hard_validation
validation,/root/leo_ws/results/comparison_benchmarks/benchmark_v10_dense_001/validation/world_medium_direct_block_seed_1200046.yaml,1200046,medium,direct_block,1,16,4,20,True,5.3177,6.0696,1.1414,-0.979283,-1.937221,1.515204,-0.319232,3.339335,dense_validation
validation,/root/leo_ws/src/leo_pybullet/worlds/benchmark_v4_hard/validation/world_hard_clear_seed_400047.yaml,400047,hard,clear,0,13,4,17,False,4.5548,4.56,1.0011,-2.449717,-0.80625,1.555725,-2.430169,3.748497,original_hard_validation
validation,/root/leo_ws/results/comparison_benchmarks/benchmark_v10_dense_001/validation/world_hard_clear_seed_1200047.yaml,1200047,hard,clear,0,19,4,23,False,4.5655,4.9416,1.0824,-0.665234,4.062221,-0.512142,3.376943,1.93977,dense_validation
validation,/root/leo_ws/src/leo_pybullet/worlds/benchmark_v4_hard/validation/world_easy_double_block_seed_400048.yaml,400048,easy,double_block,2,3,4,7,True,4.5598,5.7416,1.2592,2.658626,-0.338312,-2.679522,-1.53031,-2.139469,original_hard_validation
validation,/root/leo_ws/results/comparison_benchmarks/benchmark_v10_dense_001/validation/world_easy_double_block_seed_1200048.yaml,1200048,easy,double_block,2,16,4,20,True,4.6996,5.7496,1.2234,3.092545,-3.875785,2.433515,-0.448007,-0.785371,dense_validation
validation,/root/leo_ws/src/leo_pybullet/worlds/benchmark_v4_hard/validation/world_medium_double_block_seed_400049.yaml,400049,medium,double_block,2,8,4,12,True,5.6052,7.0433,1.2566,4.001883,-0.742999,3.059483,-1.603204,-0.706302,original_hard_validation
validation,/root/leo_ws/results/comparison_benchmarks/benchmark_v10_dense_001/validation/world_medium_double_block_seed_1200049.yaml,1200049,medium,double_block,2,16,4,20,True,7.9331,10.3347,1.3027,-4.224997,1.44769,0.046274,3.632655,2.538841,dense_validation
validation,/root/leo_ws/src/leo_pybullet/worlds/benchmark_v4_hard/validation/world_hard_direct_block_seed_400050.yaml,400050,hard,direct_block,1,12,4,16,True,5.0657,6.0171,1.1878,-0.701294,-2.929189,0.326976,3.862533,-0.730843,original_hard_validation
validation,/root/leo_ws/results/comparison_benchmarks/benchmark_v10_dense_001/validation/world_hard_direct_block_seed_1200050.yaml,1200050,hard,direct_block,1,18,4,22,True,6.5971,7.9016,1.1977,3.358192,2.755208,-2.596478,-1.997284,-1.097195,dense_validation
validation,/root/leo_ws/src/leo_pybullet/worlds/benchmark_v4_hard/validation/world_easy_clear_seed_400051.yaml,400051,easy,clear,0,5,4,9,False,4.8315,5.1872,1.0736,-0.014713,-2.615529,0.650223,4.137537,-0.145291,original_hard_validation
validation,/root/leo_ws/results/comparison_benchmarks/benchmark_v10_dense_001/validation/world_easy_clear_seed_1200051.yaml,1200051,easy,clear,0,16,4,20,False,4.8579,5.2365,1.0779,2.381799,2.09816,-2.734845,-2.270233,0.699062,dense_validation
validation,/root/leo_ws/src/leo_pybullet/worlds/benchmark_v4_hard/validation/world_medium_double_block_seed_400052.yaml,400052,medium,double_block,2,7,4,11,True,6.0119,6.9496,1.156,-2.37539,-3.069687,0.319454,3.444352,-1.561966,original_hard_validation
validation,/root/leo_ws/results/comparison_benchmarks/benchmark_v10_dense_001/validation/world_medium_double_block_seed_1200052.yaml,1200052,medium,double_block,2,16,4,20,True,8.053,9.5986,1.1919,-3.801612,-3.478062,0.934906,1.518886,2.566976,dense_validation
validation,/root/leo_ws/src/leo_pybullet/worlds/benchmark_v4_hard/validation/world_hard_double_block_seed_400053.yaml,400053,hard,double_block,2,14,4,18,True,6.455,8.8251,1.3672,4.065888,1.5891,2.849519,-2.102835,3.490091,original_hard_validation
validation,/root/leo_ws/results/comparison_benchmarks/benchmark_v10_dense_001/validation/world_hard_double_block_seed_1200053.yaml,1200053,hard,double_block,2,20,4,24,True,5.5047,7.6033,1.3813,0.224078,3.817379,-0.849911,4.049709,-0.140647,dense_validation
validation,/root/leo_ws/src/leo_pybullet/worlds/benchmark_v4_hard/validation/world_easy_direct_block_seed_400054.yaml,400054,easy,direct_block,1,3,4,7,True,4.6959,5.3416,1.1375,-3.429041,-1.536541,-0.199404,1.116358,-2.715788,original_hard_validation
validation,/root/leo_ws/results/comparison_benchmarks/benchmark_v10_dense_001/validation/world_easy_direct_block_seed_1200054.yaml,1200054,easy,direct_block,1,15,4,19,True,4.6003,6.1004,1.3261,3.403704,2.591201,-3.104532,-1.187081,2.887196,dense_validation
validation,/root/leo_ws/src/leo_pybullet/worlds/benchmark_v4_hard/validation/world_medium_clear_seed_400055.yaml,400055,medium,clear,0,9,4,13,False,5.0625,5.2057,1.0283,-2.152672,2.649095,-1.518576,-1.745319,-2.396945,original_hard_validation
validation,/root/leo_ws/results/comparison_benchmarks/benchmark_v10_dense_001/validation/world_medium_clear_seed_1200055.yaml,1200055,medium,clear,0,17,4,21,False,5.1187,5.5016,1.0748,1.349075,-3.47861,1.90671,-0.779829,1.176376,dense_validation
validation,/root/leo_ws/src/leo_pybullet/worlds/benchmark_v4_hard/validation/world_hard_double_block_seed_400056.yaml,400056,hard,double_block,2,13,4,17,True,5.1654,6.5302,1.2642,0.315585,0.498812,-2.291988,-3.302817,-3.18745,original_hard_validation
validation,/root/leo_ws/results/comparison_benchmarks/benchmark_v10_dense_001/validation/world_hard_double_block_seed_1200056.yaml,1200056,hard,double_block,2,19,4,23,True,4.9853,11.1371,2.234,4.01774,0.413973,-2.223844,1.013977,-3.564841,dense_validation
validation,/root/leo_ws/src/leo_pybullet/worlds/benchmark_v4_hard/validation/world_easy_double_block_seed_400057.yaml,400057,easy,double_block,2,4,4,8,True,6.3033,7.2867,1.156,2.355269,-3.559939,2.541851,-2.475814,0.488727,original_hard_validation
validation,/root/leo_ws/results/comparison_benchmarks/benchmark_v10_dense_001/validation/world_easy_double_block_seed_1200057.yaml,1200057,easy,double_block,2,14,4,18,True,4.8286,5.8627,1.2142,2.276798,-1.634911,2.59461,-1.463351,1.418983,dense_validation
validation,/root/leo_ws/src/leo_pybullet/worlds/benchmark_v4_hard/validation/world_medium_direct_block_seed_400058.yaml,400058,medium,direct_block,1,8,4,12,True,4.837,5.9153,1.2229,1.581153,0.662891,2.650267,-2.358388,3.469433,original_hard_validation
validation,/root/leo_ws/results/comparison_benchmarks/benchmark_v10_dense_001/validation/world_medium_direct_block_seed_1200058.yaml,1200058,medium,direct_block,1,18,4,22,True,6.847,7.7416,1.1307,-1.365245,-2.965439,1.451824,-0.616991,3.840547,dense_validation
validation,/root/leo_ws/src/leo_pybullet/worlds/benchmark_v4_hard/validation/world_hard_clear_seed_400059.yaml,400059,hard,clear,0,10,4,14,False,6.1932,6.3725,1.029,1.971862,2.334952,-1.44985,2.314829,-3.848695,original_hard_validation
validation,/root/leo_ws/results/comparison_benchmarks/benchmark_v10_dense_001/validation/world_hard_clear_seed_1200059.yaml,1200059,hard,clear,0,18,4,22,False,5.9711,6.1988,1.0381,-2.974562,1.775903,-0.133381,2.980211,1.335054,dense_validation
validation,/root/leo_ws/src/leo_pybullet/worlds/benchmark_v4_hard/validation/world_easy_double_block_seed_400060.yaml,400060,easy,double_block,2,5,4,9,True,5.5721,6.7233,1.2066,-3.816446,3.901607,-1.210858,-1.278418,-1.058939,original_hard_validation
validation,/root/leo_ws/src/leo_pybullet/worlds/benchmark_v4_hard/validation/world_medium_double_block_seed_400061.yaml,400061,medium,double_block,2,7,4,11,True,6.5396,7.9427,1.2146,-3.486845,2.734553,-1.128548,-0.427543,-3.045287,original_hard_validation
validation,/root/leo_ws/src/leo_pybullet/worlds/benchmark_v4_hard/validation/world_hard_direct_block_seed_400062.yaml,400062,hard,direct_block,1,10,4,14,True,4.7393,5.5153,1.1637,-1.073194,0.313465,-0.143432,3.662684,0.132468,original_hard_validation
validation,/root/leo_ws/src/leo_pybullet/worlds/benchmark_v4_hard/validation/world_easy_clear_seed_400063.yaml,400063,easy,clear,0,4,4,8,False,6.6222,6.9369,1.0475,1.799256,-1.13756,2.383619,-3.497966,2.836417,original_hard_validation
validation,/root/leo_ws/src/leo_pybullet/worlds/benchmark_v4_hard/validation/world_medium_double_block_seed_400064.yaml,400064,medium,double_block,2,8,4,12,True,7.0263,7.9541,1.132,3.411172,0.454761,3.123401,-3.585879,1.095464,original_hard_validation
validation,/root/leo_ws/src/leo_pybullet/worlds/benchmark_v4_hard/validation/world_hard_double_block_seed_400065.yaml,400065,hard,double_block,2,13,4,17,True,5.9282,8.6216,1.4543,-1.684841,2.437916,-1.150097,0.058965,-3.227991,original_hard_validation
validation,/root/leo_ws/src/leo_pybullet/worlds/benchmark_v4_hard/validation/world_easy_direct_block_seed_400066.yaml,400066,easy,direct_block,1,5,4,9,True,5.011,6.0696,1.2113,-0.536169,1.039205,-0.813822,2.551676,-2.907295,original_hard_validation
validation,/root/leo_ws/src/leo_pybullet/worlds/benchmark_v4_hard/validation/world_medium_clear_seed_400067.yaml,400067,medium,clear,0,9,4,13,False,5.3919,5.7302,1.0627,3.035252,0.341217,-3.023401,-2.210089,-0.907397,original_hard_validation
validation,/root/leo_ws/src/leo_pybullet/worlds/benchmark_v4_hard/validation/world_hard_double_block_seed_400068.yaml,400068,hard,double_block,2,13,4,17,True,4.7636,7.7827,1.6338,0.173491,-1.542408,2.197265,-3.066586,1.949501,original_hard_validation
validation,/root/leo_ws/src/leo_pybullet/worlds/benchmark_v4_hard/validation/world_easy_double_block_seed_400069.yaml,400069,easy,double_block,2,4,4,8,True,4.7478,5.9508,1.2534,-0.452378,3.946388,-0.895182,2.000997,-0.11842,original_hard_validation
validation,/root/leo_ws/src/leo_pybullet/worlds/benchmark_v4_hard/validation/world_medium_direct_block_seed_400070.yaml,400070,medium,direct_block,1,7,4,11,True,5.0273,6.1027,1.2139,-1.384733,-2.147299,0.139272,3.641393,-2.040793,original_hard_validation
validation,/root/leo_ws/src/leo_pybullet/worlds/benchmark_v4_hard/validation/world_hard_clear_seed_400071.yaml,400071,hard,clear,0,14,4,18,False,4.6,4.8914,1.0633,-1.570474,1.731848,-0.068087,2.963682,0.956362,original_hard_validation
validation,/root/leo_ws/src/leo_pybullet/worlds/benchmark_v4_hard/validation/world_easy_double_block_seed_400072.yaml,400072,easy,double_block,2,3,4,7,True,8.1864,9.0741,1.1084,4.157417,3.444783,-3.042577,-3.973418,2.492806,original_hard_validation
validation,/root/leo_ws/src/leo_pybullet/worlds/benchmark_v4_hard/validation/world_medium_double_block_seed_400073.yaml,400073,medium,double_block,2,8,4,12,True,4.5974,6.089,1.3244,-0.706311,-1.22178,2.294589,-3.548005,2.392251,original_hard_validation
validation,/root/leo_ws/src/leo_pybullet/worlds/benchmark_v4_hard/validation/world_hard_direct_block_seed_400074.yaml,400074,hard,direct_block,1,12,4,16,True,5.3318,6.249,1.172,3.356735,-3.22927,1.893794,1.209089,1.650868,original_hard_validation
validation,/root/leo_ws/src/leo_pybullet/worlds/benchmark_v4_hard/validation/world_easy_clear_seed_400075.yaml,400075,easy,clear,0,5,4,9,False,5.7678,5.9451,1.0307,4.156669,2.386439,3.036736,-1.575476,3.027089,original_hard_validation
validation,/root/leo_ws/src/leo_pybullet/worlds/benchmark_v4_hard/validation/world_medium_double_block_seed_400076.yaml,400076,medium,double_block,2,8,4,12,True,4.7983,6.0422,1.2592,2.603594,-1.665452,1.648808,1.574701,3.021209,original_hard_validation
validation,/root/leo_ws/src/leo_pybullet/worlds/benchmark_v4_hard/validation/world_hard_double_block_seed_400077.yaml,400077,hard,double_block,2,13,4,17,True,5.3917,7.1039,1.3176,-4.061689,1.229676,-0.822256,-0.426088,-2.751847,original_hard_validation
validation,/root/leo_ws/src/leo_pybullet/worlds/benchmark_v4_hard/validation/world_easy_direct_block_seed_400078.yaml,400078,easy,direct_block,1,5,4,9,True,7.1689,8.3129,1.1596,4.179104,-3.865409,2.233992,-0.06215,1.914264,original_hard_validation
validation,/root/leo_ws/src/leo_pybullet/worlds/benchmark_v4_hard/validation/world_medium_clear_seed_400079.yaml,400079,medium,clear,0,9,4,13,False,8.6494,9.4192,1.089,3.939239,-1.007466,-2.660252,-4.166854,-4.024566,original_hard_validation
validation,/root/leo_ws/src/leo_pybullet/worlds/benchmark_v4_hard/validation/world_hard_double_block_seed_400080.yaml,400080,hard,double_block,2,12,4,16,True,4.9232,6.5278,1.3259,1.994639,1.580219,-1.796908,1.150376,-3.270048,original_hard_validation
validation,/root/leo_ws/src/leo_pybullet/worlds/benchmark_v4_hard/validation/world_easy_double_block_seed_400081.yaml,400081,easy,double_block,2,5,4,9,True,5.0881,6.249,1.2282,-3.674114,1.678284,-0.12459,1.294306,0.58105,original_hard_validation
validation,/root/leo_ws/src/leo_pybullet/worlds/benchmark_v4_hard/validation/world_medium_direct_block_seed_400082.yaml,400082,medium,direct_block,1,8,4,12,True,4.9087,5.841,1.1899,3.251738,1.854959,-1.792903,1.843271,-2.84738,original_hard_validation
validation,/root/leo_ws/src/leo_pybullet/worlds/benchmark_v4_hard/validation/world_hard_clear_seed_400083.yaml,400083,hard,clear,0,13,4,17,False,4.6865,5.0078,1.0686,0.842463,-1.128791,-2.754636,-3.267592,-3.380596,original_hard_validation
validation,/root/leo_ws/src/leo_pybullet/worlds/benchmark_v4_hard/validation/world_easy_double_block_seed_400084.yaml,400084,easy,double_block,2,5,4,9,True,4.7542,6.0171,1.2656,1.136237,-3.845483,2.336026,-2.587207,-0.889339,original_hard_validation
validation,/root/leo_ws/src/leo_pybullet/worlds/benchmark_v4_hard/validation/world_medium_double_block_seed_400085.yaml,400085,medium,double_block,2,9,4,13,True,6.4134,7.2753,1.1344,-2.897301,2.145091,-1.763716,-3.716321,-4.215829,original_hard_validation
validation,/root/leo_ws/src/leo_pybullet/worlds/benchmark_v4_hard/validation/world_hard_direct_block_seed_400086.yaml,400086,hard,direct_block,1,14,4,18,True,7.0178,9.0376,1.2878,1.061227,3.409725,-2.214893,-2.543958,-2.611209,original_hard_validation
validation,/root/leo_ws/src/leo_pybullet/worlds/benchmark_v4_hard/validation/world_easy_clear_seed_400087.yaml,400087,easy,clear,0,5,4,9,False,4.7238,4.7531,1.0062,-2.363826,0.477334,0.066497,2.358105,0.345423,original_hard_validation
validation,/root/leo_ws/src/leo_pybullet/worlds/benchmark_v4_hard/validation/world_medium_double_block_seed_400088.yaml,400088,medium,double_block,2,6,4,10,True,8.4428,9.5735,1.1339,-1.791394,3.915025,-1.254972,0.610598,-4.178832,original_hard_validation
validation,/root/leo_ws/src/leo_pybullet/worlds/benchmark_v4_hard/validation/world_hard_double_block_seed_400089.yaml,400089,hard,double_block,2,10,4,14,True,5.4139,6.7816,1.2526,-4.206322,2.816364,-1.024584,-0.783469,-1.378226,original_hard_validation
