split,world_file,seed,difficulty,scenario,structured_blocker_count,random_obstacle_count,boundary_wall_count,total_box_count,direct_path_blocked,straight_distance_m,astar_path_length_m,path_stretch_ratio,start_x,start_y,start_yaw,goal_x,goal_y
train,/root/leo_ws/src/leo_pybullet/worlds/benchmark_v4_hard/train/world_easy_double_block_seed_300000.yaml,300000,easy,double_block,2,5,4,9,True,4.7329,5.9096,1.2486,-2.117236,-0.94813,-0.407975,2.136289,-3.023757
train,/root/leo_ws/src/leo_pybullet/worlds/benchmark_v4_hard/train/world_medium_double_block_seed_300001.yaml,300001,medium,double_block,2,8,4,12,True,6.8594,8.6031,1.2542,3.7686,-3.520276,1.520223,3.464521,3.332377
train,/root/leo_ws/src/leo_pybullet/worlds/benchmark_v4_hard/train/world_hard_direct_block_seed_300002.yaml,300002,hard,direct_block,1,13,4,17,True,6.8624,9.2488,1.3478,2.902352,-0.636278,2.835087,-3.725977,1.140693
train,/root/leo_ws/src/leo_pybullet/worlds/benchmark_v4_hard/train/world_easy_clear_seed_300003.yaml,300003,easy,clear,0,5,4,9,False,4.7772,4.8331,1.0117,-2.376321,-2.530055,1.67044,-2.439297,2.246753
train,/root/leo_ws/src/leo_pybullet/worlds/benchmark_v4_hard/train/world_medium_double_block_seed_300004.yaml,300004,medium,double_block,2,7,4,11,True,4.6439,5.9976,1.2915,-0.76159,0.310336,0.868773,2.671955,3.437047
train,/root/leo_ws/src/leo_pybullet/worlds/benchmark_v4_hard/train/world_hard_double_block_seed_300005.yaml,300005,hard,double_block,2,10,4,14,True,5.4953,7.281,1.325,0.372493,-4.108539,2.274237,-2.809325,0.371876
train,/root/leo_ws/src/leo_pybullet/worlds/benchmark_v4_hard/train/world_easy_direct_block_seed_300006.yaml,300006,easy,direct_block,1,5,4,9,True,5.2889,5.929,1.121,1.948213,-1.528555,1.247454,3.109686,3.631191
train,/root/leo_ws/src/leo_pybullet/worlds/benchmark_v4_hard/train/world_medium_clear_seed_300007.yaml,300007,medium,clear,0,7,4,11,False,5.4294,5.4731,1.0081,-3.990625,-1.587321,1.496425,-4.008752,3.842022
train,/root/leo_ws/src/leo_pybullet/worlds/benchmark_v4_hard/train/world_hard_double_block_seed_300008.yaml,300008,hard,double_block,2,12,4,16,True,5.6887,7.0651,1.242,1.457265,-1.605115,1.302586,3.044504,3.857637
train,/root/leo_ws/src/leo_pybullet/worlds/benchmark_v4_hard/train/world_easy_double_block_seed_300009.yaml,300009,easy,double_block,2,4,4,8,True,4.8564,6.0639,1.2486,1.018159,4.113386,-2.569224,-3.012815,1.404847
train,/root/leo_ws/src/leo_pybullet/worlds/benchmark_v4_hard/train/world_medium_direct_block_seed_300010.yaml,300010,medium,direct_block,1,6,4,10,True,4.6291,5.7302,1.2379,-0.204988,-0.073494,2.354151,-3.832725,2.801972
train,/root/leo_ws/src/leo_pybullet/worlds/benchmark_v4_hard/train/world_hard_clear_seed_300011.yaml,300011,hard,clear,0,14,4,18,False,4.9068,4.88,0.9945,-3.188002,2.691978,-1.574961,-3.146374,-2.214628
train,/root/leo_ws/src/leo_pybullet/worlds/benchmark_v4_hard/train/world_easy_double_block_seed_300012.yaml,300012,easy,double_block,2,5,4,9,True,6.1369,7.2947,1.1887,-3.173361,-3.90972,0.722001,1.561122,-0.00506
train,/root/leo_ws/src/leo_pybullet/worlds/benchmark_v4_hard/train/world_medium_double_block_seed_300013.yaml,300013,medium,double_block,2,6,4,10,True,5.2573,6.4914,1.2347,-1.963352,0.879017,-1.177049,-0.245607,-4.089718
train,/root/leo_ws/src/leo_pybullet/worlds/benchmark_v4_hard/train/world_hard_direct_block_seed_300014.yaml,300014,hard,direct_block,1,12,4,16,True,6.1969,7.8239,1.2626,-1.483921,-3.582866,1.75184,-2.614877,2.509943
train,/root/leo_ws/src/leo_pybullet/worlds/benchmark_v4_hard/train/world_easy_clear_seed_300015.yaml,300015,easy,clear,0,5,4,9,False,5.4496,5.8798,1.0789,1.050833,-2.880979,1.147524,3.897318,1.766115
train,/root/leo_ws/src/leo_pybullet/worlds/benchmark_v4_hard/train/world_medium_double_block_seed_300016.yaml,300016,medium,double_block,2,8,4,12,True,5.2991,6.6878,1.2621,4.023159,1.934829,-2.03571,1.573176,-2.763879
train,/root/leo_ws/src/leo_pybullet/worlds/benchmark_v4_hard/train/world_hard_double_block_seed_300017.yaml,300017,hard,double_block,2,10,4,14,True,5.3616,6.712,1.2518,2.808877,-1.111764,2.849212,-2.206812,0.783005
train,/root/leo_ws/src/leo_pybullet/worlds/benchmark_v4_hard/train/world_easy_direct_block_seed_300018.yaml,300018,easy,direct_block,1,5,4,9,True,7.5415,8.2159,1.0894,3.778035,-3.244353,-3.00282,-3.731559,-3.936933
train,/root/leo_ws/src/leo_pybullet/worlds/benchmark_v4_hard/train/world_medium_clear_seed_300019.yaml,300019,medium,clear,0,8,4,12,False,5.787,5.76,0.9953,1.508358,-3.41878,1.510614,1.496662,2.368237
train,/root/leo_ws/src/leo_pybullet/worlds/benchmark_v4_hard/train/world_hard_double_block_seed_300020.yaml,300020,hard,double_block,2,12,4,16,True,6.8778,8.1804,1.1894,-1.960542,-1.085359,0.629666,3.186043,3.477221
train,/root/leo_ws/src/leo_pybullet/worlds/benchmark_v4_hard/train/world_easy_double_block_seed_300021.yaml,300021,easy,double_block,2,3,4,7,True,5.1282,6.0147,1.1729,-2.358139,2.013838,-1.401202,-1.920463,-3.095607
train,/root/leo_ws/src/leo_pybullet/worlds/benchmark_v4_hard/train/world_medium_direct_block_seed_300022.yaml,300022,medium,direct_block,1,8,4,12,True,5.1638,6.0616,1.1739,2.508647,3.688128,-3.135401,-2.653258,3.548787
train,/root/leo_ws/src/leo_pybullet/worlds/benchmark_v4_hard/train/world_hard_clear_seed_300023.yaml,300023,hard,clear,0,10,4,14,False,5.3887,5.8604,1.0875,1.62066,-0.97773,-2.598925,-3.124119,-3.532143
train,/root/leo_ws/src/leo_pybullet/worlds/benchmark_v4_hard/train/world_easy_double_block_seed_300024.yaml,300024,easy,double_block,2,5,4,9,True,8.2045,9.0798,1.1067,-0.892852,4.050463,-1.872915,-4.0108,-3.538463
train,/root/leo_ws/src/leo_pybullet/worlds/benchmark_v4_hard/train/world_medium_double_block_seed_300025.yaml,300025,medium,double_block,2,9,4,13,True,6.4071,7.3472,1.1467,2.436438,-2.7551,-3.134501,-3.911782,-3.62189
train,/root/leo_ws/src/leo_pybullet/worlds/benchmark_v4_hard/train/world_hard_direct_block_seed_300026.yaml,300026,hard,direct_block,1,12,4,16,True,6.4981,9.1025,1.4008,1.687163,-4.182527,1.98101,-1.033548,1.718623
train,/root/leo_ws/src/leo_pybullet/worlds/benchmark_v4_hard/train/world_easy_clear_seed_300027.yaml,300027,easy,clear,0,5,4,9,False,5.9484,6.1643,1.0363,3.471245,4.222501,-2.505389,-1.157056,0.485919
train,/root/leo_ws/src/leo_pybullet/worlds/benchmark_v4_hard/train/world_medium_double_block_seed_300028.yaml,300028,medium,double_block,2,7,4,11,True,7.9474,8.9643,1.128,-1.410634,2.478793,-0.816045,3.495932,-3.773114
train,/root/leo_ws/src/leo_pybullet/worlds/benchmark_v4_hard/train/world_hard_double_block_seed_300029.yaml,300029,hard,double_block,2,14,4,18,True,5.1819,8.2902,1.5998,-1.060901,2.550226,-1.227911,0.67107,-2.333685
train,/root/leo_ws/src/leo_pybullet/worlds/benchmark_v4_hard/train/world_easy_direct_block_seed_300030.yaml,300030,easy,direct_block,1,3,4,7,True,5.7427,6.3541,1.1065,3.987129,-4.062492,1.911957,2.060799,1.347446
train,/root/leo_ws/src/leo_pybullet/worlds/benchmark_v4_hard/train/world_medium_clear_seed_300031.yaml,300031,medium,clear,0,8,4,12,False,6.652,7.0627,1.0618,3.183729,-3.544146,2.787507,-3.275073,-1.95278
train,/root/leo_ws/src/leo_pybullet/worlds/benchmark_v4_hard/train/world_hard_double_block_seed_300032.yaml,300032,hard,double_block,2,10,4,14,True,5.522,6.9714,1.2625,-1.986578,-2.008566,0.536108,2.973868,0.417735
train,/root/leo_ws/src/leo_pybullet/worlds/benchmark_v4_hard/train/world_easy_double_block_seed_300033.yaml,300033,easy,double_block,2,3,4,7,True,4.5455,5.6308,1.2388,0.436304,0.294776,-1.896536,-1.058901,-3.997745
train,/root/leo_ws/src/leo_pybullet/worlds/benchmark_v4_hard/train/world_medium_direct_block_seed_300034.yaml,300034,medium,direct_block,1,7,4,11,True,5.3321,6.249,1.172,-3.400599,1.16511,-1.066889,-0.796985,-3.488118
train,/root/leo_ws/src/leo_pybullet/worlds/benchmark_v4_hard/train/world_hard_clear_seed_300035.yaml,300035,hard,clear,0,13,4,17,False,6.2955,6.7792,1.0768,4.095613,-0.200397,-2.614698,-1.413405,-3.247277
train,/root/leo_ws/src/leo_pybullet/worlds/benchmark_v4_hard/train/world_easy_double_block_seed_300036.yaml,300036,easy,double_block,2,3,4,7,True,7.6249,8.5312,1.1189,3.586043,-0.814897,2.590871,-2.514003,3.759896
train,/root/leo_ws/src/leo_pybullet/worlds/benchmark_v4_hard/train/world_medium_double_block_seed_300037.yaml,300037,medium,double_block,2,8,4,12,True,6.2992,7.6535,1.215,-3.600502,3.222485,-0.535202,1.975346,0.291676
train,/root/leo_ws/src/leo_pybullet/worlds/benchmark_v4_hard/train/world_hard_direct_block_seed_300038.yaml,300038,hard,direct_block,1,10,4,14,True,7.6307,9.2318,1.2098,0.834868,3.973613,-1.629526,-0.663242,-3.508577
train,/root/leo_ws/src/leo_pybullet/worlds/benchmark_v4_hard/train/world_easy_clear_seed_300039.yaml,300039,easy,clear,0,3,4,7,False,5.1183,5.5153,1.0776,2.229549,-3.584939,1.834913,0.311377,1.16028
train,/root/leo_ws/src/leo_pybullet/worlds/benchmark_v4_hard/train/world_medium_double_block_seed_300040.yaml,300040,medium,double_block,2,9,4,13,True,8.9178,10.1586,1.1391,4.094061,1.742832,-2.777481,-3.731806,-2.53301
train,/root/leo_ws/src/leo_pybullet/worlds/benchmark_v4_hard/train/world_hard_double_block_seed_300041.yaml,300041,hard,double_block,2,14,4,18,True,4.9346,6.5439,1.3261,-1.502138,-1.940295,0.210878,3.237448,-0.566677
train,/root/leo_ws/src/leo_pybullet/worlds/benchmark_v4_hard/train/world_easy_direct_block_seed_300042.yaml,300042,easy,direct_block,1,3,4,7,True,7.3259,7.9541,1.0858,-3.038621,-3.569561,0.430416,3.824323,-1.006692
train,/root/leo_ws/src/leo_pybullet/worlds/benchmark_v4_hard/train/world_medium_clear_seed_300043.yaml,300043,medium,clear,0,7,4,11,False,7.0235,7.192,1.024,-1.775045,-3.675418,1.61821,-2.332722,3.325905
train,/root/leo_ws/src/leo_pybullet/worlds/benchmark_v4_hard/train/world_hard_double_block_seed_300044.yaml,300044,hard,double_block,2,14,4,18,True,5.031,6.6627,1.3243,3.541367,1.347357,-1.871635,2.686285,-3.610421
train,/root/leo_ws/src/leo_pybullet/worlds/benchmark_v4_hard/train/world_easy_double_block_seed_300045.yaml,300045,easy,double_block,2,5,4,9,True,5.2845,6.2684,1.1862,-0.802667,3.190272,-0.627614,3.657827,0.356596
train,/root/leo_ws/src/leo_pybullet/worlds/benchmark_v4_hard/train/world_medium_direct_block_seed_300046.yaml,300046,medium,direct_block,1,9,4,13,True,5.4011,6.2547,1.158,1.983699,2.431363,-3.026859,-3.371171,1.725961
train,/root/leo_ws/src/leo_pybullet/worlds/benchmark_v4_hard/train/world_hard_clear_seed_300047.yaml,300047,hard,clear,0,14,4,18,False,5.2531,5.4651,1.0404,-2.49379,0.446594,0.189514,2.717432,1.108552
train,/root/leo_ws/src/leo_pybullet/worlds/benchmark_v4_hard/train/world_easy_double_block_seed_300048.yaml,300048,easy,double_block,2,5,4,9,True,4.9611,6.1884,1.2474,-1.12105,-0.61389,0.358905,3.497192,1.198462
train,/root/leo_ws/src/leo_pybullet/worlds/benchmark_v4_hard/train/world_medium_double_block_seed_300049.yaml,300049,medium,double_block,2,8,4,12,True,4.7792,6.7735,1.4173,0.935965,2.795232,-1.402978,1.170654,-1.978176
train,/root/leo_ws/src/leo_pybullet/worlds/benchmark_v4_hard/train/world_hard_direct_block_seed_300050.yaml,300050,hard,direct_block,1,10,4,14,True,5.5478,6.7622,1.2189,2.177548,-1.315827,2.533731,-2.092127,2.226546
train,/root/leo_ws/src/leo_pybullet/worlds/benchmark_v4_hard/train/world_easy_clear_seed_300051.yaml,300051,easy,clear,0,4,4,8,False,7.8556,8.4227,1.0722,-1.029683,-3.930977,1.478792,0.564592,3.761153
train,/root/leo_ws/src/leo_pybullet/worlds/benchmark_v4_hard/train/world_medium_double_block_seed_300052.yaml,300052,medium,double_block,2,8,4,12,True,5.9947,8.1884,1.3659,3.114891,3.649562,-3.074782,-2.878421,3.521524
train,/root/leo_ws/src/leo_pybullet/worlds/benchmark_v4_hard/train/world_hard_double_block_seed_300053.yaml,300053,hard,double_block,2,11,4,15,True,7.4349,8.7759,1.1804,-2.306043,3.864686,-1.21197,0.385045,-3.066089
train,/root/leo_ws/src/leo_pybullet/worlds/benchmark_v4_hard/train/world_easy_direct_block_seed_300054.yaml,300054,easy,direct_block,1,3,4,7,True,6.0868,6.7872,1.1151,2.031415,0.306681,2.641012,-3.368701,3.11524
train,/root/leo_ws/src/leo_pybullet/worlds/benchmark_v4_hard/train/world_medium_clear_seed_300055.yaml,300055,medium,clear,0,9,4,13,False,4.9372,5.0523,1.0233,-2.520326,2.794128,-0.751506,0.608838,-1.024865
train,/root/leo_ws/src/leo_pybullet/worlds/benchmark_v4_hard/train/world_hard_double_block_seed_300056.yaml,300056,hard,double_block,2,12,4,16,True,5.9035,7.6227,1.2912,-1.630143,4.243983,-1.809857,-3.266632,-1.42817
train,/root/leo_ws/src/leo_pybullet/worlds/benchmark_v4_hard/train/world_easy_double_block_seed_300057.yaml,300057,easy,double_block,2,4,4,8,True,7.1953,8.1061,1.1266,-2.194952,-4.209897,0.575714,4.08769,-0.702731
train,/root/leo_ws/src/leo_pybullet/worlds/benchmark_v4_hard/train/world_medium_direct_block_seed_300058.yaml,300058,medium,direct_block,1,6,4,10,True,5.0637,5.8216,1.1497,3.455348,2.759347,-1.829334,2.506817,-2.214697
train,/root/leo_ws/src/leo_pybullet/worlds/benchmark_v4_hard/train/world_hard_clear_seed_300059.yaml,300059,hard,clear,0,12,4,16,False,7.4437,7.672,1.0307,-3.606259,-4.085598,0.033189,3.820439,-3.583241
train,/root/leo_ws/src/leo_pybullet/worlds/benchmark_v4_hard/train/world_easy_double_block_seed_300060.yaml,300060,easy,double_block,2,4,4,8,True,6.5763,7.6398,1.1617,1.595191,-2.577262,2.274719,-2.967035,2.159114
train,/root/leo_ws/src/leo_pybullet/worlds/benchmark_v4_hard/train/world_medium_double_block_seed_300061.yaml,300061,medium,double_block,2,6,4,10,True,4.7669,6.2765,1.3167,3.805869,3.36133,-1.561784,4.044949,-1.399561
train,/root/leo_ws/src/leo_pybullet/worlds/benchmark_v4_hard/train/world_hard_direct_block_seed_300062.yaml,300062,hard,direct_block,1,14,4,18,True,6.8367,8.1998,1.1994,3.226089,-2.455293,3.035823,-3.464815,-1.050806
train,/root/leo_ws/src/leo_pybullet/worlds/benchmark_v4_hard/train/world_easy_clear_seed_300063.yaml,300063,easy,clear,0,5,4,9,False,6.3429,6.7953,1.0713,1.665696,-3.110964,1.270275,3.57796,2.936814
train,/root/leo_ws/src/leo_pybullet/worlds/benchmark_v4_hard/train/world_medium_double_block_seed_300064.yaml,300064,medium,double_block,2,6,4,10,True,6.5405,7.9371,1.2135,-1.963248,-3.677975,1.224573,0.773765,2.262341
train,/root/leo_ws/src/leo_pybullet/worlds/benchmark_v4_hard/train/world_hard_double_block_seed_300065.yaml,300065,hard,double_block,2,14,4,18,True,6.6333,8.3096,1.2527,-3.589928,-2.524051,0.652105,1.813146,1.323968
train,/root/leo_ws/src/leo_pybullet/worlds/benchmark_v4_hard/train/world_easy_direct_block_seed_300066.yaml,300066,easy,direct_block,1,5,4,9,True,7.0173,7.689,1.0957,1.626192,-4.165543,1.379986,2.593615,2.784766
train,/root/leo_ws/src/leo_pybullet/worlds/benchmark_v4_hard/train/world_medium_clear_seed_300067.yaml,300067,medium,clear,0,7,4,11,False,5.3752,5.3974,1.0041,1.915596,0.264267,2.347427,-1.936107,4.013569
train,/root/leo_ws/src/leo_pybullet/worlds/benchmark_v4_hard/train/world_hard_double_block_seed_300068.yaml,300068,hard,double_block,2,14,4,18,True,5.9083,8.0284,1.3588,-0.219232,-3.842323,1.253962,1.822653,1.701971
train,/root/leo_ws/src/leo_pybullet/worlds/benchmark_v4_hard/train/world_easy_double_block_seed_300069.yaml,300069,easy,double_block,2,5,4,9,True,5.6562,6.641,1.1741,3.950011,2.513994,-2.142614,1.305072,-2.485675
train,/root/leo_ws/src/leo_pybullet/worlds/benchmark_v4_hard/train/world_medium_direct_block_seed_300070.yaml,300070,medium,direct_block,1,7,4,11,True,4.9267,6.1439,1.2471,-1.9541,1.352918,0.652006,2.205829,3.992411
train,/root/leo_ws/src/leo_pybullet/worlds/benchmark_v4_hard/train/world_hard_clear_seed_300071.yaml,300071,hard,clear,0,13,4,17,False,4.6605,4.9633,1.065,3.433915,-1.963352,2.860535,-1.013901,-0.571525
train,/root/leo_ws/src/leo_pybullet/worlds/benchmark_v4_hard/train/world_easy_double_block_seed_300072.yaml,300072,easy,double_block,2,5,4,9,True,7.7365,8.641,1.1169,3.638407,4.015117,-2.710385,-3.613288,1.319472
train,/root/leo_ws/src/leo_pybullet/worlds/benchmark_v4_hard/train/world_medium_double_block_seed_300073.yaml,300073,medium,double_block,2,8,4,12,True,5.8222,7.1622,1.2301,-0.384273,3.28942,-0.763686,3.781939,-0.777667
train,/root/leo_ws/src/leo_pybullet/worlds/benchmark_v4_hard/train/world_hard_direct_block_seed_300074.yaml,300074,hard,direct_block,1,11,4,15,True,4.9337,6.6902,1.356,4.098706,-1.829141,2.550945,0.302958,1.322619
train,/root/leo_ws/src/leo_pybullet/worlds/benchmark_v4_hard/train/world_easy_clear_seed_300075.yaml,300075,easy,clear,0,5,4,9,False,6.4109,6.7243,1.0489,4.196825,-0.403368,-2.413252,-1.032101,-4.112565
train,/root/leo_ws/src/leo_pybullet/worlds/benchmark_v4_hard/train/world_medium_double_block_seed_300076.yaml,300076,medium,double_block,2,6,4,10,True,6.582,7.4353,1.1296,4.155262,1.374126,-3.124529,-2.413219,1.796378
train,/root/leo_ws/src/leo_pybullet/worlds/benchmark_v4_hard/train/world_hard_double_block_seed_300077.yaml,300077,hard,double_block,2,12,4,16,True,4.6511,6.5027,1.3981,-2.463709,2.378015,-1.77945,-3.384729,-2.180983
train,/root/leo_ws/src/leo_pybullet/worlds/benchmark_v4_hard/train/world_easy_direct_block_seed_300078.yaml,300078,easy,direct_block,1,3,4,7,True,7.8239,8.7906,1.1236,2.630967,3.933128,-2.56433,-3.370238,-1.086772
train,/root/leo_ws/src/leo_pybullet/worlds/benchmark_v4_hard/train/world_medium_clear_seed_300079.yaml,300079,medium,clear,0,9,4,13,False,6.6129,7.0992,1.0735,2.557323,2.507184,-2.085114,-0.523428,-3.344252
train,/root/leo_ws/src/leo_pybullet/worlds/benchmark_v4_hard/train/world_hard_double_block_seed_300080.yaml,300080,hard,double_block,2,11,4,15,True,5.2739,6.6935,1.2692,3.284973,-2.121477,1.951863,1.7073,2.910959
train,/root/leo_ws/src/leo_pybullet/worlds/benchmark_v4_hard/train/world_easy_double_block_seed_300081.yaml,300081,easy,double_block,2,4,4,8,True,6.3823,7.2502,1.136,4.17009,1.860809,2.945227,-1.933059,3.727606
train,/root/leo_ws/src/leo_pybullet/worlds/benchmark_v4_hard/train/world_medium_direct_block_seed_300082.yaml,300082,medium,direct_block,1,8,4,12,True,5.6828,6.4478,1.1346,-0.510597,3.563425,-1.809948,-1.816752,-1.967238
train,/root/leo_ws/src/leo_pybullet/worlds/benchmark_v4_hard/train/world_hard_clear_seed_300083.yaml,300083,hard,clear,0,10,4,14,False,4.7043,4.8857,1.0386,0.851091,4.08972,-1.801495,0.41608,-0.594457
train,/root/leo_ws/src/leo_pybullet/worlds/benchmark_v4_hard/train/world_easy_double_block_seed_300084.yaml,300084,easy,double_block,2,5,4,9,True,4.5904,6.0559,1.3192,3.785942,-3.666887,1.765292,2.353544,0.694331
train,/root/leo_ws/src/leo_pybullet/worlds/benchmark_v4_hard/train/world_medium_double_block_seed_300085.yaml,300085,medium,double_block,2,7,4,11,True,5.6257,7.6261,1.3556,3.106055,-0.482938,2.976326,-2.355746,0.865207
train,/root/leo_ws/src/leo_pybullet/worlds/benchmark_v4_hard/train/world_hard_direct_block_seed_300086.yaml,300086,hard,direct_block,1,14,4,18,True,7.6503,8.9861,1.1746,-2.955551,1.304524,-0.763291,2.917755,-3.59771
train,/root/leo_ws/src/leo_pybullet/worlds/benchmark_v4_hard/train/world_easy_clear_seed_300087.yaml,300087,easy,clear,0,3,4,7,False,5.9733,6.4261,1.0758,0.299546,-3.016865,1.025797,3.230447,2.187918
train,/root/leo_ws/src/leo_pybullet/worlds/benchmark_v4_hard/train/world_medium_double_block_seed_300088.yaml,300088,medium,double_block,2,9,4,13,True,4.5989,5.8925,1.2813,3.335837,-0.614888,2.022429,1.602172,3.644733
train,/root/leo_ws/src/leo_pybullet/worlds/benchmark_v4_hard/train/world_hard_double_block_seed_300089.yaml,300089,hard,double_block,2,10,4,14,True,4.504,5.8651,1.3022,0.505766,-1.02654,2.791374,-3.631733,0.753188
train,/root/leo_ws/src/leo_pybullet/worlds/benchmark_v4_hard/train/world_easy_direct_block_seed_300090.yaml,300090,easy,direct_block,1,5,4,9,True,6.9943,7.5792,1.0836,1.28131,-2.969247,1.894264,-1.753112,3.332519
train,/root/leo_ws/src/leo_pybullet/worlds/benchmark_v4_hard/train/world_medium_clear_seed_300091.yaml,300091,medium,clear,0,9,4,13,False,7.7691,8.2296,1.0593,4.227869,-1.726539,2.858278,-3.383402,-0.168644
train,/root/leo_ws/src/leo_pybullet/worlds/benchmark_v4_hard/train/world_hard_double_block_seed_300092.yaml,300092,hard,double_block,2,11,4,15,True,4.5353,10.0341,2.2125,2.405601,4.167901,-1.60232,1.932252,-0.342622
train,/root/leo_ws/src/leo_pybullet/worlds/benchmark_v4_hard/train/world_easy_double_block_seed_300093.yaml,300093,easy,double_block,2,5,4,9,True,4.7948,5.9508,1.2411,-3.615083,-0.606543,1.093115,-1.236721,3.556865
train,/root/leo_ws/src/leo_pybullet/worlds/benchmark_v4_hard/train/world_medium_direct_block_seed_300094.yaml,300094,medium,direct_block,1,9,4,13,True,6.6434,7.9186,1.1919,-3.258769,2.682181,0.129422,3.268026,3.921574
train,/root/leo_ws/src/leo_pybullet/worlds/benchmark_v4_hard/train/world_hard_clear_seed_300095.yaml,300095,hard,clear,0,10,4,14,False,4.9531,5.1782,1.0455,-1.212551,2.431262,-1.419829,-0.536529,-2.475499
train,/root/leo_ws/src/leo_pybullet/worlds/benchmark_v4_hard/train/world_easy_double_block_seed_300096.yaml,300096,easy,double_block,2,4,4,8,True,5.3686,6.4696,1.2051,0.576816,2.190716,-2.001398,-1.380881,-2.808204
train,/root/leo_ws/src/leo_pybullet/worlds/benchmark_v4_hard/train/world_medium_double_block_seed_300097.yaml,300097,medium,double_block,2,7,4,11,True,4.5331,8.9771,1.9803,-4.024735,-3.218049,1.433895,-3.56849,1.292012
train,/root/leo_ws/src/leo_pybullet/worlds/benchmark_v4_hard/train/world_hard_direct_block_seed_300098.yaml,300098,hard,direct_block,1,13,4,17,True,5.2238,6.4971,1.2437,-2.45126,-2.139854,0.103157,2.75574,-1.72121
train,/root/leo_ws/src/leo_pybullet/worlds/benchmark_v4_hard/train/world_easy_clear_seed_300099.yaml,300099,easy,clear,0,5,4,9,False,7.3645,7.4594,1.0129,3.867209,3.483005,-1.659873,3.676694,-3.879054
train,/root/leo_ws/src/leo_pybullet/worlds/benchmark_v4_hard/train/world_medium_double_block_seed_300100.yaml,300100,medium,double_block,2,6,4,10,True,6.3826,7.5872,1.1887,-1.317023,1.923084,-0.867312,3.149786,-2.636031
train,/root/leo_ws/src/leo_pybullet/worlds/benchmark_v4_hard/train/world_hard_double_block_seed_300101.yaml,300101,hard,double_block,2,12,4,16,True,6.9564,8.978,1.2906,-2.10262,2.888181,-0.717418,2.8159,-2.031099
train,/root/leo_ws/src/leo_pybullet/worlds/benchmark_v4_hard/train/world_easy_direct_block_seed_300102.yaml,300102,easy,direct_block,1,4,4,8,True,5.3283,5.9565,1.1179,-1.679698,2.246928,0.233162,3.523761,3.39373
train,/root/leo_ws/src/leo_pybullet/worlds/benchmark_v4_hard/train/world_medium_clear_seed_300103.yaml,300103,medium,clear,0,7,4,11,False,7.8638,8.0739,1.0267,1.694615,2.435799,-2.510953,-4.175737,-2.796616
train,/root/leo_ws/src/leo_pybullet/worlds/benchmark_v4_hard/train/world_hard_double_block_seed_300104.yaml,300104,hard,double_block,2,14,4,18,True,5.7662,8.5472,1.4823,1.975434,2.067322,-2.317023,-2.487922,-1.583368
train,/root/leo_ws/src/leo_pybullet/worlds/benchmark_v4_hard/train/world_easy_double_block_seed_300105.yaml,300105,easy,double_block,2,3,4,7,True,6.1682,7.121,1.1545,2.433487,-0.728335,-2.917059,-3.709477,-1.285801
train,/root/leo_ws/src/leo_pybullet/worlds/benchmark_v4_hard/train/world_medium_direct_block_seed_300106.yaml,300106,medium,direct_block,1,6,4,10,True,5.7405,6.6902,1.1654,2.514042,3.038998,-2.778231,-2.815989,0.907191
train,/root/leo_ws/src/leo_pybullet/worlds/benchmark_v4_hard/train/world_hard_clear_seed_300107.yaml,300107,hard,clear,0,12,4,16,False,4.961,5.2114,1.0505,-3.966674,2.43023,-1.442479,-3.125256,-2.45888
train,/root/leo_ws/src/leo_pybullet/worlds/benchmark_v4_hard/train/world_easy_double_block_seed_300108.yaml,300108,easy,double_block,2,3,4,7,True,5.405,6.481,1.1991,-1.880327,4.198565,-1.272638,0.106514,-0.828025
train,/root/leo_ws/src/leo_pybullet/worlds/benchmark_v4_hard/train/world_medium_double_block_seed_300109.yaml,300109,medium,double_block,2,7,4,11,True,6.8322,7.841,1.1476,2.38579,2.585567,-1.483158,2.582887,-4.243809
train,/root/leo_ws/src/leo_pybullet/worlds/benchmark_v4_hard/train/world_hard_direct_block_seed_300110.yaml,300110,hard,direct_block,1,12,4,16,True,4.7663,5.7245,1.201,0.391462,-3.257272,1.029937,2.312919,1.104611
train,/root/leo_ws/src/leo_pybullet/worlds/benchmark_v4_hard/train/world_easy_clear_seed_300111.yaml,300111,easy,clear,0,3,4,7,False,5.3206,5.7141,1.074,-1.990661,1.727081,-0.412112,2.74716,-0.69402
train,/root/leo_ws/src/leo_pybullet/worlds/benchmark_v4_hard/train/world_medium_double_block_seed_300112.yaml,300112,medium,double_block,2,7,4,11,True,5.7428,7.0822,1.2332,4.100033,-1.235248,2.239057,0.222128,3.000519
train,/root/leo_ws/src/leo_pybullet/worlds/benchmark_v4_hard/train/world_hard_double_block_seed_300113.yaml,300113,hard,double_block,2,10,4,14,True,5.9392,7.2753,1.225,2.257653,3.54452,-2.485812,-2.316311,-0.243963
train,/root/leo_ws/src/leo_pybullet/worlds/benchmark_v4_hard/train/world_easy_direct_block_seed_300114.yaml,300114,easy,direct_block,1,5,4,9,True,8.2448,9.2753,1.125,-0.277073,-3.715742,1.895685,-2.832422,4.123087
train,/root/leo_ws/src/leo_pybullet/worlds/benchmark_v4_hard/train/world_medium_clear_seed_300115.yaml,300115,medium,clear,0,8,4,12,False,5.7427,6.1998,1.0796,2.821348,-2.256033,2.510089,-2.219249,0.49555
train,/root/leo_ws/src/leo_pybullet/worlds/benchmark_v4_hard/train/world_hard_double_block_seed_300116.yaml,300116,hard,double_block,2,12,4,16,True,4.5296,6.1027,1.3473,2.690691,1.215736,-1.292646,3.334631,-3.267894
train,/root/leo_ws/src/leo_pybullet/worlds/benchmark_v4_hard/train/world_easy_double_block_seed_300117.yaml,300117,easy,double_block,2,5,4,9,True,7.8281,8.5747,1.0954,0.138597,-3.656667,1.803471,-1.390484,4.020615
train,/root/leo_ws/src/leo_pybullet/worlds/benchmark_v4_hard/train/world_medium_direct_block_seed_300118.yaml,300118,medium,direct_block,1,7,4,11,True,7.3055,8.1861,1.1205,-2.775109,0.183679,-0.624216,3.590486,-3.400875
train,/root/leo_ws/src/leo_pybullet/worlds/benchmark_v4_hard/train/world_hard_clear_seed_300119.yaml,300119,hard,clear,0,10,4,14,False,6.1491,6.4971,1.0566,-3.075478,4.067837,-1.246055,-1.873045,-1.962515
train,/root/leo_ws/src/leo_pybullet/worlds/benchmark_v4_hard/train/world_easy_double_block_seed_300120.yaml,300120,easy,double_block,2,4,4,8,True,4.6567,5.7302,1.2305,-1.817651,2.456778,-0.141417,2.831409,2.189643
train,/root/leo_ws/src/leo_pybullet/worlds/benchmark_v4_hard/train/world_medium_double_block_seed_300121.yaml,300121,medium,double_block,2,6,4,10,True,4.5846,6.009,1.3107,-3.744695,3.849913,-1.053545,-1.098891,0.105765
train,/root/leo_ws/src/leo_pybullet/worlds/benchmark_v4_hard/train/world_hard_direct_block_seed_300122.yaml,300122,hard,direct_block,1,12,4,16,True,5.2324,6.2547,1.1954,1.419676,1.285263,2.621639,-3.180597,3.778378
train,/root/leo_ws/src/leo_pybullet/worlds/benchmark_v4_hard/train/world_easy_clear_seed_300123.yaml,300123,easy,clear,0,4,4,8,False,4.6878,4.9667,1.0595,-1.452935,-4.102731,2.117512,-4.161684,-0.276693
train,/root/leo_ws/src/leo_pybullet/worlds/benchmark_v4_hard/train/world_medium_double_block_seed_300124.yaml,300124,medium,double_block,2,8,4,12,True,5.2692,6.5771,1.2482,1.749636,-3.357842,2.356307,-2.447112,-0.171617
train,/root/leo_ws/src/leo_pybullet/worlds/benchmark_v4_hard/train/world_hard_double_block_seed_300125.yaml,300125,hard,double_block,2,14,4,18,True,5.6827,7.3472,1.2929,-3.584071,1.380925,-0.931927,0.032517,-3.002445
train,/root/leo_ws/src/leo_pybullet/worlds/benchmark_v4_hard/train/world_easy_direct_block_seed_300126.yaml,300126,easy,direct_block,1,3,4,7,True,6.8153,7.369,1.0812,0.247838,3.312787,-1.9321,-1.471822,-3.28197
train,/root/leo_ws/src/leo_pybullet/worlds/benchmark_v4_hard/train/world_medium_clear_seed_300127.yaml,300127,medium,clear,0,6,4,10,False,4.7915,5.209,1.0871,2.41837,-3.73506,2.026277,0.701126,0.738158
train,/root/leo_ws/src/leo_pybullet/worlds/benchmark_v4_hard/train/world_hard_double_block_seed_300128.yaml,300128,hard,double_block,2,10,4,14,True,5.4274,6.881,1.2678,2.368258,1.223274,-1.570344,2.722352,-4.192545
train,/root/leo_ws/src/leo_pybullet/worlds/benchmark_v4_hard/train/world_easy_double_block_seed_300129.yaml,300129,easy,double_block,2,4,4,8,True,6.2322,7.2204,1.1586,0.037128,3.572846,-0.842736,3.707956,-1.463601
train,/root/leo_ws/src/leo_pybullet/worlds/benchmark_v4_hard/train/world_medium_direct_block_seed_300130.yaml,300130,medium,direct_block,1,6,4,10,True,5.7799,6.4914,1.1231,-1.606356,-2.476793,1.814494,-2.716446,3.195543
train,/root/leo_ws/src/leo_pybullet/worlds/benchmark_v4_hard/train/world_hard_clear_seed_300131.yaml,300131,hard,clear,0,12,4,16,False,6.8894,7.3174,1.0621,-0.854838,2.868994,-0.927796,2.897815,-2.908656
train,/root/leo_ws/src/leo_pybullet/worlds/benchmark_v4_hard/train/world_easy_double_block_seed_300132.yaml,300132,easy,double_block,2,3,4,7,True,6.1855,7.361,1.19,2.433481,1.98369,-2.338691,-2.202621,-2.111073
train,/root/leo_ws/src/leo_pybullet/worlds/benchmark_v4_hard/train/world_medium_double_block_seed_300133.yaml,300133,medium,double_block,2,8,4,12,True,6.5625,7.6867,1.1713,-2.017493,2.647148,-0.917309,2.052528,-2.500844
train,/root/leo_ws/src/leo_pybullet/worlds/benchmark_v4_hard/train/world_hard_direct_block_seed_300134.yaml,300134,hard,direct_block,1,11,4,15,True,6.265,7.4741,1.193,1.685136,-0.685068,2.368103,-2.986901,3.488965
train,/root/leo_ws/src/leo_pybullet/worlds/benchmark_v4_hard/train/world_easy_clear_seed_300135.yaml,300135,easy,clear,0,3,4,7,False,5.8864,6.1908,1.0517,2.685732,3.372539,-2.967841,-3.116665,2.381871
train,/root/leo_ws/src/leo_pybullet/worlds/benchmark_v4_hard/train/world_medium_double_block_seed_300136.yaml,300136,medium,double_block,2,6,4,10,True,4.9219,7.8765,1.6003,-0.688403,-2.377802,-0.14469,4.076534,-3.611005
train,/root/leo_ws/src/leo_pybullet/worlds/benchmark_v4_hard/train/world_hard_double_block_seed_300137.yaml,300137,hard,double_block,2,12,4,16,True,5.6427,6.9747,1.2361,-1.375568,3.688127,-2.033559,-4.053762,-1.27849
train,/root/leo_ws/src/leo_pybullet/worlds/benchmark_v4_hard/train/world_easy_direct_block_seed_300138.yaml,300138,easy,direct_block,1,3,4,7,True,6.3515,7.1929,1.1325,-0.41162,1.498114,-0.877773,3.234741,-3.702374
train,/root/leo_ws/src/leo_pybullet/worlds/benchmark_v4_hard/train/world_medium_clear_seed_300139.yaml,300139,medium,clear,0,6,4,10,False,5.4529,5.8959,1.0812,-0.478914,2.985183,-1.159851,1.269001,-2.180023
train,/root/leo_ws/src/leo_pybullet/worlds/benchmark_v4_hard/train/world_hard_double_block_seed_300140.yaml,300140,hard,double_block,2,14,4,18,True,6.5003,8.8914,1.3678,-1.572206,4.053908,-1.788993,-3.207402,-2.23734
train,/root/leo_ws/src/leo_pybullet/worlds/benchmark_v4_hard/train/world_easy_double_block_seed_300141.yaml,300141,easy,double_block,2,3,4,7,True,6.6866,7.5016,1.1219,1.589586,-3.579156,1.53223,1.736056,3.105833
train,/root/leo_ws/src/leo_pybullet/worlds/benchmark_v4_hard/train/world_medium_direct_block_seed_300142.yaml,300142,medium,direct_block,1,9,4,13,True,4.5637,5.6559,1.2393,-0.641799,-0.961751,-0.054293,3.912721,-0.671704
train,/root/leo_ws/src/leo_pybullet/worlds/benchmark_v4_hard/train/world_hard_clear_seed_300143.yaml,300143,hard,clear,0,10,4,14,False,6.703,7.0708,1.0549,0.569338,-3.886403,1.455722,1.610029,2.735342
train,/root/leo_ws/src/leo_pybullet/worlds/benchmark_v4_hard/train/world_easy_double_block_seed_300144.yaml,300144,easy,double_block,2,3,4,7,True,8.5592,9.7369,1.1376,3.030562,2.411515,-2.350334,-2.942616,-3.718873
train,/root/leo_ws/src/leo_pybullet/worlds/benchmark_v4_hard/train/world_medium_double_block_seed_300145.yaml,300145,medium,double_block,2,9,4,13,True,5.3085,6.9198,1.3035,1.441243,-1.635225,-3.012195,-3.836573,-2.205088
train,/root/leo_ws/src/leo_pybullet/worlds/benchmark_v4_hard/train/world_hard_direct_block_seed_300146.yaml,300146,hard,direct_block,1,12,4,16,True,5.7482,6.8833,1.1975,-3.324829,2.759521,-1.069041,-0.782746,-2.396001
train,/root/leo_ws/src/leo_pybullet/worlds/benchmark_v4_hard/train/world_easy_clear_seed_300147.yaml,300147,easy,clear,0,5,4,9,False,5.1273,5.4045,1.0541,-2.817354,3.125505,-1.625941,-3.759766,-1.914462
train,/root/leo_ws/src/leo_pybullet/worlds/benchmark_v4_hard/train/world_medium_double_block_seed_300148.yaml,300148,medium,double_block,2,7,4,11,True,5.6786,6.9941,1.2317,3.313466,-1.509438,-2.600922,-1.843421,-3.88709
train,/root/leo_ws/src/leo_pybullet/worlds/benchmark_v4_hard/train/world_hard_double_block_seed_300149.yaml,300149,hard,double_block,2,12,4,16,True,7.2602,8.5998,1.1845,-0.606184,-4.23985,0.82794,4.009943,1.363935
train,/root/leo_ws/src/leo_pybullet/worlds/benchmark_v4_hard/train/world_easy_direct_block_seed_300150.yaml,300150,easy,direct_block,1,5,4,9,True,8.014,9.0637,1.131,-2.498338,-3.07992,0.814267,3.408179,2.336439
train,/root/leo_ws/src/leo_pybullet/worlds/benchmark_v4_hard/train/world_medium_clear_seed_300151.yaml,300151,medium,clear,0,8,4,12,False,4.5423,4.6925,1.0331,0.826638,3.445991,3.081078,-3.707913,3.180589
train,/root/leo_ws/src/leo_pybullet/worlds/benchmark_v4_hard/train/world_hard_double_block_seed_300152.yaml,300152,hard,double_block,2,12,4,16,True,6.9011,8.1335,1.1786,-1.43495,3.870661,-0.579089,4.008286,-0.371491
train,/root/leo_ws/src/leo_pybullet/worlds/benchmark_v4_hard/train/world_easy_double_block_seed_300153.yaml,300153,easy,double_block,2,5,4,9,True,5.4791,6.7678,1.2352,-2.342211,2.57987,-0.578731,1.803007,-1.003156
train,/root/leo_ws/src/leo_pybullet/worlds/benchmark_v4_hard/train/world_medium_direct_block_seed_300154.yaml,300154,medium,direct_block,1,7,4,11,True,7.3287,8.6353,1.1783,4.197254,-4.159694,1.612438,2.944155,3.061059
train,/root/leo_ws/src/leo_pybullet/worlds/benchmark_v4_hard/train/world_hard_clear_seed_300155.yaml,300155,hard,clear,0,13,4,17,False,7.2279,7.3463,1.0164,3.943936,2.749142,-3.029843,-3.282096,2.913237
train,/root/leo_ws/src/leo_pybullet/worlds/benchmark_v4_hard/train/world_easy_double_block_seed_300156.yaml,300156,easy,double_block,2,3,4,7,True,4.7906,5.9039,1.2324,0.382878,-1.513993,2.151028,-2.232248,2.499852
train,/root/leo_ws/src/leo_pybullet/worlds/benchmark_v4_hard/train/world_medium_double_block_seed_300157.yaml,300157,medium,double_block,2,9,4,13,True,6.1122,7.2365,1.1839,-0.159971,-1.524641,1.242062,2.273659,4.082175
train,/root/leo_ws/src/leo_pybullet/worlds/benchmark_v4_hard/train/world_hard_direct_block_seed_300158.yaml,300158,hard,direct_block,1,11,4,15,True,6.1351,7.2971,1.1894,-1.246284,3.711189,-1.118784,1.104476,-1.95566
train,/root/leo_ws/src/leo_pybullet/worlds/benchmark_v4_hard/train/world_easy_clear_seed_300159.yaml,300159,easy,clear,0,3,4,7,False,5.2485,5.7084,1.0876,-0.000162,-3.874979,1.120136,1.942378,1.000754
train,/root/leo_ws/src/leo_pybullet/worlds/benchmark_v4_hard/train/world_medium_double_block_seed_300160.yaml,300160,medium,double_block,2,9,4,13,True,7.1003,8.641,1.217,-3.531832,3.870221,-0.891112,0.643093,-1.872958
train,/root/leo_ws/src/leo_pybullet/worlds/benchmark_v4_hard/train/world_hard_double_block_seed_300161.yaml,300161,hard,double_block,2,13,4,17,True,5.1547,6.6627,1.2926,1.929088,0.264825,-2.508265,-2.162257,-2.870725
train,/root/leo_ws/src/leo_pybullet/worlds/benchmark_v4_hard/train/world_easy_direct_block_seed_300162.yaml,300162,easy,direct_block,1,5,4,9,True,4.5366,5.289,1.1659,0.183277,2.577442,-1.519261,0.346125,-1.956233
train,/root/leo_ws/src/leo_pybullet/worlds/benchmark_v4_hard/train/world_medium_clear_seed_300163.yaml,300163,medium,clear,0,7,4,11,False,7.4901,7.8708,1.0508,4.09927,-1.392642,3.040765,-3.314663,-0.327455
train,/root/leo_ws/src/leo_pybullet/worlds/benchmark_v4_hard/train/world_hard_double_block_seed_300164.yaml,300164,hard,double_block,2,12,4,16,True,6.3129,10.3404,1.638,-3.291093,3.71797,-1.611516,-4.094842,-2.543565
train,/root/leo_ws/src/leo_pybullet/worlds/benchmark_v4_hard/train/world_easy_double_block_seed_300165.yaml,300165,easy,double_block,2,3,4,7,True,5.6579,6.7484,1.1928,3.179422,3.343779,-2.207813,-0.632346,-0.837357
train,/root/leo_ws/src/leo_pybullet/worlds/benchmark_v4_hard/train/world_medium_direct_block_seed_300166.yaml,300166,medium,direct_block,1,7,4,11,True,6.0554,6.9302,1.1445,-3.736561,-2.144614,-0.345629,1.992306,-4.106181
train,/root/leo_ws/src/leo_pybullet/worlds/benchmark_v4_hard/train/world_hard_clear_seed_300167.yaml,300167,hard,clear,0,14,4,18,False,7.9063,8.1814,1.0348,1.994743,-1.279584,2.36798,-4.212423,3.617359
train,/root/leo_ws/src/leo_pybullet/worlds/benchmark_v4_hard/train/world_easy_double_block_seed_300168.yaml,300168,easy,double_block,2,4,4,8,True,4.9973,6.0445,1.2096,-0.755177,-3.427253,0.228102,3.955072,-1.758102
train,/root/leo_ws/src/leo_pybullet/worlds/benchmark_v4_hard/train/world_medium_double_block_seed_300169.yaml,300169,medium,double_block,2,8,4,12,True,8.7707,10.5335,1.201,-3.008743,-3.459673,0.902683,1.626929,3.9859
train,/root/leo_ws/src/leo_pybullet/worlds/benchmark_v4_hard/train/world_hard_direct_block_seed_300170.yaml,300170,hard,direct_block,1,10,4,14,True,6.8401,8.9037,1.3017,2.519967,-2.361354,2.476764,-2.935104,1.765274
train,/root/leo_ws/src/leo_pybullet/worlds/benchmark_v4_hard/train/world_easy_clear_seed_300171.yaml,300171,easy,clear,0,4,4,8,False,5.7677,6.0251,1.0446,-2.479622,3.003366,-1.57019,-1.809663,-2.72526
train,/root/leo_ws/src/leo_pybullet/worlds/benchmark_v4_hard/train/world_medium_double_block_seed_300172.yaml,300172,medium,double_block,2,6,4,10,True,6.7668,7.6422,1.1294,3.89278,-1.256052,2.976501,-2.699874,0.269387
train,/root/leo_ws/src/leo_pybullet/worlds/benchmark_v4_hard/train/world_hard_double_block_seed_300173.yaml,300173,hard,double_block,2,12,4,16,True,5.9927,9.69,1.617,1.861254,1.322746,-2.820448,-3.58166,-1.18469
train,/root/leo_ws/src/leo_pybullet/worlds/benchmark_v4_hard/train/world_easy_direct_block_seed_300174.yaml,300174,easy,direct_block,1,4,4,8,True,7.6599,8.3153,1.0856,0.75673,3.94722,-1.393545,2.228646,-3.56995
train,/root/leo_ws/src/leo_pybullet/worlds/benchmark_v4_hard/train/world_medium_clear_seed_300175.yaml,300175,medium,clear,0,9,4,13,False,7.3649,7.8912,1.0715,3.738555,-3.815812,2.74656,-2.658593,-0.166469
train,/root/leo_ws/src/leo_pybullet/worlds/benchmark_v4_hard/train/world_hard_double_block_seed_300176.yaml,300176,hard,double_block,2,11,4,15,True,6.7758,10.3072,1.5212,-2.806119,3.500404,-1.564162,-2.265325,-3.253825
train,/root/leo_ws/src/leo_pybullet/worlds/benchmark_v4_hard/train/world_easy_double_block_seed_300177.yaml,300177,easy,double_block,2,3,4,7,True,8.7324,10.0512,1.151,-3.605922,2.064829,-0.684377,3.640698,-2.807691
train,/root/leo_ws/src/leo_pybullet/worlds/benchmark_v4_hard/train/world_medium_direct_block_seed_300178.yaml,300178,medium,direct_block,1,7,4,11,True,5.0955,5.8627,1.1506,-0.091554,-1.231538,1.137417,1.537904,3.596371
train,/root/leo_ws/src/leo_pybullet/worlds/benchmark_v4_hard/train/world_hard_clear_seed_300179.yaml,300179,hard,clear,0,13,4,17,False,5.178,5.352,1.0336,-3.038002,-1.514598,0.10043,2.110095,-0.958452
train,/root/leo_ws/src/leo_pybullet/worlds/benchmark_v4_hard/train/world_easy_double_block_seed_300180.yaml,300180,easy,double_block,2,5,4,9,True,5.9783,6.9222,1.1579,-2.747012,-2.821338,0.091922,3.229805,-2.952511
train,/root/leo_ws/src/leo_pybullet/worlds/benchmark_v4_hard/train/world_medium_double_block_seed_300181.yaml,300181,medium,double_block,2,9,4,13,True,4.6311,5.8982,1.2736,-0.353764,-0.328898,2.005819,-1.831678,4.06008
train,/root/leo_ws/src/leo_pybullet/worlds/benchmark_v4_hard/train/world_hard_direct_block_seed_300182.yaml,300182,hard,direct_block,1,10,4,14,True,4.5536,5.6502,1.2408,1.477945,2.469756,-2.186706,-1.312292,-1.12887
train,/root/leo_ws/src/leo_pybullet/worlds/benchmark_v4_hard/train/world_easy_clear_seed_300183.yaml,300183,easy,clear,0,5,4,9,False,4.9183,4.9918,1.0149,2.726684,2.706572,-2.402202,-0.824307,-0.696369
train,/root/leo_ws/src/leo_pybullet/worlds/benchmark_v4_hard/train/world_medium_double_block_seed_300184.yaml,300184,medium,double_block,2,6,4,10,True,5.1536,6.641,1.2886,-0.742352,-3.890786,1.940131,-2.177538,1.058968
train,/root/leo_ws/src/leo_pybullet/worlds/benchmark_v4_hard/train/world_hard_double_block_seed_300185.yaml,300185,hard,double_block,2,13,4,17,True,5.2097,6.7678,1.2991,2.124098,-2.524737,1.505628,2.833823,2.636366
train,/root/leo_ws/src/leo_pybullet/worlds/benchmark_v4_hard/train/world_easy_direct_block_seed_300186.yaml,300186,easy,direct_block,1,3,4,7,True,5.1884,5.9153,1.1401,-1.087786,-0.38575,-0.089844,4.037151,-1.194607
train,/root/leo_ws/src/leo_pybullet/worlds/benchmark_v4_hard/train/world_medium_clear_seed_300187.yaml,300187,medium,clear,0,9,4,13,False,5.0177,5.2318,1.0427,2.161473,-0.227691,-2.375802,-1.620629,-3.525113
train,/root/leo_ws/src/leo_pybullet/worlds/benchmark_v4_hard/train/world_hard_double_block_seed_300188.yaml,300188,hard,double_block,2,12,4,16,True,5.6875,7.9233,1.3931,3.381958,1.47693,3.055739,-2.169653,2.712677
train,/root/leo_ws/src/leo_pybullet/worlds/benchmark_v4_hard/train/world_easy_double_block_seed_300189.yaml,300189,easy,double_block,2,3,4,7,True,4.5927,5.8045,1.2638,-1.41237,-0.429421,0.725596,2.392812,2.142311
train,/root/leo_ws/src/leo_pybullet/worlds/benchmark_v4_hard/train/world_medium_direct_block_seed_300190.yaml,300190,medium,direct_block,1,7,4,11,True,4.5094,5.3278,1.1815,2.278976,-0.94117,-2.8409,-2.096545,-2.031787
train,/root/leo_ws/src/leo_pybullet/worlds/benchmark_v4_hard/train/world_hard_clear_seed_300191.yaml,300191,hard,clear,0,13,4,17,False,7.3467,7.3931,1.0063,-3.184761,-3.090059,-0.046556,4.16093,-2.969209
train,/root/leo_ws/src/leo_pybullet/worlds/benchmark_v4_hard/train/world_easy_double_block_seed_300192.yaml,300192,easy,double_block,2,3,4,7,True,4.5569,5.6502,1.2399,2.198591,1.307087,-1.644993,1.646415,-3.216276
train,/root/leo_ws/src/leo_pybullet/worlds/benchmark_v4_hard/train/world_medium_double_block_seed_300193.yaml,300193,medium,double_block,2,9,4,13,True,5.9007,7.9176,1.3418,-3.5697,-2.118308,0.577086,1.593508,0.738195
train,/root/leo_ws/src/leo_pybullet/worlds/benchmark_v4_hard/train/world_hard_direct_block_seed_300194.yaml,300194,hard,direct_block,1,11,4,15,True,6.0296,7.1678,1.1888,-2.618032,3.69064,-1.00545,1.01696,-1.120092
train,/root/leo_ws/src/leo_pybullet/worlds/benchmark_v4_hard/train/world_easy_clear_seed_300195.yaml,300195,easy,clear,0,5,4,9,False,5.6321,5.7643,1.0235,0.139242,0.04431,-0.834748,3.816676,-4.221479
train,/root/leo_ws/src/leo_pybullet/worlds/benchmark_v4_hard/train/world_medium_double_block_seed_300196.yaml,300196,medium,double_block,2,8,4,12,True,5.223,6.5084,1.2461,1.551293,-1.150223,1.92339,-0.830124,3.498276
train,/root/leo_ws/src/leo_pybullet/worlds/benchmark_v4_hard/train/world_hard_double_block_seed_300197.yaml,300197,hard,double_block,2,14,4,18,True,7.9995,9.4135,1.1768,-4.081192,-1.123609,0.319067,3.432856,1.620687
train,/root/leo_ws/src/leo_pybullet/worlds/benchmark_v4_hard/train/world_easy_direct_block_seed_300198.yaml,300198,easy,direct_block,1,3,4,7,True,6.7962,7.5953,1.1176,-3.135846,3.3247,-0.054791,3.645335,2.873349
train,/root/leo_ws/src/leo_pybullet/worlds/benchmark_v4_hard/train/world_medium_clear_seed_300199.yaml,300199,medium,clear,0,9,4,13,False,6.529,7.0822,1.0847,0.793563,-2.091403,1.155302,2.624133,4.17569
train,/root/leo_ws/src/leo_pybullet/worlds/benchmark_v4_hard/train/world_hard_double_block_seed_300200.yaml,300200,hard,double_block,2,11,4,15,True,6.7124,12.178,1.8143,-3.348243,-1.977686,-0.439913,3.024712,-4.085313
train,/root/leo_ws/src/leo_pybullet/worlds/benchmark_v4_hard/train/world_easy_double_block_seed_300201.yaml,300201,easy,double_block,2,5,4,9,True,5.6442,6.7896,1.2029,3.185151,1.925835,-1.602374,2.611412,-3.689111
train,/root/leo_ws/src/leo_pybullet/worlds/benchmark_v4_hard/train/world_medium_direct_block_seed_300202.yaml,300202,medium,direct_block,1,7,4,11,True,4.6999,5.5484,1.1805,1.75881,-3.494357,3.04585,-2.910949,-2.962586
train,/root/leo_ws/src/leo_pybullet/worlds/benchmark_v4_hard/train/world_hard_clear_seed_300203.yaml,300203,hard,clear,0,12,4,16,False,6.0226,6.4729,1.0748,-2.174669,-1.557276,1.094346,0.65936,3.756858
train,/root/leo_ws/src/leo_pybullet/worlds/benchmark_v4_hard/train/world_easy_double_block_seed_300204.yaml,300204,easy,double_block,2,4,4,8,True,7.2085,7.9622,1.1045,-2.536866,-3.735207,1.630346,-3.803205,3.361228
train,/root/leo_ws/src/leo_pybullet/worlds/benchmark_v4_hard/train/world_medium_double_block_seed_300205.yaml,300205,medium,double_block,2,9,4,13,True,5.8771,7.289,1.2402,3.284599,-4.207802,2.595391,-1.305758,-0.537764
train,/root/leo_ws/src/leo_pybullet/worlds/benchmark_v4_hard/train/world_hard_direct_block_seed_300206.yaml,300206,hard,direct_block,1,12,4,16,True,5.425,6.5359,1.2048,-4.020955,0.663053,-0.964875,-0.969233,-3.822218
train,/root/leo_ws/src/leo_pybullet/worlds/benchmark_v4_hard/train/world_easy_clear_seed_300207.yaml,300207,easy,clear,0,3,4,7,False,5.5095,5.672,1.0295,4.044671,-3.732312,-3.11997,-1.437882,-3.188166
train,/root/leo_ws/src/leo_pybullet/worlds/benchmark_v4_hard/train/world_medium_double_block_seed_300208.yaml,300208,medium,double_block,2,6,4,10,True,5.4114,6.7371,1.245,-1.024706,1.656192,-0.45048,3.533657,-1.26008
train,/root/leo_ws/src/leo_pybullet/worlds/benchmark_v4_hard/train/world_hard_double_block_seed_300209.yaml,300209,hard,double_block,2,13,4,17,True,5.9413,7.7416,1.303,1.292087,-2.40234,1.715044,0.544807,3.491727
train,/root/leo_ws/src/leo_pybullet/worlds/benchmark_v4_hard/train/world_easy_direct_block_seed_300210.yaml,300210,easy,direct_block,1,4,4,8,True,5.8894,6.4672,1.0981,-3.575795,-0.081271,0.470325,1.85838,2.189115
train,/root/leo_ws/src/leo_pybullet/worlds/benchmark_v4_hard/train/world_medium_clear_seed_300211.yaml,300211,medium,clear,0,6,4,10,False,6.9362,7.0088,1.0105,2.39718,-2.4566,2.436423,-2.781682,2.157494
train,/root/leo_ws/src/leo_pybullet/worlds/benchmark_v4_hard/train/world_hard_double_block_seed_300212.yaml,300212,hard,double_block,2,13,4,17,True,4.5854,6.6765,1.456,-2.304133,-2.620304,1.602368,-3.04473,1.904929
train,/root/leo_ws/src/leo_pybullet/worlds/benchmark_v4_hard/train/world_easy_double_block_seed_300213.yaml,300213,easy,double_block,2,4,4,8,True,7.0849,8.2523,1.1648,1.163293,-3.140165,2.384254,-3.703534,2.008633
train,/root/leo_ws/src/leo_pybullet/worlds/benchmark_v4_hard/train/world_medium_direct_block_seed_300214.yaml,300214,medium,direct_block,1,8,4,12,True,6.8562,7.8467,1.1445,-3.986708,3.670974,-0.615472,1.790169,-0.021644
train,/root/leo_ws/src/leo_pybullet/worlds/benchmark_v4_hard/train/world_hard_clear_seed_300215.yaml,300215,hard,clear,0,14,4,18,False,6.5385,7.0878,1.084,-2.928737,0.162575,0.322446,3.201833,2.435888
train,/root/leo_ws/src/leo_pybullet/worlds/benchmark_v4_hard/train/world_easy_double_block_seed_300216.yaml,300216,easy,double_block,2,4,4,8,True,5.5775,6.3096,1.1313,3.049363,2.993162,-1.508449,3.825138,-2.530096
train,/root/leo_ws/src/leo_pybullet/worlds/benchmark_v4_hard/train/world_medium_double_block_seed_300217.yaml,300217,medium,double_block,2,9,4,13,True,5.0158,7.3051,1.4564,4.207654,3.583556,-1.911421,2.784389,-1.226065
train,/root/leo_ws/src/leo_pybullet/worlds/benchmark_v4_hard/train/world_hard_direct_block_seed_300218.yaml,300218,hard,direct_block,1,11,4,15,True,5.1255,6.4639,1.2611,-2.628526,3.928482,-0.582664,1.554273,0.966147
train,/root/leo_ws/src/leo_pybullet/worlds/benchmark_v4_hard/train/world_easy_clear_seed_300219.yaml,300219,easy,clear,0,3,4,7,False,6.792,7.1508,1.0528,-0.657347,2.737545,-1.767576,-1.714695,-3.971646
train,/root/leo_ws/src/leo_pybullet/worlds/benchmark_v4_hard/train/world_medium_double_block_seed_300220.yaml,300220,medium,double_block,2,9,4,13,True,6.4091,7.6923,1.2002,-1.648672,-4.140481,1.072012,1.273295,1.563831
train,/root/leo_ws/src/leo_pybullet/worlds/benchmark_v4_hard/train/world_hard_double_block_seed_300221.yaml,300221,hard,double_block,2,11,4,15,True,5.6725,7.0627,1.2451,-3.565511,1.575113,-0.78019,0.730646,-2.128951
train,/root/leo_ws/src/leo_pybullet/worlds/benchmark_v4_hard/train/world_easy_direct_block_seed_300222.yaml,300222,easy,direct_block,1,4,4,8,True,4.7113,5.4959,1.1665,0.096525,-0.193233,2.096689,-1.871131,4.087507
train,/root/leo_ws/src/leo_pybullet/worlds/benchmark_v4_hard/train/world_medium_clear_seed_300223.yaml,300223,medium,clear,0,9,4,13,False,6.7685,7.0031,1.0347,2.866404,0.433441,-2.574115,-2.466778,-3.734332
train,/root/leo_ws/src/leo_pybullet/worlds/benchmark_v4_hard/train/world_hard_double_block_seed_300224.yaml,300224,hard,double_block,2,14,4,18,True,4.5111,6.3176,1.4005,-3.532611,-3.058598,-0.059266,0.953477,-3.532984
train,/root/leo_ws/src/leo_pybullet/worlds/benchmark_v4_hard/train/world_easy_double_block_seed_300225.yaml,300225,easy,double_block,2,4,4,8,True,6.5205,7.5598,1.1594,-3.412781,1.605783,-0.945077,0.666803,-3.480892
train,/root/leo_ws/src/leo_pybullet/worlds/benchmark_v4_hard/train/world_medium_direct_block_seed_300226.yaml,300226,medium,direct_block,1,6,4,10,True,4.5417,5.6776,1.2501,0.401098,-3.190899,2.252527,-2.057511,0.627771
train,/root/leo_ws/src/leo_pybullet/worlds/benchmark_v4_hard/train/world_hard_clear_seed_300227.yaml,300227,hard,clear,0,12,4,16,False,4.5491,4.889,1.0747,1.189133,-1.32633,1.970405,-0.5806,2.864465
train,/root/leo_ws/src/leo_pybullet/worlds/benchmark_v4_hard/train/world_easy_double_block_seed_300228.yaml,300228,easy,double_block,2,3,4,7,True,5.8398,6.8341,1.1703,-1.062032,-2.909031,0.515915,4.211825,-0.401188
train,/root/leo_ws/src/leo_pybullet/worlds/benchmark_v4_hard/train/world_medium_double_block_seed_300229.yaml,300229,medium,double_block,2,6,4,10,True,8.1906,9.5016,1.1601,-2.389461,-4.103256,1.592891,-2.979923,4.065994
train,/root/leo_ws/src/leo_pybullet/worlds/benchmark_v4_hard/train/world_hard_direct_block_seed_300230.yaml,300230,hard,direct_block,1,10,4,14,True,4.7925,6.0639,1.2653,2.521779,0.931136,-2.63231,-1.304113,-1.955199
train,/root/leo_ws/src/leo_pybullet/worlds/benchmark_v4_hard/train/world_easy_clear_seed_300231.yaml,300231,easy,clear,0,4,4,8,False,6.9214,7.2308,1.0447,1.624134,-3.754524,1.778261,0.602938,3.09116
train,/root/leo_ws/src/leo_pybullet/worlds/benchmark_v4_hard/train/world_medium_double_block_seed_300232.yaml,300232,medium,double_block,2,9,4,13,True,4.9038,6.2845,1.2816,3.903191,-2.312171,2.804321,-0.505509,-0.164893
train,/root/leo_ws/src/leo_pybullet/worlds/benchmark_v4_hard/train/world_hard_double_block_seed_300233.yaml,300233,hard,double_block,2,13,4,17,True,5.754,7.049,1.2251,0.080284,1.265958,-0.77763,4.121935,-2.829653
train,/root/leo_ws/src/leo_pybullet/worlds/benchmark_v4_hard/train/world_easy_direct_block_seed_300234.yaml,300234,easy,direct_block,1,4,4,8,True,5.6019,6.329,1.1298,-0.422336,3.532081,-1.615588,-0.443276,-2.069824
train,/root/leo_ws/src/leo_pybullet/worlds/benchmark_v4_hard/train/world_medium_clear_seed_300235.yaml,300235,medium,clear,0,9,4,13,False,8.2174,8.392,1.0212,3.033642,-3.979665,1.582192,2.410162,4.214072
train,/root/leo_ws/src/leo_pybullet/worlds/benchmark_v4_hard/train/world_hard_double_block_seed_300236.yaml,300236,hard,double_block,2,12,4,16,True,5.2655,6.7953,1.2905,-2.105065,-0.049541,0.451461,2.347047,2.761912
train,/root/leo_ws/src/leo_pybullet/worlds/benchmark_v4_hard/train/world_easy_double_block_seed_300237.yaml,300237,easy,double_block,2,4,4,8,True,7.6078,8.8123,1.1583,-3.853882,-3.198992,1.024384,0.611274,2.960696
train,/root/leo_ws/src/leo_pybullet/worlds/benchmark_v4_hard/train/world_medium_direct_block_seed_300238.yaml,300238,medium,direct_block,1,6,4,10,True,5.5423,6.6353,1.1972,-0.28096,0.734011,-0.960356,2.817651,-3.861201
train,/root/leo_ws/src/leo_pybullet/worlds/benchmark_v4_hard/train/world_hard_clear_seed_300239.yaml,300239,hard,clear,0,14,4,18,False,6.4092,6.7106,1.047,-3.461217,3.38974,-0.725128,1.674284,-0.444932
train,/root/leo_ws/src/leo_pybullet/worlds/benchmark_v4_hard/train/world_easy_double_block_seed_300240.yaml,300240,easy,double_block,2,3,4,7,True,6.0745,6.9804,1.1491,2.203318,-2.652727,2.337151,-1.409184,2.230884
train,/root/leo_ws/src/leo_pybullet/worlds/benchmark_v4_hard/train/world_medium_double_block_seed_300241.yaml,300241,medium,double_block,2,7,4,11,True,7.046,8.1118,1.1513,-2.187073,0.84498,-0.607357,3.599354,-3.175305
train,/root/leo_ws/src/leo_pybullet/worlds/benchmark_v4_hard/train/world_hard_direct_block_seed_300242.yaml,300242,hard,direct_block,1,11,4,15,True,5.0339,6.1084,1.2135,1.222312,3.852395,-1.619962,0.343282,-1.104122
train,/root/leo_ws/src/leo_pybullet/worlds/benchmark_v4_hard/train/world_easy_clear_seed_300243.yaml,300243,easy,clear,0,4,4,8,False,6.8914,7.3918,1.0726,-2.257092,-1.086948,0.584499,3.754915,2.281656
train,/root/leo_ws/src/leo_pybullet/worlds/benchmark_v4_hard/train/world_medium_double_block_seed_300244.yaml,300244,medium,double_block,2,7,4,11,True,5.0227,6.4639,1.287,3.949575,-0.22169,-2.234925,0.853225,-4.176404
train,/root/leo_ws/src/leo_pybullet/worlds/benchmark_v4_hard/train/world_hard_double_block_seed_300245.yaml,300245,hard,double_block,2,11,4,15,True,5.3223,6.6684,1.2529,1.811544,1.360747,2.708255,-2.818519,3.985489
train,/root/leo_ws/src/leo_pybullet/worlds/benchmark_v4_hard/train/world_easy_direct_block_seed_300246.yaml,300246,easy,direct_block,1,5,4,9,True,6.3523,6.9861,1.0998,0.655784,-4.05187,2.1829,-2.677294,1.355783
train,/root/leo_ws/src/leo_pybullet/worlds/benchmark_v4_hard/train/world_medium_clear_seed_300247.yaml,300247,medium,clear,0,7,4,11,False,6.0905,6.5804,1.0804,-3.639838,-1.168106,-0.479949,1.900335,-3.697965
train,/root/leo_ws/src/leo_pybullet/worlds/benchmark_v4_hard/train/world_hard_double_block_seed_300248.yaml,300248,hard,double_block,2,11,4,15,True,4.7875,6.1108,1.2764,2.880507,-4.179953,1.499698,3.805678,0.517273
train,/root/leo_ws/src/leo_pybullet/worlds/benchmark_v4_hard/train/world_easy_double_block_seed_300249.yaml,300249,easy,double_block,2,5,4,9,True,5.0677,6.0616,1.1961,-1.542749,2.398846,0.000272,3.520803,2.604689
train,/root/leo_ws/src/leo_pybullet/worlds/benchmark_v4_hard/train/world_medium_direct_block_seed_300250.yaml,300250,medium,direct_block,1,7,4,11,True,4.7998,5.6171,1.1703,2.32183,3.005892,-1.974917,0.464682,-1.420098
train,/root/leo_ws/src/leo_pybullet/worlds/benchmark_v4_hard/train/world_hard_clear_seed_300251.yaml,300251,hard,clear,0,14,4,18,False,5.1397,5.4708,1.0644,0.880359,3.091679,-2.905698,-4.152386,2.04839
train,/root/leo_ws/src/leo_pybullet/worlds/benchmark_v4_hard/train/world_easy_double_block_seed_300252.yaml,300252,easy,double_block,2,5,4,9,True,7.102,7.9986,1.1263,2.829246,-2.598053,2.529349,-2.908633,1.587007
train,/root/leo_ws/src/leo_pybullet/worlds/benchmark_v4_hard/train/world_medium_double_block_seed_300253.yaml,300253,medium,double_block,2,6,4,10,True,6.7761,8.1084,1.1966,-3.299365,-3.918766,0.680231,2.469471,-0.364041
train,/root/leo_ws/src/leo_pybullet/worlds/benchmark_v4_hard/train/world_hard_direct_block_seed_300254.yaml,300254,hard,direct_block,1,14,4,18,True,4.7581,7.4571,1.5672,-0.275056,1.952041,-2.010447,-1.775966,-2.563152
train,/root/leo_ws/src/leo_pybullet/worlds/benchmark_v4_hard/train/world_easy_clear_seed_300255.yaml,300255,easy,clear,0,4,4,8,False,4.8339,5.0982,1.0547,4.24227,2.521677,2.948457,-0.534239,3.264519
train,/root/leo_ws/src/leo_pybullet/worlds/benchmark_v4_hard/train/world_medium_double_block_seed_300256.yaml,300256,medium,double_block,2,7,4,11,True,5.7448,6.9965,1.2179,-3.564839,-2.298797,0.673072,1.330581,0.707369
train,/root/leo_ws/src/leo_pybullet/worlds/benchmark_v4_hard/train/world_hard_double_block_seed_300257.yaml,300257,hard,double_block,2,12,4,16,True,7.1046,8.7267,1.2283,-2.235886,-0.347993,0.448119,4.078854,2.90771
train,/root/leo_ws/src/leo_pybullet/worlds/benchmark_v4_hard/train/world_easy_direct_block_seed_300258.yaml,300258,easy,direct_block,1,4,4,8,True,5.9948,6.6239,1.1049,-3.573493,-1.731173,1.25198,-2.426498,4.152867
train,/root/leo_ws/src/leo_pybullet/worlds/benchmark_v4_hard/train/world_medium_clear_seed_300259.yaml,300259,medium,clear,0,7,4,11,False,5.6229,5.9655,1.0609,-2.872655,-2.062386,0.95589,0.328953,2.560071
train,/root/leo_ws/src/leo_pybullet/worlds/benchmark_v4_hard/train/world_hard_double_block_seed_300260.yaml,300260,hard,double_block,2,12,4,16,True,5.1154,6.5771,1.2857,2.406301,-3.928157,2.290169,-1.388469,-0.497805
train,/root/leo_ws/src/leo_pybullet/worlds/benchmark_v4_hard/train/world_easy_double_block_seed_300261.yaml,300261,easy,double_block,2,3,4,7,True,7.3264,8.0227,1.095,3.244679,-0.590232,2.989496,-3.881715,1.110045
train,/root/leo_ws/src/leo_pybullet/worlds/benchmark_v4_hard/train/world_medium_direct_block_seed_300262.yaml,300262,medium,direct_block,1,6,4,10,True,8.2338,10.1288,1.2302,1.974959,4.022088,-1.377907,2.674977,-4.181859
train,/root/leo_ws/src/leo_pybullet/worlds/benchmark_v4_hard/train/world_hard_clear_seed_300263.yaml,300263,hard,clear,0,13,4,17,False,6.7061,7.0571,1.0523,-2.871876,4.10682,-0.036292,3.734767,2.956212
train,/root/leo_ws/src/leo_pybullet/worlds/benchmark_v4_hard/train/world_easy_double_block_seed_300264.yaml,300264,easy,double_block,2,5,4,9,True,5.647,6.7267,1.1912,4.170995,1.385466,-1.933721,2.806012,-4.09408
train,/root/leo_ws/src/leo_pybullet/worlds/benchmark_v4_hard/train/world_medium_double_block_seed_300265.yaml,300265,medium,double_block,2,9,4,13,True,5.2448,6.6708,1.2719,-0.193388,2.742383,-0.99506,2.684054,-1.642679
train,/root/leo_ws/src/leo_pybullet/worlds/benchmark_v4_hard/train/world_hard_direct_block_seed_300266.yaml,300266,hard,direct_block,1,12,4,16,True,6.9613,8.0867,1.1617,-3.943967,2.225207,-0.687221,1.84248,-1.644813
train,/root/leo_ws/src/leo_pybullet/worlds/benchmark_v4_hard/train/world_easy_clear_seed_300267.yaml,300267,easy,clear,0,3,4,7,False,5.4508,5.7586,1.0565,-4.248715,-1.632166,1.025612,-1.006798,2.749735
train,/root/leo_ws/src/leo_pybullet/worlds/benchmark_v4_hard/train/world_medium_double_block_seed_300268.yaml,300268,medium,double_block,2,9,4,13,True,6.4151,7.4878,1.1672,-2.866725,-0.311816,-0.469331,3.104949,-2.655499
train,/root/leo_ws/src/leo_pybullet/worlds/benchmark_v4_hard/train/world_hard_double_block_seed_300269.yaml,300269,hard,double_block,2,11,4,15,True,7.7875,9.2398,1.1865,-3.772859,2.682947,0.080632,3.977873,3.438966
train,/root/leo_ws/src/leo_pybullet/worlds/benchmark_v4_hard/train/world_easy_direct_block_seed_300270.yaml,300270,easy,direct_block,1,3,4,7,True,4.5314,5.5508,1.225,0.853604,3.864252,-2.067087,-1.433951,-0.047312
train,/root/leo_ws/src/leo_pybullet/worlds/benchmark_v4_hard/train/world_medium_clear_seed_300271.yaml,300271,medium,clear,0,8,4,12,False,5.2969,5.3312,1.0065,-2.675592,0.57942,0.82244,1.165202,4.227154
train,/root/leo_ws/src/leo_pybullet/worlds/benchmark_v4_hard/train/world_hard_double_block_seed_300272.yaml,300272,hard,double_block,2,11,4,15,True,5.0291,6.4422,1.281,3.978327,-0.554369,-2.41831,-0.100943,-3.495779
train,/root/leo_ws/src/leo_pybullet/worlds/benchmark_v4_hard/train/world_easy_double_block_seed_300273.yaml,300273,easy,double_block,2,3,4,7,True,4.5652,5.4902,1.2026,-0.707373,-1.394366,1.506411,-0.001889,3.115972
train,/root/leo_ws/src/leo_pybullet/worlds/benchmark_v4_hard/train/world_medium_direct_block_seed_300274.yaml,300274,medium,direct_block,1,9,4,13,True,4.602,5.4159,1.1768,2.937679,-1.75669,1.653458,3.032266,2.844352
train,/root/leo_ws/src/leo_pybullet/worlds/benchmark_v4_hard/train/world_hard_clear_seed_300275.yaml,300275,hard,clear,0,14,4,18,False,6.0649,6.4639,1.0658,2.000643,-2.694157,2.884035,-3.951689,-1.531014
train,/root/leo_ws/src/leo_pybullet/worlds/benchmark_v4_hard/train/world_easy_double_block_seed_300276.yaml,300276,easy,double_block,2,5,4,9,True,6.2591,7.2204,1.1536,1.664541,1.517938,-2.550748,-3.327126,-2.258267
train,/root/leo_ws/src/leo_pybullet/worlds/benchmark_v4_hard/train/world_medium_double_block_seed_300277.yaml,300277,medium,double_block,2,7,4,11,True,6.3682,7.6833,1.2065,-2.181021,3.473982,-0.4642,3.573162,0.745729
train,/root/leo_ws/src/leo_pybullet/worlds/benchmark_v4_hard/train/world_hard_direct_block_seed_300278.yaml,300278,hard,direct_block,1,11,4,15,True,5.1723,6.0147,1.1629,-1.517609,4.040211,-1.840779,-2.21994,-1.084197
train,/root/leo_ws/src/leo_pybullet/worlds/benchmark_v4_hard/train/world_easy_clear_seed_300279.yaml,300279,easy,clear,0,5,4,9,False,4.9128,5.0788,1.0338,-1.050696,-2.734027,0.005207,3.831944,-3.27733
train,/root/leo_ws/src/leo_pybullet/worlds/benchmark_v4_hard/train/world_medium_double_block_seed_300280.yaml,300280,medium,double_block,2,6,4,10,True,5.1952,6.4365,1.2389,2.398837,-1.146951,2.320261,-1.077363,2.7139
train,/root/leo_ws/src/leo_pybullet/worlds/benchmark_v4_hard/train/world_hard_double_block_seed_300281.yaml,300281,hard,double_block,2,11,4,15,True,6.7746,8.0147,1.1831,-3.310866,3.680121,-0.15299,3.416839,2.884656
train,/root/leo_ws/src/leo_pybullet/worlds/benchmark_v4_hard/train/world_easy_direct_block_seed_300282.yaml,300282,easy,direct_block,1,4,4,8,True,4.9768,5.9896,1.2035,-0.859014,3.287406,-2.227939,-3.582554,-0.877991
train,/root/leo_ws/src/leo_pybullet/worlds/benchmark_v4_hard/train/world_medium_clear_seed_300283.yaml,300283,medium,clear,0,9,4,13,False,6.065,6.1231,1.0096,3.256339,0.988545,-2.433696,-1.147459,-3.181687
train,/root/leo_ws/src/leo_pybullet/worlds/benchmark_v4_hard/train/world_hard_double_block_seed_300284.yaml,300284,hard,double_block,2,12,4,16,True,5.6519,7.1541,1.2658,-1.91737,-2.043467,1.835561,-3.195499,3.462046
train,/root/leo_ws/src/leo_pybullet/worlds/benchmark_v4_hard/train/world_easy_double_block_seed_300285.yaml,300285,easy,double_block,2,3,4,7,True,4.6492,5.8845,1.2657,-3.283567,-0.067157,0.350131,1.137487,1.371442
train,/root/leo_ws/src/leo_pybullet/worlds/benchmark_v4_hard/train/world_medium_direct_block_seed_300286.yaml,300286,medium,direct_block,1,9,4,13,True,4.9693,5.9565,1.1987,2.689793,1.363868,2.666121,-1.43958,4.128236
train,/root/leo_ws/src/leo_pybullet/worlds/benchmark_v4_hard/train/world_hard_clear_seed_300287.yaml,300287,hard,clear,0,11,4,15,False,4.5075,4.6125,1.0233,-3.034346,3.064624,0.017435,1.463255,3.363611
train,/root/leo_ws/src/leo_pybullet/worlds/benchmark_v4_hard/train/world_easy_double_block_seed_300288.yaml,300288,easy,double_block,2,5,4,9,True,7.9219,9.1849,1.1594,-4.010236,-2.412256,0.700082,2.268769,2.417856
train,/root/leo_ws/src/leo_pybullet/worlds/benchmark_v4_hard/train/world_medium_double_block_seed_300289.yaml,300289,medium,double_block,2,9,4,13,True,6.9863,8.1359,1.1645,0.243106,-3.724881,1.097794,3.020296,2.685717
train,/root/leo_ws/src/leo_pybullet/worlds/benchmark_v4_hard/train/world_hard_direct_block_seed_300290.yaml,300290,hard,direct_block,1,10,4,14,True,4.6388,5.9645,1.2858,1.287921,0.359346,2.650384,-2.60384,2.883821
train,/root/leo_ws/src/leo_pybullet/worlds/benchmark_v4_hard/train/world_easy_clear_seed_300291.yaml,300291,easy,clear,0,3,4,7,False,8.1145,8.7929,1.0836,2.643749,-3.939361,1.818413,-0.196813,3.66172
train,/root/leo_ws/src/leo_pybullet/worlds/benchmark_v4_hard/train/world_medium_double_block_seed_300292.yaml,300292,medium,double_block,2,7,4,11,True,5.5261,6.721,1.2162,-3.562232,-1.119545,0.754328,0.742082,2.346039
train,/root/leo_ws/src/leo_pybullet/worlds/benchmark_v4_hard/train/world_hard_double_block_seed_300293.yaml,300293,hard,double_block,2,10,4,14,True,6.9035,9.0878,1.3164,-2.323246,2.537773,-1.192331,-0.148338,-4.014216
train,/root/leo_ws/src/leo_pybullet/worlds/benchmark_v4_hard/train/world_easy_direct_block_seed_300294.yaml,300294,easy,direct_block,1,4,4,8,True,7.0611,8.1061,1.148,-3.753598,-2.705033,0.653452,1.597701,1.901759
train,/root/leo_ws/src/leo_pybullet/worlds/benchmark_v4_hard/train/world_medium_clear_seed_300295.yaml,300295,medium,clear,0,9,4,13,False,5.5242,6.0147,1.0888,-1.121713,-3.832236,0.382,3.964526,-1.67661
train,/root/leo_ws/src/leo_pybullet/worlds/benchmark_v4_hard/train/world_hard_double_block_seed_300296.yaml,300296,hard,double_block,2,12,4,16,True,4.7763,6.2982,1.3186,-2.428421,0.988799,-1.835347,-3.552471,-3.653375
train,/root/leo_ws/src/leo_pybullet/worlds/benchmark_v4_hard/train/world_easy_double_block_seed_300297.yaml,300297,easy,double_block,2,5,4,9,True,5.0486,6.1439,1.2169,-0.822883,-2.657414,0.116293,4.076685,-1.439632
train,/root/leo_ws/src/leo_pybullet/worlds/benchmark_v4_hard/train/world_medium_direct_block_seed_300298.yaml,300298,medium,direct_block,1,7,4,11,True,5.1107,6.0753,1.1887,1.497004,1.169411,-1.659009,1.504907,-3.941314
train,/root/leo_ws/src/leo_pybullet/worlds/benchmark_v4_hard/train/world_hard_clear_seed_300299.yaml,300299,hard,clear,0,10,4,14,False,5.2602,5.3463,1.0164,2.611476,1.892564,3.107485,-2.646462,2.047607
train,/root/leo_ws/src/leo_pybullet/worlds/benchmark_v4_hard/train/world_easy_double_block_seed_300300.yaml,300300,easy,double_block,2,3,4,7,True,4.5795,5.6365,1.2308,-0.272243,0.353256,2.355569,-3.848844,3.213282
train,/root/leo_ws/src/leo_pybullet/worlds/benchmark_v4_hard/train/world_medium_double_block_seed_300301.yaml,300301,medium,double_block,2,8,4,12,True,5.323,6.7702,1.2719,-1.779314,2.201229,-1.038715,0.88522,-2.406854
train,/root/leo_ws/src/leo_pybullet/worlds/benchmark_v4_hard/train/world_hard_direct_block_seed_300302.yaml,300302,hard,direct_block,1,14,4,18,True,4.8948,6.4171,1.311,-0.725517,-1.175308,0.543925,3.625572,1.066701
train,/root/leo_ws/src/leo_pybullet/worlds/benchmark_v4_hard/train/world_easy_clear_seed_300303.yaml,300303,easy,clear,0,5,4,9,False,5.7715,6.2135,1.0766,2.702937,0.008734,-2.658019,-2.431505,-2.627178
train,/root/leo_ws/src/leo_pybullet/worlds/benchmark_v4_hard/train/world_medium_double_block_seed_300304.yaml,300304,medium,double_block,2,6,4,10,True,6.4853,7.6478,1.1793,2.42906,2.170791,3.045458,-4.05597,2.112401
train,/root/leo_ws/src/leo_pybullet/worlds/benchmark_v4_hard/train/world_hard_double_block_seed_300305.yaml,300305,hard,double_block,2,10,4,14,True,6.4867,8.1108,1.2504,-3.321655,4.132672,-1.515688,-2.253413,-2.265473
train,/root/leo_ws/src/leo_pybullet/worlds/benchmark_v4_hard/train/world_easy_direct_block_seed_300306.yaml,300306,easy,direct_block,1,3,4,7,True,7.9669,9.0306,1.1335,-4.088384,1.408548,-0.796558,1.733037,-4.030475
train,/root/leo_ws/src/leo_pybullet/worlds/benchmark_v4_hard/train/world_medium_clear_seed_300307.yaml,300307,medium,clear,0,6,4,10,False,6.0568,6.5416,1.08,-1.009945,-3.000093,1.348868,1.083556,2.683439
train,/root/leo_ws/src/leo_pybullet/worlds/benchmark_v4_hard/train/world_hard_double_block_seed_300308.yaml,300308,hard,double_block,2,12,4,16,True,5.5556,7.2147,1.2986,-3.36513,-2.530511,1.611294,-3.933956,2.995847
train,/root/leo_ws/src/leo_pybullet/worlds/benchmark_v4_hard/train/world_easy_double_block_seed_300309.yaml,300309,easy,double_block,2,5,4,9,True,4.6393,5.9176,1.2755,3.669962,2.180238,2.941357,-0.732758,3.642902
train,/root/leo_ws/src/leo_pybullet/worlds/benchmark_v4_hard/train/world_medium_direct_block_seed_300310.yaml,300310,medium,direct_block,1,9,4,13,True,4.9897,5.7747,1.1573,2.495899,3.965796,-1.511424,3.39066,-0.943031
train,/root/leo_ws/src/leo_pybullet/worlds/benchmark_v4_hard/train/world_hard_clear_seed_300311.yaml,300311,hard,clear,0,11,4,15,False,7.0666,7.5427,1.0674,-2.759396,3.617037,-1.317604,-1.182775,-3.271478
train,/root/leo_ws/src/leo_pybullet/worlds/benchmark_v4_hard/train/world_easy_double_block_seed_300312.yaml,300312,easy,double_block,2,4,4,8,True,4.652,5.5039,1.1831,2.760827,4.072485,-1.686461,1.72707,-0.46322
train,/root/leo_ws/src/leo_pybullet/worlds/benchmark_v4_hard/train/world_medium_double_block_seed_300313.yaml,300313,medium,double_block,2,6,4,10,True,5.2339,6.721,1.2841,1.668459,-1.690455,2.717684,-3.03479,0.60592
train,/root/leo_ws/src/leo_pybullet/worlds/benchmark_v4_hard/train/world_hard_direct_block_seed_300314.yaml,300314,hard,direct_block,1,10,4,14,True,4.7443,5.841,1.2311,-1.236853,-2.095363,-0.166304,3.406074,-3.071022
train,/root/leo_ws/src/leo_pybullet/worlds/benchmark_v4_hard/train/world_easy_clear_seed_300315.yaml,300315,easy,clear,0,4,4,8,False,4.5917,4.9439,1.0767,2.379772,-3.486288,1.9511,1.265349,0.968106
train,/root/leo_ws/src/leo_pybullet/worlds/benchmark_v4_hard/train/world_medium_double_block_seed_300316.yaml,300316,medium,double_block,2,9,4,13,True,6.9491,8.1084,1.1668,3.8198,2.613157,-2.126968,0.642127,-3.566803
train,/root/leo_ws/src/leo_pybullet/worlds/benchmark_v4_hard/train/world_hard_double_block_seed_300317.yaml,300317,hard,double_block,2,10,4,14,True,7.2124,8.6078,1.1935,-3.952848,-4.216404,0.652083,2.213321,-0.475218
train,/root/leo_ws/src/leo_pybullet/worlds/benchmark_v4_hard/train/world_easy_direct_block_seed_300318.yaml,300318,easy,direct_block,1,3,4,7,True,5.8536,6.881,1.1755,-1.977416,1.195386,-0.949238,1.957879,-3.13797
train,/root/leo_ws/src/leo_pybullet/worlds/benchmark_v4_hard/train/world_medium_clear_seed_300319.yaml,300319,medium,clear,0,9,4,13,False,5.3663,5.8216,1.0848,-1.727455,-3.202759,0.517448,3.236104,-1.163174
train,/root/leo_ws/src/leo_pybullet/worlds/benchmark_v4_hard/train/world_hard_double_block_seed_300320.yaml,300320,hard,double_block,2,10,4,14,True,4.7017,6.249,1.3291,-3.188457,3.524792,-1.01564,-0.650338,-0.432942
train,/root/leo_ws/src/leo_pybullet/worlds/benchmark_v4_hard/train/world_easy_double_block_seed_300321.yaml,300321,easy,double_block,2,5,4,9,True,5.2744,6.5335,1.2387,-1.14505,2.474241,-0.514326,3.523579,0.020013
train,/root/leo_ws/src/leo_pybullet/worlds/benchmark_v4_hard/train/world_medium_direct_block_seed_300322.yaml,300322,medium,direct_block,1,8,4,12,True,6.4627,7.6535,1.1843,1.445663,-1.289717,2.423425,-3.054472,3.348762
train,/root/leo_ws/src/leo_pybullet/worlds/benchmark_v4_hard/train/world_hard_clear_seed_300323.yaml,300323,hard,clear,0,10,4,14,False,5.499,5.9484,1.0817,-3.674447,-0.457691,-0.489472,1.452648,-2.445614
train,/root/leo_ws/src/leo_pybullet/worlds/benchmark_v4_hard/train/world_easy_double_block_seed_300324.yaml,300324,easy,double_block,2,3,4,7,True,5.8874,6.7404,1.1449,-1.932744,3.898807,-1.953897,-3.404311,-1.801706
train,/root/leo_ws/src/leo_pybullet/worlds/benchmark_v4_hard/train/world_medium_double_block_seed_300325.yaml,300325,medium,double_block,2,9,4,13,True,7.8421,8.9586,1.1424,3.376912,0.414353,-3.009321,-4.177778,-1.689108
train,/root/leo_ws/src/leo_pybullet/worlds/benchmark_v4_hard/train/world_hard_direct_block_seed_300326.yaml,300326,hard,direct_block,1,12,4,16,True,5.7238,6.8582,1.1982,-2.31268,-0.168579,0.339471,3.100244,1.692078
train,/root/leo_ws/src/leo_pybullet/worlds/benchmark_v4_hard/train/world_easy_clear_seed_300327.yaml,300327,easy,clear,0,4,4,8,False,5.0558,5.4547,1.0789,-1.582746,-0.498711,0.418171,2.999248,1.638315
train,/root/leo_ws/src/leo_pybullet/worlds/benchmark_v4_hard/train/world_medium_double_block_seed_300328.yaml,300328,medium,double_block,2,9,4,13,True,7.4171,9.4467,1.2736,3.72618,-2.467903,2.183807,-0.96282,3.278956
train,/root/leo_ws/src/leo_pybullet/worlds/benchmark_v4_hard/train/world_hard_double_block_seed_300329.yaml,300329,hard,double_block,2,13,4,17,True,8.203,9.5849,1.1685,2.506359,-3.808141,2.500245,-3.493024,1.786187
train,/root/leo_ws/src/leo_pybullet/worlds/benchmark_v4_hard/train/world_easy_direct_block_seed_300330.yaml,300330,easy,direct_block,1,4,4,8,True,8.0553,8.729,1.0836,4.216717,2.593249,3.068244,-3.822793,3.098076
train,/root/leo_ws/src/leo_pybullet/worlds/benchmark_v4_hard/train/world_medium_clear_seed_300331.yaml,300331,medium,clear,0,6,4,10,False,4.5486,4.7645,1.0475,-1.436676,-2.255358,-0.211937,3.016656,-3.181373
train,/root/leo_ws/src/leo_pybullet/worlds/benchmark_v4_hard/train/world_hard_double_block_seed_300332.yaml,300332,hard,double_block,2,12,4,16,True,6.0343,8.2135,1.3611,1.364998,2.959518,-2.523912,-3.246403,-0.932568
train,/root/leo_ws/src/leo_pybullet/worlds/benchmark_v4_hard/train/world_easy_double_block_seed_300333.yaml,300333,easy,double_block,2,5,4,9,True,4.8414,5.9153,1.2218,3.450387,3.755314,-2.33832,-0.246707,0.629471
train,/root/leo_ws/src/leo_pybullet/worlds/benchmark_v4_hard/train/world_medium_direct_block_seed_300334.yaml,300334,medium,direct_block,1,7,4,11,True,6.5512,7.6616,1.1695,-1.83744,0.539298,0.505852,3.953725,3.602087
train,/root/leo_ws/src/leo_pybullet/worlds/benchmark_v4_hard/train/world_hard_clear_seed_300335.yaml,300335,hard,clear,0,10,4,14,False,4.6355,4.6925,1.0123,0.752569,2.399786,-1.578146,1.064232,-2.225187
train,/root/leo_ws/src/leo_pybullet/worlds/benchmark_v4_hard/train/world_easy_double_block_seed_300336.yaml,300336,easy,double_block,2,5,4,9,True,7.5991,8.7986,1.1578,-1.800723,-1.407453,0.709038,3.848541,3.675092
train,/root/leo_ws/src/leo_pybullet/worlds/benchmark_v4_hard/train/world_medium_double_block_seed_300337.yaml,300337,medium,double_block,2,8,4,12,True,7.7814,8.7622,1.126,1.921472,3.291919,-1.249973,3.938429,-4.223527
train,/root/leo_ws/src/leo_pybullet/worlds/benchmark_v4_hard/train/world_hard_direct_block_seed_300338.yaml,300338,hard,direct_block,1,12,4,16,True,5.2134,6.4308,1.2335,1.378325,-1.277649,2.009917,-0.30268,3.657343
train,/root/leo_ws/src/leo_pybullet/worlds/benchmark_v4_hard/train/world_easy_clear_seed_300339.yaml,300339,easy,clear,0,4,4,8,False,7.26,7.8741,1.0846,-2.81579,4.008121,-1.242363,-0.400909,-2.838457
train,/root/leo_ws/src/leo_pybullet/worlds/benchmark_v4_hard/train/world_medium_double_block_seed_300340.yaml,300340,medium,double_block,2,6,4,10,True,5.5474,6.9633,1.2552,-1.348981,-3.210317,1.79442,-3.136766,2.041093
train,/root/leo_ws/src/leo_pybullet/worlds/benchmark_v4_hard/train/world_hard_double_block_seed_300341.yaml,300341,hard,double_block,2,14,4,18,True,5.566,8.5084,1.5286,-0.691329,-3.790402,1.573118,-0.415863,1.768754
train,/root/leo_ws/src/leo_pybullet/worlds/benchmark_v4_hard/train/world_easy_direct_block_seed_300342.yaml,300342,easy,direct_block,1,3,4,7,True,5.2892,6.2684,1.1851,0.832252,2.960465,-2.380652,-3.272664,-0.374972
train,/root/leo_ws/src/leo_pybullet/worlds/benchmark_v4_hard/train/world_medium_clear_seed_300343.yaml,300343,medium,clear,0,6,4,10,False,5.9279,6.1382,1.0355,3.864173,1.98567,-1.721617,3.178954,-3.902482
train,/root/leo_ws/src/leo_pybullet/worlds/benchmark_v4_hard/train/world_hard_double_block_seed_300344.yaml,300344,hard,double_block,2,13,4,17,True,7.408,8.8833,1.1991,3.755199,-0.989608,-2.725941,-3.059585,-3.894395
train,/root/leo_ws/src/leo_pybullet/worlds/benchmark_v4_hard/train/world_easy_double_block_seed_300345.yaml,300345,easy,double_block,2,4,4,8,True,5.8483,7.2227,1.235,2.123388,2.618871,-2.593335,-2.675872,-0.723184
train,/root/leo_ws/src/leo_pybullet/worlds/benchmark_v4_hard/train/world_medium_direct_block_seed_300346.yaml,300346,medium,direct_block,1,7,4,11,True,5.497,6.3016,1.1464,2.310615,-1.631275,2.215985,-0.614975,3.022546
train,/root/leo_ws/src/leo_pybullet/worlds/benchmark_v4_hard/train/world_hard_clear_seed_300347.yaml,300347,hard,clear,0,13,4,17,False,5.5391,5.9427,1.0729,0.200576,1.911248,-2.004645,-1.418215,-3.386018
train,/root/leo_ws/src/leo_pybullet/worlds/benchmark_v4_hard/train/world_easy_double_block_seed_300348.yaml,300348,easy,double_block,2,3,4,7,True,5.4674,6.569,1.2015,-0.02667,-3.428706,2.213227,-3.599879,0.709469
train,/root/leo_ws/src/leo_pybullet/worlds/benchmark_v4_hard/train/world_medium_double_block_seed_300349.yaml,300349,medium,double_block,2,9,4,13,True,7.2364,8.2855,1.145,2.364528,-3.726752,2.155872,-2.206974,1.882797
train,/root/leo_ws/src/leo_pybullet/worlds/benchmark_v4_hard/train/world_hard_direct_block_seed_300350.yaml,300350,hard,direct_block,1,13,4,17,True,6.5391,7.6147,1.1645,0.697796,-2.353788,2.059779,-2.516427,3.340831
train,/root/leo_ws/src/leo_pybullet/worlds/benchmark_v4_hard/train/world_easy_clear_seed_300351.yaml,300351,easy,clear,0,5,4,9,False,6.363,6.881,1.0814,-2.715758,2.868415,-1.056033,-0.375686,-3.048677
train,/root/leo_ws/src/leo_pybullet/worlds/benchmark_v4_hard/train/world_medium_double_block_seed_300352.yaml,300352,medium,double_block,2,9,4,13,True,5.7677,7.1702,1.2432,2.885641,-1.927617,2.92958,-2.857453,-1.395655
train,/root/leo_ws/src/leo_pybullet/worlds/benchmark_v4_hard/train/world_hard_double_block_seed_300353.yaml,300353,hard,double_block,2,10,4,14,True,7.4935,9.209,1.2289,3.894108,0.343303,2.790481,-2.928447,3.442522
train,/root/leo_ws/src/leo_pybullet/worlds/benchmark_v4_hard/train/world_easy_direct_block_seed_300354.yaml,300354,easy,direct_block,1,4,4,8,True,5.8093,6.5472,1.127,-0.456094,3.09823,-2.194427,-3.489757,-1.856084
train,/root/leo_ws/src/leo_pybullet/worlds/benchmark_v4_hard/train/world_medium_clear_seed_300355.yaml,300355,medium,clear,0,6,4,10,False,8.142,8.8261,1.084,-3.737027,1.850798,-0.392599,3.861714,-1.0735
train,/root/leo_ws/src/leo_pybullet/worlds/benchmark_v4_hard/train/world_hard_double_block_seed_300356.yaml,300356,hard,double_block,2,14,4,18,True,5.8728,9.6947,1.6508,1.899594,2.986804,-1.53034,1.999842,-2.88513
train,/root/leo_ws/src/leo_pybullet/worlds/benchmark_v4_hard/train/world_easy_double_block_seed_300357.yaml,300357,easy,double_block,2,3,4,7,True,5.087,6.3645,1.2511,-1.004791,0.56204,-1.12425,1.231309,-4.007183
train,/root/leo_ws/src/leo_pybullet/worlds/benchmark_v4_hard/train/world_medium_direct_block_seed_300358.yaml,300358,medium,direct_block,1,9,4,13,True,6.0356,6.8753,1.1391,-2.748165,2.972748,-1.620645,-2.408892,-3.053261
train,/root/leo_ws/src/leo_pybullet/worlds/benchmark_v4_hard/train/world_hard_clear_seed_300359.yaml,300359,hard,clear,0,10,4,14,False,4.5711,4.9496,1.0828,2.57554,2.53311,-2.005431,1.045584,-1.774398
train,/root/leo_ws/src/leo_pybullet/worlds/benchmark_v4_hard/train/world_easy_double_block_seed_300360.yaml,300360,easy,double_block,2,4,4,8,True,5.0584,6.0478,1.1956,0.646691,1.068411,2.777435,-4.218037,2.454784
train,/root/leo_ws/src/leo_pybullet/worlds/benchmark_v4_hard/train/world_medium_double_block_seed_300361.yaml,300361,medium,double_block,2,8,4,12,True,5.3572,6.9278,1.2932,-2.571117,-3.718554,0.270467,2.554873,-2.161543
train,/root/leo_ws/src/leo_pybullet/worlds/benchmark_v4_hard/train/world_hard_direct_block_seed_300362.yaml,300362,hard,direct_block,1,12,4,16,True,5.8942,6.9908,1.186,-2.895741,-3.057862,1.095146,-0.836803,2.465023
train,/root/leo_ws/src/leo_pybullet/worlds/benchmark_v4_hard/train/world_easy_clear_seed_300363.yaml,300363,easy,clear,0,4,4,8,False,4.574,4.9278,1.0774,-3.009576,2.778063,-1.067911,-0.780358,-1.215907
train,/root/leo_ws/src/leo_pybullet/worlds/benchmark_v4_hard/train/world_medium_double_block_seed_300364.yaml,300364,medium,double_block,2,6,4,10,True,5.0839,6.3816,1.2552,-3.637546,3.134859,-1.226372,-1.364582,-1.412673
train,/root/leo_ws/src/leo_pybullet/worlds/benchmark_v4_hard/train/world_hard_double_block_seed_300365.yaml,300365,hard,double_block,2,10,4,14,True,7.4141,11.5622,1.5595,3.932271,3.229698,-2.43294,-1.549961,-1.761724
train,/root/leo_ws/src/leo_pybullet/worlds/benchmark_v4_hard/train/world_easy_direct_block_seed_300366.yaml,300366,easy,direct_block,1,5,4,9,True,5.9475,7.0078,1.1783,-1.846424,-0.065851,-0.650309,2.949964,-3.582639
train,/root/leo_ws/src/leo_pybullet/worlds/benchmark_v4_hard/train/world_medium_clear_seed_300367.yaml,300367,medium,clear,0,9,4,13,False,5.4331,5.7861,1.065,3.293282,-3.599347,2.651523,-1.242254,-0.60814
train,/root/leo_ws/src/leo_pybullet/worlds/benchmark_v4_hard/train/world_hard_double_block_seed_300368.yaml,300368,hard,double_block,2,12,4,16,True,5.638,7.0902,1.2576,0.032128,-1.091548,2.076738,-3.155834,3.558569
train,/root/leo_ws/src/leo_pybullet/worlds/benchmark_v4_hard/train/world_easy_double_block_seed_300369.yaml,300369,easy,double_block,2,4,4,8,True,6.2249,7.0822,1.1377,3.9868,-1.981874,2.013583,1.980518,3.91088
train,/root/leo_ws/src/leo_pybullet/worlds/benchmark_v4_hard/train/world_medium_direct_block_seed_300370.yaml,300370,medium,direct_block,1,6,4,10,True,5.5382,6.2353,1.1259,2.315556,-2.032815,2.719639,-2.622758,0.474199
train,/root/leo_ws/src/leo_pybullet/worlds/benchmark_v4_hard/train/world_hard_clear_seed_300371.yaml,300371,hard,clear,0,14,4,18,False,5.8494,6.2192,1.0632,3.014673,1.882389,-2.721277,-1.993959,-1.139002
train,/root/leo_ws/src/leo_pybullet/worlds/benchmark_v4_hard/train/world_easy_double_block_seed_300372.yaml,300372,easy,double_block,2,4,4,8,True,8.825,10.0706,1.1411,-3.230358,4.22094,-1.029339,2.056967,-2.844785
train,/root/leo_ws/src/leo_pybullet/worlds/benchmark_v4_hard/train/world_medium_double_block_seed_300373.yaml,300373,medium,double_block,2,6,4,10,True,4.754,6.0639,1.2755,-0.267749,3.563597,-0.906892,2.828484,-0.043933
train,/root/leo_ws/src/leo_pybullet/worlds/benchmark_v4_hard/train/world_hard_direct_block_seed_300374.yaml,300374,hard,direct_block,1,13,4,17,True,5.7331,6.7176,1.1717,2.181369,2.284328,2.795766,-3.255267,4.104153
train,/root/leo_ws/src/leo_pybullet/worlds/benchmark_v4_hard/train/world_easy_clear_seed_300375.yaml,300375,easy,clear,0,3,4,7,False,5.9993,6.0331,1.0056,4.058581,3.83245,-1.554388,3.922143,-2.165345
train,/root/leo_ws/src/leo_pybullet/worlds/benchmark_v4_hard/train/world_medium_double_block_seed_300376.yaml,300376,medium,double_block,2,9,4,13,True,5.6758,6.6878,1.1783,3.152727,2.518584,-3.039894,-2.522914,2.564029
train,/root/leo_ws/src/leo_pybullet/worlds/benchmark_v4_hard/train/world_hard_double_block_seed_300377.yaml,300377,hard,double_block,2,14,4,18,True,7.3062,9.5049,1.3009,1.499979,-3.56036,1.343737,3.369602,3.502599
train,/root/leo_ws/src/leo_pybullet/worlds/benchmark_v4_hard/train/world_easy_direct_block_seed_300378.yaml,300378,easy,direct_block,1,4,4,8,True,6.4768,7.1735,1.1076,-0.62947,3.670819,-1.837029,-2.787172,-2.436024
train,/root/leo_ws/src/leo_pybullet/worlds/benchmark_v4_hard/train/world_medium_clear_seed_300379.yaml,300379,medium,clear,0,8,4,12,False,5.2476,5.681,1.0826,-0.841168,0.511049,-1.060974,1.489647,-4.190465
train,/root/leo_ws/src/leo_pybullet/worlds/benchmark_v4_hard/train/world_hard_double_block_seed_300380.yaml,300380,hard,double_block,2,11,4,15,True,4.6567,6.409,1.3763,-3.422224,2.123096,0.069779,1.227689,1.870886
train,/root/leo_ws/src/leo_pybullet/worlds/benchmark_v4_hard/train/world_easy_double_block_seed_300381.yaml,300381,easy,double_block,2,5,4,9,True,4.9608,6.1576,1.2413,0.730153,-3.818305,2.970569,-4.01403,-2.368283
train,/root/leo_ws/src/leo_pybullet/worlds/benchmark_v4_hard/train/world_medium_direct_block_seed_300382.yaml,300382,medium,direct_block,1,8,4,12,True,7.9714,9.2043,1.1547,1.920518,-3.500334,2.413201,-3.842622,2.006926
train,/root/leo_ws/src/leo_pybullet/worlds/benchmark_v4_hard/train/world_hard_clear_seed_300383.yaml,300383,hard,clear,0,13,4,17,False,6.9639,7.0925,1.0185,1.60308,-3.096596,1.651436,1.352118,3.862783
train,/root/leo_ws/src/leo_pybullet/worlds/benchmark_v4_hard/train/world_easy_double_block_seed_300384.yaml,300384,easy,double_block,2,5,4,9,True,4.7271,5.9371,1.256,0.303018,-3.684934,2.32329,-3.103402,-0.407427
train,/root/leo_ws/src/leo_pybullet/worlds/benchmark_v4_hard/train/world_medium_double_block_seed_300385.yaml,300385,medium,double_block,2,7,4,11,True,6.2045,7.6227,1.2286,0.38935,-2.412402,1.990069,-2.900115,2.84833
train,/root/leo_ws/src/leo_pybullet/worlds/benchmark_v4_hard/train/world_hard_direct_block_seed_300386.yaml,300386,hard,direct_block,1,12,4,16,True,5.0867,11.4604,2.253,-4.094212,2.217938,-1.258433,-2.791234,-2.699095
train,/root/leo_ws/src/leo_pybullet/worlds/benchmark_v4_hard/train/world_easy_clear_seed_300387.yaml,300387,easy,clear,0,5,4,9,False,5.9545,6.3049,1.0589,2.714853,-2.488111,2.666198,-2.179376,0.90338
train,/root/leo_ws/src/leo_pybullet/worlds/benchmark_v4_hard/train/world_medium_double_block_seed_300388.yaml,300388,medium,double_block,2,8,4,12,True,7.9242,9.0523,1.1424,0.66844,3.053088,-1.945797,-2.68599,-4.126091
train,/root/leo_ws/src/leo_pybullet/worlds/benchmark_v4_hard/train/world_hard_double_block_seed_300389.yaml,300389,hard,double_block,2,12,4,16,True,6.8464,9.9872,1.4588,2.325666,-3.909213,2.394885,-2.682148,0.759285
train,/root/leo_ws/src/leo_pybullet/worlds/benchmark_v4_hard/train/world_easy_direct_block_seed_300390.yaml,300390,easy,direct_block,1,5,4,9,True,5.1208,5.8741,1.1471,2.008166,1.245749,-2.637119,-2.619675,-0.946446
train,/root/leo_ws/src/leo_pybullet/worlds/benchmark_v4_hard/train/world_medium_clear_seed_300391.yaml,300391,medium,clear,0,6,4,10,False,4.894,5.0982,1.0417,3.277366,-0.869953,1.636102,2.524124,3.965691
train,/root/leo_ws/src/leo_pybullet/worlds/benchmark_v4_hard/train/world_hard_double_block_seed_300392.yaml,300392,hard,double_block,2,12,4,16,True,4.7387,6.2022,1.3088,-3.191597,2.280619,-0.580908,1.010483,0.090192
train,/root/leo_ws/src/leo_pybullet/worlds/benchmark_v4_hard/train/world_easy_double_block_seed_300393.yaml,300393,easy,double_block,2,4,4,8,True,8.3662,9.1735,1.0965,3.808378,4.100573,-1.831722,0.907181,-3.746456
train,/root/leo_ws/src/leo_pybullet/worlds/benchmark_v4_hard/train/world_medium_direct_block_seed_300394.yaml,300394,medium,direct_block,1,6,4,10,True,8.9277,10.0157,1.1219,-3.940029,2.403539,-0.915322,2.14065,-4.133237
train,/root/leo_ws/src/leo_pybullet/worlds/benchmark_v4_hard/train/world_hard_clear_seed_300395.yaml,300395,hard,clear,0,13,4,17,False,5.7588,5.7369,0.9962,-0.191125,-4.149846,0.866327,3.814345,-0.012161
train,/root/leo_ws/src/leo_pybullet/worlds/benchmark_v4_hard/train/world_easy_double_block_seed_300396.yaml,300396,easy,double_block,2,4,4,8,True,4.9065,6.0227,1.2275,0.291193,-4.127882,2.252603,-2.989328,-0.47935
train,/root/leo_ws/src/leo_pybullet/worlds/benchmark_v4_hard/train/world_medium_double_block_seed_300397.yaml,300397,medium,double_block,2,8,4,12,True,6.3913,7.7084,1.2061,3.321509,2.785508,-2.258122,-0.360017,-2.438922
train,/root/leo_ws/src/leo_pybullet/worlds/benchmark_v4_hard/train/world_hard_direct_block_seed_300398.yaml,300398,hard,direct_block,1,10,4,14,True,4.5525,5.6971,1.2514,-2.032616,0.426662,0.79411,0.773182,4.011763
train,/root/leo_ws/src/leo_pybullet/worlds/benchmark_v4_hard/train/world_easy_clear_seed_300399.yaml,300399,easy,clear,0,3,4,7,False,4.8607,5.1267,1.0547,-3.56105,-1.377099,-0.587177,0.439169,-4.138316
train,/root/leo_ws/src/leo_pybullet/worlds/benchmark_v4_hard/train/world_medium_double_block_seed_300400.yaml,300400,medium,double_block,2,8,4,12,True,8.4501,9.6706,1.1444,-3.715244,3.828842,-0.773911,1.710823,-2.648914
train,/root/leo_ws/src/leo_pybullet/worlds/benchmark_v4_hard/train/world_hard_double_block_seed_300401.yaml,300401,hard,double_block,2,14,4,18,True,4.5814,6.1633,1.3453,-2.826949,-0.077764,0.098357,1.754141,-0.025314
train,/root/leo_ws/src/leo_pybullet/worlds/benchmark_v4_hard/train/world_easy_direct_block_seed_300402.yaml,300402,easy,direct_block,1,5,4,9,True,4.651,5.6696,1.219,-2.618451,3.617085,-0.599557,0.851713,0.520369
train,/root/leo_ws/src/leo_pybullet/worlds/benchmark_v4_hard/train/world_medium_clear_seed_300403.yaml,300403,medium,clear,0,6,4,10,False,4.91,5.2171,1.0625,-2.186127,3.563931,-1.894059,-3.398654,-1.193955
train,/root/leo_ws/src/leo_pybullet/worlds/benchmark_v4_hard/train/world_hard_double_block_seed_300404.yaml,300404,hard,double_block,2,13,4,17,True,5.4205,6.8227,1.2587,-3.454225,-0.810531,-0.509579,0.902813,-4.035075
train,/root/leo_ws/src/leo_pybullet/worlds/benchmark_v4_hard/train/world_easy_double_block_seed_300405.yaml,300405,easy,double_block,2,4,4,8,True,5.5883,6.3896,1.1434,2.694858,2.802942,3.017794,-2.879941,3.191451
train,/root/leo_ws/src/leo_pybullet/worlds/benchmark_v4_hard/train/world_medium_direct_block_seed_300406.yaml,300406,medium,direct_block,1,7,4,11,True,6.8727,8.0729,1.1746,2.032058,-4.133719,2.437405,-2.888681,0.664255
train,/root/leo_ws/src/leo_pybullet/worlds/benchmark_v4_hard/train/world_hard_clear_seed_300407.yaml,300407,hard,clear,0,13,4,17,False,5.8712,5.9725,1.0173,-1.951008,-3.281618,-0.032498,3.909413,-3.637771
train,/root/leo_ws/src/leo_pybullet/worlds/benchmark_v4_hard/train/world_easy_double_block_seed_300408.yaml,300408,easy,double_block,2,3,4,7,True,7.9029,8.8592,1.121,3.669859,2.972077,-2.624524,-3.396674,-0.56618
train,/root/leo_ws/src/leo_pybullet/worlds/benchmark_v4_hard/train/world_medium_double_block_seed_300409.yaml,300409,medium,double_block,2,6,4,10,True,7.4692,8.7541,1.172,-2.855317,-1.134881,0.417964,3.650505,2.53426
train,/root/leo_ws/src/leo_pybullet/worlds/benchmark_v4_hard/train/world_hard_direct_block_seed_300410.yaml,300410,hard,direct_block,1,14,4,18,True,6.8884,9.1233,1.3244,0.329518,1.744139,-2.176957,-3.184785,-4.180367
train,/root/leo_ws/src/leo_pybullet/worlds/benchmark_v4_hard/train/world_easy_clear_seed_300411.yaml,300411,easy,clear,0,3,4,7,False,6.7273,7.2559,1.0786,3.634283,-2.462527,-2.959227,-2.894591,-4.084558
train,/root/leo_ws/src/leo_pybullet/worlds/benchmark_v4_hard/train/world_medium_double_block_seed_300412.yaml,300412,medium,double_block,2,9,4,13,True,4.7171,8.0729,1.7114,2.099374,1.100667,2.691644,-2.221624,2.992708
train,/root/leo_ws/src/leo_pybullet/worlds/benchmark_v4_hard/train/world_hard_double_block_seed_300413.yaml,300413,hard,double_block,2,11,4,15,True,4.6801,6.1359,1.3111,0.197244,-2.220359,0.506408,4.07385,0.401714
train,/root/leo_ws/src/leo_pybullet/worlds/benchmark_v4_hard/train/world_easy_direct_block_seed_300414.yaml,300414,easy,direct_block,1,3,4,7,True,6.5592,7.5461,1.1505,-3.589263,-0.530405,0.724027,1.360294,3.773647
train,/root/leo_ws/src/leo_pybullet/worlds/benchmark_v4_hard/train/world_medium_clear_seed_300415.yaml,300415,medium,clear,0,9,4,13,False,5.5186,5.9039,1.0698,1.340575,-1.171277,1.49864,2.412692,4.242221
train,/root/leo_ws/src/leo_pybullet/worlds/benchmark_v4_hard/train/world_hard_double_block_seed_300416.yaml,300416,hard,double_block,2,11,4,15,True,4.5013,6.0365,1.3411,1.219382,-3.248094,-3.11144,-3.253832,-3.749835
train,/root/leo_ws/src/leo_pybullet/worlds/benchmark_v4_hard/train/world_easy_double_block_seed_300417.yaml,300417,easy,double_block,2,3,4,7,True,4.6716,5.9371,1.2709,-3.532599,-2.644085,0.748881,-0.022319,0.438434
train,/root/leo_ws/src/leo_pybullet/worlds/benchmark_v4_hard/train/world_medium_direct_block_seed_300418.yaml,300418,medium,direct_block,1,6,4,10,True,6.9338,7.9872,1.1519,2.75741,0.909325,2.777238,-3.570878,3.743192
train,/root/leo_ws/src/leo_pybullet/worlds/benchmark_v4_hard/train/world_hard_clear_seed_300419.yaml,300419,hard,clear,0,14,4,18,False,5.1357,5.5427,1.0793,3.882354,-1.876884,-2.724805,-1.003408,-3.459604
train,/root/leo_ws/src/leo_pybullet/worlds/benchmark_v4_hard/train/world_easy_double_block_seed_300420.yaml,300420,easy,double_block,2,3,4,7,True,5.4967,6.481,1.1791,1.845056,1.567691,2.93193,-3.625537,2.102512
train,/root/leo_ws/src/leo_pybullet/worlds/benchmark_v4_hard/train/world_medium_double_block_seed_300421.yaml,300421,medium,double_block,2,8,4,12,True,6.4423,7.3553,1.1417,-2.424302,3.314838,-0.149507,4.01391,3.084346
train,/root/leo_ws/src/leo_pybullet/worlds/benchmark_v4_hard/train/world_hard_direct_block_seed_300422.yaml,300422,hard,direct_block,1,14,4,18,True,6.8758,9.6308,1.4007,3.641206,-1.554605,2.349412,-1.751244,2.711283
train,/root/leo_ws/src/leo_pybullet/worlds/benchmark_v4_hard/train/world_easy_clear_seed_300423.yaml,300423,easy,clear,0,5,4,9,False,7.7936,8.1014,1.0395,2.192211,3.31078,-2.492055,-3.868836,-1.588612
train,/root/leo_ws/src/leo_pybullet/worlds/benchmark_v4_hard/train/world_medium_double_block_seed_300424.yaml,300424,medium,double_block,2,9,4,13,True,8.2385,9.6261,1.1684,-1.290753,3.750753,-1.131645,3.094329,-3.22382
train,/root/leo_ws/src/leo_pybullet/worlds/benchmark_v4_hard/train/world_hard_double_block_seed_300425.yaml,300425,hard,double_block,2,11,4,15,True,5.0991,6.4971,1.2742,-3.98623,-1.786928,0.85053,-0.784891,2.181947
train,/root/leo_ws/src/leo_pybullet/worlds/benchmark_v4_hard/train/world_easy_direct_block_seed_300426.yaml,300426,easy,direct_block,1,5,4,9,True,8.3802,9.0822,1.0838,3.955319,4.227407,-1.478812,4.035495,-4.152436
train,/root/leo_ws/src/leo_pybullet/worlds/benchmark_v4_hard/train/world_medium_clear_seed_300427.yaml,300427,medium,clear,0,8,4,12,False,5.8008,5.9394,1.0239,-1.40281,-4.172516,1.645807,-1.167147,1.623475
train,/root/leo_ws/src/leo_pybullet/worlds/benchmark_v4_hard/train/world_hard_double_block_seed_300428.yaml,300428,hard,double_block,2,10,4,14,True,6.7596,7.8935,1.1677,-0.68913,-3.532512,1.700054,-1.081193,3.215711
train,/root/leo_ws/src/leo_pybullet/worlds/benchmark_v4_hard/train/world_easy_double_block_seed_300429.yaml,300429,easy,double_block,2,4,4,8,True,7.858,8.9174,1.1348,3.816219,-3.710433,2.492365,-1.866902,1.716332
train,/root/leo_ws/src/leo_pybullet/worlds/benchmark_v4_hard/train/world_medium_direct_block_seed_300430.yaml,300430,medium,direct_block,1,8,4,12,True,6.4955,7.369,1.1345,-2.003791,-3.10571,1.588849,-2.172165,3.387613
train,/root/leo_ws/src/leo_pybullet/worlds/benchmark_v4_hard/train/world_hard_clear_seed_300431.yaml,300431,hard,clear,0,14,4,18,False,6.4833,6.9359,1.0698,1.665472,-3.722341,1.971314,-0.040645,2.532407
train,/root/leo_ws/src/leo_pybullet/worlds/benchmark_v4_hard/train/world_easy_double_block_seed_300432.yaml,300432,easy,double_block,2,4,4,8,True,6.7245,7.8935,1.1738,2.562015,-2.618233,2.13716,-1.759468,2.53383
train,/root/leo_ws/src/leo_pybullet/worlds/benchmark_v4_hard/train/world_medium_double_block_seed_300433.yaml,300433,medium,double_block,2,7,4,11,True,5.7193,6.7759,1.1847,1.904947,3.565704,-3.047219,-3.812288,3.413571
train,/root/leo_ws/src/leo_pybullet/worlds/benchmark_v4_hard/train/world_hard_direct_block_seed_300434.yaml,300434,hard,direct_block,1,10,4,14,True,4.8152,5.9839,1.2427,2.978448,0.966137,3.120215,-1.780326,1.700832
train,/root/leo_ws/src/leo_pybullet/worlds/benchmark_v4_hard/train/world_easy_clear_seed_300435.yaml,300435,easy,clear,0,5,4,9,False,6.1016,6.5884,1.0798,0.856998,-2.794093,1.231628,2.80564,2.987942
train,/root/leo_ws/src/leo_pybullet/worlds/benchmark_v4_hard/train/world_medium_double_block_seed_300436.yaml,300436,medium,double_block,2,7,4,11,True,6.3871,7.5233,1.1779,4.14762,2.485508,-2.935473,-2.16044,1.483668
train,/root/leo_ws/src/leo_pybullet/worlds/benchmark_v4_hard/train/world_hard_double_block_seed_300437.yaml,300437,hard,double_block,2,10,4,14,True,5.5322,6.9141,1.2498,-2.225781,-0.953051,-0.066363,3.305429,-0.846816
train,/root/leo_ws/src/leo_pybullet/worlds/benchmark_v4_hard/train/world_easy_direct_block_seed_300438.yaml,300438,easy,direct_block,1,4,4,8,True,4.9212,5.929,1.2048,-2.090838,-1.299911,0.635946,1.769955,1.751745
train,/root/leo_ws/src/leo_pybullet/worlds/benchmark_v4_hard/train/world_medium_clear_seed_300439.yaml,300439,medium,clear,0,8,4,12,False,6.2667,6.6386,1.0593,3.563768,3.492571,-2.167079,0.256242,-1.830205
train,/root/leo_ws/src/leo_pybullet/worlds/benchmark_v4_hard/train/world_hard_double_block_seed_300440.yaml,300440,hard,double_block,2,13,4,17,True,5.486,6.801,1.2397,-3.356031,2.385238,-0.474827,1.306734,-0.505185
train,/root/leo_ws/src/leo_pybullet/worlds/benchmark_v4_hard/train/world_easy_double_block_seed_300441.yaml,300441,easy,double_block,2,4,4,8,True,6.2051,7.3747,1.1885,2.493947,0.526273,2.533853,-2.545991,4.145927
train,/root/leo_ws/src/leo_pybullet/worlds/benchmark_v4_hard/train/world_medium_direct_block_seed_300442.yaml,300442,medium,direct_block,1,6,4,10,True,6.6667,7.7004,1.1551,-3.439389,-2.500143,1.54263,-2.94084,4.147867
train,/root/leo_ws/src/leo_pybullet/worlds/benchmark_v4_hard/train/world_hard_clear_seed_300443.yaml,300443,hard,clear,0,11,4,15,False,5.7956,6.1633,1.0635,-0.167073,-2.869123,1.342518,1.121002,2.781502
train,/root/leo_ws/src/leo_pybullet/worlds/benchmark_v4_hard/train/world_easy_double_block_seed_300444.yaml,300444,easy,double_block,2,5,4,9,True,6.0364,6.8753,1.139,4.227507,-3.066449,1.957801,1.666259,2.399623
train,/root/leo_ws/src/leo_pybullet/worlds/benchmark_v4_hard/train/world_medium_double_block_seed_300445.yaml,300445,medium,double_block,2,6,4,10,True,7.1233,8.1004,1.1372,-2.798979,-2.167683,0.316919,4.155642,-0.626859
train,/root/leo_ws/src/leo_pybullet/worlds/benchmark_v4_hard/train/world_hard_direct_block_seed_300446.yaml,300446,hard,direct_block,1,13,4,17,True,7.6792,9.0135,1.1738,-4.007741,-0.436226,0.599462,2.580806,3.50856
train,/root/leo_ws/src/leo_pybullet/worlds/benchmark_v4_hard/train/world_easy_clear_seed_300447.yaml,300447,easy,clear,0,5,4,9,False,4.5428,4.7782,1.0518,2.577622,3.2926,-2.960963,-1.916448,2.629248
train,/root/leo_ws/src/leo_pybullet/worlds/benchmark_v4_hard/train/world_medium_double_block_seed_300448.yaml,300448,medium,double_block,2,7,4,11,True,5.7103,6.881,1.205,-2.609401,-2.370945,0.32487,3.001798,-1.311759
train,/root/leo_ws/src/leo_pybullet/worlds/benchmark_v4_hard/train/world_hard_double_block_seed_300449.yaml,300449,hard,double_block,2,12,4,16,True,6.1346,8.5027,1.386,1.44954,-2.716499,2.151127,-1.792532,2.491355
validation,/root/leo_ws/src/leo_pybullet/worlds/benchmark_v4_hard/validation/world_easy_double_block_seed_400000.yaml,400000,easy,double_block,2,3,4,7,True,4.7666,5.7496,1.2062,1.600996,-0.917551,2.274861,-1.176607,2.956069
validation,/root/leo_ws/src/leo_pybullet/worlds/benchmark_v4_hard/validation/world_medium_double_block_seed_400001.yaml,400001,medium,double_block,2,6,4,10,True,6.1912,7.5953,1.2268,1.105792,3.641151,-2.389339,-3.146113,-0.859141
validation,/root/leo_ws/src/leo_pybullet/worlds/benchmark_v4_hard/validation/world_hard_direct_block_seed_400002.yaml,400002,hard,direct_block,1,11,4,15,True,6.2544,8.0947,1.2942,2.312115,-1.242958,-2.87873,-3.662258,-3.093439
validation,/root/leo_ws/src/leo_pybullet/worlds/benchmark_v4_hard/validation/world_easy_clear_seed_400003.yaml,400003,easy,clear,0,4,4,8,False,5.5423,5.7714,1.0413,2.356713,-1.885165,1.366473,3.162374,3.598303
validation,/root/leo_ws/src/leo_pybullet/worlds/benchmark_v4_hard/validation/world_medium_double_block_seed_400004.yaml,400004,medium,double_block,2,8,4,12,True,7.896,9.1986,1.165,-2.650546,3.59261,-0.618891,3.160743,-1.753055
validation,/root/leo_ws/src/leo_pybullet/worlds/benchmark_v4_hard/validation/world_hard_double_block_seed_400005.yaml,400005,hard,double_block,2,13,4,17,True,4.8098,6.6078,1.3738,4.007664,3.76061,-2.990702,-0.622618,2.45865
validation,/root/leo_ws/src/leo_pybullet/worlds/benchmark_v4_hard/validation/world_easy_direct_block_seed_400006.yaml,400006,easy,direct_block,1,3,4,7,True,7.7227,8.7712,1.1358,2.383262,2.890759,-2.407809,-2.756359,-2.873352
validation,/root/leo_ws/src/leo_pybullet/worlds/benchmark_v4_hard/validation/world_medium_clear_seed_400007.yaml,400007,medium,clear,0,9,4,13,False,6.0956,6.3645,1.0441,-3.887296,4.187484,-0.034478,2.148853,3.338421
validation,/root/leo_ws/src/leo_pybullet/worlds/benchmark_v4_hard/validation/world_hard_double_block_seed_400008.yaml,400008,hard,double_block,2,14,4,18,True,5.925,7.7747,1.3122,-3.460167,-2.823113,-0.109131,2.306978,-4.181822
validation,/root/leo_ws/src/leo_pybullet/worlds/benchmark_v4_hard/validation/world_easy_double_block_seed_400009.yaml,400009,easy,double_block,2,4,4,8,True,6.1164,7.1404,1.1674,-2.945009,2.248807,-0.81067,1.610003,-1.833192
validation,/root/leo_ws/src/leo_pybullet/worlds/benchmark_v4_hard/validation/world_medium_direct_block_seed_400010.yaml,400010,medium,direct_block,1,9,4,13,True,7.2851,8.2192,1.1282,3.263787,-2.77442,2.005232,-0.614905,3.392298
validation,/root/leo_ws/src/leo_pybullet/worlds/benchmark_v4_hard/validation/world_hard_clear_seed_400011.yaml,400011,hard,clear,0,12,4,16,False,6.6801,7.0637,1.0574,-3.249083,0.924326,-0.485359,2.183788,-2.962511
validation,/root/leo_ws/src/leo_pybullet/worlds/benchmark_v4_hard/validation/world_easy_double_block_seed_400012.yaml,400012,easy,double_block,2,5,4,9,True,4.8727,5.8547,1.2015,-1.105001,-3.427884,0.147579,3.689457,-2.558214
validation,/root/leo_ws/src/leo_pybullet/worlds/benchmark_v4_hard/validation/world_medium_double_block_seed_400013.yaml,400013,medium,double_block,2,7,4,11,True,8.0189,9.0272,1.1258,-3.820483,1.08619,0.072269,4.176788,1.674089
validation,/root/leo_ws/src/leo_pybullet/worlds/benchmark_v4_hard/validation/world_hard_direct_block_seed_400014.yaml,400014,hard,direct_block,1,12,4,16,True,4.798,6.0171,1.2541,-2.249499,-3.66919,1.686831,-2.978877,1.073027
validation,/root/leo_ws/src/leo_pybullet/worlds/benchmark_v4_hard/validation/world_easy_clear_seed_400015.yaml,400015,easy,clear,0,4,4,8,False,5.8909,6.0525,1.0274,-2.19319,-1.926624,0.052949,3.688785,-2.250309
validation,/root/leo_ws/src/leo_pybullet/worlds/benchmark_v4_hard/validation/world_medium_double_block_seed_400016.yaml,400016,medium,double_block,2,6,4,10,True,4.7992,6.0445,1.2595,-2.011972,1.692794,-2.038813,-4.093737,-2.631351
validation,/root/leo_ws/src/leo_pybullet/worlds/benchmark_v4_hard/validation/world_hard_double_block_seed_400017.yaml,400017,hard,double_block,2,10,4,14,True,4.8492,6.3896,1.3177,-1.153398,-0.299474,2.156787,-4.096843,3.554239
validation,/root/leo_ws/src/leo_pybullet/worlds/benchmark_v4_hard/validation/world_easy_direct_block_seed_400018.yaml,400018,easy,direct_block,1,3,4,7,True,7.7655,8.8843,1.1441,3.553089,-2.923731,2.450928,-2.01171,2.492588
validation,/root/leo_ws/src/leo_pybullet/worlds/benchmark_v4_hard/validation/world_medium_clear_seed_400019.yaml,400019,medium,clear,0,6,4,10,False,6.406,6.9335,1.0824,1.405595,-3.314195,2.039078,-1.24263,2.518759
validation,/root/leo_ws/src/leo_pybullet/worlds/benchmark_v4_hard/validation/world_hard_double_block_seed_400020.yaml,400020,hard,double_block,2,13,4,17,True,4.6598,6.2159,1.334,-3.798049,2.530268,0.146323,0.816834,3.175371
validation,/root/leo_ws/src/leo_pybullet/worlds/benchmark_v4_hard/validation/world_easy_double_block_seed_400021.yaml,400021,easy,double_block,2,5,4,9,True,5.4639,6.4502,1.1805,1.65561,0.607287,-2.751976,-3.414021,-1.430735
validation,/root/leo_ws/src/leo_pybullet/worlds/benchmark_v4_hard/validation/world_medium_direct_block_seed_400022.yaml,400022,medium,direct_block,1,6,4,10,True,4.8019,5.7965,1.2071,3.08808,-0.181843,2.188733,0.613641,3.933472
validation,/root/leo_ws/src/leo_pybullet/worlds/benchmark_v4_hard/validation/world_hard_clear_seed_400023.yaml,400023,hard,clear,0,14,4,18,False,4.511,4.8616,1.0777,0.647482,-1.489268,2.770211,-3.343298,0.613735
validation,/root/leo_ws/src/leo_pybullet/worlds/benchmark_v4_hard/validation/world_easy_double_block_seed_400024.yaml,400024,easy,double_block,2,4,4,8,True,6.3708,7.3667,1.1563,-1.874848,-3.151995,0.757375,3.100332,0.827227
validation,/root/leo_ws/src/leo_pybullet/worlds/benchmark_v4_hard/validation/world_medium_double_block_seed_400025.yaml,400025,medium,double_block,2,6,4,10,True,8.5535,10.1667,1.1886,-3.81986,-3.293257,0.430946,3.432622,1.241571
validation,/root/leo_ws/src/leo_pybullet/worlds/benchmark_v4_hard/validation/world_hard_direct_block_seed_400026.yaml,400026,hard,direct_block,1,10,4,14,True,6.7789,8.1004,1.1949,3.532429,1.450723,-2.367547,-0.820167,-3.746205
validation,/root/leo_ws/src/leo_pybullet/worlds/benchmark_v4_hard/validation/world_easy_clear_seed_400027.yaml,400027,easy,clear,0,3,4,7,False,7.4504,7.7482,1.04,-1.908123,-2.884581,0.821996,2.903173,2.803975
validation,/root/leo_ws/src/leo_pybullet/worlds/benchmark_v4_hard/validation/world_medium_double_block_seed_400028.yaml,400028,medium,double_block,2,6,4,10,True,7.6641,8.7896,1.1468,-3.694963,-1.859655,-0.352981,3.589065,-4.243333
validation,/root/leo_ws/src/leo_pybullet/worlds/benchmark_v4_hard/validation/world_hard_double_block_seed_400029.yaml,400029,hard,double_block,2,10,4,14,True,6.8189,8.3096,1.2186,-2.894006,3.981225,-1.119045,-0.130517,-2.252547
validation,/root/leo_ws/src/leo_pybullet/worlds/benchmark_v4_hard/validation/world_easy_direct_block_seed_400030.yaml,400030,easy,direct_block,1,3,4,7,True,5.2959,6.1884,1.1685,-3.150261,-3.270407,0.817805,-0.070801,1.038073
validation,/root/leo_ws/src/leo_pybullet/worlds/benchmark_v4_hard/validation/world_medium_clear_seed_400031.yaml,400031,medium,clear,0,9,4,13,False,6.0224,6.232,1.0348,-2.455605,2.482839,-1.772834,-2.966003,-3.517895
validation,/root/leo_ws/src/leo_pybullet/worlds/benchmark_v4_hard/validation/world_hard_double_block_seed_400032.yaml,400032,hard,double_block,2,14,4,18,True,7.2818,8.7404,1.2003,1.364132,2.226686,-2.387078,-3.585744,-3.114081
validation,/root/leo_ws/src/leo_pybullet/worlds/benchmark_v4_hard/validation/world_easy_double_block_seed_400033.yaml,400033,easy,double_block,2,4,4,8,True,7.2325,8.1449,1.1262,1.653067,-4.094697,2.289675,-2.572194,1.775252
validation,/root/leo_ws/src/leo_pybullet/worlds/benchmark_v4_hard/validation/world_medium_direct_block_seed_400034.yaml,400034,medium,direct_block,1,8,4,12,True,4.6132,5.4878,1.1896,3.354663,0.920304,2.767217,-0.861367,2.792873
validation,/root/leo_ws/src/leo_pybullet/worlds/benchmark_v4_hard/validation/world_hard_clear_seed_400035.yaml,400035,hard,clear,0,13,4,17,False,6.5994,6.8251,1.0342,-1.486255,2.509872,-1.56556,-2.119482,-4.05906
validation,/root/leo_ws/src/leo_pybullet/worlds/benchmark_v4_hard/validation/world_easy_double_block_seed_400036.yaml,400036,easy,double_block,2,5,4,9,True,4.5928,5.769,1.2561,0.896388,-2.702178,1.565998,1.227779,1.87865
validation,/root/leo_ws/src/leo_pybullet/worlds/benchmark_v4_hard/validation/world_medium_double_block_seed_400037.yaml,400037,medium,double_block,2,8,4,12,True,7.0985,8.0867,1.1392,-3.650433,3.0426,-0.307235,3.337351,1.79372
validation,/root/leo_ws/src/leo_pybullet/worlds/benchmark_v4_hard/validation/world_hard_direct_block_seed_400038.yaml,400038,hard,direct_block,1,12,4,16,True,5.2142,6.3782,1.2232,-2.475751,-0.485526,-0.293236,2.416325,-2.289784
validation,/root/leo_ws/src/leo_pybullet/worlds/benchmark_v4_hard/validation/world_easy_clear_seed_400039.yaml,400039,easy,clear,0,5,4,9,False,6.7593,7.2649,1.0748,-2.58555,-3.158277,1.135616,0.802699,2.69043
validation,/root/leo_ws/src/leo_pybullet/worlds/benchmark_v4_hard/validation/world_medium_double_block_seed_400040.yaml,400040,medium,double_block,2,9,4,13,True,6.7028,8.4971,1.2677,1.747495,2.645141,-1.7877,-0.545063,-3.65343
validation,/root/leo_ws/src/leo_pybullet/worlds/benchmark_v4_hard/validation/world_hard_double_block_seed_400041.yaml,400041,hard,double_block,2,13,4,17,True,6.9943,12.3106,1.7601,-3.990052,-3.709569,1.16573,-2.065263,3.014673
validation,/root/leo_ws/src/leo_pybullet/worlds/benchmark_v4_hard/validation/world_easy_direct_block_seed_400042.yaml,400042,easy,direct_block,1,4,4,8,True,5.9014,6.5141,1.1038,-1.52721,2.69826,-1.848375,-3.464835,-2.875929
validation,/root/leo_ws/src/leo_pybullet/worlds/benchmark_v4_hard/validation/world_medium_clear_seed_400043.yaml,400043,medium,clear,0,7,4,11,False,4.7736,5.0045,1.0484,3.837547,-1.039104,1.730291,2.949482,3.651185
validation,/root/leo_ws/src/leo_pybullet/worlds/benchmark_v4_hard/validation/world_hard_double_block_seed_400044.yaml,400044,hard,double_block,2,14,4,18,True,5.0793,6.5988,1.2992,-3.392309,-2.665983,-0.228981,1.525077,-3.938136
validation,/root/leo_ws/src/leo_pybullet/worlds/benchmark_v4_hard/validation/world_easy_double_block_seed_400045.yaml,400045,easy,double_block,2,3,4,7,True,4.9181,6.0696,1.2341,3.389184,-0.022279,2.343602,-0.275259,3.257885
validation,/root/leo_ws/src/leo_pybullet/worlds/benchmark_v4_hard/validation/world_medium_direct_block_seed_400046.yaml,400046,medium,direct_block,1,7,4,11,True,4.5865,5.4159,1.1808,-1.723751,2.637955,-0.074146,2.854733,2.367365
validation,/root/leo_ws/src/leo_pybullet/worlds/benchmark_v4_hard/validation/world_hard_clear_seed_400047.yaml,400047,hard,clear,0,13,4,17,False,4.5548,4.56,1.0011,-2.449717,-0.80625,1.555725,-2.430169,3.748497
validation,/root/leo_ws/src/leo_pybullet/worlds/benchmark_v4_hard/validation/world_easy_double_block_seed_400048.yaml,400048,easy,double_block,2,3,4,7,True,4.5598,5.7416,1.2592,2.658626,-0.338312,-2.679522,-1.53031,-2.139469
validation,/root/leo_ws/src/leo_pybullet/worlds/benchmark_v4_hard/validation/world_medium_double_block_seed_400049.yaml,400049,medium,double_block,2,8,4,12,True,5.6052,7.0433,1.2566,4.001883,-0.742999,3.059483,-1.603204,-0.706302
validation,/root/leo_ws/src/leo_pybullet/worlds/benchmark_v4_hard/validation/world_hard_direct_block_seed_400050.yaml,400050,hard,direct_block,1,12,4,16,True,5.0657,6.0171,1.1878,-0.701294,-2.929189,0.326976,3.862533,-0.730843
validation,/root/leo_ws/src/leo_pybullet/worlds/benchmark_v4_hard/validation/world_easy_clear_seed_400051.yaml,400051,easy,clear,0,5,4,9,False,4.8315,5.1872,1.0736,-0.014713,-2.615529,0.650223,4.137537,-0.145291
validation,/root/leo_ws/src/leo_pybullet/worlds/benchmark_v4_hard/validation/world_medium_double_block_seed_400052.yaml,400052,medium,double_block,2,7,4,11,True,6.0119,6.9496,1.156,-2.37539,-3.069687,0.319454,3.444352,-1.561966
validation,/root/leo_ws/src/leo_pybullet/worlds/benchmark_v4_hard/validation/world_hard_double_block_seed_400053.yaml,400053,hard,double_block,2,14,4,18,True,6.455,8.8251,1.3672,4.065888,1.5891,2.849519,-2.102835,3.490091
validation,/root/leo_ws/src/leo_pybullet/worlds/benchmark_v4_hard/validation/world_easy_direct_block_seed_400054.yaml,400054,easy,direct_block,1,3,4,7,True,4.6959,5.3416,1.1375,-3.429041,-1.536541,-0.199404,1.116358,-2.715788
validation,/root/leo_ws/src/leo_pybullet/worlds/benchmark_v4_hard/validation/world_medium_clear_seed_400055.yaml,400055,medium,clear,0,9,4,13,False,5.0625,5.2057,1.0283,-2.152672,2.649095,-1.518576,-1.745319,-2.396945
validation,/root/leo_ws/src/leo_pybullet/worlds/benchmark_v4_hard/validation/world_hard_double_block_seed_400056.yaml,400056,hard,double_block,2,13,4,17,True,5.1654,6.5302,1.2642,0.315585,0.498812,-2.291988,-3.302817,-3.18745
validation,/root/leo_ws/src/leo_pybullet/worlds/benchmark_v4_hard/validation/world_easy_double_block_seed_400057.yaml,400057,easy,double_block,2,4,4,8,True,6.3033,7.2867,1.156,2.355269,-3.559939,2.541851,-2.475814,0.488727
validation,/root/leo_ws/src/leo_pybullet/worlds/benchmark_v4_hard/validation/world_medium_direct_block_seed_400058.yaml,400058,medium,direct_block,1,8,4,12,True,4.837,5.9153,1.2229,1.581153,0.662891,2.650267,-2.358388,3.469433
validation,/root/leo_ws/src/leo_pybullet/worlds/benchmark_v4_hard/validation/world_hard_clear_seed_400059.yaml,400059,hard,clear,0,10,4,14,False,6.1932,6.3725,1.029,1.971862,2.334952,-1.44985,2.314829,-3.848695
validation,/root/leo_ws/src/leo_pybullet/worlds/benchmark_v4_hard/validation/world_easy_double_block_seed_400060.yaml,400060,easy,double_block,2,5,4,9,True,5.5721,6.7233,1.2066,-3.816446,3.901607,-1.210858,-1.278418,-1.058939
validation,/root/leo_ws/src/leo_pybullet/worlds/benchmark_v4_hard/validation/world_medium_double_block_seed_400061.yaml,400061,medium,double_block,2,7,4,11,True,6.5396,7.9427,1.2146,-3.486845,2.734553,-1.128548,-0.427543,-3.045287
validation,/root/leo_ws/src/leo_pybullet/worlds/benchmark_v4_hard/validation/world_hard_direct_block_seed_400062.yaml,400062,hard,direct_block,1,10,4,14,True,4.7393,5.5153,1.1637,-1.073194,0.313465,-0.143432,3.662684,0.132468
validation,/root/leo_ws/src/leo_pybullet/worlds/benchmark_v4_hard/validation/world_easy_clear_seed_400063.yaml,400063,easy,clear,0,4,4,8,False,6.6222,6.9369,1.0475,1.799256,-1.13756,2.383619,-3.497966,2.836417
validation,/root/leo_ws/src/leo_pybullet/worlds/benchmark_v4_hard/validation/world_medium_double_block_seed_400064.yaml,400064,medium,double_block,2,8,4,12,True,7.0263,7.9541,1.132,3.411172,0.454761,3.123401,-3.585879,1.095464
validation,/root/leo_ws/src/leo_pybullet/worlds/benchmark_v4_hard/validation/world_hard_double_block_seed_400065.yaml,400065,hard,double_block,2,13,4,17,True,5.9282,8.6216,1.4543,-1.684841,2.437916,-1.150097,0.058965,-3.227991
validation,/root/leo_ws/src/leo_pybullet/worlds/benchmark_v4_hard/validation/world_easy_direct_block_seed_400066.yaml,400066,easy,direct_block,1,5,4,9,True,5.011,6.0696,1.2113,-0.536169,1.039205,-0.813822,2.551676,-2.907295
validation,/root/leo_ws/src/leo_pybullet/worlds/benchmark_v4_hard/validation/world_medium_clear_seed_400067.yaml,400067,medium,clear,0,9,4,13,False,5.3919,5.7302,1.0627,3.035252,0.341217,-3.023401,-2.210089,-0.907397
validation,/root/leo_ws/src/leo_pybullet/worlds/benchmark_v4_hard/validation/world_hard_double_block_seed_400068.yaml,400068,hard,double_block,2,13,4,17,True,4.7636,7.7827,1.6338,0.173491,-1.542408,2.197265,-3.066586,1.949501
validation,/root/leo_ws/src/leo_pybullet/worlds/benchmark_v4_hard/validation/world_easy_double_block_seed_400069.yaml,400069,easy,double_block,2,4,4,8,True,4.7478,5.9508,1.2534,-0.452378,3.946388,-0.895182,2.000997,-0.11842
validation,/root/leo_ws/src/leo_pybullet/worlds/benchmark_v4_hard/validation/world_medium_direct_block_seed_400070.yaml,400070,medium,direct_block,1,7,4,11,True,5.0273,6.1027,1.2139,-1.384733,-2.147299,0.139272,3.641393,-2.040793
validation,/root/leo_ws/src/leo_pybullet/worlds/benchmark_v4_hard/validation/world_hard_clear_seed_400071.yaml,400071,hard,clear,0,14,4,18,False,4.6,4.8914,1.0633,-1.570474,1.731848,-0.068087,2.963682,0.956362
validation,/root/leo_ws/src/leo_pybullet/worlds/benchmark_v4_hard/validation/world_easy_double_block_seed_400072.yaml,400072,easy,double_block,2,3,4,7,True,8.1864,9.0741,1.1084,4.157417,3.444783,-3.042577,-3.973418,2.492806
validation,/root/leo_ws/src/leo_pybullet/worlds/benchmark_v4_hard/validation/world_medium_double_block_seed_400073.yaml,400073,medium,double_block,2,8,4,12,True,4.5974,6.089,1.3244,-0.706311,-1.22178,2.294589,-3.548005,2.392251
validation,/root/leo_ws/src/leo_pybullet/worlds/benchmark_v4_hard/validation/world_hard_direct_block_seed_400074.yaml,400074,hard,direct_block,1,12,4,16,True,5.3318,6.249,1.172,3.356735,-3.22927,1.893794,1.209089,1.650868
validation,/root/leo_ws/src/leo_pybullet/worlds/benchmark_v4_hard/validation/world_easy_clear_seed_400075.yaml,400075,easy,clear,0,5,4,9,False,5.7678,5.9451,1.0307,4.156669,2.386439,3.036736,-1.575476,3.027089
validation,/root/leo_ws/src/leo_pybullet/worlds/benchmark_v4_hard/validation/world_medium_double_block_seed_400076.yaml,400076,medium,double_block,2,8,4,12,True,4.7983,6.0422,1.2592,2.603594,-1.665452,1.648808,1.574701,3.021209
validation,/root/leo_ws/src/leo_pybullet/worlds/benchmark_v4_hard/validation/world_hard_double_block_seed_400077.yaml,400077,hard,double_block,2,13,4,17,True,5.3917,7.1039,1.3176,-4.061689,1.229676,-0.822256,-0.426088,-2.751847
validation,/root/leo_ws/src/leo_pybullet/worlds/benchmark_v4_hard/validation/world_easy_direct_block_seed_400078.yaml,400078,easy,direct_block,1,5,4,9,True,7.1689,8.3129,1.1596,4.179104,-3.865409,2.233992,-0.06215,1.914264
validation,/root/leo_ws/src/leo_pybullet/worlds/benchmark_v4_hard/validation/world_medium_clear_seed_400079.yaml,400079,medium,clear,0,9,4,13,False,8.6494,9.4192,1.089,3.939239,-1.007466,-2.660252,-4.166854,-4.024566
validation,/root/leo_ws/src/leo_pybullet/worlds/benchmark_v4_hard/validation/world_hard_double_block_seed_400080.yaml,400080,hard,double_block,2,12,4,16,True,4.9232,6.5278,1.3259,1.994639,1.580219,-1.796908,1.150376,-3.270048
validation,/root/leo_ws/src/leo_pybullet/worlds/benchmark_v4_hard/validation/world_easy_double_block_seed_400081.yaml,400081,easy,double_block,2,5,4,9,True,5.0881,6.249,1.2282,-3.674114,1.678284,-0.12459,1.294306,0.58105
validation,/root/leo_ws/src/leo_pybullet/worlds/benchmark_v4_hard/validation/world_medium_direct_block_seed_400082.yaml,400082,medium,direct_block,1,8,4,12,True,4.9087,5.841,1.1899,3.251738,1.854959,-1.792903,1.843271,-2.84738
validation,/root/leo_ws/src/leo_pybullet/worlds/benchmark_v4_hard/validation/world_hard_clear_seed_400083.yaml,400083,hard,clear,0,13,4,17,False,4.6865,5.0078,1.0686,0.842463,-1.128791,-2.754636,-3.267592,-3.380596
validation,/root/leo_ws/src/leo_pybullet/worlds/benchmark_v4_hard/validation/world_easy_double_block_seed_400084.yaml,400084,easy,double_block,2,5,4,9,True,4.7542,6.0171,1.2656,1.136237,-3.845483,2.336026,-2.587207,-0.889339
validation,/root/leo_ws/src/leo_pybullet/worlds/benchmark_v4_hard/validation/world_medium_double_block_seed_400085.yaml,400085,medium,double_block,2,9,4,13,True,6.4134,7.2753,1.1344,-2.897301,2.145091,-1.763716,-3.716321,-4.215829
validation,/root/leo_ws/src/leo_pybullet/worlds/benchmark_v4_hard/validation/world_hard_direct_block_seed_400086.yaml,400086,hard,direct_block,1,14,4,18,True,7.0178,9.0376,1.2878,1.061227,3.409725,-2.214893,-2.543958,-2.611209
validation,/root/leo_ws/src/leo_pybullet/worlds/benchmark_v4_hard/validation/world_easy_clear_seed_400087.yaml,400087,easy,clear,0,5,4,9,False,4.7238,4.7531,1.0062,-2.363826,0.477334,0.066497,2.358105,0.345423
validation,/root/leo_ws/src/leo_pybullet/worlds/benchmark_v4_hard/validation/world_medium_double_block_seed_400088.yaml,400088,medium,double_block,2,6,4,10,True,8.4428,9.5735,1.1339,-1.791394,3.915025,-1.254972,0.610598,-4.178832
validation,/root/leo_ws/src/leo_pybullet/worlds/benchmark_v4_hard/validation/world_hard_double_block_seed_400089.yaml,400089,hard,double_block,2,10,4,14,True,5.4139,6.7816,1.2526,-4.206322,2.816364,-1.024584,-0.783469,-1.378226
test,/root/leo_ws/src/leo_pybullet/worlds/benchmark_v4_hard/test/world_easy_double_block_seed_500000.yaml,500000,easy,double_block,2,3,4,7,True,5.7605,6.7404,1.1701,0.594072,3.588416,-1.761669,-0.774338,-2.007228
test,/root/leo_ws/src/leo_pybullet/worlds/benchmark_v4_hard/test/world_medium_double_block_seed_500001.yaml,500001,medium,double_block,2,7,4,11,True,4.6444,6.1965,1.3342,-0.281478,-1.785497,2.357223,-3.501838,1.561056
test,/root/leo_ws/src/leo_pybullet/worlds/benchmark_v4_hard/test/world_hard_direct_block_seed_500002.yaml,500002,hard,direct_block,1,13,4,17,True,6.1291,7.2284,1.1794,-3.912771,2.200295,-0.695978,1.258475,-1.089654
test,/root/leo_ws/src/leo_pybullet/worlds/benchmark_v4_hard/test/world_easy_clear_seed_500003.yaml,500003,easy,clear,0,4,4,8,False,4.7838,4.9255,1.0296,-1.931364,-3.06392,0.855395,1.629029,0.131195
test,/root/leo_ws/src/leo_pybullet/worlds/benchmark_v4_hard/test/world_medium_double_block_seed_500004.yaml,500004,medium,double_block,2,9,4,13,True,7.6098,8.9747,1.1794,-0.791891,3.183832,-1.229093,1.942309,-3.917765
test,/root/leo_ws/src/leo_pybullet/worlds/benchmark_v4_hard/test/world_hard_double_block_seed_500005.yaml,500005,hard,double_block,2,13,4,17,True,8.4922,9.8718,1.1625,3.936591,-2.832774,2.610556,-3.613047,1.05572
test,/root/leo_ws/src/leo_pybullet/worlds/benchmark_v4_hard/test/world_easy_direct_block_seed_500006.yaml,500006,easy,direct_block,1,4,4,8,True,6.6097,7.4992,1.1346,-1.339798,-2.340294,0.806954,3.847721,1.755704
test,/root/leo_ws/src/leo_pybullet/worlds/benchmark_v4_hard/test/world_medium_clear_seed_500007.yaml,500007,medium,clear,0,6,4,10,False,5.7686,5.9588,1.033,-3.169748,-3.245476,1.759006,-3.619011,2.505615
test,/root/leo_ws/src/leo_pybullet/worlds/benchmark_v4_hard/test/world_hard_double_block_seed_500008.yaml,500008,hard,double_block,2,12,4,16,True,6.5334,7.7141,1.1807,3.557852,3.199845,-2.225744,-0.272026,-2.093349
test,/root/leo_ws/src/leo_pybullet/worlds/benchmark_v4_hard/test/world_easy_double_block_seed_500009.yaml,500009,easy,double_block,2,3,4,7,True,5.5057,6.481,1.1771,0.861097,0.050842,-2.583898,-3.545914,-3.249389
test,/root/leo_ws/src/leo_pybullet/worlds/benchmark_v4_hard/test/world_medium_direct_block_seed_500010.yaml,500010,medium,direct_block,1,8,4,12,True,6.6082,7.7667,1.1753,-2.256299,2.560215,-0.916863,2.227756,-2.293754
test,/root/leo_ws/src/leo_pybullet/worlds/benchmark_v4_hard/test/world_hard_clear_seed_500011.yaml,500011,hard,clear,0,12,4,16,False,5.262,5.432,1.0323,-0.631984,4.04413,-1.702104,-1.144868,-1.192769
test,/root/leo_ws/src/leo_pybullet/worlds/benchmark_v4_hard/test/world_easy_double_block_seed_500012.yaml,500012,easy,double_block,2,4,4,8,True,6.6733,7.8935,1.1828,-1.639755,-3.477988,0.640936,3.292676,1.016939
test,/root/leo_ws/src/leo_pybullet/worlds/benchmark_v4_hard/test/world_medium_double_block_seed_500013.yaml,500013,medium,double_block,2,7,4,11,True,7.0623,8.4123,1.1912,-0.132021,-4.118873,2.093758,-2.890452,2.382478
test,/root/leo_ws/src/leo_pybullet/worlds/benchmark_v4_hard/test/world_hard_direct_block_seed_500014.yaml,500014,hard,direct_block,1,10,4,14,True,6.2025,7.2616,1.1707,-3.699042,3.831856,-1.052445,-0.531686,-1.501002
test,/root/leo_ws/src/leo_pybullet/worlds/benchmark_v4_hard/test/world_easy_clear_seed_500015.yaml,500015,easy,clear,0,4,4,8,False,5.7116,5.8912,1.0314,-3.851251,-1.244783,0.754364,-0.252476,3.190456
test,/root/leo_ws/src/leo_pybullet/worlds/benchmark_v4_hard/test/world_medium_double_block_seed_500016.yaml,500016,medium,double_block,2,9,4,13,True,4.8934,6.1771,1.2623,0.182828,-0.213617,-2.307327,-3.114413,-3.829411
test,/root/leo_ws/src/leo_pybullet/worlds/benchmark_v4_hard/test/world_hard_double_block_seed_500017.yaml,500017,hard,double_block,2,13,4,17,True,5.2254,8.7622,1.6768,0.171812,-2.353228,1.471078,0.481182,2.862976
test,/root/leo_ws/src/leo_pybullet/worlds/benchmark_v4_hard/test/world_easy_direct_block_seed_500018.yaml,500018,easy,direct_block,1,4,4,8,True,5.0025,6.0422,1.2078,2.40682,3.402782,-2.378323,-1.372023,0.124822
test,/root/leo_ws/src/leo_pybullet/worlds/benchmark_v4_hard/test/world_medium_clear_seed_500019.yaml,500019,medium,clear,0,7,4,11,False,5.6833,6.0696,1.068,-2.289182,-2.844898,1.365809,-0.77083,2.631846
test,/root/leo_ws/src/leo_pybullet/worlds/benchmark_v4_hard/test/world_hard_double_block_seed_500020.yaml,500020,hard,double_block,2,11,4,15,True,6.3685,7.441,1.1684,-2.970283,-0.844031,0.058609,3.376881,-0.32321
test,/root/leo_ws/src/leo_pybullet/worlds/benchmark_v4_hard/test/world_easy_double_block_seed_500021.yaml,500021,easy,double_block,2,5,4,9,True,5.302,6.2353,1.176,1.96061,3.675559,3.035515,-3.340164,3.79137
test,/root/leo_ws/src/leo_pybullet/worlds/benchmark_v4_hard/test/world_medium_direct_block_seed_500022.yaml,500022,medium,direct_block,1,6,4,10,True,4.5163,5.5371,1.226,1.130278,-1.802971,1.999785,-0.631766,2.35544
test,/root/leo_ws/src/leo_pybullet/worlds/benchmark_v4_hard/test/world_hard_clear_seed_500023.yaml,500023,hard,clear,0,11,4,15,False,5.6526,5.7325,1.0141,-3.670818,-3.333883,1.543162,-3.325823,2.308193
test,/root/leo_ws/src/leo_pybullet/worlds/benchmark_v4_hard/test/world_easy_double_block_seed_500024.yaml,500024,easy,double_block,2,4,4,8,True,4.8224,5.8765,1.2186,2.899498,-1.194773,2.553763,-0.867696,1.815835
test,/root/leo_ws/src/leo_pybullet/worlds/benchmark_v4_hard/test/world_medium_double_block_seed_500025.yaml,500025,medium,double_block,2,8,4,12,True,5.0004,6.489,1.2977,-1.646863,1.290868,-0.055027,3.353242,1.348426
test,/root/leo_ws/src/leo_pybullet/worlds/benchmark_v4_hard/test/world_hard_direct_block_seed_500026.yaml,500026,hard,direct_block,1,11,4,15,True,7.001,8.1529,1.1645,-3.158465,3.471696,-0.711803,1.835727,-1.434596
test,/root/leo_ws/src/leo_pybullet/worlds/benchmark_v4_hard/test/world_easy_clear_seed_500027.yaml,500027,easy,clear,0,3,4,7,False,7.668,7.8651,1.0257,-3.326801,-3.50106,1.611038,-2.652027,4.137193
test,/root/leo_ws/src/leo_pybullet/worlds/benchmark_v4_hard/test/world_medium_double_block_seed_500028.yaml,500028,medium,double_block,2,6,4,10,True,4.5731,5.8708,1.2838,0.356959,3.024067,-0.962674,3.453817,-0.34089
test,/root/leo_ws/src/leo_pybullet/worlds/benchmark_v4_hard/test/world_hard_double_block_seed_500029.yaml,500029,hard,double_block,2,13,4,17,True,5.4813,6.9051,1.2598,-2.19781,-2.681368,-0.213969,3.176154,-3.760554
test,/root/leo_ws/src/leo_pybullet/worlds/benchmark_v4_hard/test/world_easy_direct_block_seed_500030.yaml,500030,easy,direct_block,1,4,4,8,True,6.1752,6.8398,1.1076,-3.312932,-1.80078,0.667017,2.022796,1.307693
test,/root/leo_ws/src/leo_pybullet/worlds/benchmark_v4_hard/test/world_medium_clear_seed_500031.yaml,500031,medium,clear,0,6,4,10,False,6.5302,6.7631,1.0357,3.895915,-3.978294,2.470994,-1.135488,0.184383
test,/root/leo_ws/src/leo_pybullet/worlds/benchmark_v4_hard/test/world_hard_double_block_seed_500032.yaml,500032,hard,double_block,2,11,4,15,True,6.8705,9.2455,1.3457,2.882777,-1.043322,2.401395,-1.602353,4.161231
test,/root/leo_ws/src/leo_pybullet/worlds/benchmark_v4_hard/test/world_easy_double_block_seed_500033.yaml,500033,easy,double_block,2,5,4,9,True,6.1256,7.3165,1.1944,-1.527558,-2.648965,1.590812,-0.873973,3.441623
test,/root/leo_ws/src/leo_pybullet/worlds/benchmark_v4_hard/test/world_medium_direct_block_seed_500034.yaml,500034,medium,direct_block,1,6,4,10,True,5.3351,6.489,1.2163,-0.687886,2.130614,-0.95339,2.66883,-2.016121
test,/root/leo_ws/src/leo_pybullet/worlds/benchmark_v4_hard/test/world_hard_clear_seed_500035.yaml,500035,hard,clear,0,14,4,18,False,5.6183,5.6331,1.0026,4.016144,1.433945,-1.466853,4.106024,-4.183653
test,/root/leo_ws/src/leo_pybullet/worlds/benchmark_v4_hard/test/world_easy_double_block_seed_500036.yaml,500036,easy,double_block,2,3,4,7,True,5.48,6.729,1.2279,0.672969,2.736051,-2.169454,-2.763123,-1.532826
test,/root/leo_ws/src/leo_pybullet/worlds/benchmark_v4_hard/test/world_medium_double_block_seed_500037.yaml,500037,medium,double_block,2,7,4,11,True,6.2685,7.5347,1.202,-1.191852,-1.696336,0.859296,3.504285,2.455851
test,/root/leo_ws/src/leo_pybullet/worlds/benchmark_v4_hard/test/world_hard_direct_block_seed_500038.yaml,500038,hard,direct_block,1,10,4,14,True,4.656,5.6147,1.2059,1.370675,3.079546,3.018864,-3.219794,3.858099
test,/root/leo_ws/src/leo_pybullet/worlds/benchmark_v4_hard/test/world_easy_clear_seed_500039.yaml,500039,easy,clear,0,5,4,9,False,4.6421,4.961,1.0687,0.617065,3.752962,-2.111858,-1.747274,-0.241953
test,/root/leo_ws/src/leo_pybullet/worlds/benchmark_v4_hard/test/world_medium_double_block_seed_500040.yaml,500040,medium,double_block,2,7,4,11,True,6.1227,7.4078,1.2099,3.521788,-0.670344,2.330707,-0.977966,3.481707
test,/root/leo_ws/src/leo_pybullet/worlds/benchmark_v4_hard/test/world_hard_double_block_seed_500041.yaml,500041,hard,double_block,2,10,4,14,True,5.6905,7.2696,1.2775,-1.265077,-0.338338,0.887656,2.399887,4.014837
test,/root/leo_ws/src/leo_pybullet/worlds/benchmark_v4_hard/test/world_easy_direct_block_seed_500042.yaml,500042,easy,direct_block,1,5,4,9,True,5.4739,6.2353,1.1391,-0.696599,0.129881,-0.5265,4.171223,-2.373761
test,/root/leo_ws/src/leo_pybullet/worlds/benchmark_v4_hard/test/world_medium_clear_seed_500043.yaml,500043,medium,clear,0,8,4,12,False,6.0255,6.4786,1.0752,3.761513,-4.160273,2.236827,0.504762,0.909261
test,/root/leo_ws/src/leo_pybullet/worlds/benchmark_v4_hard/test/world_hard_double_block_seed_500044.yaml,500044,hard,double_block,2,11,4,15,True,5.085,7.0708,1.3905,-4.159031,-1.088701,-0.663809,-0.104855,-4.158122
test,/root/leo_ws/src/leo_pybullet/worlds/benchmark_v4_hard/test/world_easy_double_block_seed_500045.yaml,500045,easy,double_block,2,3,4,7,True,5.174,6.2822,1.2142,1.233959,-3.085097,2.543349,-2.651043,0.332058
test,/root/leo_ws/src/leo_pybullet/worlds/benchmark_v4_hard/test/world_medium_direct_block_seed_500046.yaml,500046,medium,direct_block,1,8,4,12,True,6.2384,7.3941,1.1852,-2.873508,3.161796,-0.71776,1.5263,-1.260864
test,/root/leo_ws/src/leo_pybullet/worlds/benchmark_v4_hard/test/world_hard_clear_seed_500047.yaml,500047,hard,clear,0,11,4,15,False,4.943,4.9118,0.9937,-0.866422,-1.256146,0.709945,2.713041,2.152781
test,/root/leo_ws/src/leo_pybullet/worlds/benchmark_v4_hard/test/world_easy_double_block_seed_500048.yaml,500048,easy,double_block,2,3,4,7,True,5.8076,6.721,1.1573,3.769764,-2.102047,2.522055,-1.108333,1.049462
test,/root/leo_ws/src/leo_pybullet/worlds/benchmark_v4_hard/test/world_medium_double_block_seed_500049.yaml,500049,medium,double_block,2,8,4,12,True,5.293,6.6708,1.2603,1.900877,-4.202424,2.950499,-3.114128,-2.509631
test,/root/leo_ws/src/leo_pybullet/worlds/benchmark_v4_hard/test/world_hard_direct_block_seed_500050.yaml,500050,hard,direct_block,1,10,4,14,True,5.2926,7.0788,1.3375,-0.504751,2.994421,-0.517557,3.829405,-0.043152
test,/root/leo_ws/src/leo_pybullet/worlds/benchmark_v4_hard/test/world_easy_clear_seed_500051.yaml,500051,easy,clear,0,4,4,8,False,4.9387,5.2535,1.0637,-2.702654,3.146914,-1.046642,-0.068986,-1.031007
test,/root/leo_ws/src/leo_pybullet/worlds/benchmark_v4_hard/test/world_medium_double_block_seed_500052.yaml,500052,medium,double_block,2,6,4,10,True,6.9578,8.2798,1.19,-3.841936,1.218783,-0.924387,0.752057,-4.006806
test,/root/leo_ws/src/leo_pybullet/worlds/benchmark_v4_hard/test/world_hard_double_block_seed_500053.yaml,500053,hard,double_block,2,11,4,15,True,7.0629,8.2684,1.1707,-2.905867,0.924542,-0.361027,3.75621,-1.420928
test,/root/leo_ws/src/leo_pybullet/worlds/benchmark_v4_hard/test/world_easy_direct_block_seed_500054.yaml,500054,easy,direct_block,1,3,4,7,True,7.1394,7.849,1.0994,3.893045,0.596402,-3.020127,-3.232008,0.143667
test,/root/leo_ws/src/leo_pybullet/worlds/benchmark_v4_hard/test/world_medium_clear_seed_500055.yaml,500055,medium,clear,0,9,4,13,False,4.7742,4.9657,1.0401,-1.930343,3.204935,0.132005,2.82437,3.63623
test,/root/leo_ws/src/leo_pybullet/worlds/benchmark_v4_hard/test/world_hard_double_block_seed_500056.yaml,500056,hard,double_block,2,12,4,16,True,6.5375,7.9816,1.2209,0.706073,-3.722898,1.574562,1.079424,2.803977
test,/root/leo_ws/src/leo_pybullet/worlds/benchmark_v4_hard/test/world_easy_double_block_seed_500057.yaml,500057,easy,double_block,2,4,4,8,True,5.8887,6.7872,1.1526,3.237312,0.677196,-2.93284,-2.43363,-0.909256
test,/root/leo_ws/src/leo_pybullet/worlds/benchmark_v4_hard/test/world_medium_direct_block_seed_500058.yaml,500058,medium,direct_block,1,6,4,10,True,5.0533,5.7965,1.1471,0.693686,-0.749861,1.204546,2.475344,3.97889
test,/root/leo_ws/src/leo_pybullet/worlds/benchmark_v4_hard/test/world_hard_clear_seed_500059.yaml,500059,hard,clear,0,11,4,15,False,5.1132,5.4239,1.0608,3.531843,3.662062,-1.661144,2.417602,-1.328258
test,/root/leo_ws/src/leo_pybullet/worlds/benchmark_v4_hard/test/world_easy_double_block_seed_500060.yaml,500060,easy,double_block,2,3,4,7,True,7.4173,8.3541,1.1263,1.376143,-3.443748,1.803189,-0.016423,3.841674
test,/root/leo_ws/src/leo_pybullet/worlds/benchmark_v4_hard/test/world_medium_double_block_seed_500061.yaml,500061,medium,double_block,2,6,4,10,True,5.4544,6.7427,1.2362,-0.034415,3.179953,-2.212796,-3.699164,-0.8598
test,/root/leo_ws/src/leo_pybullet/worlds/benchmark_v4_hard/test/world_hard_direct_block_seed_500062.yaml,500062,hard,direct_block,1,13,4,17,True,6.1004,9.2123,1.5101,1.979203,3.071578,-1.650656,0.798937,-2.913545
test,/root/leo_ws/src/leo_pybullet/worlds/benchmark_v4_hard/test/world_easy_clear_seed_500063.yaml,500063,easy,clear,0,3,4,7,False,4.8588,5.0661,1.0426,-0.292764,3.099607,-2.079917,-3.203007,-0.791267
test,/root/leo_ws/src/leo_pybullet/worlds/benchmark_v4_hard/test/world_medium_double_block_seed_500064.yaml,500064,medium,double_block,2,6,4,10,True,7.1006,8.0535,1.1342,0.539194,3.558207,-1.225918,3.836378,-2.730458
test,/root/leo_ws/src/leo_pybullet/worlds/benchmark_v4_hard/test/world_hard_double_block_seed_500065.yaml,500065,hard,double_block,2,14,4,18,True,8.3343,9.6753,1.1609,-0.719923,-3.86501,2.008875,-3.65959,3.933648
test,/root/leo_ws/src/leo_pybullet/worlds/benchmark_v4_hard/test/world_easy_direct_block_seed_500066.yaml,500066,easy,direct_block,1,3,4,7,True,8.1878,8.9563,1.0938,-3.304346,-2.545819,0.965443,1.560136,4.040352
test,/root/leo_ws/src/leo_pybullet/worlds/benchmark_v4_hard/test/world_medium_clear_seed_500067.yaml,500067,medium,clear,0,6,4,10,False,7.7168,8.1563,1.0569,2.552366,-2.511137,2.622675,-3.880172,1.751719
test,/root/leo_ws/src/leo_pybullet/worlds/benchmark_v4_hard/test/world_hard_double_block_seed_500068.yaml,500068,hard,double_block,2,13,4,17,True,5.153,7.4102,1.438,1.829882,-3.762894,1.63957,1.383325,1.370685
test,/root/leo_ws/src/leo_pybullet/worlds/benchmark_v4_hard/test/world_easy_double_block_seed_500069.yaml,500069,easy,double_block,2,5,4,9,True,4.9804,6.0616,1.2171,1.534937,-0.256235,-2.603411,-2.94276,-2.436697
test,/root/leo_ws/src/leo_pybullet/worlds/benchmark_v4_hard/test/world_medium_direct_block_seed_500070.yaml,500070,medium,direct_block,1,8,4,12,True,7.3563,10.6533,1.4482,-3.518183,-2.35653,-0.159366,3.824488,-2.804482
test,/root/leo_ws/src/leo_pybullet/worlds/benchmark_v4_hard/test/world_hard_clear_seed_500071.yaml,500071,hard,clear,0,10,4,14,False,6.1838,6.2263,1.0069,0.482779,3.017497,-1.62584,0.677655,-3.163217
test,/root/leo_ws/src/leo_pybullet/worlds/benchmark_v4_hard/test/world_easy_double_block_seed_500072.yaml,500072,easy,double_block,2,3,4,7,True,4.9536,6.0284,1.217,-2.863305,0.516473,-0.500832,1.73295,-1.330733
test,/root/leo_ws/src/leo_pybullet/worlds/benchmark_v4_hard/test/world_medium_double_block_seed_500073.yaml,500073,medium,double_block,2,8,4,12,True,7.067,8.1529,1.1537,-1.302758,3.68571,-1.380517,-0.038283,-3.267278
test,/root/leo_ws/src/leo_pybullet/worlds/benchmark_v4_hard/test/world_hard_direct_block_seed_500074.yaml,500074,hard,direct_block,1,10,4,14,True,5.874,8.5174,1.45,0.624084,-3.632456,1.468454,1.880321,2.105651
test,/root/leo_ws/src/leo_pybullet/worlds/benchmark_v4_hard/test/world_easy_clear_seed_500075.yaml,500075,easy,clear,0,4,4,8,False,4.8348,5.0055,1.0353,-0.089199,-1.610275,0.846508,3.568185,1.551827
test,/root/leo_ws/src/leo_pybullet/worlds/benchmark_v4_hard/test/world_medium_double_block_seed_500076.yaml,500076,medium,double_block,2,7,4,11,True,6.2708,7.7278,1.2324,-3.535958,-1.724873,0.778068,0.895234,2.712179
test,/root/leo_ws/src/leo_pybullet/worlds/benchmark_v4_hard/test/world_hard_double_block_seed_500077.yaml,500077,hard,double_block,2,12,4,16,True,5.3881,6.5908,1.2232,0.530891,3.571154,-2.619871,-4.232873,1.053518
test,/root/leo_ws/src/leo_pybullet/worlds/benchmark_v4_hard/test/world_easy_direct_block_seed_500078.yaml,500078,easy,direct_block,1,3,4,7,True,5.0904,5.8216,1.1436,-3.046746,-4.087156,0.311015,1.649,-2.122009
test,/root/leo_ws/src/leo_pybullet/worlds/benchmark_v4_hard/test/world_medium_clear_seed_500079.yaml,500079,medium,clear,0,7,4,11,False,4.7251,5.1427,1.0884,-1.654185,1.720936,-1.105317,-0.06626,-2.729346
test,/root/leo_ws/src/leo_pybullet/worlds/benchmark_v4_hard/test/world_hard_double_block_seed_500080.yaml,500080,hard,double_block,2,12,4,16,True,4.806,6.3039,1.3117,-0.211872,-1.546921,0.696959,3.058213,1.974998
test,/root/leo_ws/src/leo_pybullet/worlds/benchmark_v4_hard/test/world_easy_double_block_seed_500081.yaml,500081,easy,double_block,2,5,4,9,True,8.064,8.8867,1.102,3.840769,-3.095659,2.880794,-3.906339,-0.857206
test,/root/leo_ws/src/leo_pybullet/worlds/benchmark_v4_hard/test/world_medium_direct_block_seed_500082.yaml,500082,medium,direct_block,1,6,4,10,True,5.2249,6.1359,1.1744,2.031497,3.637982,-2.862761,-3.117471,2.750481
test,/root/leo_ws/src/leo_pybullet/worlds/benchmark_v4_hard/test/world_hard_clear_seed_500083.yaml,500083,hard,clear,0,13,4,17,False,6.6816,7.2672,1.0876,2.199383,1.674643,2.675142,-4.022198,4.111093
test,/root/leo_ws/src/leo_pybullet/worlds/benchmark_v4_hard/test/world_easy_double_block_seed_500084.yaml,500084,easy,double_block,2,3,4,7,True,8.6111,9.5106,1.1044,-4.19182,-2.711237,0.606912,3.245598,1.628889
test,/root/leo_ws/src/leo_pybullet/worlds/benchmark_v4_hard/test/world_medium_double_block_seed_500085.yaml,500085,medium,double_block,2,9,4,13,True,8.9686,10.1563,1.1324,-3.938946,-2.029525,0.548959,3.14793,3.46694
test,/root/leo_ws/src/leo_pybullet/worlds/benchmark_v4_hard/test/world_hard_direct_block_seed_500086.yaml,500086,hard,direct_block,1,13,4,17,True,4.8912,6.1108,1.2493,-4.139858,1.572698,-0.604827,0.016492,-1.005842
test,/root/leo_ws/src/leo_pybullet/worlds/benchmark_v4_hard/test/world_easy_clear_seed_500087.yaml,500087,easy,clear,0,4,4,8,False,5.3743,5.8296,1.0847,-0.997408,4.101082,-1.152961,0.532321,-1.05088
test,/root/leo_ws/src/leo_pybullet/worlds/benchmark_v4_hard/test/world_medium_double_block_seed_500088.yaml,500088,medium,double_block,2,7,4,11,True,5.9453,6.9335,1.1662,0.547287,-2.732751,1.778701,-0.70482,3.07922
test,/root/leo_ws/src/leo_pybullet/worlds/benchmark_v4_hard/test/world_hard_double_block_seed_500089.yaml,500089,hard,double_block,2,12,4,16,True,5.9237,7.3027,1.2328,-4.086627,3.576614,-1.30006,-2.987425,-2.244216
test,/root/leo_ws/src/leo_pybullet/worlds/benchmark_v4_hard/test/world_easy_direct_block_seed_500090.yaml,500090,easy,direct_block,1,3,4,7,True,4.563,5.2753,1.1561,0.041803,-1.014068,0.416849,4.232822,0.790496
test,/root/leo_ws/src/leo_pybullet/worlds/benchmark_v4_hard/test/world_medium_clear_seed_500091.yaml,500091,medium,clear,0,6,4,10,False,4.8297,5.0651,1.0487,2.78245,2.701555,-3.116344,-2.001768,2.040563
test,/root/leo_ws/src/leo_pybullet/worlds/benchmark_v4_hard/test/world_hard_double_block_seed_500092.yaml,500092,hard,double_block,2,12,4,16,True,6.3361,7.5267,1.1879,-1.689582,3.56642,-1.027104,1.045612,-2.148919
test,/root/leo_ws/src/leo_pybullet/worlds/benchmark_v4_hard/test/world_easy_double_block_seed_500093.yaml,500093,easy,double_block,2,5,4,9,True,5.4687,6.3976,1.1699,1.962704,-2.377967,2.996944,-3.457572,-1.65146
test,/root/leo_ws/src/leo_pybullet/worlds/benchmark_v4_hard/test/world_medium_direct_block_seed_500094.yaml,500094,medium,direct_block,1,9,4,13,True,5.5969,6.4284,1.1486,-3.719905,-2.110729,0.085557,1.876767,-2.164906
test,/root/leo_ws/src/leo_pybullet/worlds/benchmark_v4_hard/test/world_hard_clear_seed_500095.yaml,500095,hard,clear,0,14,4,18,False,4.9135,5.1929,1.0569,-0.332388,0.333164,-0.744089,3.671045,-2.515485
test,/root/leo_ws/src/leo_pybullet/worlds/benchmark_v4_hard/test/world_easy_double_block_seed_500096.yaml,500096,easy,double_block,2,3,4,7,True,7.8583,8.6272,1.0978,-4.21898,-0.218852,0.26099,3.133365,2.555379
test,/root/leo_ws/src/leo_pybullet/worlds/benchmark_v4_hard/test/world_medium_double_block_seed_500097.yaml,500097,medium,double_block,2,9,4,13,True,4.6817,5.8433,1.2481,-2.546365,1.326749,0.083941,2.070314,2.10416
test,/root/leo_ws/src/leo_pybullet/worlds/benchmark_v4_hard/test/world_hard_direct_block_seed_500098.yaml,500098,hard,direct_block,1,14,4,18,True,7.6282,9.0741,1.1895,2.649332,-4.009842,2.013633,-1.061495,2.65497
test,/root/leo_ws/src/leo_pybullet/worlds/benchmark_v4_hard/test/world_easy_clear_seed_500099.yaml,500099,easy,clear,0,3,4,7,False,6.7795,6.9988,1.0324,2.074056,3.940429,-1.595683,2.483128,-2.826686
test,/root/leo_ws/src/leo_pybullet/worlds/benchmark_v4_hard/test/world_medium_double_block_seed_500100.yaml,500100,medium,double_block,2,9,4,13,True,5.4016,7.8604,1.4552,-1.421976,1.114612,-0.040328,3.932846,0.40506
test,/root/leo_ws/src/leo_pybullet/worlds/benchmark_v4_hard/test/world_hard_double_block_seed_500101.yaml,500101,hard,double_block,2,10,4,14,True,5.9514,7.2171,1.2127,-3.534168,-0.446305,-0.266463,2.243909,-1.872049
test,/root/leo_ws/src/leo_pybullet/worlds/benchmark_v4_hard/test/world_easy_direct_block_seed_500102.yaml,500102,easy,direct_block,1,4,4,8,True,5.351,6.3953,1.1952,3.116171,3.613023,-2.164138,-0.395672,-0.424301
test,/root/leo_ws/src/leo_pybullet/worlds/benchmark_v4_hard/test/world_medium_clear_seed_500103.yaml,500103,medium,clear,0,9,4,13,False,4.7199,5.1484,1.0908,-0.79087,-2.030002,2.052385,-2.768974,2.255338
test,/root/leo_ws/src/leo_pybullet/worlds/benchmark_v4_hard/test/world_hard_double_block_seed_500104.yaml,500104,hard,double_block,2,13,4,17,True,5.3844,7.0353,1.3066,4.19119,-3.080834,3.08275,-1.180454,-3.45112
test,/root/leo_ws/src/leo_pybullet/worlds/benchmark_v4_hard/test/world_easy_double_block_seed_500105.yaml,500105,easy,double_block,2,3,4,7,True,7.4576,8.0923,1.0851,-2.951039,-0.340116,-0.484097,3.743973,-3.625302
test,/root/leo_ws/src/leo_pybullet/worlds/benchmark_v4_hard/test/world_medium_direct_block_seed_500106.yaml,500106,medium,direct_block,1,8,4,12,True,4.512,5.4845,1.2155,-1.796827,0.339977,-1.450432,-0.701161,-4.036942
test,/root/leo_ws/src/leo_pybullet/worlds/benchmark_v4_hard/test/world_hard_clear_seed_500107.yaml,500107,hard,clear,0,11,4,15,False,6.6507,7.201,1.0827,-4.016027,-0.040447,-0.440645,2.223313,-2.343262
test,/root/leo_ws/src/leo_pybullet/worlds/benchmark_v4_hard/test/world_easy_double_block_seed_500108.yaml,500108,easy,double_block,2,4,4,8,True,5.5345,6.6547,1.2024,-0.909929,-1.199199,-0.46123,3.875374,-3.979677
test,/root/leo_ws/src/leo_pybullet/worlds/benchmark_v4_hard/test/world_medium_double_block_seed_500109.yaml,500109,medium,double_block,2,7,4,11,True,6.2207,7.1404,1.1479,3.502943,-1.901887,2.897953,-2.618475,-0.795191
test,/root/leo_ws/src/leo_pybullet/worlds/benchmark_v4_hard/test/world_hard_direct_block_seed_500110.yaml,500110,hard,direct_block,1,14,4,18,True,5.8517,6.809,1.1636,0.288026,3.640164,-1.083402,2.819525,-1.63557
test,/root/leo_ws/src/leo_pybullet/worlds/benchmark_v4_hard/test/world_easy_clear_seed_500111.yaml,500111,easy,clear,0,3,4,7,False,6.4193,6.4625,1.0067,0.20759,2.346645,-2.418947,-4.213858,-2.307152
test,/root/leo_ws/src/leo_pybullet/worlds/benchmark_v4_hard/test/world_medium_double_block_seed_500112.yaml,500112,medium,double_block,2,9,4,13,True,8.453,9.8112,1.1607,3.824349,-2.568746,2.279573,-1.915443,3.636735
test,/root/leo_ws/src/leo_pybullet/worlds/benchmark_v4_hard/test/world_hard_double_block_seed_500113.yaml,500113,hard,double_block,2,10,4,14,True,4.778,6.4114,1.3419,3.171755,2.687324,2.820551,-1.513303,3.625145
test,/root/leo_ws/src/leo_pybullet/worlds/benchmark_v4_hard/test/world_easy_direct_block_seed_500114.yaml,500114,easy,direct_block,1,5,4,9,True,7.2959,7.9129,1.0846,3.690896,3.448994,-1.879055,0.848837,-3.270638
test,/root/leo_ws/src/leo_pybullet/worlds/benchmark_v4_hard/test/world_medium_clear_seed_500115.yaml,500115,medium,clear,0,6,4,10,False,8.6175,9.2431,1.0726,0.90916,-3.986004,1.957569,-3.238057,3.567966
test,/root/leo_ws/src/leo_pybullet/worlds/benchmark_v4_hard/test/world_hard_double_block_seed_500116.yaml,500116,hard,double_block,2,11,4,15,True,6.7399,8.3565,1.2399,3.793423,3.213863,3.031154,-2.946033,3.288945
test,/root/leo_ws/src/leo_pybullet/worlds/benchmark_v4_hard/test/world_easy_double_block_seed_500117.yaml,500117,easy,double_block,2,5,4,9,True,4.9599,6.0227,1.2143,2.969589,-2.65157,2.433542,-0.877254,0.479332
test,/root/leo_ws/src/leo_pybullet/worlds/benchmark_v4_hard/test/world_medium_direct_block_seed_500118.yaml,500118,medium,direct_block,1,6,4,10,True,5.2877,6.1553,1.1641,4.043021,3.360982,-2.659389,-0.582203,0.798291
test,/root/leo_ws/src/leo_pybullet/worlds/benchmark_v4_hard/test/world_hard_clear_seed_500119.yaml,500119,hard,clear,0,11,4,15,False,7.4965,7.6076,1.0148,-1.827075,2.466089,-0.706469,3.214944,-3.081529
